Adj Close,Close,High,Low,Open,Volume,date,day_of_week,day,month,hl_pct,oc_pct,volatility_5d,volatility_10d,ma_5,ma_10,ma_20
AAPL,AAPL,AAPL,AAPL,AAPL,AAPL,,,,,,,,,,,
171.1920166015625,172.75,174.3800048828125,172.0500030517578,172.94000244140625,60139500,2024-03-11,0,11,3,1.3487709586423662,-0.10986610311320233,1.6796967266191611,1.7645250791694682,170.3439971923828,175.12799987792968,179.2859992980957
171.66766357421875,173.22999572753906,174.02999877929688,171.00999450683594,173.14999389648438,59825400,2024-03-12,1,12,3,1.7433495046728995,0.04620377353435867,1.7438617793989675,1.7001259501436745,170.96599731445312,174.18799896240233,178.58999938964843
169.58660888671875,171.1300048828125,173.19000244140625,170.75999450683594,172.77000427246094,52488700,2024-03-13,2,13,3,1.4199777159092286,-0.9492384957415023,1.7251121840643513,1.6773133224096781,171.3679992675781,173.15899963378905,177.8944999694824
171.43975830078125,173.0,174.30999755859375,172.0500030517578,172.91000366210938,72913500,2024-03-14,3,14,3,1.3063552062635477,0.052048080495383356,1.7212956236158774,1.6397602651703689,172.16799926757812,172.38399963378907,177.3370002746582
171.0631866455078,172.6199951171875,172.6199951171875,170.2899932861328,171.1699981689453,121752700,2024-03-15,4,15,3,1.3497867552787879,0.8471092853614662,1.433648028153366,1.5994081028781264,172.5459991455078,171.67999877929688,176.775
172.15325927734375,173.72000122070312,177.7100067138672,173.52000427246094,175.57000732421875,75604200,2024-03-18,0,18,3,2.411928627655861,-1.0537142030752928,1.646279561956065,1.6629881442876129,172.73999938964843,171.54199829101563,176.34550018310546
174.49197387695312,176.0800018310547,176.61000061035156,173.02999877929688,174.33999633789062,55215200,2024-03-19,1,19,3,2.0331677611462253,0.9980529595697221,1.7042432132507301,1.7240524963248487,173.31000061035155,172.13799896240235,176.0715003967285
177.05860900878906,178.6699981689453,178.6699981689453,175.08999633789062,175.72000122070312,53423100,2024-03-20,2,20,3,2.003695006292852,1.6788054448833127,1.8209866713274547,1.7730494276959032,174.81799926757813,173.09299926757814,175.88899993896484
169.82444763183594,171.3699951171875,177.49000549316406,170.83999633789062,177.0500030517578,106181300,2024-03-21,3,21,3,3.8804979545724905,-3.2081377219235914,2.3358152209892435,2.028555422302561,174.49199829101562,173.3299987792969,175.23899993896484
170.72622680664062,172.27999877929688,173.0500030517578,170.05999755859375,171.75999450683594,71160100,2024-03-22,4,22,3,1.7355499851114322,0.30275051763595723,2.412967866955772,1.923307947554569,174.4239990234375,173.48499908447266,174.72699966430665
169.3091583251953,170.85000610351562,171.94000244140625,169.4499969482422,170.57000732421875,54288300,2024-03-25,0,25,3,1.457421951542339,0.16415475597925872,2.2220665317330677,1.9341730468445664,173.85,173.2949996948242,174.21149978637695
168.17942810058594,169.7100067138672,171.4199981689453,169.5800018310547,170.0,57388400,2024-03-26,1,26,3,1.0842002622702607,-0.17058428596047795,2.032273031957875,1.8682581226043027,172.5760009765625,172.94300079345703,173.56549987792968
171.7469482421875,173.30999755859375,173.60000610351562,170.11000061035156,170.41000366210938,60273300,2024-03-27,2,27,3,2.013735815779548,1.7017744464312736,2.0342811938552137,1.9276339325913345,171.50400085449218,173.16100006103517,173.1599998474121
169.93344116210938,171.47999572753906,172.22999572753906,170.50999450683594,171.75,65672700,2024-03-28,3,28,3,1.0030331604603016,-0.15720772777929404,1.458788235032776,1.8973017280110098,171.5260009765625,173.00899963378907,172.69649963378907
168.4965362548828,170.02999877929688,171.25,169.47999572753906,171.19000244140625,46240500,2024-04-01,0,1,4,1.040995286225019,-0.6776118030060857,1.3198772952554936,1.866422581105633,171.0760009765625,172.75,172.21499938964843
167.3172607421875,168.83999633789062,169.33999633789062,168.22999572753906,169.0800018310547,49329500,2024-04-02,1,2,4,0.6574275257209651,-0.14194788890756982,1.159878410091219,1.6909724709121434,170.6739990234375,172.26199951171876,171.9019989013672
168.11996459960938,169.64999389648438,170.67999267578125,168.5800018310547,168.7899932861328,47691700,2024-04-03,2,3,4,1.2378372651212222,0.5095092390303549,1.190605810661411,1.6114394213096428,170.66199645996093,171.6189987182617,171.87849884033204
167.2974853515625,168.82000732421875,171.9199981689453,168.82000732421875,170.2899932861328,53704400,2024-04-04,3,4,4,1.8362698200652436,-0.8632250982851895,1.1551126115185502,1.5946969026868822,169.76399841308594,170.63399963378907,171.8634994506836
168.05059814453125,169.5800018310547,170.38999938964844,168.9499969482422,169.58999633789062,42104800,2024-04-05,4,5,4,0.849158170690942,-0.005893335132824977,1.1243376135646783,1.2915629242987274,169.38399963378907,170.4550003051758,171.89249954223632
166.9307861328125,168.4499969482422,169.1999969482422,168.24000549316406,169.02999877929688,37425500,2024-04-08,0,8,4,0.5698969857346399,-0.34313544059832723,1.0301179534666025,1.174997624361048,169.06799926757813,170.0720001220703,171.77849960327148
168.1397705078125,169.6699981689453,170.0800018310547,168.35000610351562,168.6999969482422,42373800,2024-04-09,1,9,4,1.0196238263740982,0.5749859147897466,1.1025572135972292,1.131217811844224,169.23399963378907,169.9539993286133,171.62449951171874
166.266845703125,167.77999877929688,169.08999633789062,167.11000061035156,168.8000030517578,49709300,2024-04-10,2,10,4,1.1801142817646648,-0.6042679229977156,1.0910126169259176,1.1408092137936643,168.86000061035156,169.76099853515626,171.35199966430665
173.46133422851562,175.0399932861328,175.4600067138672,168.16000366210938,168.33999633789062,91070300,2024-04-11,3,11,4,4.1704772233535845,3.980038668168918,1.557854097583586,1.356483354551068,170.10399780273437,169.93399810791016,171.54749908447266
174.95774841308594,176.5500030517578,178.36000061035156,174.2100067138672,174.25999450683594,101670900,2024-04-12,4,12,4,2.350605394930383,1.3141332589862107,1.858143542431474,1.4912405779980762,171.497998046875,170.44099884033204,171.72499923706056
171.13255310058594,172.69000244140625,176.6300048828125,172.5,175.36000061035156,73531800,2024-04-15,0,15,4,2.391571500622227,-1.522581067319922,2.222478445408991,1.626298199437797,172.34599914550782,170.70699920654297,171.72849960327147
167.8524169921875,169.3800048828125,173.75999450683594,168.27000427246094,171.75,73711200,2024-04-16,1,16,4,3.241226872187961,-1.3799098207787484,2.666799054571764,1.8846781340844967,172.28800048828126,170.76100006103516,171.51149978637696
166.48484802246094,168.0,170.64999389648438,168.0,169.61000061035156,50901200,2024-04-17,2,17,4,1.5773773193359375,-0.9492368401378931,2.7462516620860185,1.9186321395059682,172.33200073242188,170.59600067138672,171.1074996948242
165.53347778320312,167.0399932861328,168.63999938964844,166.5500030517578,168.02999877929688,43122900,2024-04-18,3,18,4,1.2511951759424136,-0.5891837769185546,2.162395252603784,1.8601246750936853,170.73200073242188,170.41799926757812,170.5259994506836
163.51190185546875,165.0,166.39999389648438,164.0800018310547,166.2100067138672,68149400,2024-04-19,4,19,4,1.4060557972301138,-0.7279987154745928,1.9734853330637308,1.9158144377476023,168.4220001220703,169.95999908447266,170.2074996948242
164.34432983398438,165.83999633789062,167.25999450683594,164.77000427246094,165.52000427246094,48116400,2024-04-22,0,22,4,1.5014413225756291,0.19332531245163065,1.795459297454411,2.0089688714317013,167.0519989013672,169.6989990234375,169.8854995727539
165.39476013183594,166.89999389648438,167.0500030517578,164.9199981689453,165.35000610351562,49537800,2024-04-23,1,23,4,1.2762162736408387,0.9373980863347514,1.4024571777449866,2.0346281161583755,166.55599670410157,169.4219985961914,169.68799896240233
167.4956512451172,169.02000427246094,169.3000030517578,166.2100067138672,166.5399932861328,48251800,2024-04-24,2,24,4,1.8281838006047724,1.4891383969658336,1.4526184739987535,2.099435068042386,166.75999755859374,169.5459991455078,169.65349884033202
168.35780334472656,169.88999938964844,170.61000061035156,168.14999389648438,169.52999877929688,50558300,2024-04-25,3,25,4,1.4479997190564933,0.2123521576970164,1.4919793826215693,1.8271873176126767,167.3299987792969,169.03099975585937,169.48249893188478
167.7731170654297,169.3000030517578,171.33999633789062,169.17999267578125,169.8800048828125,44838400,2024-04-26,4,26,4,1.2758438412130602,-0.3414185391946435,1.4659369914181588,1.7197111622409444,168.18999938964845,168.30599975585938,169.3734992980957
171.93524169921875,173.5,176.02999877929688,173.10000610351562,173.3699951171875,68169400,2024-04-29,0,29,4,1.6887565854646975,0.07498695649418728,1.5034000439959725,1.6494296707251916,169.7220001220703,168.38699951171876,169.54699935913087
168.79385375976562,170.3300018310547,174.99000549316406,170.0,173.3300018310547,65934800,2024-04-30,1,30,4,2.929610426537482,-1.730802497148826,1.834078874575301,1.618268026160144,170.4080017089844,168.48199920654298,169.62149963378906
167.7731170654297,169.3000030517578,172.7100067138672,169.11000061035156,169.5800018310547,50383100,2024-05-01,2,1,5,2.1264064020217672,-0.16511308896896099,1.8937233948587,1.6731709344287267,170.46400146484376,168.61199951171875,169.60400009155273
171.46949768066406,173.02999877929688,173.4199981689453,170.88999938964844,172.50999450683594,94214900,2024-05-02,3,2,5,1.462173494275948,0.30143428729883337,1.896558149902591,1.6942687662620801,171.09200134277344,169.21100006103515,169.81449966430665
181.7261505126953,183.3800048828125,187.0,182.66000366210938,186.64999389648438,163224100,2024-05-03,4,3,5,2.3666682420823713,-1.7519363089212865,2.114723030076453,1.7903300107473061,173.9080017089844,171.04900054931642,170.50449981689454
180.0712127685547,181.7100067138672,184.1999969482422,180.4199981689453,182.35000610351562,78569700,2024-05-06,0,6,5,2.0802369928086106,-0.35097305633492853,2.1930191115452358,1.8482095777706042,175.5500030517578,172.63600158691406,171.1675003051758
180.75497436523438,182.39999389648438,184.89999389648438,181.32000732421875,183.4499969482422,77305800,2024-05-07,1,7,5,1.9627120022259095,-0.5723647147587885,1.999639426682921,1.916859150629111,177.96400146484376,174.18600158691407,171.80400009155272
181.0919189453125,182.74000549316406,183.07000732421875,181.4499969482422,182.85000610351562,45057100,2024-05-08,2,8,5,0.8865110688842373,-0.060158931736260704,1.7516603600554153,1.8226918774570577,180.652001953125,175.55800170898436,172.5520004272461
182.90541076660156,184.57000732421875,184.66000366210938,182.11000061035156,182.55999755859375,48983000,2024-05-09,3,9,5,1.3815912394035044,1.1010132518104767,1.7355439090809266,1.816051029491759,182.9600036621094,177.0260025024414,173.02850112915038
181.64515686035156,183.0500030517578,185.08999633789062,182.1300048828125,184.89999389648438,50759500,2024-05-10,4,10,5,1.6170398283146603,-1.0005359144372248,1.5856182263273844,1.8501706282019188,182.89400329589844,178.4010025024414,173.3535011291504
184.85037231445312,186.27999877929688,187.10000610351562,184.6199951171875,185.44000244140625,72044800,2024-05-13,0,13,5,1.3313350883507484,0.4529747232698834,1.4358378454358118,1.8144284784905238,183.80800170898436,179.6790023803711,174.03300094604492
185.9915313720703,187.42999267578125,188.3000030517578,186.2899932861328,187.50999450683594,52393600,2024-05-14,1,14,5,1.0724056149871062,-0.042665368992782365,1.2577765679880515,1.6287079973354863,184.81400146484376,181.38900146484374,174.93550033569335
188.2639617919922,189.72000122070312,190.64999389648438,187.3699951171875,187.91000366210938,70400000,2024-05-15,2,15,5,1.728862933898688,0.9632257587778028,1.4262469409909415,1.5889536505231783,186.21000061035156,183.43100128173828,176.02150039672853
188.383056640625,189.83999633789062,191.10000610351562,189.66000366210938,190.47000122070312,52845200,2024-05-16,3,16,5,0.7585348025624864,-0.3307633111644154,1.3016356536227378,1.5185897813518323,187.26399841308594,185.11200103759765,177.1615005493164
188.41281127929688,189.8699951171875,190.80999755859375,189.17999267578125,189.50999450683594,41282900,2024-05-17,4,17,5,0.8584847130830036,0.18996391788643985,1.1499246305764066,1.3677714284518954,188.62799682617188,185.76100006103516,178.40500030517578
189.57383728027344,191.0399932861328,191.9199981689453,189.00999450683594,189.3300018310547,44361300,2024-05-20,0,20,5,1.5232431764959689,0.9031803932500915,1.1883062482054505,1.3120720468206313,189.57999572753906,186.69399871826172,179.66500015258788
190.87379455566406,192.35000610351562,192.72999572753906,190.9199981689453,191.08999633789062,42309400,2024-05-21,1,21,5,0.940991682433156,0.6593802866566683,1.1620234616946605,1.209900014841356,190.56399841308593,187.68899993896486,180.93750076293946
189.43490600585938,190.89999389648438,192.82000732421875,190.27000427246094,192.27000427246094,34648500,2024-05-22,2,22,5,1.3357795355093374,-0.712545038504891,1.0834067820167903,1.2548268615038658,190.79999694824218,188.50499877929687,182.03150024414063
185.44577026367188,186.8800048828125,191.0,186.6300048828125,190.97999572753906,51005900,2024-05-23,3,23,5,2.3383962986986266,-2.1468169109061033,1.3993790812440186,1.3505073674333783,190.20799865722657,188.73599853515626,182.88100051879883
188.52195739746094,189.97999572753906,190.5800018310547,188.0399932861328,188.82000732421875,36327000,2024-05-24,4,24,5,1.3369873681672482,0.6143355356027084,1.4950796122608674,1.322502121418637,190.22999877929686,189.4289978027344,183.91500015258788
188.53192138671875,189.99000549316406,193.0,189.10000610351562,191.50999450683594,52280100,2024-05-28,1,28,5,2.0527363459783143,-0.7936865214716609,1.6009782461573365,1.3946422471813935,190.02000122070314,189.79999847412108,184.7395004272461
188.82957458496094,190.2899932861328,192.25,189.50999450683594,189.61000061035156,53068000,2024-05-29,2,29,5,1.4399104471268787,0.35862700996380176,1.700761999096081,1.4313927303953708,189.60799865722657,190.08599853515625,185.7375
189.82192993164062,191.2899932861328,192.17999267578125,190.6300048828125,190.75999450683594,49889100,2024-05-30,3,30,5,0.8102816913429801,0.2778353924086962,1.5956624302628097,1.3395346061398,189.68599853515624,190.2429977416992,186.83699951171874
190.77455139160156,192.25,192.57000732421875,189.91000366210938,191.44000244140625,75158300,2024-05-31,4,31,5,1.383616989393693,0.4231077874341673,1.404706568401823,1.4020428248229204,190.75999755859374,190.48399810791017,187.7979995727539
192.54086303710938,194.02999877929688,194.99000549316406,192.52000427246094,192.89999389648438,50080500,2024-06-03,0,3,6,1.2729996579099476,0.5857982988941373,1.3919090263503626,1.443494319305615,191.56999816894532,190.8999984741211,188.33049926757812
192.8584442138672,194.35000610351562,195.32000732421875,193.02999877929688,194.63999938964844,47471400,2024-06-04,1,4,6,1.178290956009623,-0.14898956383177797,1.2170199483566244,1.4089990972569804,192.44199829101564,191.2309997558594,188.96249923706054
194.3667755126953,195.8699951171875,196.89999389648438,194.8699951171875,195.39999389648438,54156800,2024-06-05,2,5,6,1.0364010976169895,0.24053287378919477,1.1363180784546465,1.418540038775364,193.55799865722656,191.58299865722657,189.6359992980957
192.9874267578125,194.47999572753906,196.5,194.1699981689453,195.69000244140625,41181800,2024-06-06,3,6,6,1.1980676070761302,-0.618328324784752,1.2138752616012767,1.404768845932043,194.1959991455078,191.94099884033204,190.22299880981444
195.3789520263672,196.88999938964844,196.94000244140625,194.13999938964844,194.64999389648438,53103900,2024-06-07,4,7,6,1.422115425078834,1.1507863156447393,1.221574948738305,1.3131407585700638,195.1239990234375,192.94199829101564,190.83899841308593
191.63784790039062,193.1199951171875,197.3000030517578,192.14999389648438,196.89999389648438,97010200,2024-06-10,0,10,6,2.666740516510655,-1.9197556609799196,1.5003231204584462,1.4461160734044047,194.94199829101564,193.25599822998046,191.3424980163574
205.56019592285156,207.14999389648438,207.16000366210938,193.6300048828125,193.64999389648438,172373300,2024-06-11,1,11,6,6.531498516991507,6.971340266200281,2.5709646326548232,1.8939922905057238,197.5019958496094,194.9719970703125,192.3859977722168
211.4347686767578,213.07000732421875,220.1999969482422,206.89999389648438,207.3699951171875,198134300,2024-06-12,2,12,6,6.242081285293154,2.748715986519698,3.612100670190056,2.3742093743223514,200.94199829101564,197.2499984741211,193.66799850463866
212.5957794189453,214.24000549316406,216.75,211.60000610351562,214.74000549316406,97862700,2024-06-13,3,13,6,2.4038432432959866,-0.23283970718530914,3.853255797434027,2.533565529517652,204.8940002441406,199.5449996948242,194.8939987182617
210.85922241210938,212.49000549316406,215.1699981689453,211.3000030517578,213.85000610351562,70122700,2024-06-14,4,14,6,1.8212598320592541,-0.6359600521560166,3.9330846788301117,2.577329813784208,208.01400146484374,201.56900024414062,196.0264991760254
215.0071258544922,216.6699981689453,218.9499969482422,212.72000122070312,213.3699951171875,93728300,2024-06-17,0,17,6,2.8753384318032404,1.5466106422064536,3.974804261888629,2.7375636911735377,212.7240020751953,203.83300018310547,197.3664993286133
212.6453857421875,214.2899932861328,218.6300048828125,213.0,217.58999633789062,79943300,2024-06-18,1,18,6,2.6272831486326016,-1.5166152430249191,3.1939611882168473,2.8824629104358355,214.152001953125,205.82699890136718,198.52899932861328
208.07077026367188,209.67999267578125,214.24000549316406,208.85000610351562,213.92999267578125,86172500,2024-06-20,3,20,6,2.5705835453660812,-1.9866312090427785,2.4596616402314324,3.0358811552107445,213.4739990234375,207.20799865722657,199.39549865722657
205.89759826660156,207.49000549316406,211.88999938964844,207.11000061035156,210.38999938964844,241805100,2024-06-21,4,21,6,2.303724831437414,-1.3783896121000985,2.4396379578597185,3.1464468776468726,212.1239990234375,208.50899963378907,200.22499923706056
206.5426025390625,208.13999938964844,212.6999969482422,206.58999633789062,207.72000122070312,80727000,2024-06-24,0,24,6,2.935524468275479,0.20219438016422075,2.6624908851029634,3.2977877819665373,211.25399780273438,209.63399963378907,201.28799896240236
207.46546936035156,209.07000732421875,211.3800048828125,208.61000061035156,209.14999389648438,55549700,2024-06-25,1,25,6,1.3249170973459181,-0.03824364073623313,2.3524066182114987,3.1636054400500635,209.73399963378907,211.2290008544922,202.24249954223632
211.61338806152344,213.25,214.86000061035156,210.63999938964844,211.5,66213200,2024-06-26,2,26,6,1.9788985794621923,0.8274231678486997,2.222729704377417,2.708345446297132,209.5260009765625,211.83900146484376,203.40549926757814
212.4568634033203,214.10000610351562,215.74000549316406,212.35000610351562,214.69000244140625,49772700,2024-06-27,3,27,6,1.5833719257389467,-0.27481314042634486,2.0252873804519895,2.242474510341711,210.41000366210938,211.94200134277344,204.59599990844725
209.00355529785156,210.6199951171875,216.07000732421875,210.3000030517578,215.77000427246094,82542700,2024-06-28,4,28,6,2.739533000772575,-2.3868049558780777,2.112449014319022,2.27604348608937,211.03600158691407,211.5800003051758,205.5625
215.08651733398438,216.75,217.50999450683594,211.9199981689453,212.08999633789062,60402900,2024-07-01,0,1,7,2.5790063842632645,2.1971822068803766,2.041145397516579,2.3518181413097716,212.75800170898438,212.00599975585936,206.7875
218.5795135498047,220.27000427246094,220.3800048828125,215.10000610351562,216.14999389648438,58046200,2024-07-02,1,2,7,2.3970575552201967,1.9060885923270772,2.255573489091435,2.303990053651467,214.9980010986328,212.36600036621093,208.0995002746582
219.84967041015625,221.5500030517578,221.5500030517578,219.02999877929688,220.0,37369800,2024-07-03,2,3,7,1.1374426710670016,0.7045468417080967,2.087282307412397,2.155006005894907,216.6580017089844,213.09200134277344,209.45950012207032
224.6029052734375,226.33999633789062,226.4499969482422,221.64999389648438,221.64999389648438,60412400,2024-07-05,4,5,7,2.1207047492358133,2.115949727296897,2.1947488721117705,2.1100181262818802,219.1059997558594,214.75800170898438,210.98300018310547
226.07156372070312,227.82000732421875,227.85000610351562,223.25,227.08999633789062,59085900,2024-07-08,0,8,7,2.0191405300804828,0.32146329565390924,2.0506703779733515,2.0815596961461873,222.54600219726564,216.79100189208984,212.65000076293944
226.92495727539062,228.67999267578125,229.39999389648438,226.3699951171875,227.92999267578125,48076100,2024-07-09,1,9,7,1.324995135710345,0.3290484026237111,1.799868128262768,1.9205067628896735,224.93200073242187,218.84500122070312,214.2395004272461
231.1919708251953,232.97999572753906,233.0800018310547,229.25,229.3000030517578,62627700,2024-07-10,2,10,7,1.6439187489443188,1.6048812153528835,1.6492403670075924,1.9524069280495138,227.4739990234375,221.23600006103516,216.23250045776368
225.823486328125,227.57000732421875,232.38999938964844,225.77000427246094,231.38999938964844,64710600,2024-07-11,3,11,7,2.9089927952394885,-1.6508890079544987,2.0035503918420896,2.045416349627243,228.6779998779297,222.66800079345703,217.25350112915038
228.77069091796875,230.5399932861328,232.63999938964844,228.67999267578125,228.9199981689453,53046500,2024-07-12,4,12,7,1.7177092171388493,0.7076686747096368,1.9229512854226969,2.0588500787672337,229.51799926757812,224.31199951171874,218.1270004272461
232.60107421875,234.39999389648438,237.22999572753906,233.08999633789062,236.47999572753906,62631300,2024-07-15,0,15,7,1.7662113896968539,-0.8795677725955164,1.8723654573459712,1.9615179176596615,230.83399658203126,226.68999938964845,219.1349998474121
233.01785278320312,234.82000732421875,236.27000427246094,232.3300018310547,235.0,43234300,2024-07-16,1,16,7,1.677881917432292,-0.07659262799202128,1.9429428136903606,1.8714054709765642,232.06199951171874,228.49700012207032,220.25149993896486
227.12342834472656,228.8800048828125,231.4600067138672,226.63999938964844,229.4499969482422,57345900,2024-07-17,2,17,7,2.1059101806147784,-0.24841668032720113,2.0353411000244526,1.8422907335160221,231.24200134277345,229.35800018310547,220.86200027465821
222.45950317382812,224.17999267578125,230.44000244140625,222.27000427246094,230.27999877929688,66034600,2024-07-18,3,18,7,3.6443922008513554,-2.648951769954604,2.1824209811468256,2.092985686494458,230.56399841308593,229.62099914550782,221.35650024414062
222.5885009765625,224.30999755859375,226.8000030517578,223.27999877929688,224.82000732421875,49151500,2024-07-19,4,19,7,1.5692587538553424,-0.2268524815451597,2.152730888490124,2.0378410869564108,229.31799926757813,229.41799926757812,222.08800048828124
222.24119567871094,223.9600067138672,227.77999877929688,223.08999633789062,227.00999450683594,48201800,2024-07-22,0,22,7,2.0941249780360245,-1.3435478026395469,2.2183136061579587,2.045339531751965,227.2300018310547,229.03199920654296,222.9115005493164
223.28311157226562,225.00999450683594,226.94000244140625,222.67999267578125,224.3699951171875,39960300,2024-07-23,1,23,7,1.8932535752297788,0.2852428593734953,2.2613879377174557,2.1021653757039083,225.26799926757812,228.66499938964844,223.75500030517577
216.86279296875,218.5399932861328,224.8000030517578,217.1300048828125,224.0,61777600,2024-07-24,2,24,7,3.5096542530332377,-2.437502997262137,2.5421367522011478,2.2887389261128,223.1999969482422,227.22099914550782,224.22849960327147
215.8208465576172,217.49000549316406,220.85000610351562,214.6199951171875,218.92999267578125,51391200,2024-07-25,3,25,7,2.864504496287734,-0.6577386519852945,2.3861592112884233,2.2842900962176245,221.86199951171875,226.21299896240234,224.44049987792968
216.28721618652344,217.9600067138672,219.49000549316406,216.00999450683594,218.6999969482422,41601300,2024-07-26,4,26,7,1.5966282249645012,-0.3383585938275651,2.3916331055102553,2.2721819970001897,220.59200134277344,224.9550003051758,224.63349990844728
216.56507873535156,218.24000549316406,219.3000030517578,215.75,216.9600067138672,36311800,2024-07-29,0,29,7,1.6266509175234645,0.5899699205784836,2.2981382934077432,2.258225949782851,219.4480010986328,223.33900146484376,225.0145004272461
217.12078857421875,218.8000030517578,220.3300018310547,216.1199951171875,219.19000244140625,41643800,2024-07-30,1,30,7,1.9241346687144687,-0.17792754473493466,2.304314512104681,2.282851224911069,218.20600280761718,221.73700103759765,225.11700057983398
220.3756103515625,222.0800018310547,223.82000732421875,220.6300048828125,221.44000244140625,50036300,2024-07-31,2,31,7,1.4364203958504174,0.2890170622255947,1.8896677406681175,2.2159022464346325,218.91400451660155,221.05700073242187,225.20750045776367
216.68418884277344,218.36000061035156,224.47999572753906,217.02000427246094,224.3699951171875,62501000,2024-08-01,3,1,8,3.4163727029795936,-2.6786088325655766,2.000041382006489,2.193100296647456,219.08800354003907,220.4750015258789,225.04800033569336
218.1726531982422,219.86000061035156,225.60000610351562,217.7100067138672,219.14999389648438,105568600,2024-08-02,4,2,8,3.588647033450866,0.3239820824282384,2.398445143703762,2.395039124607009,219.46800231933594,220.03000183105468,224.7240005493164
207.6639404296875,209.27000427246094,213.5,196.0,199.08999633789062,119548600,2024-08-05,0,5,8,8.362402467013725,5.113269436849581,3.745595453601814,3.021866873504779,217.67400207519532,218.56100158691407,223.7965003967285
205.6395721435547,207.22999572753906,209.99000549316406,201.07000732421875,205.3000030517578,69660500,2024-08-06,1,6,8,4.304395286806408,0.9400840950278423,4.221647577220201,3.2629810446624417,215.36000061035156,216.7830017089844,222.7240005493164
208.20970153808594,209.82000732421875,213.63999938964844,206.38999938964844,206.89999389648438,63516400,2024-08-07,2,7,8,3.45534255405736,1.4113163431001878,4.625432008861591,3.257549874764854,212.9080017089844,215.91100311279297,221.56600112915038
211.67291259765625,213.30999755859375,214.1999969482422,208.8300018310547,213.11000061035156,47161100,2024-08-08,3,8,8,2.5174605872434204,0.09384681510459011,4.445649585714356,3.222845483860423,211.89800109863282,215.49300231933594,220.85300064086914
214.5804443359375,216.24000549316406,216.77999877929688,211.97000122070312,212.10000610351562,42201600,2024-08-09,4,9,8,2.224379132632702,1.9519091327267133,4.1727960055507225,3.285620574627243,211.17400207519532,215.3210021972656,220.13800125122071
216.11038208007812,217.52999877929688,219.50999450683594,215.60000610351562,216.07000732421875,38028100,2024-08-12,0,12,8,1.7974479038577735,0.6757029692174579,2.8598050929195327,3.3027002732606734,212.8260009765625,215.2500015258789,219.29450149536132
219.8259735107422,221.27000427246094,221.88999938964844,219.00999450683594,219.00999450683594,44155300,2024-08-13,1,13,8,1.3015794401423721,1.031920835719878,2.2592419235867256,3.2404447504034635,215.63400268554688,215.49700164794922,218.61700134277345
220.27305603027344,221.72000122070312,223.02999877929688,219.6999969482422,220.57000732421875,41960600,2024-08-14,2,14,8,1.5018950986473962,0.5213736493166924,1.868552432504733,3.246992220683162,218.01400146484374,215.46100158691405,218.25900115966797
223.25347900390625,224.72000122070312,225.35000610351562,222.75999450683594,224.60000610351562,46414000,2024-08-15,3,15,8,1.1525505440594817,0.05342614155237181,1.5955704238679451,3.0206100047911506,220.29600219726564,216.0970016479492,218.28600158691407
224.57479858398438,226.0500030517578,226.8300018310547,223.64999389648438,223.9199981689453,44340200,2024-08-16,4,16,8,1.406771905170998,0.9512347714496824,1.4320489783756043,2.802422491963164,222.25800170898438,216.71600189208985,218.37300186157228
224.41583251953125,225.88999938964844,225.99000549316406,223.0399932861328,225.72000122070312,40687800,2024-08-19,0,19,8,1.3059507791412373,0.07531373738523629,1.3337495534322972,2.096777323175915,223.93000183105468,218.37800140380858,218.46950149536133
225.0317840576172,226.50999450683594,227.1699981689453,225.4499969482422,225.77000427246094,30299000,2024-08-20,1,20,8,0.7593489304734482,0.32776286502700075,1.2253034514985122,1.7422726875426189,224.97799987792968,220.30600128173828,218.54450149536132
224.92250061035156,226.39999389648438,227.97999572753906,225.0500030517578,226.52000427246094,34765500,2024-08-21,2,21,8,1.2941664111178883,-0.05298003430735089,1.1837577139926108,1.5261550732486717,225.91399841308595,221.96399993896483,218.9375015258789
223.064697265625,224.52999877929688,228.33999633789062,223.89999389648438,227.7899932861328,43695300,2024-08-22,3,22,8,1.9774651340779534,-1.431140349848896,1.348740631996305,1.472155527932125,225.8759979248047,223.08600006103515,219.28950119018555
225.35963439941406,226.83999633789062,228.22000122070312,224.3300018310547,225.66000366210938,38677300,2024-08-23,4,23,8,1.7148648617742304,0.5229073192554339,1.4103592233169515,1.421204100846278,226.03399658203125,224.1459991455078,219.7335006713867
225.69740295410156,227.17999267578125,227.27999877929688,223.88999938964844,226.75999450683594,30602200,2024-08-26,0,26,8,1.4922086006431288,0.18521704847397638,1.4476107876173299,1.3906801705248135,226.2919952392578,225.11099853515626,220.18050003051758
226.54185485839844,228.02999877929688,228.85000610351562,224.88999938964844,226.0,35934600,2024-08-27,1,27,8,1.7366165570609655,0.8982295483614492,1.6430643129348332,1.4341838822166728,226.59599609375,225.78699798583983,220.64199981689453
225.01193237304688,226.49000549316406,229.86000061035156,225.67999267578125,227.9199981689453,38052200,2024-08-28,2,28,8,1.8455595537068739,-0.6274099189493983,1.7533429414526303,1.4685503277226206,226.61399841308594,226.26399841308594,220.8625
228.29037475585938,229.7899932861328,232.9199981689453,228.8800048828125,230.10000610351562,51906300,2024-08-29,3,29,8,1.7581241151359635,-0.13472959980859206,1.7094747376642325,1.5291076848302687,227.66599731445314,226.7709976196289,221.43399963378906
227.5055389404297,229.0,230.39999389648438,227.47999572753906,230.19000244140625,52990800,2024-08-30,4,30,8,1.2751083707184772,-0.5169653020483196,1.6215234394530817,1.5159413313850165,228.097998046875,227.0659973144531,221.8909996032715
221.31619262695312,222.77000427246094,229.0,221.1699981689453,228.5500030517578,50190600,2024-09-03,1,3,9,3.5148366839721072,-2.5289865246634573,2.0260490561188775,1.7368299218681034,227.21600036621095,226.75399780273438,222.56599960327148
219.40872192382812,220.85000610351562,221.77999877929688,217.47999572753906,221.66000366210938,43840200,2024-09-04,2,4,9,1.9470241942136683,-0.3654234165891657,2.0681305835494177,1.8555974482421256,225.78000183105468,226.18799896240233,223.24700012207032
220.92874145507812,222.3800048828125,225.47999572753906,221.52000427246094,221.6300048828125,36615400,2024-09-05,3,5,9,1.7807317960825302,0.3384018334505586,2.0551650320245494,1.9042539867385897,224.95800170898437,225.78600006103517,223.875
219.37893676757812,220.82000732421875,225.24000549316406,219.77000427246094,223.9499969482422,48423000,2024-09-06,4,6,9,2.477131165325885,-1.3976287861914192,2.1989664420625337,1.954220589863383,223.16400451660155,225.41500091552734,224.25050048828126
219.4683380126953,220.91000366210938,221.27000427246094,216.7100067138672,220.82000732421875,67180000,2024-09-09,0,9,9,2.0641878968815046,0.04075551802626651,2.356782347295139,1.9891528933741103,221.54600524902344,224.8220016479492,224.4840003967285
218.67355346679688,220.11000061035156,221.47999572753906,216.72999572753906,218.9199981689453,51591000,2024-09-10,1,10,9,2.1580118971553044,0.5435786823312045,2.0854173899317785,2.055733223025328,221.01400451660157,224.11500244140626,224.61300048828124
221.2069091796875,222.66000366210938,223.08999633789062,217.88999938964844,221.4600067138672,44587100,2024-09-11,2,11,9,2.335397854449548,0.5418571804671797,2.1630921219789547,2.115611352764186,221.37600402832032,223.5780029296875,224.68250045776367
221.31619262695312,222.77000427246094,223.5500030517578,219.82000732421875,222.5,37455600,2024-09-12,3,12,9,1.6743707213728185,0.12135023481390449,2.141819907037012,2.0984924695307807,221.45400390625,223.20600280761718,224.73500061035156
221.04795837402344,222.5,224.0399932861328,221.91000366210938,223.5800018310547,36766600,2024-09-13,4,13,9,0.9572987074262641,-0.48304938823230564,1.8378534154570878,2.018409928759811,221.79000244140624,222.4770034790039,224.6240005493164
214.90829467773438,216.32000732421875,217.22000122070312,213.9199981689453,216.5399932861328,59357400,2024-09-16,0,16,9,1.5255191105886907,-0.10159137745209784,1.7301196581985252,2.0434510027468322,220.87200317382812,221.2090042114258,224.13750076293945
215.37521362304688,216.7899932861328,216.89999389648438,214.5,215.75,45519300,2024-09-17,1,17,9,1.1070593527426862,0.48203628557720163,1.5199291493160014,1.8026732696238903,220.20800170898437,220.61100311279296,223.68250045776367
219.24978637695312,220.69000244140625,222.7100067138672,217.5399932861328,217.5500030517578,59894900,2024-09-18,2,18,9,2.342658648122054,1.4433460563553258,1.5213813080505028,1.8422367150147287,219.81400146484376,220.59500274658203,223.3915008544922
227.37637329101562,228.8699951171875,229.82000732421875,224.6300048828125,224.99000549316406,66781300,2024-09-19,3,19,9,2.267663980483257,1.7245164359717857,1.6400399598725905,1.8909299334548013,221.03399963378905,221.24400177001954,223.51500091552734
226.7107391357422,228.1999969482422,233.08999633789062,227.6199951171875,229.97000122070312,318679900,2024-09-20,4,20,9,2.397020724738997,-0.7696674623062063,1.927984363335137,1.8829188893961124,222.1739990234375,221.98200073242188,223.6985008239746
224.99205017089844,226.47000122070312,229.4499969482422,225.80999755859375,227.33999633789062,54146000,2024-09-23,0,23,9,1.60727662384791,-0.38268458309220904,1.944335865986981,1.837227762092753,224.20399780273436,222.53800048828126,223.68000106811525
225.8861846923828,227.3699951171875,229.35000610351562,225.72999572753906,228.64999389648438,43556100,2024-09-24,1,24,9,1.5921231709183057,-0.5598070472183624,2.0413486296221044,1.7806388894690532,226.31999816894532,223.26399993896484,223.68950119018555
224.89268493652344,226.3699951171875,227.2899932861328,224.02000427246094,224.92999267578125,42308700,2024-09-25,2,25,9,1.4445328816564507,0.6402002793295332,1.861723476328984,1.691552392189743,227.45599670410155,223.63499908447267,223.60650100708008
226.03521728515625,227.52000427246094,228.5,225.41000366210938,227.3000030517578,36636700,2024-09-26,3,26,9,1.3581207277889624,0.09678892113918237,1.6798148257901253,1.6599273928313578,227.18599853515624,224.10999908447266,223.65800094604492
226.30340576171875,227.7899932861328,229.52000427246094,227.3000030517578,228.4600067138672,34026000,2024-09-27,4,27,9,0.9745824163199851,-0.2932738370149519,1.3953271641063227,1.6616557637207297,227.10399780273437,224.63899841308594,223.55800094604493
231.47943115234375,233.0,233.0,229.64999389648438,230.0399932861328,54541900,2024-09-30,0,30,9,1.4377708598779506,1.286735698251136,1.3614260113123309,1.652880938649656,228.40999755859374,226.30699768066407,223.75800094604492
224.7337646484375,226.2100067138672,229.64999389648438,223.74000549316406,229.52000427246094,63285000,2024-10-01,1,1,10,2.6126113911467455,-1.4421390279622357,1.5655236553580187,1.8034361424900616,228.1779998779297,227.2489990234375,223.93000106811525
225.30003356933594,226.77999877929688,227.3699951171875,223.02000427246094,225.88999938964844,32880600,2024-10-02,2,2,10,1.9181545410272223,0.39399680908991247,1.6602479872321734,1.7609857317805786,228.26000061035157,227.85799865722657,224.22650070190429
224.197265625,225.6699981689453,226.80999755859375,223.32000732421875,225.13999938964844,34044200,2024-10-03,3,3,10,1.5465016451864628,0.23540853723625063,1.6979241707116732,1.6888694982508992,227.88999938964844,227.53799896240236,224.39100036621093
225.31988525390625,226.8000030517578,228.0,224.1300048828125,227.89999389648438,37245100,2024-10-04,4,4,10,1.7063470304735102,-0.48266383246424965,1.844277093542378,1.6198021288243507,227.69200134277344,227.39799957275392,224.69000015258788
220.24325561523438,221.69000244140625,225.69000244140625,221.3300018310547,224.5,39505400,2024-10-07,0,7,10,1.9667105247580716,-1.2516692911330733,1.9500650265184025,1.6557455189153667,225.43000183105468,226.9199996948242,224.72900009155273
224.296630859375,225.77000427246094,225.97999572753906,223.25,224.3000030517578,31855700,2024-10-08,1,8,10,1.2091932833754493,0.6553728045932832,1.6693814049641431,1.617452530161081,225.34200134277344,226.76000061035157,225.0120002746582
228.04202270507812,229.5399932861328,229.75,224.8300018310547,225.22999572753906,33591100,2024-10-09,2,9,10,2.1434165343083786,1.913598384030322,1.7144338036203746,1.6873408954262736,225.8940002441406,227.0770004272461,225.3559997558594
227.54527282714844,229.0399932861328,229.5,227.1699981689453,227.77999877929688,28183500,2024-10-10,3,10,10,1.0172903856768305,0.5531629263273399,1.608591551718448,1.6532578612150608,226.56799926757813,227.22899932861327,225.66949920654298
226.0650177001953,227.5500030517578,229.41000366210938,227.33999633789062,229.3000030517578,31759200,2024-10-11,4,11,10,0.9096933845120243,-0.7631923143084252,1.4492608225261507,1.6467689580342644,226.71799926757814,227.2050003051758,225.92199935913087
229.79054260253906,231.3000030517578,231.72999572753906,228.60000610351562,228.6999969482422,39882100,2024-10-14,0,14,10,1.3532164214122566,1.1368631999168939,1.326562001856988,1.6383135141876952,228.63999938964844,227.03500061035157,226.6709991455078
232.3238983154297,233.85000610351562,237.49000549316406,232.3699951171875,233.61000061035156,64751400,2024-10-15,1,15,10,2.1894420536000108,0.10273767926758336,1.5226117559019001,1.5959965804330216,230.25599975585936,227.79900054931642,227.52399978637695
230.2673797607422,231.77999877929688,232.1199951171875,229.83999633789062,231.60000610351562,34082200,2024-10-16,2,16,10,0.9836909100460872,0.0777170427624258,1.290666631049442,1.5025502173349081,230.7040008544922,228.29900054931642,228.0784996032715
230.63497924804688,232.14999389648438,233.85000610351562,230.52000427246094,233.42999267578125,32993800,2024-10-17,3,17,10,1.434418228991871,-0.5483437516423643,1.37409219971245,1.4913418757154489,231.3260009765625,228.9470001220703,228.24249954223632
233.46636962890625,235.0,236.17999267578125,234.00999450683594,236.17999267578125,46431500,2024-10-18,4,18,10,0.9234034761469415,-0.4996158490872249,1.3768342180394335,1.4130475202827921,232.81600036621094,229.76699981689453,228.5824996948242
234.93670654296875,236.47999572753906,236.85000610351562,234.4499969482422,234.4499969482422,36254500,2024-10-21,0,21,10,1.014888869517155,0.8658557499341845,1.309168707660413,1.3178653547587005,233.85199890136718,231.24599914550782,229.082999420166
234.32077026367188,235.86000061035156,236.22000122070312,232.60000610351562,233.88999938964844,38846600,2024-10-22,1,22,10,1.5348067106842123,0.8422768078344414,1.1782416390772534,1.3504266974895769,234.25399780273438,232.25499877929687,229.50749969482422
229.25404357910156,230.75999450683594,235.13999938964844,227.75999450683594,234.0800018310547,52287000,2024-10-23,2,23,10,3.1981301172174703,-1.4183216414253697,1.6211294805115302,1.455898055780486,234.04999694824218,232.3769989013672,229.72699966430665
229.06529235839844,230.57000732421875,230.82000732421875,228.41000366210938,229.97999572753906,31109500,2024-10-24,3,24,10,1.0452372752543309,0.2565490945476334,1.543293289764022,1.458692744738236,233.73399963378907,232.53000030517578,229.87949981689454
229.8998260498047,231.41000366210938,233.22000122070312,229.57000732421875,229.74000549316406,38802300,2024-10-25,4,25,10,1.5772844037519964,0.726907864984361,1.6740694752850327,1.525451846662233,233.01600036621093,232.91600036621094,230.06050033569335
231.87681579589844,233.39999389648438,234.72999572753906,232.5500030517578,233.32000732421875,36087100,2024-10-28,0,28,10,0.9340157381272692,0.03428191743302862,1.657894849007056,1.4835317783337345,232.4,233.1259994506836,230.08050003051758
232.1450653076172,233.6699981689453,234.3300018310547,232.32000732421875,233.10000610351562,35417200,2024-10-29,1,29,10,0.8601850997502448,0.24452683419345944,1.5229705268202625,1.3506060829487578,231.96199951171874,233.10799865722657,230.4534996032715
228.59835815429688,230.10000610351562,233.47000122070312,229.5500030517578,232.61000061035156,47070900,2024-10-30,2,30,10,1.7036062863821977,-1.0790570053952522,1.224065760653208,1.4225976205823687,231.8300018310547,232.93999938964845,230.61949996948243
224.4357147216797,225.91000366210938,229.8300018310547,225.3699951171875,229.33999633789062,64370100,2024-10-31,3,31,10,1.9742404681370203,-1.4955928885286027,1.4098663992297458,1.4765798444968838,230.89800109863282,232.31600036621094,230.63150024414062
221.4552764892578,222.91000366210938,225.35000610351562,220.27000427246094,220.97000122070312,65276700,2024-11-01,4,1,11,2.2789474440792876,0.8779483326646637,1.5501990072952039,1.6121342412901185,229.1980010986328,231.10700073242188,230.4370002746582
220.56114196777344,222.00999450683594,222.7899932861328,219.7100067138672,220.99000549316406,44944500,2024-11-04,0,4,11,1.3873188813446815,0.46155436368973096,1.6408596359386862,1.649377242472871,226.9200012207031,229.66000061035157,230.4529998779297
221.9917449951172,223.4499969482422,223.9499969482422,221.13999938964844,221.8000030517578,28111300,2024-11-05,1,5,11,1.2575509496402593,0.7439106734815252,1.7203328059166894,1.6216516663684757,224.8760009765625,228.41900024414062,230.33699951171874
221.2665252685547,222.72000122070312,226.07000732421875,221.19000244140625,222.61000061035156,54561100,2024-11-06,2,6,11,2.1910941343685995,0.04941404701045016,1.8178303755139695,1.5209480680835887,223.4,227.61500091552733,229.99599990844726
225.99545288085938,227.47999572753906,227.8800048828125,224.57000732421875,224.6300048828125,42137700,2024-11-07,3,7,11,1.4550719275369832,1.2687489572968569,1.7139966673939622,1.561931533311854,223.71399841308593,227.30599975585938,229.9180000305176
225.7269287109375,226.9600067138672,228.66000366210938,226.41000366210938,227.1699981689453,38328800,2024-11-08,4,8,11,0.9913640876987715,-0.09243802296549535,1.456479996117859,1.5033395017065314,224.5239990234375,226.86100006103516,229.88850021362305
223.01174926757812,224.22999572753906,225.6999969482422,221.5,225.0,42005600,2024-11-11,0,11,11,1.8730754262447504,-0.34222412109375,1.553631305097873,1.5972454705182795,224.96799926757814,225.94400024414062,229.5349998474121
223.01174926757812,224.22999572753906,225.58999633789062,223.36000061035156,224.5500030517578,40398300,2024-11-12,1,12,11,0.9945126744990537,-0.14251049649061448,1.5010236500696317,1.6106782279931604,225.1239990234375,225.0,229.0539993286133
223.8968963623047,225.1199951171875,226.64999389648438,222.75999450683594,224.00999450683594,48566200,2024-11-13,2,13,11,1.7279670726820493,0.4955138777603467,1.4083982377323214,1.6131143066231455,225.60399780273437,224.5019989013672,228.72099914550782
226.98007202148438,228.22000122070312,228.8699951171875,225.0,225.02000427246094,44923900,2024-11-14,3,14,11,1.6957300396493167,1.4220944304878493,1.4565298601547885,1.5852632637743753,225.7519989013672,224.73299865722657,228.52449951171874
223.777587890625,225.0,226.9199981689453,224.27000427246094,226.39999389648438,47923700,2024-11-15,4,15,11,1.1777750651041667,-0.6183718790754413,1.4938120556358672,1.4751460258768632,225.35999755859376,224.94199829101564,228.02449951171874
226.7811737060547,228.02000427246094,229.74000549316406,225.1699981689453,225.25,44633700,2024-11-18,0,18,11,2.0042133315452673,1.2297466248439235,1.5200396366959708,1.5368354708969219,226.1179992675781,225.54299926757812,227.60149993896485
227.03973388671875,228.27999877929688,230.16000366210938,226.66000366210938,226.97999572753906,36211800,2024-11-19,1,19,11,1.5332048443647623,0.5727390414256165,1.6277780706691125,1.564400860369372,226.9279998779297,226.0259994506836,227.2224998474121
227.75582885742188,229.0,229.92999267578125,225.88999938964844,228.05999755859375,35169600,2024-11-20,2,20,11,1.7641892079182586,0.4121733102995155,1.635022497716354,1.521710367724338,227.7040008544922,226.65399932861328,227.1345001220703
227.27845764160156,228.52000427246094,230.16000366210938,225.7100067138672,228.8800048828125,42108300,2024-11-21,3,21,11,1.9473117736058345,-0.15728792497006644,1.6853388445076578,1.5709343523312231,227.76400146484374,226.75800018310548,227.03199996948243
228.62109375,229.8699951171875,230.72000122070312,228.05999755859375,228.05999755859375,38168300,2024-11-22,4,22,11,1.1571774127168306,0.7936497316363958,1.6812193140301908,1.587515684833029,228.73800048828124,227.0489990234375,226.95499954223632
231.60479736328125,232.8699951171875,233.25,229.74000549316406,231.4600067138672,90152800,2024-11-25,0,25,11,1.507276411917988,0.6091715036815635,1.5818319301047348,1.550935783400353,229.70799865722657,227.91299896240236,226.9284996032715
233.7829132080078,235.05999755859375,235.57000732421875,233.3300018310547,233.3300018310547,45986200,2024-11-26,1,26,11,0.9529505302601278,0.741437326517353,1.4657810672838079,1.54677956897646,231.06399841308593,228.99599914550782,226.9979995727539
233.65359497070312,234.92999267578125,235.69000244140625,233.80999755859375,234.47000122070312,33498400,2024-11-27,2,27,11,0.8002404722359268,0.19618350009950394,1.2729913201473415,1.454006908931848,232.2499969482422,229.97699890136718,227.2394989013672
236.0405731201172,237.3300018310547,237.80999755859375,233.97000122070312,234.80999755859375,28481400,2024-11-29,4,29,11,1.6179986972840281,1.0732099564168274,1.2071287048829802,1.446233774695319,234.01199645996093,230.88799896240235,227.81049880981445
238.28831481933594,239.58999633789062,240.7899932861328,237.16000366210938,237.27000427246094,48137100,2024-12-02,0,2,12,1.5150839682405233,0.9777856550150366,1.2787100159877187,1.4799646650089548,235.95599670410155,232.3469985961914,228.6444984436035
241.3316650390625,242.64999389648438,242.75999450683594,238.89999389648438,239.80999755859375,38861000,2024-12-03,1,3,12,1.5907688882935878,1.1842693660829204,1.2954085112628388,1.4386202206837868,237.91199645996093,233.80999755859375,229.67649841308594
241.68971252441406,243.00999450683594,244.11000061035156,241.25,242.8699951171875,44383900,2024-12-04,2,4,12,1.176906577919004,0.05764375693295758,1.340199720794614,1.402990394039211,239.5019958496094,235.28299713134766,230.6544982910156
241.7195587158203,243.0399932861328,244.5399932861328,242.1300048828125,243.99000549316406,40033900,2024-12-05,3,5,12,0.9916015758291332,-0.38936521400171314,1.3784719415132554,1.3257316308302984,241.12399597167968,236.68699645996094,231.6704978942871
241.5206298828125,242.83999633789062,244.6300048828125,242.0800018310547,242.91000366210938,36870600,2024-12-06,4,6,12,1.0500753954096202,-0.028820272184479894,1.2648872811383736,1.2360079930106769,242.2259948730469,238.1189956665039,232.4384979248047
245.40940856933594,246.75,247.24000549316406,241.75,241.8300018310547,44649200,2024-12-09,0,9,12,2.2249262383643615,2.034486263777346,1.4068557351631414,1.34278287557543,243.65799560546876,239.80699615478517,233.42799758911133
246.42385864257812,247.77000427246094,248.2100067138672,245.33999633789062,246.88999938964844,36914800,2024-12-10,1,10,12,1.1583364921044066,0.3564360180598699,1.320369255925305,1.3078888835940718,244.68199768066407,241.2969970703125,234.60499801635743
245.1508331298828,246.49000549316406,250.8000030517578,246.25999450683594,247.9600067138672,45205800,2024-12-11,2,11,12,1.8418631359265332,-0.5928380306907433,1.4533605675268109,1.3967801441607126,245.37799987792968,242.43999786376952,235.71799850463867
246.6128387451172,247.9600067138672,248.74000549316406,245.67999267578125,246.88999938964844,32777500,2024-12-12,3,12,12,1.2340751470110687,0.4333943565409612,1.501855281763198,1.4401636116382268,246.36200256347655,243.7429992675781,236.85999908447266
246.78189086914062,248.1300048828125,249.2899932861328,246.24000549316406,247.82000732421875,33155300,2024-12-13,4,13,12,1.2291894301171704,0.12508980285364346,1.537678088704708,1.401282684921541,247.42000427246094,244.8229995727539,237.85549926757812
249.6761016845703,251.0399932861328,251.3800048828125,247.64999389648438,247.99000549316406,51694800,2024-12-16,0,16,12,1.4858234090520774,1.229883352316319,1.3898575228422512,1.3983566290026963,248.2780029296875,245.96799926757814,239.15749893188476
252.1028289794922,253.47999572753906,253.8300018310547,249.77999877929688,250.0800018310547,51356400,2024-12-17,1,17,12,1.5977604229215334,1.3595624886396522,1.4777423090056767,1.3990557824654908,249.4200012207031,247.0509994506836,240.43049850463868
246.7023468017578,248.0500030517578,254.27999877929688,247.74000549316406,252.16000366210938,56774100,2024-12-18,2,18,12,2.6365624695308654,-1.6299177310684456,1.636682175726543,1.545021371626677,249.73200073242188,247.55500030517578,241.41899871826172
248.432861328125,249.7899932861328,252.0,247.08999633789062,247.5,60882300,2024-12-19,3,19,12,1.9656526658716058,0.9252498125789141,1.7829976794986504,1.6424264806309243,250.097998046875,248.2300003051758,242.45849838256837
253.10736083984375,254.49000549316406,255.0,245.69000244140625,248.0399932861328,147495300,2024-12-20,4,20,12,3.6582959478319586,2.6003920261321225,2.268818983041608,1.9032485358731581,251.3699981689453,249.39500122070314,243.75699844360352
253.8831024169922,255.27000427246094,255.64999389648438,253.4499969482422,254.77000427246094,40858800,2024-12-23,0,23,12,0.8618313595098441,0.19625544279744978,2.1440205731331616,1.7669390479877065,252.21600036621095,250.24700164794922,245.0269989013672
256.79718017578125,258.20001220703125,258.2099914550781,255.2899932861328,255.49000549316406,23234700,2024-12-24,1,24,12,1.130905511578359,1.060709482015216,2.0506495908645266,1.7641959499351016,253.16000366210938,251.29000244140624,246.2934997558594
257.6127014160156,259.0199890136719,260.1000061035156,257.6300048828125,258.19000244140625,27237100,2024-12-26,3,26,12,0.9535948287654165,0.3214634820935727,1.7140560627114367,1.6753691192189897,255.3540008544922,252.54300079345703,247.4914993286133
254.2013702392578,255.58999633789062,258.70001220703125,253.05999755859375,257.8299865722656,42355300,2024-12-27,4,27,12,2.206664865310842,-0.8687857700939555,1.762258502599284,1.7726280910489671,256.5140014648438,253.30599975585938,248.52449951171874
250.8297882080078,252.1999969482422,253.5,250.75,252.22999572753906,35557500,2024-12-30,0,30,12,1.0904044541143945,-0.011893422592481797,1.2486802038557712,1.7587495934486896,256.0559997558594,253.71299896240234,249.26799926757812
249.05946350097656,250.4199981689453,253.27999877929688,249.42999267578125,252.44000244140625,39480700,2024-12-31,1,31,12,1.5374195877592118,-0.8001918289197449,1.3837978495056447,1.7639092113194033,255.08599853515625,253.6509994506836,249.80949935913085
242.52517700195312,243.85000610351562,249.10000610351562,241.82000732421875,248.92999267578125,55740700,2025-01-02,3,2,1,2.985441294681156,-2.0407290088511156,1.7547050061262042,1.9026772984953655,252.21599731445312,252.68800048828126,249.86949996948243
242.03782653808594,243.36000061035156,244.17999267578125,241.88999938964844,243.36000061035156,40244100,2025-01-03,4,3,1,0.9409900067346587,0.0,1.7521840417200525,1.7331200522157448,249.08399963378906,252.21900024414063,249.8870002746582
243.66893005371094,245.0,247.3300018310547,243.1999969482422,244.30999755859375,45045600,2025-01-06,0,6,1,1.6857162786989794,0.28242906483626984,1.6479943243976802,1.705126413498482,246.96600036621095,251.74000091552733,249.98500061035156
240.89407348632812,242.2100067138672,245.5500030517578,241.35000610351562,242.97999572753906,40856000,2025-01-07,1,7,1,1.7340311431491844,-0.31689399424275544,1.7767196622046382,1.5126999330302047,244.96800231933594,250.51200103759766,249.9535011291504
241.38140869140625,242.6999969482422,243.7100067138672,240.0500030517578,241.9199981689453,37628900,2025-01-08,2,8,1,1.5080361384964918,0.32242013277139714,1.770842972352094,1.5773204109288694,243.42400207519532,249.25500030517577,249.7510009765625
235.5631866455078,236.85000610351562,240.16000366210938,233.0,240.00999450683594,61710900,2025-01-10,4,10,1,3.0230118123704357,-1.3166070062262802,1.77835707588995,1.766531041008077,242.0240020751953,247.11999969482423,249.20500106811522
233.12649536132812,234.39999389648438,234.6699981689453,229.72000122070312,233.52999877929688,49630700,2025-01-13,0,13,1,2.1117734970710806,0.3725410532844261,2.0125137739572345,1.8823489078386433,240.23200073242188,244.65800018310546,248.60050048828126
232.01258850097656,233.27999877929688,236.1199951171875,232.47000122070312,234.75,39435300,2025-01-14,1,14,1,1.564640738847734,-0.6261986030684239,1.9882986659869855,1.8181464951923327,237.88800048828125,242.4270004272461,247.86650009155272
236.57765197753906,237.8699951171875,238.9600067138672,234.42999267578125,234.63999938964844,39832000,2025-01-15,2,15,1,1.9044075045506308,1.376575066459687,2.0223739382672745,1.8995468002359561,237.0199981689453,240.99400024414064,247.35349960327147
227.01986694335938,228.25999450683594,238.00999450683594,228.02999877929688,237.35000610351562,71759100,2025-01-16,3,16,1,4.372205365684516,-3.8297920214568077,2.5952077837048795,2.1830253780284865,234.13199768066406,238.7779998779297,246.21449966430663
228.7305145263672,229.97999572753906,232.2899932861328,228.47999572753906,232.1199951171875,68488300,2025-01-17,4,17,1,1.6566647662292828,-0.9219366856216084,2.321938374476649,2.0501477251832996,232.75799560546875,237.39099884033203,245.03949966430665
221.43040466308594,222.63999938964844,224.4199981689453,219.3800048828125,224.0,98070400,2025-01-21,1,21,1,2.2637411516122854,-0.6071431296212333,2.3523319053848897,2.1824228396710623,230.40599670410157,235.31899871826172,243.76899948120118
222.6139373779297,223.8300018310547,224.1199951171875,219.7899932861328,219.7899932861328,64126500,2025-01-22,2,22,1,1.934504666770696,1.838122147655014,2.426304690969482,2.2073016784782338,228.51599731445313,233.20199890136718,242.47099990844725
222.44485473632812,223.66000366210938,227.02999877929688,222.3000030517578,224.74000549316406,60234800,2025-01-23,3,23,1,2.114815188273369,-0.4805561113539877,2.46838622771403,2.2453800829906525,225.6739990234375,231.3469985961914,240.92949981689452
221.5696258544922,222.77999877929688,225.6300048828125,221.41000366210938,224.77999877929688,54697900,2025-01-24,4,24,1,1.8942460022561476,-0.8897588801767571,1.9727943550283562,2.2840010693666177,224.5779998779297,229.35499877929686,239.30499954223632
228.6111602783203,229.86000061035156,232.14999389648438,223.97999572753906,224.02000427246094,94863400,2025-01-27,0,27,1,3.554336616745568,2.606908412870048,2.352328725131613,2.3371335498041312,224.5540008544922,228.65599822998047,237.88799896240235
236.96551513671875,238.25999450683594,240.19000244140625,230.80999755859375,230.85000610351562,75707600,2025-01-28,1,28,1,3.9368778221571636,3.2098714348734276,2.686956059240589,2.519643982312739,227.6779998779297,229.04199829101563,236.84999923706056
238.05955505371094,239.36000061035156,239.86000061035156,234.00999450683594,234.1199951171875,45486100,2025-01-29,2,29,1,2.444019923378389,2.23817085360061,2.7888591105621274,2.6075819007658048,230.78399963378905,229.6499984741211,236.0384994506836
236.29916381835938,237.58999633789062,240.7899932861328,237.2100067138672,238.6699981689453,55658300,2025-01-30,3,30,1,1.5067917957178285,-0.45250841720382284,2.6672544320510196,2.5678203298825246,233.56999816894532,229.62199859619142,235.30799942016603
234.71778869628906,236.0,247.19000244140625,233.44000244140625,247.19000244140625,100959800,2025-01-31,4,31,1,5.826271186440677,-4.526883098380454,3.453659468887925,2.7132269119581407,236.21399841308593,230.3959991455078,234.58699951171874
226.77120971679688,228.00999450683594,231.8300018310547,225.6999969482422,229.99000549316406,73063300,2025-02-03,0,3,2,2.688480781761835,-0.8609117522661115,3.280488301891179,2.8164085135113957,235.8439971923828,230.1989990234375,233.79499893188478
231.53517150878906,232.8000030517578,233.1300048828125,226.64999389648438,227.25,45067300,2025-02-04,1,4,2,2.783509837363465,2.4422455673301706,3.0498147049324387,2.868385382086514,234.7519989013672,231.21499938964843,233.2669990539551
231.2069854736328,232.47000122070312,232.6699981689453,228.27000427246094,228.52999877929688,39620300,2025-02-05,2,5,2,1.892714704426355,1.7240635638436739,2.9395536611420323,2.8642063858520794,233.3739990234375,232.0789993286133,232.64049911499023
231.9529266357422,233.22000122070312,233.8000030517578,230.42999267578125,231.2899932861328,29925300,2025-02-06,3,6,2,1.4449920068336763,0.8344537120473979,2.9271937033652016,2.79722406770811,232.5,233.03499908447264,232.19099884033204
226.39328002929688,227.6300048828125,234.0,227.25999450683594,232.60000610351562,39707200,2025-02-07,4,7,2,2.9609477435252542,-2.136715859969191,2.3541290147821172,2.903894241835021,230.8260009765625,233.5199996948242,231.43749923706054
226.66209411621094,227.64999389648438,230.58999633789062,227.1999969482422,229.57000732421875,33115600,2025-02-10,0,10,2,1.4891278192565722,-0.8363520348817887,2.1142584222810643,2.6973733620861213,230.75400085449218,233.2989990234375,230.97749862670898
231.61053466796875,232.6199951171875,235.22999572753906,228.1300048828125,228.1999969482422,53718400,2025-02-11,1,11,2,3.052184246306851,1.936896681881993,2.167993304069742,2.6089040045010905,230.71799926757814,232.73499908447266,230.88849868774415
235.84210205078125,236.8699951171875,236.9600067138672,230.67999267578125,231.1999969482422,45243300,2025-02-12,2,12,2,2.651249279157964,2.452421385721139,2.319700219016063,2.629626940079048,231.597998046875,232.48599853515626,231.06799850463867
240.48187255859375,241.52999877929688,242.33999633789062,235.57000732421875,236.91000366210938,53614100,2025-02-13,3,13,2,2.802959900586964,1.950105544625597,2.591293797766721,2.7592437505659615,233.25999755859374,232.87999877929687,231.25099868774413
243.53857421875,244.60000610351562,245.5500030517578,240.99000549316406,241.25,40896200,2025-02-14,4,14,2,1.8642671483270292,1.3886035662240932,2.371957678727076,2.3630433467545964,236.65399780273438,233.73999938964843,232.06799926757813
243.40911865234375,244.47000122070312,245.17999267578125,241.83999633789062,244.14999389648438,48822500,2025-02-18,1,18,2,1.3662192993877136,0.13106997018989397,2.3473759747533043,2.2308171985171845,240.01799926757812,235.38600006103516,232.79249954223633
243.807373046875,244.8699951171875,246.00999450683594,243.16000366210938,244.66000366210938,32204200,2025-02-19,2,19,2,1.1638791610064931,0.08582990760031878,1.9697149576932325,2.068854130881487,242.46799926757814,236.59299926757814,233.90399932861328
244.76319885253906,245.8300018310547,246.77999877929688,244.2899932861328,244.94000244140625,32316900,2025-02-20,3,20,2,1.0128973170961066,0.3633540380409444,1.6420445652808613,1.9808723921484623,244.26000061035157,237.9289993286133,235.00399932861328
244.4844207763672,245.5500030517578,248.69000244140625,245.22000122070312,245.9499969482422,53197400,2025-02-21,4,21,2,1.4131546233260306,-0.16263220225554623,1.3640835098286745,1.9776886537976979,245.06400146484376,239.16199951171876,236.0984992980957
246.0277099609375,247.10000610351562,248.86000061035156,244.4199981689453,244.92999267578125,51326400,2025-02-24,0,24,2,1.796844326886109,0.8859729280304455,1.3505989455404905,1.8612783121337835,245.56400146484376,241.10899963378907,237.31449966430665
245.9679718017578,247.0399932861328,250.0,244.91000366210938,248.0,48013300,2025-02-25,1,25,2,2.060393651320725,-0.3870994813980595,1.4894338159270928,1.9184048953401986,246.0779998779297,243.0479995727539,238.1734992980957
239.31695556640625,240.36000061035156,244.97999572753906,239.1300048828125,244.3300018310547,44433600,2025-02-26,2,26,2,2.4338454109966503,-1.6248521225192134,1.7434270659251243,1.8565710118091787,245.1760009765625,243.8220001220703,238.27849960327148
236.27024841308594,237.3000030517578,242.4600067138672,237.05999755859375,239.41000366210938,41153600,2025-02-27,3,27,2,2.275604334524865,-0.8813335190995218,1.995968469410876,1.8190065173458687,243.47000122070312,243.86500091552733,238.1754997253418
240.79052734375,241.83999633789062,242.08999633789062,230.1999969482422,236.9499969482422,56833400,2025-02-28,4,28,2,4.916473523691314,2.063726293576014,2.6966322494839323,2.0303578796563038,242.72799987792968,243.89600067138673,238.38799972534179
236.9970703125,238.02999877929688,244.02999877929688,236.11000061035156,241.7899932861328,47184000,2025-03-03,0,3,3,3.3273109312111506,-1.555066219132726,3.002725570348941,2.1766622579447157,240.91399841308595,243.23899993896484,238.48949966430663
234.9061737060547,235.92999267578125,240.07000732421875,234.67999267578125,237.7100067138672,53798100,2025-03-04,1,4,3,2.2845822132688927,-0.7488174615335188,3.0475632827385746,2.2684985493328336,238.69199829101564,242.38499908447267,238.8854995727539
234.7169952392578,235.74000549316406,236.5500030517578,229.22999572753906,235.4199981689453,47227600,2025-03-05,2,5,3,3.1051188400990406,0.1359303910915427,3.1818179685590526,2.4626225172420884,237.76799926757812,241.4720001220703,239.03249969482422
234.3087921142578,235.3300018310547,237.86000061035156,233.16000366210938,234.44000244140625,45170400,2025-03-06,3,6,3,1.997194115358208,0.37962778552302556,3.126135924725721,2.5610521970682987,237.3739990234375,240.4220001220703,239.1754997253418
238.03257751464844,239.07000732421875,241.3699951171875,234.75999450683594,235.11000061035156,46273600,2025-03-07,4,7,3,2.764880749506692,1.6843208300739692,2.695817369888797,2.6962248096863646,236.82000122070312,239.7740005493164,239.46800003051757
226.4928436279297,227.47999572753906,236.16000366210938,224.22000122070312,235.5399932861328,72071200,2025-03-10,0,10,3,5.2488142542903935,-3.421923150351162,3.0801180345046455,3.041421802426793,234.71000061035156,237.81199951171874,239.46049957275392
219.8816680908203,220.83999633789062,225.83999633789062,217.4499969482422,223.80999755859375,76137400,2025-03-11,1,11,3,3.7991303789063338,-1.3270190130472501,3.383027667632134,3.2152954751853544,231.69200134277344,235.19199981689454,239.11999969482423
216.03842163085938,216.97999572753906,221.75,214.91000366210938,220.13999938964844,62547500,2025-03-12,2,12,3,3.152362647513175,-1.4354518355912953,3.3924764291149607,3.287147198837007,227.93999938964845,232.85399932861327,238.3379997253418
208.77008056640625,209.67999267578125,216.83999633789062,208.4199981689453,215.9499969482422,61368300,2025-03-13,3,13,3,4.015642151402007,-2.903451892135799,3.79616603632372,3.461150980524721,222.80999755859375,230.0919982910156,236.97849960327147
212.5635528564453,213.49000549316406,213.9499969482422,209.5800018310547,211.25,60107600,2025-03-14,4,14,3,2.046931942829252,1.060357629900148,3.652576274988232,3.1741968224385144,217.69399719238282,227.25699920654296,235.57649993896484
213.07135009765625,214.0,215.22000122070312,209.97000122070312,213.30999755859375,48073400,2025-03-17,0,17,3,2.453271028037383,0.32347402808286774,3.0934676297376305,3.086792832121138,214.997998046875,224.85399932861327,234.04649963378907
211.76702880859375,212.69000244140625,215.14999389648438,211.49000549316406,214.16000366210938,42432400,2025-03-18,1,18,3,1.7208088585774495,-0.6864032478363314,2.677803325671853,3.0304154966519934,213.3679992675781,222.53000030517578,232.4574996948242
214.30596923828125,215.24000549316406,218.75999450683594,213.75,214.22000122070312,54385400,2025-03-19,2,19,3,2.3276316572083773,0.47614800982568567,2.5128571276108937,2.9526667783629272,213.02000122070314,220.4800003051758,230.97600021362305
213.17091369628906,214.10000610351562,217.49000549316406,212.22000122070312,213.99000549316406,48862900,2025-03-20,3,20,3,2.4614685297640455,0.0514045551324015,2.2020224032833013,2.999094219803511,213.90400390625,218.35700073242188,229.3895004272461
217.32281494140625,218.27000427246094,218.83999633789062,211.27999877929688,211.55999755859375,94127800,2025-03-21,4,21,3,3.4635989419585096,3.171680275714118,2.485355803109153,3.068966039048693,214.86000366210936,216.2770004272461,228.02550048828124
219.77215576171875,220.72999572753906,221.47999572753906,218.5800018310547,221.0,44299500,2025-03-24,0,24,3,1.3138195771380434,-0.12217387894160067,2.257465512929285,2.675466571333458,216.20600280761718,215.60200042724608,226.7069999694824
222.77903747558594,223.75,224.10000610351562,220.0800018310547,220.77000427246094,34493600,2025-03-25,1,25,3,1.796649954172486,1.3498191193860434,2.2726337320482926,2.475218528860073,218.41800231933593,215.89300079345702,225.5425003051758
220.5686798095703,221.52999877929688,225.02000427246094,220.47000122070312,223.50999450683594,34466100,2025-03-26,2,26,3,2.0538992808332166,-0.885864514429356,2.21788725677326,2.365372192192077,219.6760009765625,216.3480010986328,224.60100021362305
222.8786163330078,223.85000610351562,224.99000549316406,220.55999755859375,221.38999938964844,37094800,2025-03-27,3,27,3,1.979007287818313,1.111164334725686,2.1213950083841135,2.161708705833708,221.6260009765625,217.76500244140624,223.92850036621093
216.9544219970703,217.89999389648438,223.80999755859375,217.67999267578125,221.6699981689453,39818600,2025-03-28,4,28,3,2.8132193917015993,-1.7007282463130788,1.9913190983327316,2.2383374507209424,221.5519989013672,218.20600128173828,222.73150024414062
221.1660614013672,222.1300048828125,225.6199951171875,216.22999572753906,217.00999450683594,65299300,2025-03-31,0,31,3,4.227253942844079,2.3593431203995903,2.5740059714739387,2.415735742201612,221.83200073242188,219.01900177001954,221.9365005493164
222.22146606445312,223.19000244140625,223.67999267578125,218.89999389648438,219.80999755859375,36412700,2025-04-01,1,1,4,2.141672443662328,1.5376938812400958,2.643010469371907,2.4578221007100995,221.72000122070312,220.06900177001953,221.29950103759765
222.91842651367188,223.88999938964844,225.19000244140625,221.02000427246094,221.32000732421875,35905900,2025-04-02,2,2,4,1.8625209613262041,1.1612109074552956,2.6047348054705046,2.4113110311218824,222.19200134277344,220.93400115966796,220.70700073242188
202.30825805664062,203.19000244140625,207.49000549316406,201.25,205.5399932861328,103419000,2025-04-03,3,3,4,3.0710199410344945,-1.1433253485880646,2.8231373361137413,2.472266172248927,218.06000061035155,219.84300079345704,219.10000076293946
187.56253051757812,188.3800048828125,199.8800048828125,187.33999633789062,193.88999938964844,125910900,2025-04-04,4,4,4,6.656761981040805,-2.841814701212542,3.5918458539815825,2.7915824761571573,212.1560028076172,216.8540008544922,216.56550064086915
180.6725616455078,181.4600067138672,194.14999389648438,174.6199951171875,177.1999969482422,160466300,2025-04-07,0,7,4,10.762701453049374,2.404068757895799,4.898935356022641,3.73647066374829,204.02200317382812,212.927001953125,214.26450119018554
171.6717987060547,172.4199981689453,190.33999633789062,169.2100067138672,186.6999969482422,120859500,2025-04-08,1,8,4,12.254952933777014,-7.648633643660766,6.921591454045578,4.782300961708742,193.86800231933594,207.79400177001952,211.84350128173827
197.98709106445312,198.85000610351562,200.61000061035156,171.88999938964844,171.9499969482422,184395900,2025-04-09,2,9,4,14.443047693824216,15.644088184177448,9.437696800545181,6.021215803007843,188.86000366210936,205.5260025024414,210.9370018005371
189.59365844726562,190.4199981689453,194.77999877929688,183.0,189.07000732421875,121880000,2025-04-10,3,10,4,6.186324384293592,0.7140163920402179,10.060757689197,6.4419475126553705,186.30600280761718,202.18300170898436,209.9740020751953
197.29013061523438,198.14999389648438,199.5399932861328,186.05999755859375,186.10000610351562,87435900,2025-04-11,4,11,4,6.802925128819915,6.475006661883775,10.089990318752822,6.840918086367202,188.26000061035157,200.20800170898437,209.20700149536134
201.6411590576172,202.52000427246094,212.94000244140625,201.16000366210938,211.44000244140625,101352900,2025-04-14,0,14,4,5.816708735325038,-4.218689966870012,9.100791775207956,6.999863565615298,192.4720001220703,198.24700164794922,208.63300170898438
201.2628173828125,202.13999938964844,203.50999450683594,199.8000030517578,201.86000061035156,51343900,2025-04-15,1,15,4,1.8353574088652704,0.13870939188064008,7.016872670225607,6.969232062135593,198.41600036621094,196.14200134277343,208.1055015563965
193.4269561767578,194.27000427246094,200.6999969482422,192.3699951171875,198.36000061035156,59732400,2025-04-16,2,16,4,4.2878476593699855,-2.0619057901319575,4.98583266333476,7.2117647319399705,197.5,193.18000183105468,207.05700149536133
196.1251983642578,196.97999572753906,198.8300018310547,194.4199981689453,197.1999969482422,52164700,2025-04-17,3,17,4,2.2388078778361087,-0.11156248687005169,4.196329362043263,7.128543525620133,198.81199951171874,192.55900115966796,206.2010009765625
192.32177734375,193.16000366210938,193.8000030517578,189.80999755859375,193.27000427246094,46742500,2025-04-21,0,21,4,2.06564786576816,-0.05691551090177965,3.2488739094329127,6.669432114092868,197.81400146484376,193.03700103759766,204.94550094604492
198.87322998046875,199.74000549316406,201.58999633789062,195.97000122070312,196.1199951171875,52976400,2025-04-22,1,22,4,2.8136552331174536,1.8458140251398125,2.648263208991396,5.874527492099675,197.25800170898438,194.86500091552733,203.89600143432617
203.71214294433594,204.60000610351562,208.0,202.8000030517578,206.0,52929200,2025-04-23,2,23,4,2.5415429096376925,-0.6796086876137742,2.7895003091458803,4.903186489685743,197.7500030517578,198.08300170898437,202.93850173950196
207.46575927734375,208.3699951171875,208.8300018310547,202.94000244140625,204.88999938964844,47311000,2025-04-24,3,24,4,2.8267022736819163,1.6984702708310324,2.497271232008266,3.741551947671513,200.57000122070312,199.03500061035157,202.28050155639647
208.371826171875,209.27999877929688,209.75,206.1999969482422,206.3699951171875,38222300,2025-04-25,4,25,4,1.696293517041533,1.4100904835787418,2.388768359849351,3.292548860946307,203.03000183105468,200.9210006713867,201.55200119018554
209.2281036376953,210.13999938964844,211.5,207.4600067138672,210.0,38743100,2025-04-28,0,28,4,1.922524649218127,0.06666637602306548,2.3601437165393446,2.804508812986129,206.4260009765625,202.12000122070313,201.16400146484375
210.29347229003906,211.2100067138672,212.24000549316406,208.3699951171875,208.69000244140625,36827600,2025-04-29,1,29,4,1.832304461416635,1.2075347371604337,2.1638735621991807,2.406068385595288,208.72000122070312,202.98900146484374,200.61800155639648
211.57785034179688,212.5,213.5800018310547,206.6699981689453,209.3000030517578,52286500,2025-04-30,2,30,4,3.251766429227941,1.5289043963610742,2.3059182661172306,2.5477092876315552,210.3,204.0250015258789,200.08350143432617
212.39431762695312,213.32000732421875,214.55999755859375,208.89999389648438,209.0800018310547,57365700,2025-05-01,3,1,5,2.653292456298721,2.0279345016412247,2.2712363026405913,2.3842537673244286,211.29000244140624,205.93000183105468,199.55500183105468
204.45889282226562,205.35000610351562,206.99000549316406,202.16000366210938,206.08999633789062,101010600,2025-05-02,4,2,5,2.3520826333065283,-0.35906169514495223,2.4023941258935904,2.395581242871471,210.50400390625,206.76700286865236,199.66300201416016
198.02691650390625,198.88999938964844,204.10000610351562,198.2100067138672,203.10000610351562,69018500,2025-05-05,0,5,5,2.961435671840518,-2.0728737505411194,2.6101763304180685,2.4851600234787066,208.25400390625,207.34000244140626,200.18850173950196
197.6485595703125,198.50999450683594,200.64999389648438,197.02000427246094,198.2100067138672,51216500,2025-05-06,1,6,5,1.8286180668341285,0.15134846012179778,2.6094390515015675,2.386656306850374,205.71400146484376,207.21700134277344,201.0410011291504
195.39837646484375,196.25,199.44000244140625,193.25,199.1699981689453,68536700,2025-05-07,2,7,5,3.1541413714171975,-1.4660833437717027,2.5899140399394183,2.4479161530283244,202.46400146484376,206.3820007324219,202.2325012207031
196.63299560546875,197.49000549316406,200.0500030517578,194.67999267578125,197.72000122070312,50478900,2025-05-08,3,8,5,2.7191301972810167,-0.11632395615976752,2.6030815881358778,2.4371589453882345,199.29800109863282,205.29400177001952,202.16450119018555
197.66848754882812,198.52999877929688,200.5399932861328,197.5399932861328,199.0,36453900,2025-05-09,4,9,5,1.5111066430494766,-0.23618151794126885,2.4348863900844675,2.418640257989029,197.93399963378906,204.21900177001953,202.57000122070312
210.15048217773438,210.7899932861328,211.27000427246094,206.75,210.97000122070312,63775800,2025-05-12,0,12,5,2.1443163415852213,-0.08532394820531848,2.271462524033408,2.440819427225738,200.31399841308593,204.28400115966798,203.20200119018554
212.28399658203125,212.92999267578125,213.39999389648438,209.0,210.42999267578125,51909300,2025-05-13,1,13,5,2.0664040049933425,1.1880435712659363,2.319019711665251,2.464229381583409,203.197998046875,204.45599975585938,203.72250061035157
211.68582153320312,212.3300018310547,213.94000244140625,210.5800018310547,212.42999267578125,49325800,2025-05-14,2,14,5,1.5824426983356903,-0.04707002220687939,2.0046799770489496,2.297297008494184,206.41399841308595,204.43899993896486,204.23200073242188
210.80850219726562,211.4499969482422,212.9600067138672,209.5399932861328,210.9499969482422,45029500,2025-05-15,3,15,5,1.6174100151779673,0.23702299465909824,1.7843359406283397,2.193708764382109,209.20599670410155,204.2519989013672,205.09100036621095
210.61907958984375,211.25999450683594,212.57000732421875,209.77000427246094,212.36000061035156,54737900,2025-05-16,4,16,5,1.3253825260642096,-0.517991194365256,1.7471911172312862,2.0910387536578767,211.7519958496094,204.8429977416992,205.80500030517578
208.14659118652344,208.77999877929688,209.47999572753906,204.25999450683594,207.91000366210938,46140500,2025-05-19,0,19,5,2.5002400858432963,0.41844793509859024,1.8183758660829015,2.0449191950581547,211.3499969482422,205.83199768066407,206.58600006103515
206.232421875,206.86000061035156,208.47000122070312,205.02999877929688,207.6699981689453,42496600,2025-05-20,1,20,5,1.662961631662157,-0.39004072120942307,1.7376873914166642,2.0283535515409574,210.13599853515626,206.66699829101563,206.94199981689454
201.47689819335938,202.08999633789062,207.0399932861328,200.7100067138672,205.1699981689453,59211800,2025-05-21,2,21,5,3.1322612138019976,-1.501195037550514,2.0476510945099258,2.0261655357794375,208.08799743652344,207.2509979248047,206.81649932861328
200.74911499023438,201.36000061035156,202.75,199.6999969482422,200.7100067138672,46742400,2025-05-22,3,22,5,1.5147015507115653,0.32384727952852316,2.027109401616645,1.9057226711224924,206.06999816894532,207.63799743652345,206.46599960327148
194.6775665283203,195.27000427246094,197.6999969482422,193.4600067138672,193.6699981689453,78432900,2025-05-23,4,23,5,2.1713474377042195,0.826150729923528,2.196302383944647,1.9717467505879664,202.87200012207032,207.31199798583984,205.7654998779297
199.60260009765625,200.2100067138672,200.74000549316406,197.42999267578125,198.3000030517578,56288500,2025-05-27,1,27,5,1.6532704192520016,0.9631889221962592,2.0269084506263884,1.9226421583546447,201.1580017089844,206.25399932861328,205.2690002441406
199.8119659423828,200.4199981689453,202.72999572753906,199.89999389648438,200.58999633789062,45339700,2025-05-28,2,28,5,1.4120356535823932,-0.08474907624952209,1.9767232550104352,1.85720532321355,199.87000122070313,205.00299987792968,204.72949981689453
199.34336853027344,199.9499969482422,203.80999755859375,198.50999450683594,203.5800018310547,51396800,2025-05-29,3,29,5,2.6506642323829284,-1.783085200001589,1.8804038587266216,1.964027476618274,199.44200134277344,203.76499938964844,204.10199966430665
200.24066162109375,200.85000610351562,201.9600067138672,196.77999877929688,199.3699951171875,70819900,2025-05-30,4,30,5,2.5790429560159436,0.7423438945555426,2.093272139787497,2.060190770702071,199.34000244140626,202.7050003051758,203.47849960327147
201.08807373046875,201.6999969482422,202.1300048828125,200.1199951171875,200.27999877929688,35423300,2025-06-02,0,2,6,0.9965343559924715,0.7090064797284685,1.8583095234451477,2.0273059536948974,200.6260009765625,201.7490005493164,203.2959991455078
202.6533203125,203.27000427246094,203.77000427246094,200.9600067138672,201.35000610351562,46381600,2025-06-03,1,3,6,1.3823965659130204,0.9535625084402661,1.8041347527773515,1.91552160170187,201.23800048828124,201.1980010986328,203.51499938964844
202.20468139648438,202.82000732421875,206.24000549316406,202.10000610351562,202.91000366210938,43604000,2025-06-04,2,4,6,2.0412184400676137,-0.044352834392773,1.9299713100743958,1.9533472825424156,201.71800231933594,200.79400177001952,203.7305000305176
200.0213165283203,200.6300048828125,204.75,200.14999389648438,203.5,55126100,2025-06-05,3,5,6,2.2927807364618653,-1.4103170109029484,1.8583946108901828,1.8693992348084023,201.85400390625,200.64800262451172,203.9495002746582
203.30133056640625,203.9199981689453,205.6999969482422,202.0500030517578,203.0,46607700,2025-06-06,4,6,6,1.7899146377298405,0.45320106844596675,1.7005689472329624,1.8969205435102297,202.46800231933594,200.90400238037108,204.27099990844727
200.8388214111328,201.4499969482422,206.0,200.02000427246094,204.38999938964844,72862600,2025-06-09,0,9,6,2.9684764547678206,-1.4384277362814797,2.0949573669880324,1.97663344521659,202.41800231933593,201.52200164794922,204.41699981689453
202.0551300048828,202.6699981689453,204.35000610351562,200.57000732421875,200.60000610351562,54672600,2025-06-10,1,10,6,1.8651003174855094,1.0319003003227774,2.1914981173025296,1.9978164350399408,202.29800109863282,201.76800079345702,204.01100006103516
198.1769256591797,198.77999877929688,204.5,198.41000366210938,203.5,60989900,2025-06-11,2,11,6,3.063686676370432,-2.3194109192644348,2.3959917645630933,2.1629815373187444,201.48999938964843,201.6040008544922,203.30350036621093
198.5956573486328,199.1999969482422,199.67999267578125,197.36000061035156,199.0800018310547,43904600,2025-06-12,3,12,6,1.1646546691627144,0.0602748222241486,2.170366551103263,2.014380580996723,201.20399780273436,201.52900085449218,202.64700012207032
195.85400390625,196.4499969482422,200.3699951171875,195.6999969482422,199.72999572753906,51447300,2025-06-13,4,13,6,2.3771943199244214,-1.6422164168927702,2.2878224875421793,1.9941957173875706,199.70999755859376,201.08899993896483,201.89700012207032
197.81802368164062,198.4199981689453,198.69000244140625,196.55999755859375,197.3000030517578,43020700,2025-06-16,0,16,6,1.0734829666709809,0.5676609730683537,1.9088237899228115,2.001890578455422,199.10399780273437,200.76100006103516,201.25500030517577
195.0464630126953,195.63999938964844,198.38999938964844,195.2100067138672,197.1999969482422,38856200,2025-06-17,1,17,6,1.6254307328266673,-0.7910738249165352,1.8608898729910432,2.0261939951467864,197.697998046875,199.9979995727539,200.59800033569337
195.9835968017578,196.5800018310547,197.57000732421875,195.07000732421875,195.94000244140625,45394700,2025-06-18,2,18,6,1.2717468596569435,0.3266302856354319,1.5025019096483454,1.9492468371057192,197.25799865722655,199.3739990234375,200.08400039672853
200.3902130126953,201.0,201.6999969482422,196.86000061035156,198.24000549316406,96813500,2025-06-20,4,20,6,2.4079583770600124,1.3922490064353386,1.751162651227805,1.960764601165534,197.6179992675781,199.41099853515624,200.02950057983398
200.888671875,201.5,202.3000030517578,198.9600067138672,201.6300048828125,55814300,2025-06-23,0,23,6,1.657566420789392,-0.06447695266786256,1.607237071400799,1.9475297794714894,198.62799987792968,199.16899871826172,200.0365005493164
199.6923065185547,200.3000030517578,203.44000244140625,200.1999969482422,202.58999633789062,54064000,2025-06-24,1,24,6,1.6175763573637294,-1.1303585209180007,1.7160557495393491,1.8124397697310806,199.00400085449218,199.0539993286133,200.28800048828126
200.948486328125,201.55999755859375,203.6699981689453,200.6199951171875,201.4499969482422,39525700,2025-06-25,2,25,6,1.5131985953071727,0.05460442393544664,1.69360932203545,1.7772495975132465,200.18800048828126,198.94299926757813,200.3555000305176
200.3902130126953,201.0,202.63999938964844,199.4600067138672,201.42999267578125,50799100,2025-06-26,3,26,6,1.5820859083488805,-0.21347003495818018,1.7556771317738373,1.6290895207110914,201.0720001220703,199.16499938964844,200.3845001220703
200.469970703125,201.0800018310547,203.22000122070312,200.0,201.88999938964844,73188600,2025-06-27,4,27,6,1.6013532879358816,-0.4012073708665736,1.5943561139490112,1.6727593825884082,201.08800048828124,199.35299987792968,200.44100036621094
204.5475311279297,205.1699981689453,207.38999938964844,199.25999450683594,202.00999450683594,91912800,2025-06-30,0,30,6,3.9625700420964685,1.5642808514617537,2.0553568382104266,1.8312969548056128,201.8220001220703,200.225,200.65699996948243
207.18951416015625,207.82000732421875,210.19000244140625,206.13999938964844,206.6699981689453,78788900,2025-07-01,1,1,7,1.9488032475330572,0.5564470728515448,2.121602216244292,1.9188289828918204,203.3260009765625,201.16500091552734,200.96300048828124
211.7954864501953,212.44000244140625,213.33999633789062,208.13999938964844,208.91000366210938,67941800,2025-07-02,2,2,7,2.4477484882709013,1.6897222332188018,2.308512194837038,2.001060758436244,205.502001953125,202.84500122070312,201.4215003967285
212.90211486816406,213.5500030517578,214.64999389648438,211.80999755859375,212.14999389648438,34955800,2025-07-03,3,3,7,1.3298975871249692,0.659914775183332,2.2580745305922556,2.0068758311830464,208.01200256347656,204.54200134277343,201.95800018310547
209.31304931640625,209.9499969482422,216.22999572753906,208.8000030517578,212.67999267578125,50229000,2025-07-07,0,7,7,3.5389344052302727,-1.2836166172437236,2.6455907540511334,2.119973434000072,209.78600158691407,205.43700103759767,202.42399978637695
209.3728485107422,210.00999450683594,211.42999267578125,208.4499969482422,210.10000610351562,42848900,2025-07-08,1,8,7,1.4189780512765366,-0.04284226276287639,2.136872355887147,2.0961145970487864,210.75400085449218,206.28800048828126,202.72849960327147
210.4994354248047,211.13999938964844,211.3300018310547,207.22000122070312,209.52999877929688,48749400,2025-07-09,2,9,7,1.9465760264433645,0.7683866843560744,2.1364269116692087,2.1290145639567504,211.41799926757812,207.37200012207032,203.2129997253418
211.7655792236328,212.41000366210938,213.47999572753906,210.02999877929688,210.50999450683594,44443600,2025-07-10,3,10,7,1.624215850836414,0.9025743218152703,1.9717203841823114,2.140116289509675,211.41199951171876,208.45700073242188,203.7
210.51937866210938,211.16000366210938,212.1300048828125,209.86000061035156,210.57000732421875,39765800,2025-07-11,4,11,7,1.0750162119211346,0.28019011130212673,1.9207441091415443,2.0894093198669,210.93399963378906,209.4730010986328,204.31900024414062
207.987060546875,208.6199951171875,210.91000366210938,207.5399932861328,209.92999267578125,38840100,2025-07-14,0,14,7,1.615382252350038,-0.6240163884619041,1.5360336785654976,2.090812216308316,210.66799926757812,210.22700042724608,204.79000015258788
208.4755859375,209.11000061035156,211.88999938964844,208.9199981689453,209.22000122070312,42296300,2025-07-15,1,15,7,1.4203056821932318,-0.05257652696193442,1.5362992047488366,1.8365857803179921,210.48800048828124,210.62100067138672,205.42300033569336
209.52239990234375,210.16000366210938,212.39999389648438,208.63999938964844,210.3000030517578,47490500,2025-07-16,2,16,7,1.7891104117418906,-0.06657127323673014,1.5048060818085418,1.8206164967388756,210.29200134277343,210.8550003051758,206.01000061035157
209.38282775878906,210.02000427246094,211.8000030517578,209.58999633789062,210.57000732421875,48068100,2025-07-17,3,17,7,1.0522839105365052,-0.2611972420701691,1.39041969374856,1.6810700389654358,209.81400146484376,210.61300048828124,206.7290008544922
210.539306640625,211.17999267578125,211.7899932861328,209.6999969482422,210.8699951171875,48974600,2025-07-18,4,18,7,0.9896753529579565,0.1470088517911114,1.3733515219559245,1.6470478155487345,209.81799926757813,210.3759994506836,207.45900039672853
211.83535766601562,212.47999572753906,215.77999877929688,211.6300048828125,212.10000610351562,51377400,2025-07-21,0,21,7,1.9531221667595806,0.17915587604367308,1.440899504837833,1.4884665917016653,210.58999938964843,210.62899932861328,208.03300018310546
213.74952697753906,214.39999389648438,214.9499969482422,212.22999572753906,213.13999938964844,46404100,2025-07-22,1,22,7,1.2686573218917083,0.5911581638566579,1.4105698327775282,1.4734345187631823,211.647998046875,211.06799926757813,208.6779998779297
213.5002899169922,214.14999389648438,215.14999389648438,212.41000366210938,215.0,46989300,2025-07-23,2,23,7,1.2794724783879536,-0.3953516760537791,1.3086422461067408,1.4067241639576413,212.44599609375,211.3689987182617,209.37049942016603
213.11148071289062,213.75999450683594,215.69000244140625,213.52999877929688,213.89999389648438,46022600,2025-07-24,3,24,7,1.0104807810707064,-0.06545086191829878,1.3002816202135812,1.3453506569810707,213.193994140625,211.50399780273438,209.98049926757812
213.23110961914062,213.8800048828125,215.24000549316406,213.39999389648438,214.6999969482422,40268800,2025-07-25,4,25,7,0.860300895208906,-0.3819245817816026,1.2744067286637708,1.3238791253098479,213.73399658203124,211.7759979248047,210.62449951171874
213.40061950683594,214.0500030517578,214.85000610351562,213.05999755859375,214.02999877929688,37858000,2025-07-28,0,28,7,0.836257191965116,0.009346480668612009,1.051033733704878,1.2459666192713557,214.047998046875,212.31899871826172,211.27299957275392
210.62904357910156,211.27000427246094,214.80999755859375,210.82000732421875,214.17999267578125,51411700,2025-07-29,1,29,7,1.8885739355736337,-1.3586649093434973,1.1750170564412632,1.2927934446093956,213.4220001220703,212.53499908447264,211.5779998779297
208.41578674316406,209.0500030517578,212.38999938964844,207.72000122070312,211.89999389648438,45512500,2025-07-30,2,30,7,2.233914422756113,-1.3449697625375188,1.365905445314895,1.337273845710818,212.402001953125,212.4239990234375,211.63949966430664
206.9402618408203,207.57000732421875,209.83999633789062,207.16000366210938,208.49000549316406,80698400,2025-07-31,3,31,7,1.2911271287836752,-0.4412672764668699,1.4220347148574888,1.3611581675355349,211.16400451660155,212.1789993286133,211.39599990844727
201.76600646972656,202.3800048828125,213.5800018310547,201.5,210.8699951171875,104434500,2025-08-01,4,1,8,5.968970026485361,-4.026172727730576,2.44376854111278,1.8590876348882754,208.86400451660157,211.29900054931642,210.8375
202.7330780029297,203.35000610351562,207.8800048828125,201.67999267578125,204.50999450683594,75109300,2025-08-04,0,4,8,3.0489363269923504,-0.5672037721762976,2.886304368118227,1.9686690509115525,206.72400512695313,210.38600158691406,210.50750045776368
202.3043670654297,202.9199981689453,205.33999633789062,202.16000366210938,203.39999389648438,44155100,2025-08-05,1,5,8,1.5671164520382461,-0.23598610714971063,2.8220128714111494,1.998514963926206,205.05400390625,209.23800201416014,210.15300064086915
212.60302734375,213.25,215.3800048828125,205.58999633789062,205.6300048828125,108483100,2025-08-06,2,6,8,4.590859810045428,3.70568250559061,3.2934019488690125,2.329653697091954,205.89400329589844,209.14800262451172,210.2585006713867
219.36245727539062,220.02999877929688,220.85000610351562,216.5800018310547,218.8800048828125,90224800,2025-08-07,3,7,8,1.940646410103381,0.5253992465415364,3.4233058051329537,2.422670259995221,208.38600158691406,209.7750030517578,210.6395004272461
228.6541748046875,229.35000610351562,231.0,219.25,220.8300018310547,113854000,2025-08-08,4,8,8,5.123174051583288,3.858173346834974,3.2541466101525387,2.8489575756326593,213.78000183105468,211.32200317382814,211.54900054931642
226.747802734375,227.17999267578125,229.55999755859375,224.75999450683594,227.9199981689453,61806100,2025-08-11,0,11,8,2.112863459155099,-0.3246777374118504,3.0669320365850883,2.976618202351658,218.5459991455078,212.63500213623047,212.47700042724608
229.21310424804688,229.64999389648438,230.8000030517578,227.07000732421875,228.00999450683594,55626200,2025-08-12,1,12,8,1.624208938242068,0.7192664484710861,3.0783505338258528,2.9501817026185013,223.89199829101562,214.4730010986328,213.50400009155274
232.88612365722656,233.3300018310547,235.0,230.42999267578125,231.07000732421875,69878500,2025-08-13,2,13,8,1.9586025321886025,0.9780561886878274,2.5518990782544875,2.92265051356175,227.90799865722656,216.9010009765625,214.6625
232.337158203125,232.77999877929688,235.1199951171875,230.85000610351562,234.05999755859375,51916300,2025-08-14,3,14,8,1.834345320072079,-0.5468678085312056,2.530638860248227,2.9769723326905906,230.45799865722657,219.4220001220703,215.8004997253418
231.1494140625,231.58999633789062,234.27999877929688,229.33999633789062,234.0,56038700,2025-08-15,4,15,8,2.1330811000138232,-1.0299160949185364,1.9326202699343344,2.5933834400434366,230.90599670410157,222.34299926757814,216.82099990844728
230.4507598876953,230.88999938964844,233.1199951171875,230.11000061035156,231.6999969482422,37476200,2025-08-18,0,18,8,1.3036487135834285,-0.3495889379639006,1.7707773208200002,2.4188546787025444,231.647998046875,225.0969985961914,217.74150009155272
230.1213836669922,230.55999755859375,232.8699951171875,229.35000610351562,231.27999877929688,39402600,2025-08-19,1,19,8,1.526712808355802,-0.3113114945102534,1.7512780948427469,2.4148143143342997,231.8299987792969,227.86099853515626,218.54950027465821
225.5800323486328,226.00999450683594,230.47000122070312,225.77000427246094,229.97999572753906,42263900,2025-08-20,2,20,8,2.079552702303185,-1.72623762694841,1.7754681288656635,2.1636836035600755,230.36599731445312,229.13699798583986,219.1425003051758
224.47215270996094,224.89999389648438,226.52000427246094,223.77999877929688,226.27000427246094,30621200,2025-08-21,3,21,8,1.218321728556923,-0.605475913779043,1.6522634105626324,2.0914511354054297,228.7899963378906,229.6239974975586,219.6995002746582
227.3267059326172,227.75999450683594,229.08999633789062,225.41000366210938,226.1699981689453,42477800,2025-08-22,4,22,8,1.6157326855181318,0.7030093959247962,1.548793727663494,1.7407069987989143,228.02399597167968,229.46499633789062,220.39349975585938
226.72784423828125,227.16000366210938,229.3000030517578,226.22999572753906,226.47999572753906,30983100,2025-08-25,0,25,8,1.3514735317513256,0.3002507715464542,1.5583586912970735,1.664568006058537,227.2779968261719,229.46299743652344,221.04899978637695
228.87376403808594,229.30999755859375,229.49000549316406,224.69000244140625,226.8699951171875,54575100,2025-08-26,1,26,8,2.093237583560353,1.0755068955442477,1.671663646337984,1.7114708705903652,227.0279968261719,229.4289978027344,221.95099945068358
230.05152893066406,230.49000549316406,230.89999389648438,228.25999450683594,228.61000061035156,31259500,2025-08-27,2,27,8,1.1453856248559702,0.8223633602174849,1.4848302308485406,1.6301491798571022,227.9239990234375,229.1449981689453,223.02299957275392
232.11758422851562,232.55999755859375,233.41000366210938,229.33999633789062,230.82000732421875,38074700,2025-08-28,3,28,8,1.750089167073244,0.7538299017255217,1.591183718551805,1.6217235645572186,229.45599975585938,229.122998046875,224.27249908447266
231.69837951660156,232.13999938964844,233.3800048828125,231.3699951171875,232.50999450683594,39418400,2025-08-29,4,29,8,0.8658610196044612,-0.15913084423414836,1.4412093853690708,1.4950015565162824,230.33200073242188,229.1779983520508,225.76049880981446
229.28298950195312,229.72000122070312,230.85000610351562,226.97000122070312,229.25,44075600,2025-09-02,1,2,9,1.689014827700959,0.20501689016494004,1.5087176445589976,1.5335381679280355,230.84400024414063,229.06099853515624,227.07899856567383
238.01634216308594,238.47000122070312,238.85000610351562,234.36000061035156,237.2100067138672,66427800,2025-09-03,2,3,9,1.8828387093471681,0.5311725775362405,1.4666378697163602,1.5691507580271722,232.6760009765625,229.85199890136718,228.85649871826172
239.32383728027344,239.77999877929688,239.89999389648438,236.74000549316406,238.4499969482422,47549400,2025-09-04,3,4,9,1.3178698888179128,0.5577696993400998,1.501134722508749,1.4929824766786448,234.53399963378905,231.22899932861327,230.18299865722656
239.2340087890625,239.69000244140625,241.32000732421875,238.49000549316406,240.0,54870400,2025-09-05,4,5,9,1.1806924787138335,-0.1291656494140625,1.3872553848368667,1.4892195516943358,235.96000061035156,232.70800018310547,231.16599884033204
237.42745971679688,237.8800048828125,240.14999389648438,236.33999633789062,239.3000030517578,48999500,2025-09-08,0,8,9,1.6016468304978722,-0.5933966363712012,1.5344125470155492,1.48781096619231,237.10800170898438,233.72000122070312,231.59249877929688
233.9041748046875,234.35000610351562,238.77999877929688,233.36000061035156,237.0,66313900,2025-09-09,1,9,9,2.3127791883014606,-1.1181408845925633,1.6591654191356497,1.5839415318473236,238.03400268554688,234.43900146484376,231.95099945068358
226.35855102539062,226.7899932861328,232.4199981689453,225.9499969482422,232.19000244140625,83440800,2025-09-10,2,10,9,2.8528600962301525,-2.3256854724553198,1.8531696965122464,1.6599037831143033,235.6980010986328,234.18700103759767,231.80799942016603
229.59239196777344,230.02999877929688,230.4499969482422,226.64999389648438,226.8800048828125,50208600,2025-09-11,3,11,9,1.6519597756481055,1.3883964336616628,1.9199876738782848,1.710561198193517,233.7480010986328,234.14100036621093,231.64299926757812
233.6247100830078,234.07000732421875,234.50999450683594,229.02000427246094,229.22000122070312,55824200,2025-09-12,4,12,9,2.3454479696626054,2.115873866890798,2.152938772068039,1.7700970784524528,232.6240020751953,234.29200134277343,231.7074996948242
236.24969482421875,236.6999969482422,238.19000244140625,235.02999877929688,237.0,42699500,2025-09-15,0,15,9,1.3350248005285588,-0.1265835661425369,2.0996143660741766,1.817013456544863,232.38800048828125,234.7480010986328,231.9629997253418
237.6969451904297,238.14999389648438,241.22000122070312,236.32000732421875,237.17999267578125,63421100,2025-09-16,1,16,9,2.0575242586880913,0.40897261601196305,2.048563380151503,1.853864399643576,233.147998046875,235.59100036621095,232.32599945068358
238.5353546142578,238.99000549316406,240.10000610351562,237.72999572753906,238.97000122070312,46508000,2025-09-17,2,17,9,0.9916776105703521,0.00837103919268191,1.6763268830195426,1.7647482897658946,235.58800048828124,235.64300079345702,232.74749984741212
237.42745971679688,237.8800048828125,241.1999969482422,236.64999389648438,239.97000122070312,44249600,2025-09-18,3,18,9,1.9127303507494433,-0.8709406706084197,1.7284809980398101,1.8242343359590474,237.1580017089844,235.4530014038086,233.34100036621095
245.032958984375,245.5,246.3000030517578,240.2100067138672,241.22999572753906,163741300,2025-09-19,4,19,9,2.48065023946665,1.7700967326151926,1.7555214520006188,1.9542301120343293,239.44400024414062,236.03400115966798,234.37100067138672
255.5928192138672,256.0799865722656,256.6400146484375,248.1199951171875,248.3000030517578,105517400,2025-09-22,0,22,9,3.327093087317722,3.1332998086536814,2.153935109358452,2.126774737716314,243.31999816894532,237.85399932861327,235.7870002746582
253.9459686279297,254.42999267578125,257.3399963378906,253.5800018310547,255.8800048828125,60275200,2025-09-23,1,23,9,1.4778110344983102,-0.5666766372367877,2.037992464520495,2.043277922335999,246.57599792480468,239.86199798583985,237.1504997253418
251.8300018310547,252.30999755859375,255.74000549316406,251.0399932861328,255.22000122070312,42303700,2025-09-24,2,24,9,1.8627926964882833,-1.1401942042908035,2.212215481704082,1.9442711823618122,249.23999633789063,242.41399841308595,238.3004997253418
256.3813171386719,256.8699951171875,257.1700134277344,251.7100067138672,253.2100067138672,55202100,2025-09-25,3,25,9,2.1255914733740155,1.4454359252303084,2.2547877062289965,1.9916343521344033,253.03799438476562,245.097998046875,239.61949920654297
254.97401428222656,255.4600067138672,257.6000061035156,253.77999877929688,254.10000610351562,46076300,2025-09-26,4,26,9,1.4953445642461842,0.5352225807493777,2.057726571184903,1.9066240115927608,255.02999572753907,247.23699798583985,240.76449966430664
253.9459686279297,254.42999267578125,255.0,253.00999450683594,254.55999755859375,40127700,2025-09-29,0,29,9,0.7821426523797905,-0.05107042899879661,1.5487364841973166,1.851335796777884,254.6999969482422,249.00999755859374,241.87899932861328
254.14559936523438,254.6300048828125,255.9199981689453,253.11000061035156,254.86000061035156,37704300,2025-09-30,1,30,9,1.1035610512150702,-0.09024394843767447,1.4738864875406688,1.7559394760305822,254.73999938964843,250.65799865722656,243.12449951171874
254.9640350341797,255.4499969482422,258.7900085449219,254.92999267578125,255.0399932861328,48713900,2025-10-01,2,1,10,1.511065145920796,0.16076053674036384,1.4035409774271712,1.8078782295656264,255.3679992675781,252.3039978027344,243.9734992980957
256.6408386230469,257.1300048828125,258.17999267578125,254.14999389648438,256.5799865722656,42630200,2025-10-02,3,2,10,1.5673000827474626,0.21436524254862824,1.2918826993018606,1.7733352027654283,255.4200012207031,254.22899780273437,244.84099960327148
257.5291442871094,258.0199890136719,259.239990234375,253.9499969482422,254.6699981689453,49155600,2025-10-03,4,3,10,2.050226149669555,1.3154242230387165,1.4028590163865349,1.7302927937857189,255.93199768066407,255.48099670410156,245.75749893188475
256.20166015625,256.69000244140625,259.07000732421875,255.0500030517578,257.989990234375,44664100,2025-10-06,0,6,10,1.5660930438374088,-0.5038907873083588,1.5596490946780583,1.5541927894376877,256.3839996337891,255.54199829101563,246.69799880981446
255.99209594726562,256.4800109863281,257.3999938964844,255.42999267578125,256.80999755859375,31955800,2025-10-07,1,7,10,0.7680915222699899,-0.12849444157263984,1.4925551888890423,1.4832208382148555,256.7540008544922,255.74700012207032,247.80449905395508
257.569091796875,258.05999755859375,258.5199890136719,256.1099853515625,256.5199890136719,36496900,2025-10-08,2,8,10,0.9338927710259209,0.6003464099789105,1.3771207139100674,1.3903308456686194,257.2760009765625,256.32200012207034,249.3679992675781
253.55670166015625,254.0399932861328,258.0,253.13999938964844,257.80999755859375,38322000,2025-10-09,3,9,10,1.913084844431404,-1.462318881409597,1.4462776662468557,1.3690801827743582,256.6579986572266,256.0389999389648,250.56849899291993
244.80340576171875,245.27000427246094,256.3800048828125,244.0,254.94000244140625,61999100,2025-10-10,4,10,10,5.047500577795902,-3.793048590390518,2.045732551872125,1.72429578412933,254.10800170898438,255.0199996948242,251.12849884033204
247.18885803222656,247.66000366210938,249.69000244140625,245.55999755859375,249.3800048828125,38142900,2025-10-13,0,13,10,1.6676107654618306,-0.6897109579861385,2.066036096197009,1.8128425954375338,252.302001953125,254.34300079345704,251.6764991760254
247.29864501953125,247.77000427246094,248.85000610351562,244.6999969482422,246.60000610351562,35478000,2025-10-14,1,14,10,1.674944135170563,0.47445180048137586,2.2474066187771244,1.8699809038330835,250.56000061035155,253.65700073242186,252.15749969482422
248.86566162109375,249.33999633789062,251.82000732421875,247.47000122070312,249.49000549316406,33893600,2025-10-15,2,15,10,1.744608232696353,-0.06012631847793506,2.4095497111112105,1.8933352125106393,248.81600036621094,253.0460006713867,252.67499923706055
246.97926330566406,247.4499969482422,249.0399932861328,245.1300048828125,248.25,39777000,2025-10-16,3,16,10,1.5801125284063529,-0.32225701984201915,2.3429552479062004,1.894616457076528,247.4980010986328,252.0779998779297,253.15349884033202
251.81002807617188,252.2899932861328,253.3800048828125,247.27000427246094,248.02000427246094,49147000,2025-10-17,4,17,10,2.4218164703115876,1.721630892716663,1.8178184264093376,1.931775489140731,248.9019989013672,251.50500030517577,253.49299850463868
261.7411193847656,262.239990234375,264.3800048828125,255.6300048828125,255.88999938964844,90483000,2025-10-20,0,20,10,3.3366383182747046,2.4815314626881193,2.1516239369719123,2.1088300165844607,251.8179962158203,252.05999908447265,253.80099868774414
262.27008056640625,262.7699890136719,265.2900085449219,261.8299865722656,261.8800048828125,46695900,2025-10-21,1,21,10,1.3167492930390257,0.339844247084702,2.079984968545605,2.1636957936613643,254.8179931640625,252.68899688720703,254.21799850463867
257.9583435058594,258.45001220703125,262.8500061035156,255.42999267578125,262.6499938964844,45015300,2025-10-22,2,22,10,2.870966561143196,-1.5990793021333258,2.3052566342349734,2.3574031726730924,256.63999633789064,252.72799835205078,254.52499923706054
259.0861511230469,259.5799865722656,260.6199951171875,258.010009765625,259.94000244140625,32754900,2025-10-23,3,23,10,1.005464784102643,-0.1384996021232927,2.1903270853742316,2.2666411666402158,259.0659942626953,253.28199768066406,254.66049880981444
262.3200378417969,262.82000732421875,264.1300048828125,259.17999267578125,261.19000244140625,38253700,2025-10-24,4,24,10,1.883422901257605,0.6240686349310653,2.082648371563435,1.950233398986386,261.1719970703125,255.03699798583983,255.02849884033202
268.2986145019531,268.80999755859375,269.1199951171875,264.6499938964844,264.8800048828125,44888200,2025-10-27,0,27,10,1.6628850345228616,1.4836879354181327,1.747897714813066,1.9497608258924892,262.4859985351562,257.1519973754883,255.74749908447265
268.4882507324219,269.0,269.8900146484375,268.1499938964844,268.989990234375,41534800,2025-10-28,1,28,10,0.6468478631796004,0.003721240934013322,1.6139174288411813,1.846951198693393,263.73200073242185,259.2749969482422,256.465998840332
269.1869201660156,269.70001220703125,271.4100036621094,267.1099853515625,269.2799987792969,51086700,2025-10-29,2,29,10,1.5943708253324176,0.1559764667403389,1.3585982816790256,1.8319274579569993,265.98200073242185,261.3109985351563,257.17849960327146
270.8836669921875,271.3999938964844,274.1400146484375,268.4800109863281,271.989990234375,69886500,2025-10-30,3,30,10,2.0854840786283058,-0.21691840107138594,1.5746021405841581,1.8824646129791947,268.34600219726565,263.7059982299805,257.8919990539551
269.85565185546875,270.3699951171875,277.32000732421875,269.1600036621094,276.989990234375,86167100,2025-10-31,4,31,10,3.018087735132204,-2.389976298994051,1.801535107359078,1.9420917394612562,269.8559997558594,265.5139984130859,258.50949935913087
268.53814697265625,269.04998779296875,270.8500061035156,266.25,270.4200134277344,50194600,2025-11-03,0,3,11,1.7097217291291176,-0.5066287873444484,1.8109024462803291,1.7794000805466976,269.90399780273435,266.1949981689453,259.127498626709
269.5262756347656,270.0400085449219,271.489990234375,267.6199951171875,268.3299865722656,49274800,2025-11-04,1,4,11,1.4331191655786502,0.6372832177650458,1.9681567067601393,1.7910370678006604,270.11199951171875,266.9220001220703,259.80549850463865
269.6260986328125,270.1400146484375,271.70001220703125,266.92999267578125,268.6099853515625,43683100,2025-11-05,2,5,11,1.7657582263248723,0.5696099848531189,2.00243418695863,1.6805162343188278,270.2,268.09100036621095,260.40949935913085
269.25677490234375,269.7699890136719,273.3999938964844,267.8900146484375,267.8900146484375,51204000,2025-11-06,3,6,11,2.042473022367077,0.701770974069914,1.993831975706384,1.784217058145271,269.8739990234375,269.11000061035156,261.1959991455078
267.9592590332031,268.4700012207031,272.2900085449219,266.7699890136719,269.79998779296875,48227400,2025-11-07,4,7,11,2.05610291881815,-0.49295279186083263,1.8014350124435736,1.8014850599013257,269.49400024414064,269.675,262.3559989929199
269.1781311035156,269.42999267578125,273.7300109863281,267.4599914550781,268.9599914550781,41312400,2025-11-10,0,10,11,2.3271423752718694,0.17474763371325616,1.9249191416721239,1.8679107939762265,269.57000122070315,269.73699951171875,263.4444984436035
274.99267578125,275.25,275.9100036621094,269.79998779296875,269.80999755859375,46208300,2025-11-11,1,11,11,2.2198059470084015,2.0162345690043835,2.082256497958074,2.0252066023591064,270.61199951171875,270.36199951171875,264.8184982299805
273.21435546875,273.4700012207031,275.7300109863281,271.70001220703125,275.0,48398000,2025-11-12,2,12,11,1.4736529642402996,-0.5563631924715909,2.0238354455411596,2.0131348162498948,271.2779968261719,270.73899841308594,266.0249984741211
272.6948547363281,272.95001220703125,276.70001220703125,272.0899963378906,274.1099853515625,49602800,2025-11-13,3,13,11,1.6889597592851362,-0.42317799661457606,1.9531327929247717,1.973482384315578,271.91400146484375,270.8940002441406,267.29999923706055
272.15533447265625,272.4100036621094,275.9599914550781,269.6000061035156,271.04998779296875,47431300,2025-11-14,4,14,11,2.334710644272546,0.5017583214869655,2.0088543380156505,1.905144675229612,272.702001953125,271.09800109863284,268.3059997558594
267.2099609375,267.4599914550781,270.489990234375,265.7300109863281,268.82000732421875,45018300,2025-11-17,0,17,11,1.7796976744637145,-0.5059206279614209,1.8993653978540195,1.9121422697630717,272.30800170898436,270.9390014648437,268.5669998168945
267.19000244140625,267.44000244140625,270.7099914550781,265.32000732421875,269.989990234375,45677300,2025-11-18,1,18,11,2.0153993724406556,-0.9444749380357165,1.8584840829404705,1.9703702904492721,270.7460021972656,270.6790008544922,268.8005004882813
268.3089294433594,268.55999755859375,272.2099914550781,265.5,265.5299987792969,40424500,2025-11-19,2,19,11,2.4985074158760954,1.1411135439409799,2.0634549732676297,2.0436452094043944,269.7640014648438,270.5209991455078,269.3059997558594
266.0010986328125,266.25,275.42999267578125,265.9200134277344,270.8299865722656,45823600,2025-11-20,3,20,11,3.571823191754695,-1.6910928624380914,2.440027659761541,2.196580226343156,268.4239990234375,270.16900024414065,269.6395004272461
271.2361755371094,271.489990234375,273.3299865722656,265.6700134277344,265.95001220703125,59030800,2025-11-21,4,21,11,2.821456930297305,2.0830899691898126,2.537376916966493,2.273115627491072,268.2399963378906,270.4709991455078,270.07299957275393
275.6620788574219,275.9200134277344,277.0,270.8999938964844,270.8999938964844,65585800,2025-11-24,0,24,11,2.2107878394668408,1.853089569713404,2.6235949499671185,2.2614801739105688,269.9320007324219,271.1200012207031,270.4285003662109
276.7110900878906,276.9700012207031,280.3800048828125,275.25,275.2699890136719,46914200,2025-11-25,1,25,11,1.8521879121214515,0.6175799305702065,2.5909526579032773,2.2247183704218743,271.83800048828124,271.29200134277346,270.8270004272461
277.29052734375,277.54998779296875,279.5299987792969,276.6300048828125,276.9599914550781,33431400,2025-11-26,2,26,11,1.0448546294469847,0.21302583625560237,2.300222100617455,2.1818385369425424,273.63599853515626,271.7,271.219499206543
278.5893249511719,278.8500061035156,279.0,275.989990234375,277.260009765625,20135600,2025-11-28,4,28,11,1.079436865605667,0.5734676050955526,1.8017448353876495,2.120886247574595,276.1559997558594,272.2899993896484,271.59199981689454
282.8353576660156,283.1000061035156,283.4200134277344,276.1400146484375,278.010009765625,46587700,2025-12-01,0,1,12,2.571529008245567,1.83086801161646,1.7517592509773021,2.1445680839718975,278.4780029296875,273.35899963378904,272.22850036621094
285.9224548339844,286.19000244140625,287.3999938964844,282.6300048828125,283.0,53669500,2025-12-02,1,2,12,1.6667210499949137,1.1272093432530919,1.6429458930829166,2.1332704215250176,280.53200073242186,275.23200073242185,273.0855010986328
283.8843688964844,284.1499938964844,288.6199951171875,283.29998779296875,286.20001220703125,43538700,2025-12-03,2,3,12,1.8722531896857348,-0.7162886873198082,1.6469589485957734,2.1189558032495257,281.96799926757814,276.9029998779297,273.79100036621094
280.4375915527344,280.70001220703125,284.7300109863281,278.5899963378906,284.1000061035156,43989100,2025-12-04,3,4,12,2.187393794592681,-1.196759529545924,1.8754667816249129,2.087844441121184,282.59800415039064,278.11700134277345,274.3190002441406
278.5193786621094,278.7799987792969,281.1400146484375,278.04998779296875,280.5400085449219,47265800,2025-12-05,4,5,12,1.1084105276559122,-0.6273649789752451,1.881261514034962,1.8415031747113058,282.58400268554686,279.3700012207031,274.7695007324219
277.6302185058594,277.8900146484375,279.6700134277344,276.1499938964844,278.1300048828125,38211800,2025-12-08,0,8,12,1.2666952195829078,-0.08628707085239425,1.62029475630243,1.686027003639866,281.54200439453126,280.0100036621094,275.2405014038086
276.9208679199219,277.17999267578125,280.0299987792969,276.9200134277344,278.1600036621094,32193300,2025-12-09,1,9,12,1.1220093202038086,-0.35231915927013663,1.5113524103442089,1.5771491517135627,279.74000244140626,280.13600158691406,275.6280014038086
278.5193786621094,278.7799987792969,279.75,276.44000244140625,277.75,33038300,2025-12-10,2,10,12,1.1873152927352555,0.3708366442112961,1.374364830954113,1.5106618897749433,278.66600341796874,280.31700134277344,275.80450134277345
277.77008056640625,278.0299987792969,279.5899963378906,273.80999755859375,279.1000061035156,33248000,2025-12-11,3,11,12,2.0789119176614816,-0.38337775020395165,1.3526684555678732,1.614067618596393,278.1320007324219,280.36500244140626,276.0325012207031
278.0198669433594,278.2799987792969,279.2200012207031,276.82000732421875,277.8999938964844,39532900,2025-12-12,4,12,12,0.8624385176844145,0.13674159451548923,1.3034740535735736,1.5923677838042676,278.03200073242186,280.30800170898436,276.2990005493164
273.8537292480469,274.1099853515625,280.1499938964844,272.8399963378906,280.1499938964844,50409100,2025-12-15,0,15,12,2.666811845332172,-2.1559909607400036,1.5834973787234266,1.6018960675129281,277.2759948730469,279.40899963378905,276.3839996337891
274.353271484375,274.6099853515625,275.5,271.7900085449219,272.82000732421875,37648600,2025-12-16,1,16,12,1.351003842896864,0.6561021843301044,1.6292962832620375,1.5703243468031232,276.7619934082031,278.25099792480466,276.74149932861326
271.58587646484375,271.8399963378906,276.1600036621094,271.6400146484375,275.010009765625,50138700,2025-12-17,2,17,12,1.6627387708075294,-1.1526901985989502,1.7243809788764923,1.5493729049153027,275.3739929199219,277.01999816894534,276.9614990234375
271.935546875,272.19000244140625,273.6300048828125,266.95001220703125,273.6099853515625,51630700,2025-12-18,3,18,12,2.4541653315203,-0.5189806608599129,1.7994316616482557,1.5760500586080646,274.20599365234375,276.1689971923828,277.14299926757815
273.4141845703125,273.6700134277344,274.6000061035156,269.8999938964844,272.1499938964844,144632000,2025-12-19,4,19,12,1.7174012410652146,0.5585227137018266,1.970424206324416,1.6369491299489947,273.28399658203125,275.6579986572266,277.51399993896484
270.7166748046875,270.9700012207031,273.8800048828125,270.510009765625,272.8599853515625,36571800,2025-12-22,0,22,12,1.2436783046115363,-0.6926571253840141,1.6857974981802886,1.6346474384518577,272.6559997558594,274.96599731445315,277.4880004882813
272.1053771972656,272.3599853515625,272.5,269.55999755859375,270.8399963378906,29642000,2025-12-23,1,23,12,1.0794546187140128,0.5612129058573717,1.6314876533437186,1.630391968302878,272.20599975585935,274.48399658203124,277.3099990844727
273.55401611328125,273.80999755859375,275.42999267578125,272.20001220703125,272.3399963378906,17910600,2025-12-24,2,24,12,1.1796429997260427,0.5397669238708893,1.534868499127421,1.6296247390019567,272.6,273.98699645996095,277.15199890136716
273.1444091796875,273.3999938964844,275.3699951171875,272.8599853515625,274.1600036621094,21521800,2025-12-26,4,26,12,0.9180723561300986,-0.27721394640834623,1.2276499040493811,1.5135407828488183,272.8419982910156,273.5239959716797,276.94449920654296
273.50408935546875,273.760009765625,274.3599853515625,272.3500061035156,272.69000244140625,23715200,2025-12-29,0,29,12,0.7342121479933043,0.3923896419520059,1.031012085434999,1.5007181458797074,272.85999755859376,273.0719970703125,276.68999938964845
272.82470703125,273.0799865722656,274.0799865722656,272.2799987792969,272.80999755859375,22139600,2025-12-30,1,30,12,0.6591430648442691,0.09896595289323558,0.9141050374815455,1.299951267830917,273.28199462890626,272.9689971923828,276.1889984130859
271.6058349609375,271.8599853515625,273.67999267578125,271.75,273.05999755859375,27293600,2025-12-31,2,31,12,0.7099215698424437,-0.4394683284847496,0.8401984277072316,1.235843040525475,273.18199462890624,272.6939971923828,275.4724975585938
270.75665283203125,271.010009765625,277.8399963378906,269.0,272.260009765625,37838100,2026-01-02,4,2,1,3.261870786815452,-0.4591199423947947,1.2566439851251137,1.3957562421262675,272.6219970703125,272.6109985351562,274.8154983520508
267.0101623535156,267.260009765625,271.510009765625,266.1400146484375,270.6400146484375,45647200,2026-01-05,0,5,1,2.009277453030382,-1.2488932529815078,1.4748850045051705,1.3512674542772758,271.3940002441406,272.1179992675781,274.1434982299805
262.1147155761719,262.3599853515625,267.54998779296875,262.1199951171875,267.0,52352100,2026-01-06,1,6,1,2.0696725792635857,-1.737833201661985,1.7419770907592267,1.3864945880971127,269.11399536132814,270.98699645996095,273.32249755859374
260.08660888671875,260.3299865722656,263.67999267578125,259.80999755859375,263.20001220703125,48309800,2026-01-07,2,7,1,1.4865729331235604,-1.0904352209938666,1.9074630644150852,1.4107840509483152,266.5639953613281,269.92299499511716,272.44449615478516
258.7978515625,259.0400085449219,259.2900085449219,255.6999969482422,257.0199890136719,50419300,2026-01-08,3,8,1,1.3858907806734106,0.785938688660728,2.042656906581278,1.441427667144255,264.0,268.59099731445315,271.53749694824216
259.1275329589844,259.3699951171875,260.2099914550781,256.2200012207031,259.0799865722656,39997000,2026-01-09,4,9,1,1.538339171642525,0.11193784157503127,1.6979505835466928,1.4772972843359031,261.6719970703125,267.1469970703125,270.5669967651367
260.0067138671875,260.25,261.29998779296875,256.79998779296875,259.1600036621094,45263800,2026-01-12,0,12,1,1.729106628242075,0.42058817814794947,1.6419164185890314,1.5584007115471008,260.2699951171875,265.8319976806641,269.67799682617186
260.8059387207031,261.04998779296875,261.80999755859375,258.3900146484375,258.7200012207031,45730800,2026-01-13,1,13,1,1.3100873664351749,0.9005823134168941,1.4899993760233492,1.6159882333912878,260.00799560546875,264.5609954833984,268.81649627685545
259.71697998046875,259.9599914550781,261.82000732421875,256.7099914550781,259.489990234375,40019400,2026-01-14,2,14,1,1.9656931978410421,0.1811249907091265,1.5858234289668456,1.7466432466909652,259.9339965820312,263.2489959716797,268.10899658203124
257.9685974121094,258.2099914550781,261.0400085449219,257.04998779296875,260.6499938964844,39388600,2026-01-15,3,15,1,1.545261951122943,-0.9361221939545807,1.6176976630567519,1.830177284819015,259.7679931640625,261.8839965820313,267.288996887207
255.29112243652344,255.52999877929688,258.8999938964844,254.92999267578125,257.8999938964844,72142800,2026-01-16,4,16,1,1.553634109368131,-0.9189589659853834,1.6207566506018733,1.659353617074283,258.9999938964844,260.33599548339845,266.47349700927737
246.46937561035156,246.6999969482422,254.7899932861328,243.4199981689453,252.72999572753906,80267500,2026-01-20,1,20,1,4.60883472145844,-2.385945032736693,2.1967022692451463,1.9193093439170887,256.2899932861328,258.27999420166014,265.19899673461913
247.41848754882812,247.64999389648438,251.55999755859375,245.17999267578125,248.6999969482422,54641700,2026-01-21,2,21,1,2.576218469635533,-0.422196648428722,2.4499284898852176,1.9699639329542837,253.60999450683593,256.80899505615236,263.89799575805665
248.1178436279297,248.35000610351562,251.0,248.14999389648438,249.1999969482422,39708300,2026-01-22,3,22,1,1.1475764177463739,-0.3410878230881769,2.2863051338662843,1.9360642814165647,251.28799743652343,255.61099700927736,262.7669960021973
247.80812072753906,248.0399932861328,249.41000366210938,244.67999267578125,247.32000732421875,41689000,2026-01-23,4,23,1,1.90695497272962,0.291115130435126,2.3586437381876193,1.9881707006221858,249.25399780273438,254.51099548339843,261.5509963989258
255.17123413085938,255.41000366210938,256.55999755859375,249.8000030517578,251.47999572753906,55969200,2026-01-26,0,26,1,2.646722685059339,1.5627517104096822,2.5772614533258613,2.099009051963867,249.22999877929686,254.11499633789063,260.63099670410156
258.0285339355469,258.2699890136719,261.95001220703125,258.2099914550781,259.1700134277344,49648300,2026-01-27,1,27,1,1.4481050493850223,-0.3472718167348701,1.9451155189111777,2.070908894078162,251.54399719238282,253.9169952392578,259.87449645996094
256.2002868652344,256.44000244140625,258.8599853515625,254.50999450683594,257.6499938964844,41288000,2026-01-28,2,28,1,1.6962996425335348,-0.46962603677152087,1.7691317534907782,2.1095301216879982,253.3019989013672,253.45599670410155,259.00849609375
258.0385437011719,258.2799987792969,259.6499938964844,254.41000366210938,258.0,67253000,2026-01-29,3,29,1,2.0288021756003762,0.10852665864219961,1.9453769050615786,2.1158410194639314,255.28799743652343,253.28799743652343,258.26849670410155
259.2374267578125,259.4800109863281,261.8999938964844,252.17999267578125,255.1699981689453,92443400,2026-01-30,4,30,1,3.745953757191442,1.689075066939962,2.313176661953943,2.335910200070781,257.5760009765625,253.41499938964844,257.64949798583984
269.7575988769531,270.010009765625,270.489990234375,259.2099914550781,260.0299987792969,73913400,2026-02-02,0,2,2,4.177622447807834,3.838022933191936,2.619356614503642,2.5983090339147514,260.4960021972656,254.86300048828124,257.59949798583983
269.22808837890625,269.4800109863281,271.8800048828125,267.6099853515625,269.20001220703125,64394700,2026-02-03,1,3,2,1.58454035815912,0.10401142890050794,2.6466436762584613,2.2958795975848196,262.7380065917969,257.14100189208983,257.710498046875
276.23150634765625,276.489990234375,278.95001220703125,272.2900085449219,272.2900085449219,90545700,2026-02-04,2,4,2,2.4087684535935003,1.5424663254804005,2.7891374384704544,2.279134595980616,266.7480041503906,260.0250015258789,258.4169982910156
275.6520690917969,275.9100036621094,279.5,273.2300109863281,278.1300048828125,52977400,2026-02-05,3,5,2,2.272476144558484,-0.7981883226293769,2.837872232262076,2.3916245686618276,270.2740051269531,262.78100128173827,259.1959991455078
277.8599853515625,278.1199951171875,280.9100036621094,276.92999267578125,277.1199951171875,50453400,2026-02-06,4,6,2,1.4310409377977746,0.36085450982240513,2.3748896683833425,2.344033165168643,274.002001953125,265.78900146484375,260.1499984741211
274.6199951171875,274.6199951171875,278.20001220703125,271.70001220703125,277.9100036621094,44623400,2026-02-09,0,9,2,2.3669070408461264,-1.183839552937417,2.012746586991001,2.3160516007473215,274.9239990234375,267.7100006103516,260.9124984741211
273.67999267578125,273.67999267578125,275.3699951171875,272.94000244140625,274.8900146484375,34376900,2026-02-10,1,10,2,0.8878956229219044,-0.4401840402256051,1.873417639943558,2.2600306581010097,275.7639953613281,269.2510009765625,261.58399810791013
275.5,275.5,280.17999267578125,274.45001220703125,274.70001220703125,51886900,2026-02-11,2,11,2,2.0798477200544467,0.2912223361554963,1.8076334932357472,2.2983854658531007,275.5659973144531,271.15700073242186,262.3064987182617
