Adj Close,Close,High,Low,Open,Volume,date,day_of_week,day,month,hl_pct,oc_pct,volatility_5d,volatility_10d,ma_5,ma_10,ma_20
AMD,AMD,AMD,AMD,AMD,AMD,,,,,,,,,,,
198.38999938964844,198.38999938964844,203.5500030517578,196.6999969482422,203.00999450683594,73098600,2024-03-11,0,11,3,3.452798086894416,-2.275747619426654,4.627776903040325,4.243888216354404,206.58400268554686,198.79900054931642,186.25699920654296
202.75999450683594,202.75999450683594,202.85000610351562,194.27000427246094,200.52000427246094,68951700,2024-03-12,1,12,3,4.231604884347843,1.1170906576140724,4.871552392905118,4.3316553777833935,206.11000061035156,201.275,187.79949874877929
194.7899932861328,194.7899932861328,198.8300018310547,192.6999969482422,198.72999572753906,70526900,2024-03-13,2,13,3,3.146981412853151,-1.9825907140903054,4.789749885109467,4.4622592558083465,202.94199829101564,203.1,188.9619987487793
187.05999755859375,187.05999755859375,196.92999267578125,184.02999877929688,192.9199981689453,84490500,2024-03-14,3,14,3,6.896179870013974,-3.037528854432084,5.6381881979558335,4.46730898023525,198.07799682617187,202.5529998779297,189.37999877929687
191.05999755859375,191.05999755859375,193.8000030517578,184.47999572753906,184.8300018310547,95289500,2024-03-15,4,15,3,4.878052676285896,3.3706625903913796,4.521123386079056,4.594869327130253,194.81199645996094,201.3949996948242,190.09499893188476
190.64999389648438,190.64999389648438,193.5,188.0500030517578,193.2899932861328,59306900,2024-03-18,0,18,3,2.8586399804456994,-1.3658231058761379,4.402291764789313,4.5150343339148185,193.2639953613281,199.9239990234375,190.93399887084962
181.4199981689453,181.4199981689453,185.61000061035156,177.36000061035156,183.16000366210938,83509500,2024-03-19,1,19,3,4.5474589809648664,-0.9499920606979221,4.465462584112717,4.668507488508918,188.99599609375,197.5529983520508,191.72049865722656
179.72999572753906,179.72999572753906,182.67999267578125,174.0,182.02999877929688,81773100,2024-03-20,2,20,3,4.829462461535719,-1.2635296748787335,4.801958793849231,4.79585433947935,185.98399658203124,194.46299743652344,192.49249877929688
178.67999267578125,178.67999267578125,187.69000244140625,177.66000366210938,185.97000122070312,75265600,2024-03-21,3,21,3,5.613386607585398,-3.919991663747063,4.545400141363516,5.091794169659675,184.30799560546876,191.1929962158203,192.33349838256837
179.64999389648438,179.64999389648438,180.75999450683594,175.0500030517578,177.2100067138672,57899100,2024-03-22,4,22,3,3.1783978007637805,1.3768901812395515,4.205469166259093,4.363296276169074,182.02599487304687,188.41899566650392,192.48999786376953
178.6300048828125,178.6300048828125,182.8000030517578,172.0,172.89999389648438,71935300,2024-03-25,0,25,3,6.0460184496120855,3.3140608378266894,4.842944860092371,4.62261831244084,179.6219970703125,186.4429962158203,192.62099838256836
177.8699951171875,177.8699951171875,182.60000610351562,176.3300018310547,179.5399932861328,65322400,2024-03-26,1,26,3,3.5250488809706333,-0.9301538550710744,4.638462840093522,4.551962712103121,178.91199645996093,183.95399627685546,192.61449813842773
179.58999633789062,179.58999633789062,181.22999572753906,175.39999389648438,179.9600067138672,55685600,2024-03-27,2,27,3,3.2462842863952157,-0.20560700276304814,4.321827205065422,4.561892999457327,178.88399658203124,182.43399658203126,192.76699829101562
180.49000549316406,180.49000549316406,183.39999389648438,178.3000030517578,179.47000122070312,57628600,2024-03-28,3,28,3,2.8256361513157144,0.5683424892868797,3.764277113811486,4.154838627587501,179.24599914550782,181.7769973754883,192.16499862670898
183.33999633789062,183.33999633789062,187.24000549316406,179.89999389648438,180.10000610351562,74299900,2024-04-01,0,1,4,4.003497187352532,1.7989950719450607,3.929296991129236,4.067383078694165,179.98399963378907,181.00499725341797,191.1999984741211
178.6999969482422,178.6999969482422,180.10000610351562,174.8300018310547,179.47000122070312,61598800,2024-04-02,1,2,4,2.949079106021091,-0.4290434430398344,3.3099091224110375,4.0764269912517035,179.997998046875,179.80999755859375,189.86699829101562
180.77000427246094,180.77000427246094,182.0500030517578,176.6999969482422,177.5399932861328,49835100,2024-04-03,2,3,4,2.959565180654621,1.8193145817700178,3.1968123823478347,3.9176376112206794,180.5779998779297,179.7449981689453,188.64899826049805
165.8300018310547,165.8300018310547,183.02000427246094,165.64999389648438,182.9199981689453,88280000,2024-04-04,3,4,4,10.474588545004595,-9.342880225762011,4.64247323406971,4.482150219567567,177.8260009765625,178.35499877929686,186.40899810791015
170.4199981689453,170.4199981689453,172.69000244140625,165.5800018310547,168.10000610351562,66080300,2024-04-05,4,5,4,4.172045937533157,1.3801261042197948,4.911755191313199,4.338016152562342,175.81199951171874,177.52899932861328,184.3609977722168
169.89999389648438,169.89999389648438,171.66000366210938,166.82000732421875,168.1999969482422,43997500,2024-04-08,0,8,4,2.8487324966235774,1.0106997497540404,4.680802253167409,4.3050496221483225,173.1239990234375,176.5539993286133,182.4864974975586
170.77999877929688,170.77999877929688,171.60000610351562,167.2899932861328,170.2100067138672,42886100,2024-04-09,1,9,4,2.5237222439336975,0.3348757669623249,4.5957308807499295,3.9528200015804833,171.53999938964844,175.7689987182617,181.10599746704102
167.13999938964844,167.13999938964844,169.77999877929688,164.0,166.7100067138672,59600000,2024-04-10,2,10,4,3.4581780545673797,0.25792853365981094,4.695453455532482,3.946132918940158,168.81399841308593,174.6959991455078,179.32499771118165
170.5,170.5,170.9499969482422,166.5500030517578,167.5500030517578,48994500,2024-04-11,3,11,4,2.5806415815157626,1.7606666037068976,3.1166640628347144,3.8795686484522127,169.747998046875,173.78699951171876,178.110498046875
163.27999877929688,163.27999877929688,165.6999969482422,161.82000732421875,164.52999877929688,63519600,2024-04-12,4,12,4,2.376279797299583,-0.7597398707069644,2.7575108347880004,3.8346330130506,168.31999816894532,172.06599884033204,176.92149810791017
160.32000732421875,160.32000732421875,164.44000244140625,158.75999450683594,164.42999267578125,61461200,2024-04-15,0,15,4,3.542918959006473,-2.499535081575088,2.8963481272645795,3.788575190215994,166.40400085449218,169.76399993896484,175.3844985961914
163.4600067138672,163.4600067138672,164.8800048828125,161.6699981689453,162.27999877929688,55302100,2024-04-16,1,16,4,1.963787215233771,0.7271431744186418,2.784361121524594,3.6900460011372616,164.94000244140625,168.24000091552733,174.02499923706054
154.02000427246094,154.02000427246094,164.4499969482422,153.8800048828125,163.97000122070312,75909000,2024-04-17,2,17,4,6.8627397560198755,-6.068181297900658,3.465273461815093,4.080363458673787,162.31600341796874,165.56500091552735,172.65499954223634
155.0800018310547,155.0800018310547,156.9600067138672,152.32000732421875,155.50999450683594,52669800,2024-04-18,3,18,4,2.9920036980031037,-0.27650484918662144,3.547545885112561,3.332104973973638,159.23200378417968,164.49000091552733,171.4224998474121
146.63999938964844,146.63999938964844,154.25,145.2899932861328,151.58999633789062,71618200,2024-04-19,4,19,4,6.110206458784048,-3.265384964591435,4.294331217409455,3.5259210260987275,155.90400390625,162.11200103759765,169.82050018310548
148.63999938964844,148.63999938964844,149.88999938964844,145.6300048828125,148.14999389648438,49397000,2024-04-22,0,22,4,2.8659812461844045,0.330749587142366,4.15894367484504,3.52764590105481,153.56800231933593,159.98600158691406,168.27000045776367
152.27000427246094,152.27000427246094,153.5,150.35000610351562,151.64999389648438,46051900,2024-04-23,1,23,4,2.0686897012546237,0.408842994349066,4.17992417204921,3.4821426467869023,151.3300018310547,158.13500213623047,166.9520004272461
151.74000549316406,151.74000549316406,157.66000366210938,150.6300048828125,156.55999755859375,43412600,2024-04-24,2,24,4,4.632923767498861,-3.078686855258649,3.7339609743450084,3.5996172180800508,150.8740020751953,156.59500274658203,165.64550094604493
153.75999450683594,153.75999450683594,155.13999938964844,146.75,149.14999389648438,41471400,2024-04-25,3,25,4,5.45655546916362,3.0908486751605726,4.226871328577111,3.887208606844836,150.61000061035156,154.92100219726564,164.3540008544922
157.39999389648438,157.39999389648438,158.6300048828125,153.42999267578125,154.24000549316406,42510700,2024-04-26,4,26,4,3.303692762816172,2.048747595162893,3.665568589383536,3.979949903396495,152.76199951171876,154.33300170898437,163.1995002746582
160.1999969482422,160.1999969482422,160.77000427246094,156.25999450683594,159.0800018310547,43478200,2024-04-29,0,29,4,2.815237110823482,0.7040452000855213,3.6554197623113516,3.907181718578196,155.0739990234375,154.3210006713867,162.0425003051758
158.3800048828125,158.3800048828125,162.2899932861328,158.35000610351562,160.6300048828125,60742800,2024-04-30,1,30,4,2.4876796698752703,-1.4007345649036653,3.739217756035481,3.9595709640423458,156.2959991455078,153.81300048828126,161.0265007019043
144.27000427246094,144.27000427246094,151.3699951171875,142.13999938964844,148.11000061035156,89413200,2024-05-01,2,1,5,6.397723334164297,-2.592665128665352,4.092177669368568,3.9130693218567876,154.8019989013672,152.83800048828124,159.2015007019043
146.16000366210938,146.16000366210938,147.6199951171875,141.16000366210938,145.50999450683594,50034700,2024-05-02,3,2,5,4.419807945552766,0.4467110025510314,3.8848281646463976,4.055849746611754,153.28200073242186,151.9460006713867,158.21800079345704
150.60000610351562,150.60000610351562,150.7899932861328,147.24000549316406,148.75,49361100,2024-05-03,4,3,5,2.357229514671234,1.2437015821953783,3.69553551501741,3.680552052200473,151.92200317382813,152.34200134277344,157.22700119018555
155.77999877929688,155.77999877929688,156.64999389648438,151.25999450683594,153.10000610351562,44624500,2024-05-06,0,6,5,3.4600073384804566,1.7504850221685977,3.8244895605488045,3.7399546614300783,151.03800354003906,153.05600128173828,156.52100143432617
154.42999267578125,154.42999267578125,157.6999969482422,153.66000366210938,156.32000732421875,37374900,2024-05-07,1,7,5,2.6160677832929737,-1.2090676560150588,3.850167183232346,3.794692469633914,150.2480010986328,153.27200012207032,155.7035011291504
153.6199951171875,153.6199951171875,155.3300018310547,152.52000427246094,153.39999389648438,28728000,2024-05-08,2,8,5,1.8291873765847806,0.14341670759881756,2.9364599917164425,3.514318830542505,152.1179992675781,153.45999908447266,155.02750091552736
152.38999938964844,152.38999938964844,154.08999633789062,150.61000061035156,153.1300048828125,33018000,2024-05-09,3,9,5,2.283611615904667,-0.4832530983920328,2.5092207257868226,3.19702444521661,153.36399841308594,153.3229995727539,154.12200088500975
151.9199981689453,151.9199981689453,156.3699951171875,151.30999755859375,154.2899932861328,37652800,2024-05-10,4,10,5,3.3306988017250307,-1.5360653446865558,2.7039145831975815,3.199725049107496,153.62799682617188,152.775,153.5540008544922
150.55999755859375,150.55999755859375,153.3300018310547,150.39999389648438,151.27999877929688,27859200,2024-05-13,0,13,5,1.9460733143476807,-0.4759394675521767,2.401127778371026,3.1128086694599153,152.58399658203126,151.81100006103514,153.06600036621094
153.16000366210938,153.16000366210938,153.49000549316406,148.77999877929688,150.42999267578125,31938300,2024-05-14,1,14,5,3.0752197709906475,1.8148049719127906,2.4929581759105615,3.1715626795714535,152.3299987792969,151.28899993896485,152.55100021362304
159.6699981689453,159.6699981689453,159.69000244140625,154.6999969482422,155.58999633789062,43195900,2024-05-15,2,15,5,3.1251991923267797,2.6222777344850994,2.7521605390589614,2.8443102653877017,153.53999938964844,152.8289993286133,152.83349990844727
162.6199951171875,162.6199951171875,168.05999755859375,159.89999389648438,160.9199981689453,76726700,2024-05-16,3,16,5,5.017835387480549,1.0564236686464594,3.2990052933741376,2.90411300958048,155.58599853515625,154.4749984741211,153.21049957275392
164.47000122070312,164.47000122070312,169.72000122070312,162.32000732421875,168.42999267578125,65944400,2024-05-17,4,17,5,4.499297039922974,-2.351120125440424,3.5327249410137265,3.1183197621056538,158.09599914550782,155.86199798583985,154.10199966430665
166.3300018310547,166.3300018310547,168.49000549316406,164.47000122070312,165.5500030517578,45618000,2024-05-20,0,20,5,2.416884643904562,0.4711560041790002,3.6268872069251024,3.0140074926480644,161.25,156.91699829101563,154.98649978637695
164.66000366210938,164.66000366210938,165.8300018310547,163.10000610351562,164.0,30005500,2024-05-21,1,21,5,1.6579592292133984,0.40244125738376524,3.3434350985696524,2.918196637240107,163.55,157.93999938964845,155.6059997558594
165.52000427246094,165.52000427246094,169.80999755859375,163.86000061035156,167.41000366210938,47426700,2024-05-22,2,22,5,3.5947298179427016,-1.1289644276354611,3.4373412236928376,3.094750881375899,164.72000122070312,159.13000030517577,156.2949996948242
160.42999267578125,160.42999267578125,173.13999938964844,158.27000427246094,170.17999267578125,91888800,2024-05-23,3,23,5,9.268837372098377,-5.729228122941121,4.287541620616403,3.79327345699527,164.28200073242186,159.93399963378906,156.62849960327148
166.36000061035156,166.36000061035156,167.66000366210938,160.25,161.41000366210938,54868600,2024-05-24,4,24,5,4.454197905099248,3.066722530162601,4.278521793651658,3.9056233673326917,164.66000061035157,161.37799987792968,157.07649993896484
171.61000061035156,171.61000061035156,174.5500030517578,164.9600067138672,169.4199981689453,66495400,2024-05-28,1,28,5,5.588250278994611,1.2926469514079344,4.912794920669667,4.269841063797385,165.71600036621095,163.48300018310547,157.64700012207032
165.13999938964844,165.13999938964844,168.47999572753906,162.91000366210938,167.4600067138672,56537500,2024-05-29,2,29,5,3.3728909325518837,-1.3854097881310026,5.255781261337364,4.299608179953508,165.81199951171874,164.68099975585938,157.9849998474121
166.75,166.75,168.75,163.8000030517578,167.89999389648438,46367000,2024-05-30,3,30,5,2.9685139119893176,-0.6849278965390447,5.130538080146687,4.283939651919762,166.05799865722656,165.38899993896484,159.10899963378907
166.89999389648438,166.89999389648438,169.5,160.07000732421875,166.64999389648438,64331900,2024-05-31,4,31,5,5.650085692411691,0.15001500699441309,4.406787744209351,4.347164682412877,167.35199890136718,165.81699981689454,160.1459991455078
163.5500030517578,163.5500030517578,171.0800018310547,160.91000366210938,170.82000732421875,59157600,2024-06-03,0,3,6,6.21828063538884,-4.255944245841395,4.759604290267268,4.519063041959463,166.78999938964844,165.725,160.79349899291992
159.99000549316406,159.99000549316406,164.8300018310547,158.8699951171875,162.83999633789062,48157200,2024-06-04,1,4,6,3.725236895577107,-1.750178647027769,4.3870016135837675,4.6498982671267175,164.46600036621095,165.09100036621095,161.00399932861328
166.1699981689453,166.1699981689453,167.1199951171875,161.3800048828125,162.07000732421875,60507500,2024-06-05,2,5,6,3.454287956685865,2.5297653232806914,4.403281018410564,4.829531139873964,164.6720001220703,165.24199981689452,161.59099960327148
166.77999877929688,166.77999877929688,169.50999450683594,163.86000061035156,165.4600067138672,47153700,2024-06-06,3,6,6,3.3876927316453087,0.797771069665416,4.487116782341763,4.808827431244224,164.6779998779297,165.3679992675781,162.24899978637694
167.8699951171875,167.8699951171875,169.4499969482422,165.86000061035156,166.58999633789062,44796000,2024-06-07,4,7,6,2.1385574803790894,0.7683527267151644,3.784811139935242,4.0957994420722965,164.87200012207032,166.11199951171875,163.02299957275392
160.33999633789062,160.33999633789062,165.5500030517578,159.61000061035156,162.47999572753906,67444600,2024-06-10,0,10,6,3.704629273465028,-1.317084838700377,3.282080867550479,4.020842578908875,164.22999877929686,165.50999908447267,163.44399948120116
158.9600067138672,158.9600067138672,161.5399932861328,156.9199981689453,160.5,40497100,2024-06-11,1,11,6,2.9063883505639447,-0.9594973745375778,3.118311158547847,3.7526563860658073,164.0239990234375,164.24499969482423,163.86399993896484
160.24000549316406,160.24000549316406,162.24000549316406,158.6199951171875,160.32000732421875,48325800,2024-06-12,2,12,6,2.2591177308284567,-0.04990133944598568,2.8792771133763657,3.641279065893465,162.83800048828124,163.75500030517577,164.21800003051757
159.89999389648438,159.89999389648438,162.66000366210938,157.30999755859375,160.39999389648438,44442500,2024-06-13,3,13,6,3.3458450955158243,-0.3117207101159116,2.8709075861504685,3.6790121842461154,161.46199951171874,163.06999969482422,164.22949981689453
159.6300048828125,159.6300048828125,161.33999633789062,157.61000061035156,158.5,34054000,2024-06-14,4,14,6,2.336650763293107,0.7129368345820188,2.910526242733272,3.3476686913342575,159.81400146484376,162.34300079345704,164.0800003051758
158.39999389648438,158.39999389648438,159.22999572753906,154.13999938964844,158.0,44507700,2024-06-17,0,17,6,3.213381650265074,0.2531606939774525,2.812276718093281,3.0471787928218808,159.4260009765625,161.8279998779297,163.77649993896483
154.6300048828125,154.6300048828125,157.24000549316406,153.33999633789062,156.99000549316406,51852000,2024-06-18,1,18,6,2.5221554886641107,-1.503280799906925,2.7354301457133148,2.9268706521305807,158.56000061035155,161.29199981689453,163.19150009155274
161.77999877929688,161.77999877929688,166.82000732421875,155.5,155.82000732421875,93245700,2024-06-20,3,20,6,6.997161212531411,3.8249205332643936,3.683038842053905,3.281157977715136,158.8679992675781,160.85299987792968,163.0474998474121
161.22999572753906,161.22999572753906,163.1999969482422,157.88999938964844,161.75,61293900,2024-06-21,4,21,6,3.293430316507023,-0.32148641264972955,3.6725558862521455,3.271731736201307,159.13399963378907,160.2979995727539,162.832999420166
160.25,160.25,163.39999389648438,158.19000244140625,159.75,45954100,2024-06-24,0,24,6,3.251164714557332,0.3129890453834116,3.8554586765049903,3.382992459619131,159.25799865722655,159.53600006103517,162.82399978637696
160.25,160.25,161.0,156.4499969482422,160.72999572753906,40572300,2024-06-25,1,25,6,2.8393154769159517,-0.29863481633678735,3.7806454418351656,3.2964610799642236,159.62799987792968,159.5270004272461,162.51849975585938
157.5399932861328,157.5399932861328,160.74000549316406,156.0,160.60000610351562,36973400,2024-06-26,2,26,6,3.0087632951430967,-1.90536282757702,3.877967003130963,3.306698574422138,160.20999755859376,159.38499908447267,161.81499938964845
159.47000122070312,159.47000122070312,160.61000061035156,156.80999755859375,157.17999267578125,34018200,2024-06-27,3,27,6,2.3828952296166905,1.456933866669359,2.955113806548019,3.319076324300962,159.747998046875,159.30799865722656,161.53149948120117
162.2100067138672,162.2100067138672,166.4499969482422,159.41000366210938,160.22999572753906,56204600,2024-06-28,4,28,6,4.340048699061529,1.235730536805985,3.16443748305892,3.4184966846555325,159.94400024414062,159.53899993896485,161.30449981689452
157.69000244140625,157.69000244140625,161.50999450683594,153.63999938964844,161.25,50436700,2024-07-01,0,1,7,4.990801569751892,-2.2077504239341086,3.5123648540978323,3.6839117653014113,159.43200073242187,159.34499969482422,160.84400024414063
164.30999755859375,164.30999755859375,164.5800018310547,156.6999969482422,157.0399932861328,57838600,2024-07-02,1,2,7,4.795815835857737,4.629396703561184,3.9036649258861886,3.8421551838606773,160.24400024414064,159.93600006103514,160.88199996948242
163.89999389648438,163.89999389648438,165.25999450683594,162.50999450683594,164.1999969482422,26980900,2024-07-03,2,3,7,1.67785241147528,-0.1827058814455259,3.6374827491526256,3.7577248761417947,161.51600036621093,160.86299896240234,161.07749938964844
171.89999389648438,171.89999389648438,174.0399932861328,165.67999267578125,165.97000122070312,61857100,2024-07-05,4,5,7,4.863293139722757,3.5729304284909182,4.133562331173839,3.5443380688609287,164.0019989013672,161.8749984741211,161.3639991760254
178.69000244140625,178.69000244140625,178.9499969482422,173.22000122070312,174.89999389648438,60223400,2024-07-08,0,8,7,3.2066683358057313,2.1669575055360006,3.90688625852268,3.5356618707907996,167.297998046875,163.62099914550782,161.95949935913086
177.10000610351562,177.10000610351562,180.41000366210938,174.6999969482422,177.97000122070312,43395600,2024-07-09,1,9,7,3.2241708170973564,-0.488843687823886,3.553560107991772,3.5329624810448026,171.17999877929688,165.30599975585938,162.42099990844727
183.9600067138672,183.9600067138672,187.27999877929688,177.8000030517578,179.99000549316406,90247000,2024-07-10,2,10,7,5.153291683819256,2.2056787041177706,3.625055277584076,3.7643601017351322,175.11000061035156,167.6770004272461,163.60200042724608
181.94000244140625,181.94000244140625,187.11000061035156,177.25,184.07000732421875,59231400,2024-07-11,3,11,7,5.4193692855022215,-1.157171075166382,4.373358652389465,4.005420700771046,178.71800231933594,170.11700134277345,164.75100021362306
181.61000061035156,181.61000061035156,186.99000549316406,179.69000244140625,182.02000427246094,50827400,2024-07-12,4,12,7,4.019604111681128,-0.22525197917018577,4.204620846781139,4.169091588977489,180.66000366210938,172.33100128173828,165.81949996948242
179.8300018310547,179.8300018310547,185.5,178.5399932861328,184.4499969482422,42202700,2024-07-15,0,15,7,3.870325664794199,-2.5047412272302174,4.337352312578831,4.122119285550756,180.88800354003905,174.09300079345704,166.81600036621094
177.5500030517578,177.5500030517578,179.75,174.52999877929688,179.69000244140625,40633100,2024-07-16,1,16,7,2.9400175336417407,-1.1909395962895897,4.280521655887709,3.917040881939741,180.9780029296875,176.0790008544922,167.7120002746582
159.42999267578125,159.42999267578125,169.8000030517578,159.3699951171875,169.8000030517578,76954200,2024-07-17,2,17,7,6.542061352145266,-6.107190924381559,4.5582755895529115,4.091665433568494,176.0720001220703,175.59100036621095,167.76350021362305
155.77000427246094,155.77000427246094,163.41000366210938,153.1999969482422,163.41000366210938,69420300,2024-07-18,3,18,7,6.554539663495565,-4.6753559870459505,4.78530966515158,4.579334158770522,170.83800048828124,174.7780014038086,167.82050018310548
151.5800018310547,151.5800018310547,155.80999755859375,150.6199951171875,154.86000061035156,47513100,2024-07-19,4,19,7,3.4239361252883675,-2.11804130593399,4.666176067873027,4.435398457327084,164.83200073242188,172.74600219726562,167.31050033569335
155.8699951171875,155.8699951171875,156.6999969482422,152.5399932861328,154.22999572753906,43912500,2024-07-22,0,22,7,2.668893175355376,1.0633465830769013,4.425889569985263,4.381620941282048,160.03999938964844,170.46400146484376,167.0425003051758
154.0,154.0,157.0500030517578,153.8000030517578,154.9499969482422,31950600,2024-07-23,1,23,7,2.1103896103896105,-0.6130990428864056,4.259963985334838,4.270242820611273,155.3299987792969,168.15400085449218,166.7300003051758
144.6300048828125,144.6300048828125,153.67999267578125,144.52999877929688,152.72000122070312,49203100,2024-07-24,2,24,7,6.3264838467634865,-5.297273620499372,4.216848484258481,4.387562036905696,152.37000122070313,164.22100067138672,165.9490005493164
138.32000732421875,138.32000732421875,144.75,136.80999755859375,144.07000732421875,60578500,2024-07-25,3,25,7,5.740313780344933,-3.99111522709932,4.054003307628355,4.419656486389967,148.8800018310547,159.85900115966797,164.9880012512207
139.99000549316406,139.99000549316406,141.2899932861328,138.27000427246094,140.32000732421875,49435800,2024-07-26,4,26,7,2.157289017192978,-0.23517803152062,3.800673886009277,4.233424976941153,146.56200256347657,155.6970016479492,164.01400146484374
139.75,139.75,144.58999633789062,138.75,141.19000244140625,47447200,2024-07-29,0,29,7,4.178888256093471,-1.0199039708947168,4.102672902156895,4.26428123607108,143.33800354003907,151.68900146484376,162.8910011291504
138.44000244140625,138.44000244140625,141.6999969482422,134.0500030517578,139.8800048828125,68801700,2024-07-30,1,30,7,5.525855071927047,-1.0294555269801737,4.7857659944643824,4.52286498989961,140.22600402832032,147.7780014038086,161.9285011291504
144.47999572753906,144.47999572753906,153.60000610351562,140.02999877929688,150.72999572753906,114306800,2024-07-31,2,31,7,9.392308780108994,-4.146487213664862,5.398930981133485,4.807889732695982,140.1960021972656,146.2830017089844,160.93700103759767
132.5399932861328,132.5399932861328,147.2899932861328,130.24000549316406,145.0,94731900,2024-08-01,3,1,8,12.86403248577245,-8.593108078529095,6.823674722218987,5.438839014923671,139.03999938964844,143.96000061035156,159.36900100708007
132.5,132.5,137.10000610351562,131.3300018310547,133.5,78562000,2024-08-02,4,2,8,4.354720205630897,-0.7490636704119851,7.263160959906571,5.531917422957924,137.54199829101563,142.0520004272461,157.39900131225585
134.82000732421875,134.82000732421875,139.13999938964844,121.83000183105469,122.16000366210938,76089400,2024-08-05,0,5,8,12.839338835641959,10.363460447436246,8.995251075816268,6.548961988986582,136.55599975585938,139.9470016479492,155.20550155639648
130.17999267578125,130.17999267578125,136.44000244140625,129.10000610351562,135.14999389648438,64455600,2024-08-06,1,6,8,5.63834440840014,-3.6773965557925252,9.017748943110888,6.901757468787636,134.90399780273438,137.56500091552735,152.85950088500977
128.6699981689453,128.6699981689453,136.24000549316406,128.3699951171875,133.75,54676500,2024-08-07,2,7,8,6.1164300054183105,-3.7981322101343458,8.362573188172751,6.880752084653118,131.74199829101562,135.96900024414063,150.09500045776366
136.32000732421875,136.32000732421875,136.47999572753906,128.94000244140625,131.97000122070312,49037500,2024-08-08,3,8,8,5.531098064130789,3.2962082770922994,6.89598630384442,6.859830513031703,132.4980010986328,135.7690002441406,147.8140007019043
134.27000427246094,134.27000427246094,135.5,132.44000244140625,134.69000244140625,40583000,2024-08-09,4,9,8,2.2789882037870477,-0.3118257935499132,6.480839903475649,6.87200043169111,132.852001953125,135.1970001220703,145.44700088500977
136.77000427246094,136.77000427246094,137.99000549316406,133.22999572753906,134.44000244140625,39724300,2024-08-12,0,12,8,3.480302417877048,1.7331164748157344,4.609032619922667,6.802141847869469,133.24200134277345,134.8990005493164,143.29400100708008
141.1300048828125,141.1300048828125,141.19000244140625,137.52000427246094,138.1199951171875,42218000,2024-08-13,1,13,8,2.6004379238792636,2.179271555194573,4.001451323018491,6.50960013306469,135.4320037841797,135.16800079345703,141.4730010986328
140.75,140.75,143.25,137.63999938964844,143.0,35506400,2024-08-14,2,14,8,3.985790842168073,-1.5734265734265735,3.5753234903684445,5.968948339270598,137.84800415039064,134.7950012207031,140.53900146484375
147.36000061035156,147.36000061035156,147.9600067138672,141.80999755859375,143.0,43582400,2024-08-15,3,15,8,4.173458964305555,3.0489514757703238,3.3037956704033973,5.099890987123908,140.05600280761718,136.277001953125,140.11850128173828
148.55999755859375,148.55999755859375,149.3699951171875,145.1999969482422,145.6999969482422,31123900,2024-08-16,4,16,8,2.806945501800118,1.9629380029208485,3.4093871300060115,4.945113516740831,142.91400146484375,137.88300170898438,139.96750106811524
155.27999877929688,155.27999877929688,155.3699951171875,147.72000122070312,148.42999267578125,60766900,2024-08-19,0,19,8,4.926580343008304,4.614974359311758,3.6986427150322627,4.153837667477465,146.61600036621093,139.9290008544922,139.9380012512207
156.39999389648438,156.39999389648438,162.0399932861328,154.50999450683594,156.49000549316406,76851200,2024-08-20,1,20,8,4.814577412503427,-0.057519070560464305,4.141470612757095,4.071460967887793,149.6699981689453,142.5510009765625,140.05800094604493
157.80999755859375,157.80999755859375,158.64999389648438,155.07000732421875,156.1199951171875,42791200,2024-08-21,2,21,8,2.268542315220809,1.0825022381903693,3.7980209073676425,3.686672198868043,153.08199768066407,145.46500091552736,140.71700057983398
151.6999969482422,151.6999969482422,159.83999633789062,151.00999450683594,158.8699951171875,45737300,2024-08-22,3,22,8,5.820700071646906,-4.513122923970946,4.127469128835912,3.715632399619655,153.9499969482422,147.00299987792968,141.38600006103516
154.97999572753906,154.97999572753906,156.39999389648438,151.8300018310547,153.60000610351562,43694600,2024-08-23,4,23,8,2.9487625444666508,0.8984307091064967,4.1558325373692195,3.7826098336876157,155.23399658203124,149.0739990234375,142.1354995727539
149.99000549316406,149.99000549316406,158.27999877929688,148.91000366210938,154.6999969482422,49893300,2024-08-26,0,26,8,6.247079654660421,-3.044596992884196,4.4199323996996425,4.059287557365953,154.17599792480468,150.3959991455078,142.64749984741212
150.5,150.5,151.6999969482422,148.44000244140625,150.1300048828125,35102700,2024-08-27,1,27,8,2.1661093068677326,0.24644981359742738,3.890238778572504,4.0158546956648,152.99599914550782,151.33299865722657,143.2504997253418
146.36000061035156,146.36000061035156,150.42999267578125,144.72000122070312,149.39999389648438,34075800,2024-08-28,2,28,8,3.90133330914613,-2.0348014794693703,4.216796977357569,4.007408942362605,150.70599975585938,151.8939987182617,143.34449996948243
145.49000549316406,145.49000549316406,149.49000549316406,144.47000122070312,146.58999633789062,31602100,2024-08-29,3,29,8,3.4504117691416307,-0.7503860237441295,3.7427393168565133,3.9351042228462125,149.46400146484376,151.70699920654297,143.99200057983398
148.55999755859375,148.55999755859375,148.99000549316406,145.25,147.52000427246094,31169100,2024-08-30,4,30,8,2.5175050852359915,0.704984582438057,3.6564878250103816,3.906160181189801,148.18000183105468,151.70699920654297,144.79500045776368
136.94000244140625,136.94000244140625,146.49000549316406,136.10000610351562,146.41000366210938,42172700,2024-09-03,1,3,9,7.587263914424201,-6.468138094278282,3.924524676963138,4.172228538331391,145.57000122070312,149.8729995727539,144.90100021362304
140.8699951171875,140.8699951171875,143.3699951171875,138.50999450683594,140.50999450683594,42130600,2024-09-04,2,4,9,3.4499899047406126,0.25620996685331743,4.181300796537714,4.035769787555109,143.6440002441406,148.31999969482422,145.43550033569335
139.44000244140625,139.44000244140625,141.7100067138672,137.8300018310547,138.1999969482422,25023000,2024-09-05,3,5,9,2.7825622596664163,0.8972543564009352,3.957546586641771,4.08717178199967,142.26000061035157,146.48300018310547,145.9740005493164
134.35000610351562,134.35000610351562,139.1300048828125,132.11000061035156,138.6999969482422,39993500,2024-09-06,4,6,9,5.225161111680247,-3.136258789068194,4.312496455149494,4.027617886003004,140.03200073242186,144.7480010986328,145.87550048828126
138.14999389648438,138.14999389648438,138.4499969482422,134.86000061035156,136.10000610351562,27194500,2024-09-09,0,9,9,2.5986221473021596,1.506236371076692,4.328719867562727,3.992603846286554,137.95,143.06500091552735,146.06949996948242
142.83999633789062,142.83999633789062,143.0800018310547,137.25,139.05999755859375,37217500,2024-09-10,1,10,9,4.081491165306187,2.7182502845249585,3.627565317739125,3.776044997351131,139.12999877929687,142.35,146.3729995727539
149.86000061035156,149.86000061035156,150.16000366210938,140.7100067138672,145.32000732421875,50935400,2024-09-11,2,11,9,6.3058834310383896,3.12413505182654,4.19874402299868,4.190022409768196,140.9279998779297,142.28600006103517,146.80949935913085
150.77000427246094,150.77000427246094,151.5399932861328,147.64999389648438,148.42999267578125,29233700,2024-09-12,3,12,9,2.5800883991610855,1.5765085980911042,4.158249250897613,4.057897918769692,143.19400024414062,142.72700042724608,147.3104995727539
152.30999755859375,152.30999755859375,153.02999877929688,150.6999969482422,152.32000732421875,25117200,2024-09-13,4,13,9,1.52977602810238,-0.0065715369903402415,3.41917223418204,3.8658343446657675,146.78599853515624,143.40899963378905,147.55799942016603
152.0800018310547,152.0800018310547,154.44000244140625,150.91000366210938,151.6999969482422,27677800,2024-09-16,0,16,9,2.321145934242125,0.25049762060453573,3.3636769915700335,3.8461984295663805,149.5720001220703,143.76100006103516,147.73399963378907
150.82000732421875,150.82000732421875,154.0399932861328,149.22999572753906,153.5500030517578,29889000,2024-09-17,1,17,9,3.189230423688859,-1.7779196830226374,3.185224843246568,3.406395080492846,151.16800231933593,145.1490005493164,147.51100006103516
148.2899932861328,148.2899932861328,152.82000732421875,148.00999450683594,150.89999389648438,26320100,2024-09-18,2,18,9,3.2436530009827815,-1.729622740834564,2.5727787572354464,3.385761390117063,150.8540008544922,145.89100036621093,147.1055000305176
156.74000549316406,156.74000549316406,159.25,152.77000427246094,153.80999755859375,44500000,2024-09-19,3,19,9,4.134232168201421,1.9049528516207985,2.8836075110435133,3.520928380970564,152.04800109863282,147.62100067138672,147.0520004272461
155.9499969482422,155.9499969482422,157.4499969482422,152.47000122070312,156.0,40248200,2024-09-20,4,20,9,3.1933285187506986,-0.03205323830629006,3.2163180091731776,3.3177451216776084,152.7760009765625,149.78099975585937,147.2645004272461
156.75,156.75,157.19000244140625,154.97000122070312,156.4499969482422,21728500,2024-09-23,0,23,9,1.4162687213417064,0.19175650853931397,3.0353425665930933,3.1995097790815636,153.71000061035156,151.64100036621093,147.35300064086914
158.32000732421875,158.32000732421875,159.63999938964844,154.5800018310547,157.4600067138672,27531200,2024-09-24,1,24,9,3.196056925535339,0.5461708203241324,3.0367078669623893,3.110966355104478,155.21000061035156,153.18900146484376,147.76950073242188
162.02000427246094,162.02000427246094,162.9499969482422,158.17999267578125,158.5,35233300,2024-09-25,2,25,9,2.9440835370177254,2.220822884833399,2.976793974169378,2.774786365702412,157.95600280761718,154.40500183105468,148.34550094604492
167.49000549316406,167.49000549316406,168.67999267578125,164.0500030517578,167.05999755859375,38044900,2024-09-26,3,26,9,2.7643378543040322,0.2573973068684463,2.7028151113899,2.7932113112167065,160.1060028076172,156.077001953125,149.40200119018556
164.35000610351562,164.35000610351562,168.72999572753906,163.74000549316406,167.47999572753906,27876000,2024-09-27,4,27,9,3.0361971701005364,-1.8688737185755537,2.671388841659868,2.9438534254165227,161.78600463867187,157.2810028076172,150.34500122070312
164.0800018310547,164.0800018310547,165.0800018310547,162.17999267578125,163.10000610351562,21881600,2024-09-30,0,30,9,1.7674360817349564,0.6008557270789328,2.741622313738518,2.888482440165806,163.25200500488282,158.4810028076172,151.12100143432616
159.75,159.75,165.39999389648438,158.0800018310547,164.47999572753906,31831900,2024-10-01,1,1,10,4.582154657545971,-2.8757270491265667,3.018841860140644,3.0277748635515165,163.53800354003906,159.3740020751953,152.26150131225586
159.77999877929688,159.77999877929688,163.10000610351562,158.6699981689453,159.30999755859375,24630400,2024-10-02,2,2,10,2.7725672602422877,0.2950230543630885,2.9845386047855564,2.9806662894774676,163.09000244140626,160.52300262451172,153.20700149536134
162.85000610351562,162.85000610351562,166.7899932861328,159.39999389648438,159.7100067138672,29598800,2024-10-03,3,3,10,4.537917784879285,1.9660630252642772,3.3392545909006075,3.0210348511452536,162.16200256347656,161.13400268554688,154.37750167846679
170.89999389648438,170.89999389648438,171.2100067138672,164.4199981689453,166.52999877929688,44556500,2024-10-04,4,4,10,3.973088816512564,2.624148891623472,3.526632920183013,3.0990108809214405,163.4720001220703,162.6290023803711,156.20500106811522
170.97000122070312,170.97000122070312,172.41000366210938,168.2100067138672,171.0800018310547,38379900,2024-10-07,0,7,10,2.4565695257967866,-0.06429776079859442,3.6644596089953785,3.2030409613669484,164.85,164.0510025024414,157.84600143432618
172.8000030517578,172.8000030517578,173.60000610351562,170.0,171.75,34730200,2024-10-08,1,8,10,2.083336828667379,0.611355488650837,3.1646960432196605,3.0917689516801525,167.46000061035156,165.4990020751953,159.34400177001953
171.02000427246094,171.02000427246094,174.0500030517578,169.5500030517578,174.0500030517578,33890700,2024-10-09,2,9,10,2.631271130616284,-1.7408783258658342,3.1364368172944594,3.0604877110400084,169.70800170898437,166.3990020751953,160.402001953125
164.17999267578125,164.17999267578125,172.00999450683594,162.0,169.75999450683594,75113600,2024-10-10,3,10,10,6.096963669990799,-3.2869945874261854,3.4482459943167627,3.393750292608685,169.9739990234375,166.06800079345703,161.072501373291
167.88999938964844,167.88999938964844,169.35000610351562,163.00999450683594,164.19000244140625,42136200,2024-10-11,4,11,10,3.7762890104999265,2.2534849218743322,3.4088860331142348,3.4677594766486237,169.37200012207032,166.4220001220703,161.85150146484375
165.27000427246094,165.27000427246094,168.89999389648438,165.14999389648438,167.77000427246094,31757200,2024-10-14,0,14,10,2.2690142815134333,-1.4901352663375769,3.3713749842575638,3.5179172966264716,168.23200073242188,166.54100036621094,162.51100158691406
156.63999938964844,156.63999938964844,164.1300048828125,155.74000549316406,163.2100067138672,50768000,2024-10-15,1,15,10,5.356230479022136,-4.025492956284847,4.025953714328516,3.5953248787740875,165.0,166.2300003051758,162.80200119018554
156.1300048828125,156.1300048828125,158.27999877929688,154.9199981689453,158.07000732421875,30575800,2024-10-16,2,16,10,2.152053100154259,-1.227305846470352,3.9301101082361107,3.5332734627652855,162.02200012207032,165.86500091552733,163.19400177001953
156.25,156.25,160.44000244140625,156.1999969482422,160.0,29491900,2024-10-17,3,17,10,2.713603515625,-2.34375,3.2534380773629508,3.3508420358398565,160.43600158691407,165.2050003051758,163.16950149536132
155.97000122070312,155.97000122070312,158.00999450683594,155.55999755859375,157.41000366210938,23823000,2024-10-18,4,18,10,1.5708129313760497,-0.9148099916809017,2.8123428615381756,3.1106144473262054,158.052001953125,163.71200103759764,163.17050170898438
157.89999389648438,157.89999389648438,158.0,154.14999389648438,155.75999450683594,25781200,2024-10-21,0,21,10,2.4382560179448776,1.3739082338979653,2.8461912088244645,3.108783096541014,156.5779998779297,162.40500030517578,163.2280014038086
154.08999633789062,154.08999633789062,156.74000549316406,151.91000366210938,156.60000610351562,34997400,2024-10-22,1,22,10,3.1345330299465997,-1.6028158798192096,2.401851719009357,3.2139027166689367,156.06799926757813,160.53399963378905,163.0165008544922
152.91000366210938,152.91000366210938,153.4499969482422,150.52000427246094,153.0,26095900,2024-10-23,2,23,10,1.9161549968017513,-0.058821135876225485,2.3546720983388556,3.1423911032874834,155.4239990234375,158.7229995727539,162.5610008239746
153.44000244140625,153.44000244140625,155.19000244140625,152.35000610351562,154.74000549316406,22877000,2024-10-24,3,24,10,1.850883923815843,-0.8401208514983817,2.182128179977024,2.717783128669988,154.86199951171875,157.6490005493164,161.8585006713867
156.22999572753906,156.22999572753906,158.91000366210938,155.0500030517578,155.39999389648438,29758500,2024-10-25,4,25,10,2.47071670992253,0.5341067333680666,2.36210893568632,2.587225898612248,154.91399841308595,156.48300018310547,161.4525001525879
159.9199981689453,159.9199981689453,160.27999877929688,157.0399932861328,158.5,36010100,2024-10-28,0,28,10,2.0260164646457803,0.8958978983882099,2.279661025026501,2.5629261169254827,155.31799926757813,155.9479995727539,161.24449996948243
166.25,166.25,167.50999450683594,158.94000244140625,161.10000610351562,71896000,2024-10-29,1,29,10,5.154882445371241,3.196768281420933,2.6837309081114293,2.542791313560393,157.75,156.90899963378905,161.56949996948242
148.60000610351562,148.60000610351562,153.1199951171875,148.10000610351562,153.00999450683594,87701700,2024-10-30,2,30,10,3.3781889686968936,-2.8821570888451276,2.9761377024904574,2.6654049004146567,156.88800048828125,156.15599975585937,161.01050033569337
144.07000732421875,144.07000732421875,148.67999267578125,143.3300018310547,147.8000030517578,44386600,2024-10-31,3,31,10,3.713466073953067,-2.5236777067134852,3.3486541325179027,2.765391156247463,155.01400146484374,154.93800048828126,160.0715003967285
141.86000061035156,141.86000061035156,144.5399932861328,141.32000732421875,144.44000244140625,39027400,2024-11-01,4,1,11,2.269833602185322,-1.7862100439255357,3.308477510970461,2.8352932233283905,152.14000244140624,153.5270004272461,158.61950073242187
140.7100067138672,140.7100067138672,143.63999938964844,139.72000122070312,141.6999969482422,29117400,2024-11-04,0,4,11,2.7858702166908436,-0.69865226231205,3.4604482613794736,2.8700546432029874,148.29800415039062,151.80800170898436,157.10650100708008
141.66000366210938,141.66000366210938,143.0800018310547,140.8000030517578,141.94000244140625,27067300,2024-11-05,1,5,11,1.609486601973539,-0.1972655872064398,2.751369092699933,2.717550000405681,143.3800048828125,150.56500244140625,155.54950103759765
145.10000610351562,145.10000610351562,145.6300048828125,141.52000427246094,144.9499969482422,32911500,2024-11-06,2,6,11,2.8325295916386466,0.10349027832473967,2.642237217288284,2.8091874598893702,142.6800048828125,149.78400268554688,154.25350112915038
149.82000732421875,149.82000732421875,150.1199951171875,145.66000366210938,146.67999267578125,30326400,2024-11-07,3,7,11,2.976899771087621,2.140724574058393,2.494923956715194,2.921789044616548,143.8300048828125,149.42200317382813,153.53550186157227
147.9499969482422,147.9499969482422,150.7100067138672,147.52999877929688,149.38999938964844,27560300,2024-11-08,4,8,11,2.1493801961231433,-0.963921579282121,2.470833275502758,2.88965539323661,145.04800415039062,148.59400329589843,152.53850173950195
147.35000610351562,147.35000610351562,148.57000732421875,144.91000366210938,147.3800048828125,29868100,2024-11-11,0,11,11,2.483884296236925,-0.020354714549458853,2.410436091411975,2.935442176395724,146.37600402832032,147.33700408935547,151.6425018310547
143.6300048828125,143.6300048828125,147.4499969482422,141.5500030517578,147.0,33560300,2024-11-12,1,12,11,4.107772537707683,-2.2925136851615644,2.9100932785588034,2.830731185629368,146.77000427246094,145.07500457763672,150.99200210571288
139.3000030517578,139.3000030517578,144.49000549316406,139.07000732421875,142.86000061035156,35146600,2024-11-13,2,13,11,3.890881586651134,-2.491948441400045,3.121763677561301,2.8820004474247924,145.61000366210936,144.14500427246094,150.15050201416017
138.83999633789062,138.83999633789062,141.39999389648438,138.55999755859375,140.33999633789062,31681400,2024-11-14,3,14,11,2.0455174393544446,-1.0688328624353916,2.935487211214666,2.7152055839649303,143.41400146484375,143.62200317382812,149.28000183105468
134.89999389648438,134.89999389648438,137.35000610351562,133.64999389648438,136.57000732421875,44217500,2024-11-15,4,15,11,2.7427815970625304,-1.2228259047901668,3.0541674914025436,2.762500383452651,140.8040008544922,142.9260025024414,148.22650146484375
138.92999267578125,138.92999267578125,140.89999389648438,137.2100067138672,138.19000244140625,38705400,2024-11-18,0,18,11,2.6560047341458173,0.5354875326011823,3.088591578984322,2.7495138351981483,139.1199981689453,142.7480010986328,147.2780014038086
139.38999938964844,139.38999938964844,139.75,137.13999938964844,137.41000366210938,23131400,2024-11-19,1,19,11,1.8724446673219441,1.4409400151155396,2.641526004907174,2.775809641732989,138.2719970703125,142.52100067138673,146.5430015563965
137.60000610351562,137.60000610351562,140.77000427246094,135.47999572753906,138.9600067138672,28843100,2024-11-20,2,20,11,3.8444827836288282,-0.9786992981023255,2.632246244302713,2.877004960932007,137.93199768066407,141.77100067138673,145.7775016784668
137.49000549316406,137.49000549316406,140.27999877929688,134.92999267578125,138.8699951171875,29311400,2024-11-21,3,21,11,3.8911963704748156,-0.9937277112013383,3.001382030526787,2.9684346208707266,137.66199951171876,140.53800048828126,144.9800018310547
138.35000610351562,138.35000610351562,139.1300048828125,137.0399932861328,137.35000610351562,21784700,2024-11-22,4,22,11,1.5106696815870817,0.7280669498087513,2.7549596474316975,2.90456356941712,138.352001953125,139.5780014038086,144.08600234985352
141.1300048828125,141.1300048828125,142.35000610351562,139.0500030517578,140.49000549316406,30923100,2024-11-25,0,25,11,2.3382717619105695,0.4555479853544304,2.6914130529846476,2.8900023159844848,138.79200439453126,138.95600128173828,143.14650268554686
137.72000122070312,137.72000122070312,142.8000030517578,136.6199951171875,142.5500030517578,32092400,2024-11-26,1,26,11,4.487371391078151,-3.388286024308947,3.214398397735889,2.927962201321532,138.4580047607422,138.36500091552733,141.72000274658203
136.24000549316406,136.24000549316406,137.94000244140625,132.9600067138672,137.1999969482422,30175300,2024-11-27,2,27,11,3.655310868134791,-0.699702242296897,3.1765640146370817,2.9044051294698976,138.18600463867188,138.05900115966796,141.10200271606445
137.17999267578125,137.17999267578125,138.58999633789062,135.77999877929688,136.24000549316406,16085700,2024-11-29,4,29,11,2.0484018870266696,0.6899494603032382,2.8080051179474523,2.9046935742371196,138.1240020751953,137.89300079345702,140.75750198364258
142.05999755859375,142.05999755859375,142.82000732421875,137.8000030517578,137.9199981689453,33102400,2024-12-02,0,2,12,3.5337212154958664,3.0017397365225738,3.212615424729209,2.9837875360804533,138.86600036621093,138.60900115966797,140.7675018310547
141.97999572753906,141.97999572753906,143.4499969482422,141.0800018310547,142.5800018310547,22665300,2024-12-03,1,3,12,1.6692458011729645,-0.4208206591458609,3.0788102325816884,2.8851116427831682,139.03599853515624,138.91400146484375,140.83100128173828
143.99000549316406,143.99000549316406,144.1199951171875,141.17999267578125,142.9600067138672,25942700,2024-12-04,2,4,12,2.0418100765652287,0.7204803657839817,2.589697969679104,2.9020481837074965,140.28999938964844,139.3740020751953,140.947501373291
141.36000061035156,141.36000061035156,143.9499969482422,140.3800048828125,143.67999267578125,29576900,2024-12-05,3,5,12,2.525461269111131,-1.6146938917687919,2.3637280498743722,2.7701460322557265,141.31399841308593,139.7500015258789,140.7605010986328
138.58999633789062,138.58999633789062,142.7899932861328,137.39999389648438,141.47999572753906,33576800,2024-12-06,4,6,12,3.8891691551151353,-2.0426911767893836,2.7318815034920654,2.769943310719759,141.59599914550782,139.86000061035156,140.1990005493164
130.8699951171875,130.8699951171875,135.77000427246094,130.0,135.7100067138672,57055600,2024-12-09,0,9,12,4.40895888113558,-3.566436782281231,2.906929036620008,3.0597722306746085,139.35799865722657,139.11199951171875,139.34500045776366
127.73999786376953,127.73999786376953,131.55999755859375,127.06999969482422,131.55999755859375,38907200,2024-12-10,1,10,12,3.514950633205713,-2.903617942925911,3.2760700030265575,3.177440117804123,136.50999908447267,137.77299880981445,138.36450004577637
130.14999389648438,130.14999389648438,131.2100067138672,126.22000122070312,128.52000427246094,45588100,2024-12-11,2,11,12,3.8340420493088114,1.268276976219109,3.634516397575274,3.112107183627189,133.74199676513672,137.01599807739257,137.69049949645995
130.60000610351562,130.60000610351562,132.32000732421875,129.07000732421875,130.0,34267100,2024-12-12,3,12,12,2.4885144319396115,0.4615431565504808,3.62712703014097,2.995427540007671,131.58999786376953,136.45199813842774,137.25549964904786
126.91000366210938,126.91000366210938,131.3000030517578,124.7699966430664,131.3000030517578,67544700,2024-12-13,4,13,12,5.145383516083708,-3.343487652409209,3.878369902334684,3.305125702913375,129.25399932861328,135.42499923706055,136.65900001525878
126.69000244140625,126.69000244140625,127.76000213623047,123.12000274658203,126.01000213623047,42090300,2024-12-16,0,16,12,3.6624826744276238,0.5396399441693741,3.7290746609930934,3.3180018488065506,128.41800079345703,133.88799972534179,136.24850044250488
125.0199966430664,125.0199966430664,127.08000183105469,123.1500015258789,124.44999694824219,43314900,2024-12-17,1,17,12,3.1434973689816834,0.4580150331874072,3.6547840081482876,3.465427005587422,127.8740005493164,132.19199981689454,135.55300064086913
121.41000366210938,121.41000366210938,127.75,120.43000030517578,125.43000030517578,49724400,2024-12-18,2,18,12,6.029156967325505,-3.2049722022527365,4.093806991751626,3.86416169466345,126.12600250244141,129.93399963378906,134.65400085449218
118.87999725341797,118.87999725341797,123.37999725341797,118.44999694824219,122.16000366210938,46160700,2024-12-19,3,19,12,4.147039383477137,-2.6850084400486742,4.425511982059131,4.02631950610005,123.78200073242188,127.68599929809571,133.7180004119873
119.20999908447266,119.20999908447266,121.86000061035156,117.9000015258789,118.0,53591200,2024-12-20,4,20,12,3.321868228240305,1.025422952942929,4.06080892449045,3.969589413412568,122.24199981689453,125.74799957275391,132.80400009155272
124.5999984741211,124.5999984741211,126.33999633789062,120.47000122070312,120.70999908447266,47777900,2024-12-23,0,23,12,4.711071580315207,3.222599137728617,4.270526705667967,3.9998006833305313,121.8239990234375,125.12099990844726,132.11649971008302
126.29000091552734,126.29000091552734,127.51000213623047,124.66000366210938,127.51000213623047,24829600,2024-12-24,1,24,12,2.2567095205165106,-0.9567886442348948,4.093169135974933,3.8739765720616104,122.07799987792968,124.97600021362305,131.37449951171874
125.05999755859375,125.05999755859375,127.30000305175781,125.05000305175781,125.5199966430664,24998200,2024-12-26,3,26,12,1.799136449643555,-0.36647474249121254,3.247165032438543,3.670486012095085,122.80799865722656,124.46700057983398,130.7414993286133
125.19000244140625,125.19000244140625,126.18000030517578,122.26000213623047,124.37000274658203,32924000,2024-12-27,4,27,12,3.131238990733324,0.6593227279210253,3.04400495388978,3.734758467974456,124.06999969482422,123.92600021362304,130.1889991760254
122.44000244140625,122.44000244140625,124.0999984741211,122.3499984741211,123.55999755859375,30501600,2024-12-30,0,30,12,1.4292714514094065,-0.9064382804445943,2.6654855985236003,3.363147261507026,124.71600036621093,123.47900009155273,129.45199966430664
120.79000091552734,120.79000091552734,123.55000305175781,120.13999938964844,123.0999984741211,30203400,2024-12-31,1,31,12,2.823084391309931,-1.8765211918986118,2.2878881607225456,3.279207433195256,123.9540008544922,122.88899993896484,128.38849983215331
120.62999725341797,120.62999725341797,123.13999938964844,119.44000244140625,122.29000091552734,34256200,2025-01-02,3,2,1,3.0672279138573475,-1.3574320465137897,2.449991839390713,3.271580487682823,122.8220001220703,122.45,127.32099990844726
125.37000274658203,125.37000274658203,125.55999755859375,121.41999816894531,121.6500015258789,36785300,2025-01-03,4,3,1,3.302224853593462,3.057954109364939,2.7506095201806944,2.998887276309618,122.88400115966797,122.84599990844727,126.38999977111817
129.5500030517578,129.5500030517578,130.72999572753906,127.36000061035156,129.07000732421875,48020200,2025-01-06,0,6,1,2.601308404324097,0.37188789052543575,2.6446234028988487,2.844314178394314,123.75600128173828,123.91300048828126,125.79949989318848
127.33000183105469,127.33000183105469,131.7100067138672,126.8499984741211,130.50999450683594,39220400,2025-01-07,1,7,1,3.816860260627735,-2.436589387500653,3.122141164742515,2.893813381633058,124.73400115966797,124.72500076293946,125.23650016784669
121.83999633789062,121.83999633789062,125.30000305175781,120.12000274658203,124.51000213623047,46723100,2025-01-08,2,8,1,4.2514777255987735,-2.144410691936623,3.407819831600283,2.8478539961614144,124.94400024414062,124.44900054931641,124.78500022888184
116.04000091552734,116.04000091552734,118.70999908447266,114.44999694824219,118.18000030517578,59415600,2025-01-10,4,10,1,3.6711496920200704,-1.8107965680507063,3.5286041872328275,2.98929801331177,124.0260009765625,123.4240005493164,124.20000038146972
117.31999969482422,117.31999969482422,117.4800033569336,114.41000366210938,115.27999877929688,39128900,2025-01-13,0,13,1,2.616774380165343,1.769605254275651,3.3915140925472036,3.0710618063639488,122.41600036621094,122.65000076293946,123.55850067138672
116.08999633789062,116.08999633789062,118.66000366210938,114.5,118.0,37005300,2025-01-14,1,14,1,3.5834299193199226,-1.6186471712791313,3.587938395546369,3.116280899222609,119.7239990234375,121.7400001525879,122.83300018310547
119.95999908447266,119.95999908447266,120.41999816894531,117.45999908447266,117.55000305175781,38185800,2025-01-15,2,15,1,2.46748841869222,2.050187979709121,3.3180640271592656,3.22010259595089,118.2499984741211,121.49199981689453,122.48549995422363
118.44000244140625,118.44000244140625,121.08999633789062,118.25,120.23999786376953,29414100,2025-01-16,3,16,1,2.397835426671497,-1.4970022075371745,2.9473355673738104,3.1775776994870464,117.56999969482422,121.25699996948242,122.07299995422363
121.45999908447266,121.45999908447266,122.73999786376953,120.55000305175781,120.77999877929688,35765900,2025-01-17,4,17,1,1.80305847893892,0.5630073787451813,2.5737173247575806,3.051160755995204,118.65399932861328,121.34000015258789,121.89500007629394
122.27999877929688,122.27999877929688,123.75,121.12000274658203,122.38999938964844,31578800,2025-01-21,1,21,1,2.1507992146490365,-0.08987712304937406,2.4805222916543195,2.9360181921007613,119.64599914550782,121.03099975585937,121.93849983215333
123.75,123.75,125.6500015258789,121.91000366210938,123.08000183105469,35023800,2025-01-22,2,22,1,3.022220495975379,0.5443598951720711,2.3682804069854106,2.9781094012658897,121.1779998779297,120.4509994506836,122.18199996948242
123.04000091552734,123.04000091552734,123.70999908447266,120.62999725341797,121.43000030517578,24921100,2025-01-23,3,23,1,2.503252444844544,1.3258672538131737,2.3754332122158752,2.846748619687571,121.79400024414062,120.02199935913086,122.37350006103516
122.83999633789062,122.83999633789062,125.25,122.2300033569336,124.55000305175781,31570300,2025-01-24,4,24,1,2.4584799194876505,-1.3729479501952158,2.3875621107791063,2.6674488390764584,122.6739990234375,120.12199935913085,122.28549995422364
115.01000213623047,115.01000213623047,118.08000183105469,112.80000305175781,117.80000305175781,61067900,2025-01-27,0,27,1,4.5909039920220716,-2.368421768462519,2.945131213395736,2.7594242690766584,121.38399963378906,120.01899948120118,121.72150001525878
114.16999816894531,114.16999816894531,116.1500015258789,112.94999694824219,115.18000030517578,40554800,2025-01-28,1,28,1,2.802841927790389,-0.8768902010369962,3.075539756024007,2.778031023839163,119.76199951171876,119.70399932861328,121.17700004577637
117.3499984741211,117.3499984741211,118.5199966430664,114.95999908447266,115.7699966430664,40199100,2025-01-29,2,29,1,3.0336579504760945,1.3647766060890834,3.07782724692415,2.72305382695478,118.48199920654297,119.82999954223632,120.78499984741211
118.86000061035156,118.86000061035156,120.44000244140625,117.08999633789062,118.52999877929688,29788400,2025-01-30,3,30,1,2.8184469849513625,0.27841207665002315,3.1408661549455137,2.7581496835806942,117.64599914550782,119.71999969482422,120.60599975585937
115.94999694824219,115.94999694824219,119.56999969482422,115.33000183105469,119.13999938964844,40463400,2025-01-31,4,31,1,3.6567468524058553,-2.677524305647609,3.3805195415291545,2.88404082615413,116.26799926757812,119.47099914550782,120.36399955749512
114.2699966430664,114.2699966430664,115.16000366210938,112.9800033569336,113.87999725341797,34586100,2025-02-03,0,3,2,1.9077626404289019,0.34246522572403043,2.843891271210521,2.8945112423031287,116.11999816894532,118.75199890136719,120.04599952697754
119.5,119.5,119.8499984741211,114.79000091552734,115.44999694824219,69412100,2025-02-04,1,4,2,4.23430758041318,3.508014862549961,3.130184401735079,3.102862078879543,117.18599853515624,118.4739990234375,119.75249938964843
112.01000213623047,112.01000213623047,112.08999633789062,106.5,107.61000061035156,110385200,2025-02-05,2,5,2,4.9906224723501715,4.08884072197993,3.5215773061098945,3.299702276517022,116.11799926757813,117.29999923706055,118.87549934387206
110.16000366210938,110.16000366210938,112.55999755859375,109.0199966430664,110.93000030517578,50426600,2025-02-06,3,6,2,3.213508349532637,-0.6941284061553181,3.600589579026149,3.370727866985831,114.37799987792968,116.01199951171876,118.01699943542481
107.55999755859375,107.55999755859375,109.91999816894531,106.79000091552734,109.12999725341797,46082500,2025-02-07,4,7,2,2.910001231371254,-1.4386509065682636,3.4512404548192293,3.4158799981741916,112.7,114.48399963378907,117.30299949645996
110.4800033569336,110.4800033569336,111.4000015258789,108.1500015258789,108.44000244140625,34905400,2025-02-10,0,10,2,2.9417088172056376,1.8812254422712913,3.658029690174576,3.250960480692548,111.94200134277344,114.03099975585937,117.02499961853027
111.0999984741211,111.0999984741211,113.06999969482422,108.94000244140625,108.9800033569336,35033800,2025-02-11,1,11,2,3.7173693160580763,1.9453065258624076,3.554642037303555,3.3424132195193175,110.26200103759766,113.72399978637695,116.71399955749511
111.72000122070312,111.72000122070312,111.83999633789062,109.05999755859375,109.5199966430664,25319700,2025-02-12,2,12,2,2.488362646725165,2.008769763577233,3.054190072178554,3.2878836891442242,110.2040008544922,113.16100006103515,116.49549980163575
111.80999755859375,111.80999755859375,114.5999984741211,110.4000015258789,112.0,40911800,2025-02-13,3,13,2,3.7563697701014522,-0.16964503696986608,3.162762356292317,3.381675967659233,110.53399963378907,112.45599975585938,116.0879997253418
113.0999984741211,113.0999984741211,114.62999725341797,111.69999694824219,112.6500015258789,32477200,2025-02-14,4,14,2,2.5906280678210685,0.3994646623584913,3.09888772358228,3.2750640892007548,111.64199981689453,112.17099990844727,115.82099952697754
114.27999877929688,114.27999877929688,115.55000305175781,113.44999694824219,114.05000305175781,31720300,2025-02-18,1,18,2,1.8375972400658314,0.20166218446718195,2.8780654081543187,3.2680475491644474,112.4019989013672,112.17200012207032,115.46199951171874
114.69000244140625,114.69000244140625,116.11000061035156,113.13999938964844,114.25,28807700,2025-02-19,2,19,2,2.589590336978555,0.38512248700765866,2.6525096123384144,3.103575824820985,113.11999969482422,111.69100036621094,115.08249969482422
114.16999816894531,114.16999816894531,116.55000305175781,113.11000061035156,115.01000213623047,27219600,2025-02-20,3,20,2,3.013052900566608,-0.7303747080103201,2.7574476631067033,2.9058188676426284,113.60999908447266,111.90699996948243,114.60349960327149
110.83999633789062,110.83999633789062,115.76000213623047,110.43000030517578,114.8499984741211,41353700,2025-02-21,4,21,2,4.80873512013337,-3.491512572491705,2.967920733113087,3.0653415447027017,113.41599884033204,111.97499923706054,113.99349937438964
108.11000061035156,108.11000061035156,111.5999984741211,107.9800033569336,111.48999786376953,29072200,2025-02-24,0,24,2,3.348436866848824,-3.031659627034896,3.119482492918638,3.1091851082504585,112.41799926757812,112.02999954223633,113.25699958801269
103.95999908447266,103.95999908447266,108.63999938964844,103.62000274658203,107.88999938964844,39169200,2025-02-25,1,25,2,4.8287771135775115,-3.6425992468332953,3.7177184676209736,3.297891937887646,110.35399932861328,111.37799911499023,112.70449943542481
104.73999786376953,104.73999786376953,105.80000305175781,103.98999786376953,104.94999694824219,29178200,2025-02-26,2,26,2,1.7280935887954392,-0.2000944169404986,3.5454191179843506,3.0989643651613825,108.36399841308594,110.74199905395508,112.23299942016601
99.51000213623047,99.51000213623047,105.76000213623047,99.5,105.08000183105469,47263700,2025-02-27,3,27,2,6.290827054410516,-5.300722875680514,4.200973948753132,3.479210805929918,105.43199920654297,109.52099914550782,111.34099960327148
99.86000061035156,99.86000061035156,101.80000305175781,98.69000244140625,99.55999755859375,45194600,2025-02-28,4,28,2,3.114360696317858,0.30132890630220494,3.86209906399003,3.4150098985515585,103.23600006103516,108.3259994506836,110.39099960327148
98.2300033569336,98.2300033569336,102.33999633789062,97.08999633789062,101.5199966430664,38958000,2025-03-03,0,3,3,5.34459922690151,-3.240734234556845,4.261331536000567,3.690407014459602,101.26000061035157,106.83899993896485,109.50499992370605
100.75,100.75,103.18000030517578,95.88999938964844,96.0,54156900,2025-03-04,1,4,3,7.235732918637562,4.947916666666666,4.742722697012577,4.230220582316775,100.61800079345703,105.48600006103516,108.82900009155273
101.66999816894531,101.66999816894531,101.83999633789062,98.87000274658203,100.36000061035156,27855500,2025-03-05,2,5,3,2.9212094470321004,1.3052984761128341,4.9813458686599095,4.26338249332213,100.00400085449219,104.18399963378906,107.9375
98.8499984741211,98.8499984741211,101.08000183105469,98.2699966430664,99.05000305175781,28985000,2025-03-06,3,6,3,2.842696238102563,-0.2019228384396999,4.291719705398319,4.246346827075725,99.87200012207032,102.65199966430664,107.27949981689453
100.30999755859375,100.30999755859375,100.6500015258789,96.38999938964844,98.87999725341797,33254400,2025-03-07,4,7,3,4.246837045073287,1.4461977598066234,4.518214975149403,4.1901570195697175,99.96199951171874,101.59899978637695,106.78699951171875
96.62999725341797,96.62999725341797,101.29000091552734,95.83000183105469,98.56999969482422,38733200,2025-03-10,0,10,3,5.650418337644656,-1.9681469487801133,4.579378797298034,4.4203551666492995,99.64199829101562,100.4509994506836,106.24049949645996
96.76000213623047,96.76000213623047,98.16000366210938,94.7300033569336,96.79000091552734,34078300,2025-03-11,1,11,3,3.544853482275259,-0.030993676013141253,3.841202910025573,4.291962803519075,98.84399871826172,99.73099975585937,105.5544994354248
100.79000091552734,100.79000091552734,101.72000122070312,98.16999816894531,99.05000305175781,34241300,2025-03-12,2,12,3,3.5221778147745924,1.7566863302975455,3.9613965835740714,4.4713712261169904,98.66799926757812,99.33600006103515,105.03899955749512
98.11000061035156,98.11000061035156,100.06999969482422,97.2699966430664,99.72000122070312,28575200,2025-03-13,3,13,3,2.8539425485054832,-1.614521250143453,3.9636458456546557,4.1276827755264875,98.51999969482422,99.19599990844726,104.35849952697754
100.97000122070312,100.97000122070312,101.22000122070312,99.58000183105469,99.63999938964844,24715300,2025-03-14,4,14,3,1.6242442010708507,1.3348071449234282,3.439127276854168,3.9786711260017866,98.6520004272461,99.30699996948242,103.81649971008301
104.58999633789062,104.58999633789062,106.1500015258789,102.5999984741211,102.5999984741211,43689500,2025-03-17,0,17,3,3.394208983705381,1.9395690968469852,2.9878854060663134,3.783632101682174,100.24400024414062,99.94299926757813,103.39099960327148
103.51000213623047,103.51000213623047,104.55000305175781,102.97000122070312,103.8499984741211,27152800,2025-03-18,1,18,3,1.5264243053296747,-0.32739176012154725,2.5841995706771965,3.2127012403513846,101.59400024414063,100.21899948120117,102.85249977111816
106.2300033569336,106.2300033569336,107.9000015258789,101.95999908447266,104.41999816894531,32287500,2025-03-19,2,19,3,5.591642900968193,1.7333894078984766,2.9980925879159166,3.4797445857449945,102.68200073242187,100.675,102.42949981689453
107.13999938964844,107.13999938964844,108.26000213623047,105.12000274658203,105.12000274658203,26871800,2025-03-20,3,20,3,2.9307442668809793,1.921610150578203,3.013452931591016,3.488549388622835,104.48800048828124,101.50400009155274,102.07799987792968
106.44000244140625,106.44000244140625,107.25,104.33000183105469,105.33000183105469,30767900,2025-03-21,4,21,3,2.743327792154769,1.0538313785771705,3.237269649807799,3.338198463330984,105.58200073242188,102.11700057983398,101.85800018310547
113.8499984741211,113.8499984741211,114.8499984741211,109.4000015258789,109.7300033569336,53342000,2025-03-24,0,24,3,4.78699782282475,3.754665990290582,3.515827417631673,3.251856411848993,107.43400115966797,103.8390007019043,102.14500007629394
114.80999755859375,114.80999755859375,114.94999694824219,112.70999908447266,113.2699966430664,29077500,2025-03-25,1,25,3,1.9510477409655367,1.3595841451113981,3.6007521047588456,3.092475837718021,109.69400024414062,105.64400024414063,102.6875
110.19000244140625,110.19000244140625,115.9000015258789,108.68000030517578,114.11000061035156,39824000,2025-03-26,2,26,3,6.552319684848337,-3.435280122669378,3.7928874615348747,3.395490024725395,110.48600006103516,106.58400039672851,102.96000022888184
106.6500015258789,106.6500015258789,107.62000274658203,105.55000305175781,106.11000061035156,32773700,2025-03-27,3,27,3,1.9409279561256525,0.5089067122997113,3.5949241993838092,3.3041885654874124,110.38800048828125,107.43800048828125,103.31700019836425
103.22000122070312,103.22000122070312,106.51000213623047,102.4800033569336,105.52999877929688,31069100,2025-03-28,4,28,3,3.9042808870734316,-2.188948721040761,3.827114818367542,3.5321922340876704,109.74400024414062,107.66300048828126,103.48500022888183
102.73999786376953,102.73999786376953,102.81999969482422,98.80000305175781,100.23999786376953,30865300,2025-03-31,0,31,3,3.912786379844794,2.4940144186730806,3.65227252977155,3.5840499737016116,107.52200012207031,107.47800064086914,103.71049995422364
102.77999877929688,102.77999877929688,102.83000183105469,100.93000030517578,102.16000366210938,23523200,2025-04-01,1,1,4,1.8486101852937815,0.6068863498068305,3.6317850186372,3.6162685616980226,105.11600036621094,107.40500030517578,103.81199989318847
102.95999908447266,102.95999908447266,104.19000244140625,100.76000213623047,101.5199966430664,20794000,2025-04-02,2,2,4,3.331391157416063,1.4184421680677815,2.9875993131507443,3.3902433873428093,103.66999969482421,107.07799987792968,103.87649993896484
93.80000305175781,93.80000305175781,99.44999694824219,93.63999938964844,97.79000091552734,50472500,2025-04-03,3,3,4,6.1940270464467435,-4.080169573999861,3.838219131214963,3.716571665299386,101.1,105.74400024414062,103.62400016784667
85.76000213623047,85.76000213623047,91.08000183105469,83.66999816894531,90.0999984741211,65847000,2025-04-04,4,4,4,8.640395846001175,-4.816866161365338,4.785442123000512,4.306278470684027,97.60800018310547,103.67600021362304,102.89650039672851
83.63999938964844,83.63999938964844,89.0,77.75,80.68000030517578,70515400,2025-04-07,0,7,4,13.450502250233562,3.6688139232477996,6.692985297078264,5.172628913424908,93.78800048828126,100.65500030517578,102.24700050354004
78.20999908447266,78.20999908447266,88.93000030517578,76.4800033569336,86.1500015258789,69910200,2025-04-08,1,8,4,15.918676759982134,-9.216485549360232,9.506998612015936,6.569391815326567,88.8740005493164,96.99500045776367,101.31950035095215
96.83999633789062,96.83999633789062,97.91000366210938,78.87000274658203,79.22000122070312,97827400,2025-04-09,2,9,4,19.661298673632388,22.24185161030109,12.7729801152592,7.880289714204972,87.65,95.65999984741211,101.12200012207032
88.69999694824219,88.69999694824219,92.94999694824219,85.05999755859375,91.0,65210600,2025-04-10,3,10,4,8.895151816355048,-2.527475881052541,13.313205069240862,8.575712100227912,86.62999877929687,93.86499938964843,100.65149993896485
93.4000015258789,93.4000015258789,94.76000213623047,90.5,90.51000213623047,57892600,2025-04-11,4,11,4,4.561030049930057,3.193016596440442,12.497331910026638,8.641387016513573,88.15799865722656,92.88299942016602,100.27299995422364
94.5,94.5,97.37000274658203,93.44999694824219,97.11000061035156,36003000,2025-04-14,0,14,4,4.148154283957506,-2.687674383634332,10.636862316771426,8.664923806924845,90.32999877929687,92.05899963378906,99.7685001373291
95.29000091552734,95.29000091552734,96.8499984741211,94.62000274658203,94.66000366210938,28116500,2025-04-15,1,15,4,2.340220071480436,0.6655368994773713,7.921170979071087,8.71408479554351,93.74599914550781,91.30999984741212,99.35750007629395
88.29000091552734,88.29000091552734,90.47000122070312,85.30000305175781,87.61000061035156,62109000,2025-04-16,2,16,4,5.855700662968368,0.7761674471389466,5.1600513769382825,8.966515746098741,92.03600006103515,89.84300003051757,98.46049995422364
87.5,87.5,89.02999877929688,86.5199966430664,88.83999633789062,34801400,2025-04-17,3,17,4,2.868573869977679,-1.5083255213047673,3.95473578766281,8.633970428451835,91.79600067138672,89.2129997253418,97.4784999847412
85.55999755859375,85.55999755859375,86.13999938964844,83.75,86.0199966430664,33855400,2025-04-21,0,21,4,2.793360750170315,-0.5347583148385698,3.6012019277108607,8.04926691886875,90.22799987792969,89.19299926757813,96.43449974060059
86.26000213623047,86.26000213623047,87.16999816894531,85.16999816894531,86.12000274658203,35236700,2025-04-22,1,22,4,2.318571702376495,0.16256315046854067,3.2352854113946585,6.936073864083044,88.58000030517579,89.45499954223632,95.05499992370605
90.38999938964844,90.38999938964844,93.73999786376953,90.12000274658203,91.87999725341797,41102600,2025-04-23,2,23,4,4.004862420213786,-1.6216781762192563,3.568213881141328,5.744692430106207,87.6,90.67299957275391,93.8340000152588
94.47000122070312,94.47000122070312,94.75,90.37000274658203,91.58999633789062,33681900,2025-04-24,3,24,4,4.636389538288787,3.1444535407422514,3.3243516562054127,4.242201516571848,88.83600006103515,90.43600006103516,93.04799995422363
96.6500015258789,96.6500015258789,97.0999984741211,92.8499984741211,93.27999877929688,28575300,2025-04-25,4,25,4,4.397309811590664,3.612781722430715,3.630098844528009,3.7924173160954098,90.66600036621094,91.23100051879882,92.54799995422363
96.38999938964844,96.38999938964844,97.48999786376953,94.2699966430664,95.58000183105469,30456700,2025-04-28,0,28,4,3.340596785032171,0.8474550565770919,3.7395460515003807,3.6703739896056207,92.83200073242188,91.53000030517578,92.2064998626709
96.05999755859375,96.05999755859375,97.18000030517578,95.33000183105469,95.76000213623047,20700600,2025-04-29,1,29,4,1.9258781190293592,0.3132784207089935,3.6610073348309533,3.448146373112806,94.79199981689453,91.68600006103516,91.87249984741212
97.3499984741211,97.3499984741211,97.55000305175781,91.87000274658203,92.80999755859375,29730700,2025-04-30,2,30,4,5.83461776497687,4.891715370061403,4.02695840378357,3.7975861424624497,96.18399963378906,91.89199981689453,91.60099983215332
96.6500015258789,96.6500015258789,100.0999984741211,96.44999694824219,99.2699966430664,29591500,2025-05-01,3,1,5,3.776514711074873,-2.6392618170502335,3.8549834383407875,3.5896675472730997,96.61999969482422,92.72799987792969,91.28549995422364
98.80000305175781,98.80000305175781,99.87999725341797,98.30000305175781,98.4000015258789,29957900,2025-05-02,4,2,5,1.5991843652398,0.4065056094269542,3.2953583490706153,3.4627285967993116,97.05,93.85800018310547,91.53549995422364
100.58999633789062,100.58999633789062,102.05000305175781,98.76000213623047,99.0,41268900,2025-05-05,0,5,5,3.2707038823979495,1.6060569069602273,3.2813797685437707,3.5104629100220754,97.88999938964844,95.36100006103516,92.27699966430664
98.62000274658203,98.62000274658203,100.06999969482422,97.44000244140625,98.41000366210938,54264300,2025-05-06,1,6,5,2.6667990064613125,0.21339200961081947,3.429563946030161,3.5452856404305573,98.4020004272461,96.59700012207031,93.02599983215332
100.36000061035156,100.36000061035156,103.41999816894531,96.87999725341797,100.75,86474400,2025-05-07,2,7,5,6.516541326976418,-0.38709616838554595,3.565948658430071,3.7964535311068204,99.00400085449219,97.59400024414063,94.13349990844726
101.69999694824219,101.69999694824219,105.44000244140625,101.55999755859375,101.91999816894531,54231400,2025-05-08,3,8,5,3.8151474918796087,-0.2158567745835759,3.5736752145910176,3.714329326465902,100.01399993896484,98.31699981689454,94.37649993896484
102.83999633789062,102.83999633789062,103.54000091552734,101.5999984741211,102.58999633789062,31704300,2025-05-09,4,9,5,1.8864279565240227,0.2436884773605016,3.631123932847862,3.463241140959238,100.8219985961914,98.93599929809571,95.08349990844727
108.12000274658203,108.12000274658203,110.66999816894531,106.9800033569336,110.41999816894531,50543400,2025-05-12,0,12,5,3.412869698737008,-2.082951875116165,3.659557096115674,3.470468432329722,102.32799987792968,100.10899963378907,95.81949996948242
112.45999908447266,112.45999908447266,113.12999725341797,109.0,109.5999984741211,55659500,2025-05-13,1,13,5,3.672414446949962,2.6094896443149764,3.860680184213404,3.6451220651217824,105.09599914550782,101.74899978637696,96.71749992370606
117.72000122070312,117.72000122070312,122.5199966430664,116.58999633789062,119.83000183105469,86743700,2025-05-14,2,14,5,5.037377033371018,-1.760828321880859,3.564847325492324,3.565397991961197,108.56799926757813,103.78600006103515,97.83899993896485
114.98999786376953,114.98999786376953,117.5,114.01000213623047,117.0199966430664,43843200,2025-05-15,3,15,5,3.0350447244152376,-1.7347452038379076,3.4088267719994496,3.491250993295233,111.22599945068359,105.61999969482422,99.17399978637695
117.16999816894531,117.16999816894531,118.23999786376953,116.01000213623047,118.06999969482422,43419700,2025-05-16,4,16,5,1.9032139305180082,-0.7622609707844009,3.412183966798247,3.5216539498230546,114.09199981689453,107.45699920654297,100.65749969482422
114.73999786376953,114.73999786376953,115.52999877929688,114.05999755859375,115.0199966430664,37737400,2025-05-19,0,19,5,1.281158487076541,-0.2434348699954981,2.9858417244661535,3.3226994102909138,115.41599884033204,108.87199935913085,102.116499710083
113.51000213623047,113.51000213623047,114.51000213623047,112.08000183105469,114.3499984741211,29030800,2025-05-20,1,20,5,2.140780776534023,-0.7345836021858166,2.679514990382965,3.270097587298185,115.6259994506836,110.3609992980957,103.478999710083
112.05999755859375,112.05999755859375,116.0999984741211,111.08999633789062,113.8499984741211,43594600,2025-05-21,2,21,5,4.470821207729232,-1.5722450061641622,2.5662038252546084,3.0655255753734663,114.49399871826172,111.53099899291992,104.56249961853027
110.70999908447266,110.70999908447266,112.63999938964844,110.61000061035156,111.9000015258789,29252000,2025-05-22,3,22,5,1.8336182784609807,-1.0634516757634185,2.325918536063757,2.867372654031603,113.63799896240235,112.43199920654297,105.37449951171875
110.30999755859375,110.30999755859375,111.0199966430664,107.66999816894531,108.08999633789062,30867300,2025-05-23,4,23,5,3.0368947042553085,2.0538452177973756,2.552654690811217,2.982419328804732,112.26599884033203,113.17899932861329,106.0574993133545
114.55999755859375,114.55999755859375,115.4000015258789,112.2699966430664,113.18000030517578,37885000,2025-05-27,1,27,5,2.7321970578880324,1.219294265503603,2.8428624049735154,2.914352064719835,112.22999877929688,113.82299880981445,106.96599922180175
112.86000061035156,112.86000061035156,114.94999694824219,112.66000366210938,114.91999816894531,27483700,2025-05-28,2,28,5,2.029056595559484,-1.7925492441840472,2.820517568778608,2.7500162795807865,112.0999984741211,113.86299896240234,107.80599937438964
113.02999877929688,113.02999877929688,115.54000091552734,112.12999725341797,115.48999786376953,30501400,2025-05-29,3,29,5,3.0169014411543706,-2.130053796844328,2.5297336154636354,2.5479687203591217,112.29399871826172,113.39399871826171,108.58999938964844
110.7300033569336,110.7300033569336,112.11000061035156,108.62000274658203,111.58000183105469,36088500,2025-05-30,4,30,5,3.151808685961715,-0.7617838861555961,2.7933716969637823,2.5596451165137695,112.29799957275391,112.96799926757812,109.29399948120117
114.62999725341797,114.62999725341797,114.86000061035156,111.01000213623047,111.05999755859375,34078400,2025-06-02,0,2,6,3.3586308700764596,3.2144784560622157,2.857718930128012,2.705186810469615,113.16199951171875,112.7139991760254,110.08549919128419
117.30999755859375,117.30999755859375,117.68000030517578,113.27999877929688,114.5,37161500,2025-06-03,1,3,6,3.750747265748772,2.4541463393831875,3.06142897170016,2.952145688336838,113.71199951171874,112.97099914550782,110.92149925231934
118.58000183105469,118.58000183105469,119.30000305175781,115.7300033569336,117.41000366210938,31025000,2025-06-04,2,4,6,3.010625434051291,0.9965063729257808,3.257742739398522,3.0391301540885647,114.85599975585937,113.47799911499024,111.91949920654297
115.69000244140625,115.69000244140625,119.23999786376953,114.70999908447266,118.94999694824219,34091000,2025-06-05,3,5,6,3.915635477310317,-2.7406427830800486,3.437489546629711,2.983611581046673,115.38800048828125,113.84099960327148,112.68599929809571
116.19000244140625,116.19000244140625,118.37999725341797,115.87999725341797,117.69000244140625,27042100,2025-06-06,4,6,6,2.151648117281632,-1.2745347683604626,3.2374574328936943,3.0154145649287383,116.48000030517578,114.38899993896484,113.4104995727539
121.7300033569336,121.7300033569336,122.37000274658203,119.04000091552734,119.18000030517578,55437700,2025-06-09,0,9,6,2.735563738785533,2.1396232968855515,3.112844006635509,2.9852814683817606,117.9000015258789,115.53100051879883,114.35499992370606
123.23999786376953,123.23999786376953,124.08999633789062,120.80000305175781,121.11000061035156,41691900,2025-06-10,1,10,6,2.669582394645606,1.758729454779569,2.8966110324148757,2.979020002057518,119.08600158691407,116.39900054931641,115.11099967956542
121.13999938964844,121.13999938964844,124.47000122070312,119.87999725341797,124.44000244140625,32261900,2025-06-11,2,11,6,3.7890077517016874,-2.651882824666168,3.052287495944955,3.1550151176717383,119.5980010986328,117.2270004272461,115.54499969482421
118.5,118.5,122.25,118.02999877929688,120.62000274658203,44718400,2025-06-12,3,12,6,3.5611824647283754,-1.7575880436979223,2.981396893428567,3.2094432200291387,120.16000061035156,117.77400054931641,115.58399963378906
116.16000366210938,116.16000366210938,117.87999725341797,115.05999755859375,116.05000305175781,39702700,2025-06-13,4,13,6,2.4276856111567806,0.09478725330364937,3.0366043922035963,3.1370309125486457,120.15400085449218,118.31700057983399,115.64249992370605
126.38999938964844,126.38999938964844,128.13999938964844,117.77999877929688,118.63999938964844,100968500,2025-06-16,0,16,6,8.196851539189156,6.5323668576116,4.12886195228432,3.620852979459915,121.08600006103515,119.49300079345703,116.1034999847412
127.0999984741211,127.0999984741211,130.6999969482422,126.58000183105469,127.93000030517578,86623900,2025-06-17,1,17,6,3.2415382900467735,-0.6487937380401204,4.243253131364555,3.5699320818897156,121.85800018310547,120.47200088500976,116.72150001525878
126.79000091552734,126.79000091552734,129.2100067138672,125.7699966430664,128.00999450683594,49627100,2025-06-18,2,18,6,2.7131556478910794,-0.9530455774243817,4.028082710602432,3.540185103273694,122.98800048828124,121.29300079345703,117.38549995422363
128.24000549316406,128.24000549316406,132.80999755859375,127.55000305175781,129.0,79931000,2025-06-20,4,20,6,4.101679882660584,-0.5891430285549902,4.136182194188875,3.5587895438087207,124.93600158691406,122.54800109863281,118.19450035095215
129.5800018310547,129.5800018310547,133.25,126.81999969482422,130.47000122070312,65152900,2025-06-23,0,23,6,4.9621856878495505,-0.6821486788697994,4.643082209527429,3.8398433008655126,127.62000122070313,123.88700103759766,119.13800048828125
138.42999267578125,138.42999267578125,138.7899932861328,132.92999267578125,133.42999267578125,78572000,2025-06-24,1,24,6,4.233187112908652,3.74728342536104,3.8503493242713276,3.989605638277824,130.0279998779297,125.55699996948242,120.54400024414062
143.39999389648438,143.39999389648438,144.17999267578125,139.4600067138672,140.94000244140625,74607200,2025-06-25,2,25,6,3.291482679783976,1.7454174914611844,3.860338202218769,4.051795666791661,133.28799896240236,127.5729995727539,121.98600006103516
143.67999267578125,143.67999267578125,146.0,141.91000366210938,145.97000122070312,58180100,2025-06-26,3,26,6,2.8466011597869714,-1.5688213508057984,3.8870273045979467,3.9575550076001895,136.66599731445314,129.82699890136718,123.52699966430664
143.80999755859375,143.80999755859375,147.75,141.6300048828125,144.17999267578125,61937900,2025-06-27,4,27,6,4.2556117245562,-0.2566202912907002,3.91781367297707,4.026997933582972,139.77999572753907,132.35799865722657,125.06599960327148
141.89999389648438,141.89999389648438,146.0,141.00999450683594,144.0,42972500,2025-06-30,0,30,6,3.5165649808302715,-1.4583375718858507,3.628689531573214,4.135885870550321,142.243994140625,134.93199768066407,126.62449913024902
136.11000061035156,136.11000061035156,140.22999572753906,135.1199951171875,138.77000427246094,55257200,2025-07-01,1,1,7,3.754316793356132,-1.9168433957000717,3.53291546766271,3.6916323959670185,141.77999572753907,135.90399780273438,127.6984992980957
138.52000427246094,138.52000427246094,139.77999877929688,135.22000122070312,135.52999877929688,39228000,2025-07-02,2,2,7,3.2919415376457075,2.206157692093779,3.5330072392350567,3.6966727207269123,140.8039978027344,137.04599838256837,128.75899963378907
137.91000366210938,137.91000366210938,139.5,137.32000732421875,139.11000061035156,28646000,2025-07-03,3,3,7,1.580735710168211,-0.8626245007383692,3.2798341493113043,3.5834307269546253,139.65,138.15799865722656,129.7254997253418
134.8000030517578,134.8000030517578,137.44000244140625,133.5,136.55999755859375,37395000,2025-07-07,0,7,7,2.922850409649803,-1.2888067796579867,3.013281886330025,3.465547779653547,137.8480010986328,138.81399841308593,130.68099975585938
137.82000732421875,137.82000732421875,139.14999389648438,135.91000366210938,137.32000732421875,36124600,2025-07-08,1,8,7,2.350885257720956,0.3641130012609724,2.780145941708162,3.204417736640688,137.0320037841797,139.63799896240235,131.7625
138.41000366210938,138.41000366210938,140.64999389648438,137.58999633789062,138.69000244140625,37013100,2025-07-09,2,9,7,2.2108210950300293,-0.20188822147809024,2.4714468020429416,3.0021811348528256,137.49200439453125,139.63600006103516,132.59650001525878
144.16000366210938,144.16000366210938,145.82000732421875,141.85000610351562,143.0,61101500,2025-07-10,3,10,7,2.753885349509456,0.811191372104458,2.363835564415691,2.9484214018253736,138.62000427246093,139.71200103759764,133.6425003051758
146.4199981689453,146.4199981689453,147.39999389648438,141.60000610351562,142.60000610351562,50049200,2025-07-11,4,11,7,3.9611991978558074,2.678816200510324,2.8399282619532107,3.0598812056322573,140.32200317382814,139.98600158691406,134.90650024414063
146.24000549316406,146.24000549316406,147.5800018310547,141.89999389648438,145.08999633789062,44718600,2025-07-14,0,14,7,3.884031538029327,0.7926178125990548,3.032164487629115,3.02272318697957,142.61000366210936,140.2290023803711,136.29350051879882
155.61000061035156,155.61000061035156,158.67999267578125,153.55999755859375,153.75,93370100,2025-07-15,1,15,7,3.290273823729364,1.2097564945376016,3.2200422008307967,3.000094071269479,146.16800231933593,141.60000305175782,138.26600036621093
160.0800018310547,160.0800018310547,160.36000061035156,152.85000610351562,155.30999755859375,59492800,2025-07-16,2,16,7,4.691400812677301,3.0712796004399907,3.7161581443602514,3.0938024732015963,150.502001953125,143.99700317382812,139.95050048828125
160.41000366210938,160.41000366210938,161.9600067138672,158.67999267578125,161.80999755859375,50605100,2025-07-17,3,17,7,2.044769006423702,-0.8652085270425994,3.5743348757431,2.969085220079396,153.752001953125,146.18600311279297,141.61600074768066
156.99000549316406,156.99000549316406,160.8300018310547,155.80999755859375,159.58999633789062,48859800,2025-07-18,4,18,7,3.197658511248047,-1.629169060961536,3.4216267384215486,3.130777500187379,155.86600341796876,148.09400329589843,143.1260009765625
157.0,157.0,160.33999633789062,156.9199981689453,157.6199951171875,39021100,2025-07-21,0,21,7,2.178342782767715,-0.39334801192357943,3.0804889873692263,3.0563267374991705,158.01800231933595,150.31400299072266,144.5640007019043
154.72000122070312,154.72000122070312,156.22999572753906,149.33999633789062,156.1999969482422,49028000,2025-07-22,1,22,7,4.453205361483984,-0.9475004842858403,3.313075294920149,3.266558747875473,157.84000244140626,152.0040023803711,145.8210006713867
158.64999389648438,158.64999389648438,159.4499969482422,156.0,156.32000732421875,41510900,2025-07-23,2,23,7,2.1745963321582193,1.490523581817053,2.8097143988163333,3.2629362715882926,157.5540008544922,154.0280014038086,146.83200073242188
162.1199951171875,162.1199951171875,163.92999267578125,158.36000061035156,159.1199951171875,48440100,2025-07-24,3,24,7,3.4357218314764015,1.8853695902834726,3.0879049638268734,3.3311199197849866,157.8959991455078,155.8240005493164,147.76800079345702
166.47000122070312,166.47000122070312,167.17999267578125,162.36000061035156,163.50999450683594,53432300,2025-07-25,4,25,7,2.8954118039798793,1.810290999516508,3.02745562237324,3.224541180397394,159.79199829101563,157.8290008544922,148.90750122070312
173.66000366210938,173.66000366210938,174.6999969482422,168.6699981689453,169.0800018310547,68267800,2025-07-28,0,28,7,3.4723014235502703,2.7087779639552174,3.286247350529751,3.1833681689494884,163.1239990234375,160.5710006713867,150.4000015258789
177.44000244140625,177.44000244140625,182.30999755859375,174.67999267578125,175.2100067138672,108154800,2025-07-29,1,29,7,4.300047778308648,1.2727559169499005,3.2556158338946837,3.284345564407417,167.66799926757812,162.75400085449218,152.177001953125
179.50999450683594,179.50999450683594,180.3699951171875,173.8000030517578,175.61000061035156,64820300,2025-07-30,2,30,7,3.659958925116838,2.220826765519916,3.5526883524864075,3.18120137565137,171.83999938964843,164.6970001220703,154.3470016479492
176.30999755859375,176.30999755859375,182.5,173.0,182.02000427246094,71765300,2025-07-31,3,31,7,5.388236703277606,-3.137021525018772,3.943191326846649,3.5155481453367607,174.6779998779297,166.28699951171876,156.23650131225585
171.6999969482422,171.6999969482422,174.39999389648438,166.82000732421875,170.16000366210938,75396100,2025-08-01,4,1,8,4.4146690197965235,0.9050265943757339,4.247042770009978,3.6372491961916085,175.7239990234375,167.75799865722655,157.9260009765625
176.77999877929688,176.77999877929688,177.86000061035156,173.55999755859375,174.61000061035156,52951000,2025-08-04,0,4,8,2.4324035985124106,1.2427685478266166,4.039063205002405,3.6626552777660777,176.347998046875,169.73599853515626,160.02500076293944
174.30999755859375,174.30999755859375,177.99000549316406,171.8000030517578,177.57000732421875,88808500,2025-08-05,1,5,8,3.55114596299934,-1.8359011269694123,3.889282841940543,3.5724493379176137,175.7219970703125,171.69499816894532,161.8495002746582
163.1199951171875,163.1199951171875,166.17999267578125,157.8000030517578,165.0500030517578,133641800,2025-08-06,2,6,8,5.137316009605779,-1.1693474092000373,4.184754258838332,3.868721305662369,172.44399719238282,172.14199829101562,163.08499984741212
172.39999389648438,172.39999389648438,175.75,166.6999969482422,166.83999633789062,95448300,2025-08-07,3,7,8,5.249421909603886,3.3325327742955797,4.156991300103588,4.050091313475118,171.66199645996093,173.1699981689453,164.49699935913085
172.75999450683594,172.75999450683594,176.47999572753906,170.52000427246094,174.0399932861328,68866700,2025-08-08,4,8,8,3.4498678192782033,-0.7354624389076341,3.964031059999924,4.105536915004951,171.87399597167968,173.7989974975586,165.8139991760254
172.27999877929688,172.27999877929688,178.82000732421875,169.3800048828125,170.0399932861328,70651000,2025-08-11,0,11,8,5.479453510734914,1.3173403796803964,4.573441042444424,4.306252123723415,170.9739959716797,173.66099700927734,167.11599884033203
174.9499969482422,174.9499969482422,175.16000366210938,168.5,173.32000732421875,52243500,2025-08-12,1,12,8,3.8068041030487665,0.9404509318848108,4.6245726704543095,4.256927756197427,171.10199584960938,173.41199645996093,168.08299865722657
184.4199981689453,184.4199981689453,186.64999389648438,179.3800048828125,179.91000366210938,108305100,2025-08-13,2,13,8,3.9420827924593684,2.5068058557245094,4.385526027025028,4.28514014293168,175.36199645996095,173.9029968261719,169.29999847412108
180.9499969482422,180.9499969482422,185.44000244140625,179.55999755859375,179.8300018310547,66308800,2025-08-14,3,14,8,3.2495191942414783,0.6228077104952179,3.9855454839525466,4.071268392028068,177.0719970703125,174.36699676513672,170.32699813842774
177.50999450683594,177.50999450683594,180.13999938964844,176.25,180.05999755859375,51543100,2025-08-15,4,15,8,2.191425559138662,-1.4161963158574464,3.733857031924638,3.8489440459622806,178.0219970703125,174.9479965209961,171.35299758911134
176.13999938964844,176.13999938964844,178.8000030517578,174.36000061035156,176.75999450683594,35937500,2025-08-18,0,18,8,2.520723547627754,-0.35075533856928387,3.142111039303206,3.8577760408738158,178.79399719238282,174.88399658203124,172.30999755859375
166.5500030517578,166.5500030517578,173.1699981689453,166.10000610351562,173.10000610351562,64455000,2025-08-19,1,19,8,4.244966638176876,-3.783941548702686,3.229743546328828,3.9271581083915685,177.11399841308594,174.10799713134764,172.9014976501465
165.1999969482422,165.1999969482422,166.64999389648438,158.25,164.10000610351562,60233200,2025-08-20,2,20,8,5.084742162020818,0.670317369782838,3.4582754202411174,3.9219007236330734,173.2699981689453,174.3159973144531,173.22899780273437
163.7100067138672,163.7100067138672,165.8800048828125,162.25999450683594,165.86000061035156,37880500,2025-08-21,3,21,8,2.2112334173338755,-1.296270281305058,3.2506182648595976,3.6180818744060717,169.8220001220703,173.4469985961914,173.30849838256836
167.75999450683594,167.75999450683594,168.52999877929688,161.8000030517578,162.1699981689453,43998600,2025-08-22,4,22,8,4.01168094176638,3.4469978423919594,3.6146693413851407,3.674263186654889,167.87200012207032,172.9469985961914,173.372998046875
163.36000061035156,163.36000061035156,165.58999633789062,161.72000122070312,165.5500030517578,36134700,2025-08-25,0,25,8,2.368997981591751,-1.3228646336669436,3.58432422817794,3.363217633740573,165.31600036621094,172.05499877929688,172.8579978942871
166.6199951171875,166.6199951171875,169.77000427246094,164.91000366210938,168.64999389648438,52138600,2025-08-26,1,26,8,2.916817160469497,-1.2036755723471104,3.318694332636464,3.274218939482646,165.3299987792969,171.2219985961914,172.31699752807617
167.1300048828125,167.1300048828125,167.67999267578125,164.64999389648438,166.0399932861328,37031000,2025-08-27,2,27,8,1.812959187921664,0.6564753316999333,2.6643377378166333,3.0613065790288756,165.71600036621095,169.4929992675781,171.697998046875
168.5800018310547,168.5800018310547,170.99000549316406,166.64999389648438,168.5,36285200,2025-08-28,3,28,8,2.574452218258429,0.04747883148646142,2.736981498001544,2.993799881430571,166.68999938964845,168.25599975585936,171.31149826049804
162.6300048828125,162.6300048828125,168.57000732421875,161.89999389648438,166.80999755859375,37516800,2025-08-29,4,29,8,4.101342450638574,-2.505840619242851,2.754913799775983,3.184791570580562,165.66400146484375,166.76800079345702,170.85799865722657
162.32000732421875,162.32000732421875,162.38999938964844,156.6199951171875,158.4199981689453,38656100,2025-09-02,1,2,9,3.5547092238210065,2.461816185046483,2.9920560482218344,3.2881901381998873,165.45600280761718,165.38600158691406,170.13499908447267
162.1300048828125,162.1300048828125,164.75,160.5800018310547,161.80999755859375,30752800,2025-09-03,2,3,9,2.5720089085048663,0.19776733764727406,2.923094397828908,3.120894365232686,164.5580047607422,164.94400177001953,169.5259994506836
161.7899932861328,161.7899932861328,162.0500030517578,157.7899932861328,159.94000244140625,32103500,2025-09-04,3,4,9,2.633048978555171,1.1566780145600557,3.0871123559556097,2.8757250468861217,163.49000244140626,164.6030014038086,169.45949935913086
151.13999938964844,151.13999938964844,157.13999938964844,150.17999267578125,157.1199951171875,78256000,2025-09-05,4,5,9,4.605006445662244,-3.806005545684303,3.493223201436373,3.1151023497189585,160.002001953125,163.34600067138672,168.39649963378906
151.41000366210938,151.41000366210938,152.63999938964844,149.22000122070312,151.8000030517578,41849000,2025-09-08,0,8,9,2.258766320736292,-0.2569165888063013,3.124707975455916,2.9398108876159497,157.75800170898438,161.71100158691405,167.32900009155273
155.82000732421875,155.82000732421875,156.66000366210938,151.92999267578125,151.99000549316406,42802500,2025-09-09,1,9,9,3.035560752148001,2.5199037388198176,3.0208782811213153,3.0064671646715744,156.45800170898437,160.95700225830078,166.50600051879883
159.5399932861328,159.5399932861328,164.52999877929688,158.0,163.5399932861328,52465300,2025-09-10,2,10,9,4.093016832202951,-2.445884899237779,3.325079865860932,3.12408713184492,155.93999938964845,160.2490020751953,165.73550033569336
155.6699981689453,155.6699981689453,160.2100067138672,154.99000549316406,158.6199951171875,48817700,2025-09-11,3,11,9,3.353248077409219,-1.8597888280495454,3.4691196856317412,3.278116020793676,154.71600036621095,159.1030014038086,164.29800033569336
158.57000732421875,158.57000732421875,160.41000366210938,154.9199981689453,157.0,42232800,2025-09-12,4,12,9,3.4621966573659617,1.000004665107484,3.2405577279724853,3.3668904647044284,156.202001953125,158.102001953125,163.1790008544922
161.16000366210938,161.16000366210938,162.3000030517578,157.60000610351562,160.00999450683594,36808700,2025-09-15,0,15,9,2.9163544560946253,0.7187108272941706,3.3720753550441516,3.248391665250034,158.152001953125,157.9550018310547,162.36150131225585
160.4600067138672,160.4600067138672,161.9499969482422,159.22000122070312,161.3699951171875,27946500,2025-09-16,1,16,9,1.7013558602220429,-0.563914253488993,3.10523437665896,3.0630563288901373,159.0800018310547,157.76900177001954,161.5775016784668
159.16000366210938,159.16000366210938,161.6300048828125,155.75999450683594,159.27999877929688,41823800,2025-09-17,2,17,9,3.688119025454643,-0.07533596063983451,3.0242548153092983,3.174667340585115,159.00400390625,157.4720016479492,161.20800170898437
157.9199981689453,157.9199981689453,158.77000427246094,149.85000610351562,150.9600067138672,84549500,2025-09-18,3,18,9,5.648428490609883,4.6104869803498625,3.4832908979494315,3.476205291790586,159.45400390625,157.08500213623046,160.84400177001953
157.38999938964844,157.38999938964844,159.83999633789062,155.89999389648438,157.3800048828125,55448100,2025-09-19,4,19,9,2.5033372238931366,0.006350556948692154,3.2915190112548665,3.2660383696136757,159.21800231933594,157.71000213623046,160.5280014038086
159.7899932861328,159.7899932861328,162.67999267578125,157.4199981689453,157.4199981689453,46505500,2025-09-22,0,22,9,3.2918172149972924,1.505523532432003,3.3666115630354,3.3693434590397757,158.94400024414062,158.54800109863282,160.12950134277344
160.89999389648438,160.89999389648438,163.38999938964844,159.2100067138672,160.52000427246094,39448300,2025-09-23,1,23,9,2.5978824327802426,0.23672415518906706,3.5459168775470395,3.3255756271029995,159.03199768066406,159.05599975585938,160.0065010070801
160.8800048828125,160.8800048828125,165.10000610351562,158.42999267578125,162.97999572753906,38464100,2025-09-24,2,24,9,4.145955510501704,-1.2884960730010149,3.6374841745564526,3.3308694949328754,159.3759979248047,159.19000091552735,159.71950149536133
161.27000427246094,161.27000427246094,161.6300048828125,154.77999877929688,157.13999938964844,36809900,2025-09-25,3,25,9,4.247538861562092,2.628232721683823,3.3573062487468937,3.4202985733481626,160.0459991455078,159.7500015258789,159.42650146484374
159.4600067138672,159.4600067138672,162.11000061035156,157.0500030517578,160.52000427246094,30316900,2025-09-26,4,26,9,3.1732079176901946,-0.6603523114754893,3.491280387506305,3.3913996993805853,160.46000061035156,159.83900146484376,158.9705017089844
161.36000061035156,161.36000061035156,164.3000030517578,159.89999389648438,160.1199951171875,39828800,2025-09-29,0,29,9,2.7268276763945227,0.7744226398811316,3.3782824797857516,3.3724470214105757,160.7740020751953,159.85900115966797,158.90700149536133
161.7899932861328,161.7899932861328,162.27999877929688,159.3300018310547,160.7899932861328,29669300,2025-09-30,1,30,9,1.8233494472213656,0.6219292504232252,3.223375882673976,3.3846463801105076,160.952001953125,159.99199981689452,158.88050079345703
164.00999450683594,164.00999450683594,164.17999267578125,160.49000549316406,160.92999267578125,39895200,2025-10-01,2,1,10,2.2498550735963767,1.9138768229859024,2.8441557952929104,3.2408199849246815,161.5779998779297,160.47699890136718,158.9745002746582
169.72999572753906,169.72999572753906,171.05999755859375,166.1199951171875,168.67999267578125,55475200,2025-10-02,3,2,10,2.91050643124757,0.6224822725573724,2.576749309230006,2.96702777898845,163.2699981689453,161.65799865722656,159.37150039672852
164.6699981689453,164.6699981689453,170.67999267578125,163.13999938964844,170.67999267578125,42699100,2025-10-03,4,3,10,4.578850652805047,-3.5212062132275506,2.8578778562529763,3.174579121879641,164.31199645996094,162.38599853515626,160.04800033569336
203.7100067138672,203.7100067138672,226.7100067138672,203.00999450683594,226.4499969482422,248859600,2025-10-06,0,6,10,11.6341914613554,-10.041947688598333,4.639350613245152,4.008816546515452,172.78199768066406,166.7779998779297,162.66300048828126
211.50999450683594,211.50999450683594,218.89999389648438,209.27999877929688,214.85000610351562,115748100,2025-10-07,1,7,10,4.54824611934666,-1.5545783112849698,5.184329947670211,4.203852915172094,182.7259979248047,171.83899993896483,165.4474998474121
235.55999755859375,235.55999755859375,235.8699951171875,210.6999969482422,212.9499969482422,159983500,2025-10-08,2,8,10,10.685175084825032,10.617516287566305,6.871393949915941,4.857774872604426,197.03599853515624,179.30699920654297,169.24850006103514
232.88999938964844,232.88999938964844,240.10000610351562,229.52999877929688,236.3000030517578,94290700,2025-10-09,3,9,10,4.538626541251375,-1.4430823605882337,7.1970179719167025,4.8868836405733544,209.66799926757812,186.46899871826173,173.1095001220703
214.89999389648438,214.89999389648438,234.22000122070312,213.1999969482422,232.77000427246094,118656600,2025-10-10,4,10,10,9.781295890862662,-7.677110472988365,8.237507019528227,5.547692437890602,219.71399841308593,192.01299743652345,175.9259994506836
216.4199981689453,216.4199981689453,224.19000244140625,214.89999389648438,220.1999969482422,63104000,2025-10-13,0,13,10,4.292583228685621,-1.7166207228355959,6.7691853729942695,5.704267993119711,222.25599670410156,197.5189971923828,178.6889991760254
218.08999633789062,218.08999633789062,224.97999572753906,215.89999389648438,219.1999969482422,71216300,2025-10-14,1,14,10,4.16341968156434,-0.5063871468089743,6.692220085437806,5.938275016554009,223.5719970703125,203.14899749755858,181.57049865722655
238.60000610351562,238.60000610351562,239.24000549316406,220.75999450683594,222.7100067138672,108481000,2025-10-15,2,15,10,7.745184624308286,7.134838539187667,6.104221993334457,6.487807971625199,224.17999877929688,210.60799865722657,185.54249877929686
234.55999755859375,234.55999755859375,241.1999969482422,232.24000549316406,236.2899932861328,69726400,2025-10-16,3,16,10,3.819914541412755,-0.7321493828323669,5.960479593366733,6.578748782641718,224.51399841308594,217.09099884033202,189.3744987487793
233.0800018310547,233.0800018310547,235.3800048828125,227.91000366210938,233.25999450683594,55804200,2025-10-17,4,17,10,3.204908684580184,-0.07716397154248202,4.645202152110238,6.441354585819231,228.15,223.93199920654297,193.15899887084962
240.55999755859375,240.55999755859375,242.8800048828125,234.39999389648438,236.47000122070312,56741700,2025-10-20,0,20,10,3.525112683900252,1.7296047349673473,4.491708043153163,5.630446708073716,232.97799987792968,227.61699829101562,197.19749908447267
238.02999877929688,238.02999877929688,242.25999450683594,234.02000427246094,239.38999938964844,47122400,2025-10-21,1,21,10,3.4617444341606616,-0.5681108708881056,4.351372993672428,5.521796539555117,236.96600036621095,230.2689987182617,201.0539993286133
230.22999572753906,230.22999572753906,240.1300048828125,224.8800048828125,236.85000610351562,59668800,2025-10-22,2,22,10,6.623811094557504,-2.7950222526417323,4.127098287722271,5.115660140528364,235.29199829101563,229.73599853515626,204.5214988708496
234.99000549316406,234.99000549316406,235.89999389648438,228.5399932861328,230.16000366210938,39024400,2025-10-23,3,23,10,3.1320483587825048,2.098540908152513,3.989525051196222,4.975002322281477,235.37799987792968,229.9459991455078,208.20749893188477
252.9199981689453,252.9199981689453,253.38999938964844,241.9499969482422,243.36000061035156,71221100,2025-10-24,4,24,10,4.523170379656798,3.9283356075842755,4.253177390211544,4.44918977116089,239.34599914550782,233.7479995727539,212.88049850463867
259.6700134277344,259.6700134277344,260.4200134277344,249.8000030517578,257.8800048828125,65613100,2025-10-27,0,27,10,4.08981007694679,0.6941245971106997,4.366116868820852,4.428912455987008,243.16800231933593,238.0730010986328,217.7959991455078
258.010009765625,258.010009765625,264.5799865722656,257.0,259.1400146484375,47448700,2025-10-28,1,28,10,2.937865309625486,-0.43605958900076547,4.261341043913816,4.306357018793122,247.16400451660155,242.06500244140625,222.60699996948242
264.3299865722656,264.3299865722656,267.0799865722656,257.3999938964844,264.19000244140625,49335600,2025-10-29,2,29,10,3.6620864705165865,0.052986157525177956,3.668996119105633,3.8980472034139524,253.98400268554687,244.63800048828125,227.6229995727539
254.83999633789062,254.83999633789062,263.8800048828125,252.30999755859375,259.9200134277344,45162500,2025-10-30,3,30,10,4.540106533700524,-1.954453996385372,3.950607754089237,3.970066402642729,257.95400085449216,246.66600036621094,231.87849960327148
256.1199951171875,256.1199951171875,262.1300048828125,253.41000366210938,259.6000061035156,34449200,2025-10-31,4,31,10,3.4046546099273876,-1.3405280834009183,3.7269046001433552,3.99004099517745,258.5940002441406,248.96999969482422,236.45099945068358
259.6499938964844,259.6499938964844,260.9100036621094,253.88999938964844,259.3299865722656,36351400,2025-11-03,0,3,11,2.7036412237543237,0.12339773292263517,3.449670829504862,3.907893849162857,258.5899963378906,250.87899932861328,239.24799880981445
250.0500030517578,250.0500030517578,257.3800048828125,247.38999938964844,250.35000610351562,56491800,2025-11-04,1,4,11,3.995203107874481,-0.11983345094617899,3.6611383891546607,3.9612397165342386,256.9979949951172,252.08099975585938,241.17499923706055
256.3299865722656,256.3299865722656,259.6499938964844,242.80999755859375,243.24000549316406,67366600,2025-11-05,2,5,11,6.56965521790133,5.3815082977661906,4.24265213863161,3.9558241288686213,255.3979949951172,254.69099884033204,242.21349868774413
237.6999969482422,237.6999969482422,253.50999450683594,235.74000549316406,253.47000122070312,66049700,2025-11-06,3,6,11,7.475805318390975,-6.22164524263744,4.8297918955697,4.390199824829468,251.9699951171875,254.96199798583984,242.45399856567383
233.5399932861328,233.5399932861328,235.8699951171875,224.63999938964844,230.94000244140625,52162600,2025-11-07,4,7,11,4.808596407631171,1.1258295735864245,5.110580255110456,4.418742427626905,247.45399475097656,253.02399749755858,243.38599853515626
243.97999572753906,243.97999572753906,248.89999389648438,240.5,242.13999938964844,43361600,2025-11-10,0,10,11,3.442902714804922,0.7598894616868845,5.258432553320576,4.354051691412719,244.3199951171875,251.45499572753906,244.76399841308594
237.52000427246094,237.52000427246094,248.4600067138672,234.63999938964844,241.66000366210938,61336800,2025-11-11,1,11,11,5.818460372022273,-1.7131504290784552,5.623084006150134,4.642111197652397,241.81399536132812,249.40599517822267,245.73549880981446
258.8900146484375,258.8900146484375,263.510009765625,250.0,253.1300048828125,108942000,2025-11-12,2,12,11,5.2184360157617755,2.2755144212522804,5.352840165722224,4.7977461521769165,242.3260009765625,248.86199798583985,246.74999923706054
247.9600067138672,247.9600067138672,259.6300048828125,246.05999755859375,251.89999389648438,63178600,2025-11-13,3,13,11,5.472659685752398,-1.5641076927680606,4.952211039194507,4.891001467382104,244.3780029296875,248.1739990234375,247.4199996948242
246.80999755859375,246.80999755859375,253.44000244140625,235.0800018310547,240.11000061035156,47655600,2025-11-14,4,14,11,7.438920948083888,2.79038646087669,5.478275947285051,5.294428101197754,247.0320037841797,247.2429992675781,248.10649948120118
240.52000427246094,240.52000427246094,248.77000427246094,237.14999389648438,242.75,37942200,2025-11-17,0,17,11,4.831203296842379,-0.9186388166999228,5.755936063692543,5.5071843085065595,246.34000549316406,245.3300003051758,248.10449981689453
230.2899932861328,230.2899932861328,238.0,224.7100067138672,236.77999877929688,45619900,2025-11-18,1,18,11,5.770981663810351,-2.740943291926194,5.746440322050159,5.684762164100146,244.89400329589844,243.35399932861327,247.71749954223634
223.5500030517578,223.5500030517578,235.27999877929688,219.7100067138672,230.25999450683594,52093400,2025-11-19,2,19,11,6.964881168811623,-2.9140934661487274,6.095729352660127,5.724284759191176,237.8260009765625,240.0760009765625,247.38349990844728
206.02000427246094,206.02000427246094,234.25,204.52999877929688,232.6999969482422,66342900,2025-11-20,3,20,11,14.425784197828914,-11.465403105147223,7.886354255075432,6.419282647134969,229.43800048828126,236.9080017089844,245.93499984741212
203.77999877929688,203.77999877929688,208.8300018310547,195.0,208.80999755859375,67421100,2025-11-21,4,21,11,6.7867317273042165,-2.408887906760986,7.755916410919497,6.6170961791022735,220.83200073242188,233.93200225830077,243.47799987792968
215.0500030517578,215.0500030517578,217.1300048828125,205.85000610351562,207.16000366210938,46749600,2025-11-24,0,24,11,5.245291150533966,3.8086499566381113,7.838733981657815,6.797335022675178,215.73800048828124,231.03900299072265,241.24699935913085
206.1300048828125,206.1300048828125,206.5800018310547,194.27999877929688,201.47999572753906,69773500,2025-11-25,1,25,11,5.967109474795055,2.307925974726362,7.877959543854755,6.812199932952457,210.9060028076172,227.9000030517578,238.65299911499022
214.24000549316406,214.24000549316406,215.58999633789062,207.0,210.0500030517578,43270200,2025-11-26,2,26,11,4.009520219212613,1.994764284946858,7.286887353934953,6.691308353297541,209.04400329589845,223.43500213623048,236.14850006103515
217.52999877929688,217.52999877929688,218.3000030517578,214.02000427246094,216.13999938964844,18658000,2025-11-28,4,28,11,1.9675441563530307,0.6431014127758014,4.795239345639776,6.340796800357603,211.34600219726562,220.39200134277343,234.28300018310546
219.75999450683594,219.75999450683594,220.97999572753906,213.5,213.8800048828125,30768700,2025-12-01,0,1,12,3.4037112825402747,2.7492002477020496,4.1186352566869875,5.937275833803242,214.54200134277343,217.68700103759767,232.4650001525879
215.24000549316406,215.24000549316406,225.97999572753906,214.38999938964844,221.7899932861328,42002500,2025-12-02,1,2,12,5.3846850223476315,-2.953238645225335,4.146514031049721,5.992624006353767,214.5800018310547,215.15900115966798,230.24450073242187
217.60000610351562,217.60000610351562,218.1999969482422,211.77000427246094,216.25999450683594,28545200,2025-12-03,2,3,12,2.9549597865003756,0.6196299041510103,3.544084093390785,5.71102181862277,216.8740020751953,213.89000244140624,228.62200088500975
215.97999572753906,215.97999572753906,219.1199951171875,214.13999938964844,216.8800048828125,24478200,2025-12-04,3,4,12,2.3057671201278183,-0.4149802356191123,3.2033334735738266,5.245110413754389,217.2220001220703,213.13300170898438,226.60450134277343
217.97000122070312,217.97000122070312,223.63999938964844,216.24000549316406,217.1699981689453,33292400,2025-12-05,4,5,12,3.394959790357386,0.36837641410092836,3.4888166003746974,4.142027973007236,217.31000061035155,214.3280014038086,225.61800155639648
221.11000061035156,221.11000061035156,223.7100067138672,218.36000061035156,219.08999633789062,30943200,2025-12-08,0,8,12,2.4196129025134456,0.9219974924576632,3.291996924369331,3.7053160905281595,217.5800018310547,216.06100158691407,224.99650192260742
221.6199951171875,221.6199951171875,224.83999633789062,217.91000366210938,221.0399932861328,25166100,2025-12-09,1,9,12,3.1269708638504534,0.26239678278667167,2.8404540926698956,3.493484061859808,218.8559997558594,216.71800079345704,223.87850189208984
221.4199981689453,221.4199981689453,222.61000061035156,218.6699981689453,222.0,23279400,2025-12-10,2,10,12,1.7794248369562333,-0.26126208606067003,2.6053471027610677,3.0747155980759264,219.6199981689453,218.24700012207032,223.07350158691406
221.42999267578125,221.42999267578125,221.5,210.19000244140625,217.80999755859375,30694600,2025-12-11,3,11,12,5.107708048906408,1.661996766798399,3.1657352885167853,3.1845343810453057,220.70999755859376,218.96599884033202,221.20050048828125
210.77999877929688,210.77999877929688,222.49000549316406,209.05999755859375,218.3699951171875,37073900,2025-12-12,4,12,12,6.371576056717118,-3.4757505644571176,3.7610585417887323,3.624937571081715,219.2719970703125,218.29099884033204,219.34150009155275
207.5800018310547,207.5800018310547,215.36000061035156,206.5800018310547,212.27999877929688,27222200,2025-12-15,0,15,12,4.22969395021142,-2.214055481095361,4.123074751328327,3.707535837848829,216.5659973144531,217.0729995727539,217.38000030517577
209.1699981689453,209.1699981689453,210.22000122070312,205.11000061035156,206.9199981689453,23467600,2025-12-16,1,16,12,2.442989269533887,1.0873767735890505,3.9862784324650136,3.413366262567455,214.07599792480468,216.46599884033202,215.8125
198.11000061035156,198.11000061035156,211.5,197.52999877929688,210.0399932861328,31595400,2025-12-17,2,17,12,7.051638573349825,-5.6798671953532605,5.0407211797437315,3.8230341412524,209.41399841308595,214.51699829101562,214.20350036621093
201.05999755859375,201.05999755859375,206.36000061035156,200.5,203.82000732421875,29720100,2025-12-18,3,18,12,2.914553208747462,-1.354140744993018,4.602090211711943,3.8839127501143644,205.33999938964843,213.0249984741211,213.07900009155273
213.42999267578125,213.42999267578125,215.17999267578125,204.1999969482422,204.60000610351562,58445500,2025-12-19,4,19,12,5.144542053289873,4.3157313337508745,4.356683411026493,4.058870976407613,205.8699981689453,212.5709976196289,213.44949951171876
214.9499969482422,214.9499969482422,220.1699981689453,213.30999755859375,220.0,24950700,2025-12-22,0,22,12,3.1914401989981798,-2.2954559326171875,4.1490326607838455,4.136053706056086,207.3439971923828,211.95499725341796,214.00799942016602
214.89999389648438,214.89999389648438,217.02999877929688,212.27999877929688,212.86000061035156,20272300,2025-12-23,1,23,12,2.210330449003194,0.958373240760766,4.102500896677706,4.04438966457136,208.48999633789063,211.28299713134766,214.00049896240233
215.0399932861328,215.0399932861328,216.5399932861328,213.97000122070312,214.97999572753906,7956800,2025-12-24,2,24,12,1.1951228355973993,0.027908437894747007,2.9311977491272216,3.985959464435477,211.87599487304686,210.6449966430664,214.44599838256835
214.99000549316406,214.99000549316406,216.8300018310547,213.02999877929688,215.42999267578125,15792600,2025-12-26,4,26,12,1.76752544521361,-0.20423673470544154,2.701792196420451,3.6519412040661967,214.66199645996093,210.0009979248047,214.48349838256837
215.61000061035156,215.61000061035156,216.0500030517578,209.24000549316406,211.5800018310547,20326900,2025-12-29,0,29,12,3.1584794486878724,1.9047162985256063,2.304579675500051,3.330631543263272,215.097998046875,210.48399810791017,214.3874984741211
215.33999633789062,215.33999633789062,216.82000732421875,214.3300018310547,215.8699951171875,16409600,2025-12-30,1,30,12,1.156313520715858,-0.2455175759878806,1.8975543398435868,3.0232935003137165,215.17599792480468,211.25999755859374,214.16649856567383
214.16000366210938,214.16000366210938,217.63999938964844,213.8000030517578,215.82000732421875,17591600,2025-12-31,2,31,12,1.7930501831467902,-0.7691611554880592,1.8140982866723057,2.9582995916750066,215.0279998779297,211.75899810791014,214.11249847412108
223.47000122070312,223.47000122070312,227.14999389648438,218.89999389648438,218.89999389648438,36446200,2026-01-02,4,2,1,3.6917706873112452,2.0877146878221753,2.3134278570150753,2.6223128030711482,216.71400146484376,214.2949981689453,214.40599822998047
221.0800018310547,221.0800018310547,234.02000427246094,220.47999572753906,230.25,31941100,2026-01-05,0,5,1,6.124483640663665,-3.9826267834724485,3.1848194961050864,2.943305846262769,217.93200073242187,216.2969985961914,214.66099853515624
214.35000610351562,214.35000610351562,222.9199981689453,211.25,222.7100067138672,40033200,2026-01-06,1,6,1,5.4443656807313285,-3.7537606566068242,3.641996742513777,2.973288209006914,217.68000183105468,216.38899993896484,214.47999877929686
210.02000427246094,210.02000427246094,212.1300048828125,207.1699981689453,212.1300048828125,29715500,2026-01-07,2,7,1,2.3616829887464075,-0.9946733426594674,3.883070636119888,2.890312487981737,216.61600341796876,215.89600067138673,213.92549896240234
204.67999267578125,204.67999267578125,210.94000244140625,203.3300018310547,210.89999389648438,27505000,2026-01-08,3,8,1,3.7179992586798716,-2.9492657186875384,4.2680604512265035,3.041079368949405,214.72000122070312,214.8740005493164,213.07849884033203
203.1699981689453,203.1699981689453,207.3000030517578,203.07000732421875,205.72000122070312,24217300,2026-01-09,4,9,1,2.081998211183535,-1.2395503775163244,3.9461059560009617,3.129766906508018,210.66000061035157,213.68700103759767,212.16599884033204
207.69000244140625,207.69000244140625,209.8800048828125,199.8000030517578,201.17999267578125,27287300,2026-01-12,0,12,1,4.853388084435345,3.2359131139429143,3.6918868447552975,3.4383531704301915,207.98200073242188,212.95700073242188,211.47899932861327
220.97000122070312,220.97000122070312,223.11000061035156,214.97999572753906,215.10000610351562,56894900,2026-01-13,1,13,1,3.679234664388816,2.728960925441629,3.338860641486795,3.490428692000286,209.30599975585938,213.49300079345704,211.9884994506836
223.60000610351562,223.60000610351562,224.08999633789062,215.11000061035156,217.5399932861328,40466500,2026-01-14,2,14,1,4.016098158504421,2.785700562844097,3.669743675438397,3.7764071557791423,212.02200012207032,214.31900177001953,212.78949966430665
227.9199981689453,227.9199981689453,238.35000610351562,227.22000122070312,227.89999389648438,55270200,2026-01-15,3,15,1,4.883294564859729,0.008777653794068878,3.9028027366743694,4.085431593950437,216.6700012207031,215.69500122070312,213.72699966430665
231.8300018310547,231.8300018310547,234.49000549316406,228.86000061035156,234.3000030517578,42545600,2026-01-16,4,16,1,2.4285057319351386,-1.0542045192195288,3.9721042408246903,3.959105098412826,222.402001953125,216.53100128173827,215.4129997253418
231.9199981689453,231.9199981689453,239.5,225.41000366210938,226.0800018310547,44327700,2026-01-20,1,20,1,6.07536928644962,2.5831547640621233,4.216500481227545,3.954193662991422,227.2480010986328,217.61500091552733,216.95599975585938
249.8000030517578,249.8000030517578,252.89999389648438,235.77999877929688,235.99000549316406,62385600,2026-01-21,2,21,1,6.853480747812596,5.851941708181275,4.851349697912301,4.095105169699548,233.01400146484374,221.16000061035157,218.7745002746582
253.72999572753906,253.72999572753906,256.0799865722656,246.6300048828125,251.75,37945000,2026-01-22,3,22,1,3.724424328450597,0.7864928411277309,4.793014931901536,4.231379303669967,239.03999938964844,225.53099975585937,220.71350021362304
259.67999267578125,259.67999267578125,266.9599914550781,256.25,261.17999267578125,47525900,2026-01-23,4,23,1,4.1243036649534615,-0.5743165793951308,4.6412167519202825,4.272009744297327,245.39199829101562,231.03099975585937,222.9525001525879
251.30999755859375,251.30999755859375,258.2900085449219,250.3000030517578,256.75,30672500,2026-01-26,0,26,1,3.1793424737514333,-2.1187935506937685,4.791384100283541,4.381744170554116,249.28799743652343,235.84499969482422,224.76600036621093
252.02999877929688,252.02999877929688,255.5500030517578,247.9600067138672,252.16000366210938,25691600,2026-01-27,1,27,1,3.011544806036046,-0.051556504173716856,4.178619204200826,4.1975598427141865,253.30999755859375,240.27899932861328,226.61800003051758
252.74000549316406,252.74000549316406,257.3999938964844,250.2100067138672,254.1300048828125,27061200,2026-01-28,2,28,1,2.844815631220542,-0.5469639015233211,3.3768861808824155,4.114117939397358,253.897998046875,243.45599975585938,228.4745002746582
252.17999267578125,252.17999267578125,260.5299987792969,240.91000366210938,254.66000366210938,31685200,2026-01-29,3,29,1,7.780155320415218,-0.973851783030161,4.18803237927534,4.490523655588438,253.58799743652344,246.31399841308593,230.31650009155274
236.72999572753906,236.72999572753906,245.24000549316406,234.5500030517578,236.92999267578125,40035700,2026-01-30,4,30,1,4.5156940963703445,-0.08441183236597086,4.266310465558717,4.453763608739499,248.997998046875,247.19499816894532,231.44499969482422
246.27000427246094,246.27000427246094,249.97000122070312,235.0,235.77000427246094,36308100,2026-02-02,0,2,2,6.078694506433296,4.453492730087061,4.846180872095089,4.818782486189315,247.98999938964843,248.63899841308594,232.58499984741212
242.11000061035156,242.11000061035156,252.64999389648438,237.0399932861328,251.5500030517578,53097100,2026-02-03,1,3,2,6.447482785097374,-3.752733980076286,5.533368467907355,4.855993836054091,246.00599975585936,249.65799865722656,233.63649978637696
200.19000244140625,200.19000244140625,218.5800018310547,199.14999389648438,215.0,107173300,2026-02-04,2,4,2,9.705783354619467,-6.888370957485465,6.90556201258714,5.141224096734779,235.49599914550782,244.6969985961914,232.9284996032715
192.5,192.5,204.0399932861328,190.72000122070312,201.86000061035156,62196400,2026-02-05,3,5,2,6.919476397625813,-4.6368773318390515,6.733426228029259,5.460729303652299,223.56000061035155,238.5739990234375,232.05249938964843
208.44000244140625,208.44000244140625,209.27000427246094,196.42999267578125,197.1300048828125,54504500,2026-02-06,4,6,2,6.160051547825659,5.7373293148940885,7.0622977183203215,5.664304091939519,217.902001953125,233.45,232.2404998779297
216.0,216.0,217.60000610351562,204.14999389648438,206.89999389648438,38810800,2026-02-09,0,9,2,6.226857503255209,4.398263108730934,7.091930317684704,5.9690555948898965,211.8480010986328,229.91900024414062,232.88199996948242
213.57000732421875,213.57000732421875,219.38999938964844,213.1300048828125,215.13999938964844,25326700,2026-02-10,1,10,2,2.9311206125177938,-0.7297536812697548,6.388657883168788,5.9610131755380715,206.14000244140624,226.0730010986328,233.17600021362304
213.5800018310547,213.5800018310547,219.64999389648438,209.2100067138672,217.8800048828125,33299800,2026-02-11,2,11,2,4.888092093413966,-1.973564785841906,5.4251196309276875,6.165340821757414,208.81800231933593,222.15700073242186,232.80650024414064
