Adj Close,Close,High,Low,Open,Volume,date,day_of_week,day,month,hl_pct,oc_pct,volatility_5d,volatility_10d,ma_5,ma_10,ma_20
AMZN,AMZN,AMZN,AMZN,AMZN,AMZN,,,,,,,,,,,
171.9600067138672,171.9600067138672,174.47000122070312,171.47000122070312,174.30999755859375,28484800,2024-03-11,0,11,3,1.7445916974124391,-1.3481675621827833,2.1264006257559056,1.8131214331772896,174.352001953125,175.10200042724608,173.1129997253418
175.38999938964844,175.38999938964844,176.75999450683594,171.97999572753906,173.5,36610600,2024-03-12,1,12,3,2.7253542368043315,1.089336824004863,2.254518828294981,1.9842396288453845,174.6060028076172,175.28700103759766,173.2654998779297
176.55999755859375,176.55999755859375,177.6199951171875,175.5500030517578,175.89999389648438,30772600,2024-03-13,2,13,3,1.1724015032016148,0.3752152842584983,2.1201428891404053,1.9986847490401007,175.21600341796875,175.6270004272461,173.66149978637696
178.75,178.75,179.52999877929688,176.47000122070312,177.69000244140625,43705800,2024-03-14,3,14,3,1.7118867460664335,0.5965431617028015,1.9795427363076228,1.9226458125925643,175.602001953125,175.8260009765625,174.05
174.4199981689453,174.4199981689453,177.92999267578125,173.89999389648438,176.63999938964844,72147400,2024-03-15,4,15,3,2.310514173606039,-1.2567941736718682,1.9329496714181715,2.004444150326811,175.41600036621094,175.4460006713867,174.28099975585937
174.47999572753906,174.47999572753906,176.69000244140625,174.27999877929688,175.8000030517578,31250700,2024-03-18,0,18,3,1.3812492670350243,-0.7508573955087604,1.8602811853426886,1.993340905549297,175.9199981689453,175.13600006103516,174.52949981689454
175.89999389648438,175.89999389648438,176.08999633789062,173.52000427246094,174.22000122070312,26880900,2024-03-19,1,19,3,1.4610529588432537,0.9642938032430751,1.607420929750473,1.9309698790227265,176.0219970703125,175.31399993896486,174.97049942016602
178.14999389648438,178.14999389648438,178.52999877929688,174.63999938964844,176.13999938964844,29947200,2024-03-20,2,20,3,2.1835529177221056,1.1411346166690532,1.8096512126545712,1.9648970508974881,176.33999633789062,175.7779998779297,175.4484992980957
178.14999389648438,178.14999389648438,181.4199981689453,178.14999389648438,179.99000549316406,32824300,2024-03-21,3,21,3,1.8355343163025883,-1.022285427259221,1.8343807267018022,1.906961731504713,176.2199951171875,175.91099853515624,175.6269989013672
178.8699951171875,178.8699951171875,179.25999450683594,176.75,177.75,27995400,2024-03-22,4,22,3,1.403250726982747,0.6300957058720112,1.6529280373771438,1.7929388543976579,177.10999450683593,176.26299743652345,175.82099838256835
179.7100067138672,179.7100067138672,180.99000549316406,177.24000549316406,178.00999450683594,29815500,2024-03-25,0,25,3,2.0866951532480433,0.9550094149157261,1.7940172146197475,1.8271491999812182,178.15599670410157,177.03799743652343,176.06999893188475
178.3000030517578,178.3000030517578,180.4499969482422,177.9499969482422,180.14999389648438,29659000,2024-03-26,1,26,3,1.4021312154853343,-1.0269169622007215,1.7822328659481639,1.6948268978493186,178.63599853515626,177.32899780273436,176.30799942016603
179.8300018310547,179.8300018310547,180.0,177.30999755859375,179.8800048828125,33272600,2024-03-27,2,27,3,1.4958585408531737,-0.02779800444768071,1.6446939905743776,1.7271726016144744,178.9720001220703,177.65599822998047,176.6414993286133
180.3800048828125,180.3800048828125,181.6999969482422,179.25999450683594,180.1699981689453,38051600,2024-03-28,3,28,3,1.3527011727222464,0.11656031303850284,1.5481273618583091,1.6912540442800554,179.41800231933593,177.81899871826172,176.8224998474121
180.97000122070312,180.97000122070312,183.0,179.9499969482422,180.7899932861328,29174500,2024-04-01,0,1,4,1.6853638896969236,0.09956742145867412,1.6045499944011443,1.6287390158891442,179.83800354003907,178.4739990234375,176.95999984741212
180.69000244140625,180.69000244140625,180.7899932861328,178.3800048828125,179.07000732421875,32611500,2024-04-02,1,2,4,1.3337696445611695,0.9046713860095988,1.4539648926637694,1.6239910536417586,180.03400268554688,179.09499969482422,177.1154998779297
182.41000366210938,182.41000366210938,182.8699951171875,179.8000030517578,179.89999389648438,31046600,2024-04-03,2,3,4,1.6830173805140891,1.3952250421249464,1.5101421256695204,1.6461874958088418,180.8560028076172,179.74600067138672,177.53000030517578
180.0,180.0,185.10000610351562,180.0,184.0,41624300,2024-04-04,3,4,4,2.8333367241753473,-2.1739130434782608,1.7776377623339552,1.7111658764541662,180.89000244140624,179.93100128173828,177.854500579834
185.07000732421875,185.07000732421875,186.27000427246094,181.97000122070312,182.3800048828125,42374000,2024-04-05,4,5,4,2.32344673992732,1.4749437270465584,1.97178687577497,1.7599571188166394,181.8280029296875,180.6230026245117,178.267000579834
185.19000244140625,185.19000244140625,187.2899932861328,184.80999755859375,186.89999389648438,39221300,2024-04-08,0,8,4,1.3391628569818332,-0.9149232268168042,1.902546669231952,1.753548331816548,182.67200317382813,181.2550033569336,178.7590003967285
185.6699981689453,185.6699981689453,187.33999633789062,184.1999969482422,187.24000549316406,36520100,2024-04-09,1,9,4,1.6911721983167582,-0.8384999349276719,1.9740271799830698,1.7139960363234195,183.66800231933593,181.85100250244142,179.44449996948242
185.9499969482422,185.9499969482422,186.27000427246094,182.6699981689453,182.77000427246094,35879200,2024-04-10,2,10,4,1.9360076163473454,1.7398876191088424,2.0246252271497207,1.767383676409621,184.3760009765625,182.61600189208986,179.9724998474121
189.0500030517578,189.0500030517578,189.77000427246094,185.50999450683594,186.74000549316406,40020700,2024-04-11,3,11,4,2.253377253032205,1.2370126864317306,1.9086333329210923,1.8431355476275235,186.18600158691407,183.53800201416016,180.5970001220703
186.1300048828125,186.1300048828125,188.3800048828125,185.0800018310547,187.72000122070312,38608800,2024-04-12,4,12,4,1.7729559797924548,-0.8470042230722449,1.7985351808941192,1.8851610283345448,186.39800109863282,184.11300201416014,180.96600036621095
183.6199951171875,183.6199951171875,188.69000244140625,183.0,187.42999267578125,48052400,2024-04-15,0,15,4,3.0987923933746173,-2.032757673519377,2.1504610881726762,2.0265038787023135,186.08399963378906,184.37800140380858,181.42600021362304
183.32000732421875,183.32000732421875,184.8300018310547,182.25999450683594,183.27000427246094,32891300,2024-04-16,1,16,4,1.4019240789541587,0.027283816550511323,2.0926114643001563,2.0333193221416126,185.61400146484374,184.64100189208983,181.86800079345704
181.27999877929688,181.27999877929688,184.57000732421875,179.82000732421875,184.30999755859375,31359700,2024-04-17,2,17,4,2.620255975278876,-1.6439687588480447,2.2294611360864627,2.1270431816180917,184.68000183105468,184.5280014038086,182.13700103759766
179.22000122070312,179.22000122070312,182.38999938964844,178.64999389648438,181.47000122070312,30723800,2024-04-18,3,18,4,2.0868237181621137,-1.2398743510579242,2.196150429112444,2.0523918810167685,182.71400146484376,184.45000152587892,182.19050140380858
174.6300048828125,174.6300048828125,179.0,173.44000244140625,178.74000549316406,56000700,2024-04-19,4,19,4,3.183872990397527,-2.2994296095110895,2.4783338312334586,2.1384345060637893,180.41400146484375,183.40600128173827,182.014501953125
177.22999572753906,177.22999572753906,178.8699951171875,174.55999755859375,176.94000244140625,37924900,2024-04-22,0,22,4,2.4318668749615258,0.1638935696459278,2.3449487275508405,2.247704907861758,179.13600158691406,182.61000061035156,181.93250198364257
179.5399932861328,179.5399932861328,179.92999267578125,175.97999572753906,178.0800018310547,37046500,2024-04-23,1,23,4,2.200065219979751,0.8198514375933271,2.504576955755959,2.2985942100280576,178.37999877929687,181.99700012207032,181.92400131225585
176.58999633789062,176.58999633789062,180.32000732421875,176.17999267578125,179.94000244140625,34185100,2024-04-24,2,24,4,2.3444219572415177,-1.8617350550534115,2.449410152148487,2.339435644117475,177.44199829101564,181.06100006103514,181.8385009765625
173.6699981689453,173.6699981689453,173.9199981689453,166.32000732421875,169.67999267578125,49249400,2024-04-25,3,25,4,4.376110396070442,2.3514884873834414,2.9072674877301528,2.5517089584212984,176.33199768066407,179.52299957275392,181.53050079345704
179.6199951171875,179.6199951171875,180.82000732421875,176.1300048828125,177.8000030517578,43919800,2024-04-26,4,26,4,2.611069240006606,1.0236175670367595,2.7927067376519683,2.6355202844427135,177.32999572753906,178.87199859619142,181.49250030517578
180.9600067138672,180.9600067138672,183.52999877929688,179.38999938964844,182.75,54063900,2024-04-29,0,29,4,2.2877979863222366,-0.9794764903599521,2.7638929599241107,2.554420843737476,178.07599792480468,178.6059997558594,181.49200057983398
175.0,175.0,182.99000549316406,174.8000030517578,181.08999633789062,94639800,2024-04-30,1,30,4,4.680001395089286,-3.362966735350458,3.2598801949460174,2.882228575350988,177.16799926757812,177.7739990234375,181.20750045776367
179.0,179.0,185.14999389648438,176.55999755859375,181.63999938964844,94645100,2024-05-01,2,1,5,4.798880635693087,-1.453424024729924,3.7507719306363314,3.1000910413924094,177.65,177.5459991455078,181.0370002746582
184.72000122070312,184.72000122070312,185.10000610351562,179.91000366210938,180.85000610351562,54303500,2024-05-02,3,2,5,2.809659163657781,2.1398921684151766,3.4374816841537994,3.1723745859419763,179.86000061035156,178.09599914550782,181.27300033569335
186.2100067138672,186.2100067138672,187.8699951171875,185.4199981689453,186.99000549316406,39172000,2024-05-03,4,3,5,1.315717125775569,-0.41713394105728824,3.178411261307592,2.98555899947978,181.1780029296875,179.25399932861328,181.3300003051758
188.6999969482422,188.6999969482422,188.75,184.8000030517578,186.27999877929688,34725300,2024-05-06,0,6,5,2.093268156928279,1.2991186304507698,3.1395052954288003,2.9516991276764557,182.7260009765625,180.4009994506836,181.50550003051757
188.75999450683594,188.75999450683594,189.94000244140625,187.30999755859375,188.9199981689453,34048900,2024-05-07,1,7,5,1.3933062933614646,-0.08469387235875826,2.482166275083236,2.8710232350146265,185.47799987792968,181.3229995727539,181.6599998474121
188.0,188.0,188.42999267578125,186.38999938964844,187.44000244140625,26136400,2024-05-08,2,8,5,1.0851028117727726,0.2987609642017612,1.7394107102991732,2.7450913204677523,187.2779998779297,182.46399993896483,181.7625
189.5,189.5,191.6999969482422,187.44000244140625,188.8800048828125,43368400,2024-05-09,3,9,5,2.248018209412104,0.32824814758564086,1.6270825194500378,2.5322821018019184,188.23399963378907,184.0470001220703,181.7849998474121
187.47999572753906,187.47999572753906,189.88999938964844,186.92999267578125,189.16000366210938,34141800,2024-05-10,4,10,5,1.5788386928325442,-0.888141204295628,1.6797068328614326,2.429059047084512,188.48799743652344,184.83300018310547,181.85249938964844
186.57000732421875,186.57000732421875,188.30999755859375,185.36000061035156,188.0,24898600,2024-05-13,0,13,5,1.5811742683354908,-0.7606344020113032,1.5772880551428752,2.358396675285838,188.06199951171874,185.3940002441406,182.0
187.07000732421875,187.07000732421875,187.72000122070312,183.4499969482422,183.82000732421875,38698200,2024-05-14,1,14,5,2.2825702171810027,1.7680338758053158,1.7551408399067827,2.1186535574950094,187.7240020751953,186.6010009765625,182.1875
185.99000549316406,185.99000549316406,186.72000122070312,182.72999572753906,185.97000122070312,75459900,2024-05-15,2,15,5,2.145279517888241,0.010756720078308265,1.9671761811298765,1.853293445714525,187.32200317382814,187.3000015258789,182.42300033569336
183.6300048828125,183.6300048828125,187.30999755859375,183.4600067138672,185.60000610351562,38834500,2024-05-16,3,16,5,2.096602266706641,-1.061423036594291,1.9368929925887841,1.7819877560194108,186.14800415039062,187.19100189208984,182.64350051879882
184.6999969482422,184.6999969482422,185.3000030517578,183.35000610351562,183.75999450683594,33175700,2024-05-17,4,17,5,1.0557644723668447,0.5115381309892679,1.832278148495644,1.7559924906785387,185.59200439453124,187.04000091552734,183.14700012207032
183.5399932861328,183.5399932861328,186.6699981689453,183.27999877929688,184.33999633789062,30511800,2024-05-20,0,20,5,1.847008561433006,-0.4339823519858527,1.8854450071151472,1.7313665311290112,184.98600158691406,186.5240005493164,183.4625
183.14999389648438,183.14999389648438,183.25999450683594,180.75,182.3000030517578,50839100,2024-05-21,1,21,5,1.3704584168616332,0.4662593694445725,1.7030226470512733,1.729081743479028,184.20199890136718,185.96300048828124,183.64300003051758
183.1300048828125,183.1300048828125,185.22000122070312,181.97000122070312,183.8800048828125,28148800,2024-05-22,2,22,5,1.7746955241330995,-0.4078746900610418,1.628905848300245,1.7980410147150607,183.62999877929687,185.4760009765625,183.97000045776366
181.0500030517578,181.0500030517578,184.75999450683594,180.0800018310547,183.66000366210938,33670200,2024-05-23,3,23,5,2.5849172034774024,-1.4211045182996629,1.726568835654397,1.8317309141215907,183.11399841308594,184.6310012817383,184.3390007019043
180.75,180.75,182.44000244140625,180.3000030517578,181.64999389648438,27471600,2024-05-24,4,24,5,1.1839554022951246,-0.4954549555323675,1.7522070216400532,1.7922425850678487,182.3239990234375,183.95800170898437,184.39550094604493
182.14999389648438,182.14999389648438,182.24000549316406,179.49000549316406,179.92999267578125,29927000,2024-05-28,1,28,5,1.509744766482299,1.2338138782139456,1.6847542626499117,1.7850996348825294,182.0459991455078,183.51600036621093,184.4550003051758
182.02000427246094,182.02000427246094,184.0800018310547,181.5500030517578,181.6999969482422,32009300,2024-05-29,2,29,5,1.38995644429817,0.17611850830680262,1.688653868137219,1.6958382575942461,181.82000122070312,183.01100006103516,184.80600051879884
179.32000732421875,179.32000732421875,181.33999633789062,178.36000061035156,181.30999755859375,29184700,2024-05-30,3,30,5,1.6618311431089197,-1.0975623303573743,1.6660809919323831,1.647493420116314,181.05800170898436,182.34400024414063,184.82200088500977
176.44000244140625,176.44000244140625,179.2100067138672,173.8699951171875,178.3000030517578,58903900,2024-05-31,4,31,5,3.026531128309775,-1.04318596663828,1.7544037768988576,1.7404863062766274,180.13600158691406,181.625,184.40800094604492
178.33999633789062,178.33999633789062,178.6999969482422,175.9199981689453,177.6999969482422,30786600,2024-06-03,0,3,6,1.5588195785480279,0.36015723164860103,1.8293766121494386,1.7907918168947456,179.65400085449218,180.98899993896484,184.0145004272461
179.33999633789062,179.33999633789062,179.82000732421875,176.44000244140625,177.63999938964844,27198400,2024-06-04,1,4,6,1.884691062692064,0.9569899538860563,1.9043658713913914,1.7945600670206516,179.09200134277344,180.56900024414062,183.5465003967285
181.27999877929688,181.27999877929688,181.5,178.75,180.10000610351562,32116400,2024-06-05,2,5,6,1.5169903014772441,0.6551874712891618,1.9297726428272064,1.8092132554822125,178.94400024414062,180.3820007324219,183.17250061035156
185.0,185.0,185.0,181.49000549316406,181.75,31371200,2024-06-06,3,6,6,1.8972943280194257,1.7881705639614855,1.9768652798093076,1.8214731358708451,180.0799987792969,180.56900024414062,183.02250061035156
184.3000030517578,184.3000030517578,186.2899932861328,183.36000061035156,184.89999389648438,28021500,2024-06-07,4,7,6,1.589795239969913,-0.32449478882214855,1.689518102141335,1.721960939520096,181.6519989013672,180.8940002441406,182.76250076293945
187.05999755859375,187.05999755859375,187.22999572753906,183.7899932861328,184.07000732421875,34445600,2024-06-10,0,10,6,1.838983473913882,1.6243766585549522,1.745550881214506,1.787463746681972,183.3959991455078,181.525,182.7415008544922
187.22999572753906,187.22999572753906,187.77000427246094,184.5399932861328,187.05999755859375,27265100,2024-06-11,1,11,6,1.7251567911311088,0.09087895389930341,1.7136440269023148,1.809004949146853,184.9739990234375,182.03300018310546,182.7745002746582
186.88999938964844,186.88999938964844,188.35000610351562,185.42999267578125,188.02000427246094,33984200,2024-06-12,2,12,6,1.5624235846062666,-0.6010024769359132,1.722730683528119,1.8262516631776626,186.09599914550782,182.5199996948242,182.7654998779297
183.8300018310547,183.8300018310547,187.6699981689453,182.6699981689453,186.08999633789062,39721500,2024-06-13,3,13,6,2.7199042322782274,-1.2144631905588197,1.8872526643798797,1.9320589720945935,185.86199951171875,182.97099914550782,182.65749969482422
183.66000366210938,183.66000366210938,183.72000122070312,182.22999572753906,183.0800018310547,25456400,2024-06-14,4,14,6,0.8112846909800335,0.31680239526647497,1.7315505545819037,1.7105343283616192,185.73399963378907,183.69299926757813,182.65899963378905
184.05999755859375,184.05999755859375,185.0,181.22000122070312,182.52000427246094,35601900,2024-06-17,0,17,6,2.0536775124608746,0.8437394532568343,1.7744893622913023,1.7600201217529041,185.13399963378907,184.26499938964844,182.62699966430665
182.80999755859375,182.80999755859375,184.2899932861328,181.42999267578125,183.74000549316406,36659200,2024-06-18,1,18,6,1.564466193614429,-0.5061542977938536,1.7423512427879662,1.7279976348451407,184.25,184.61199951171875,182.5904998779297
186.10000610351562,186.10000610351562,186.50999450683594,182.72000122070312,182.91000366210938,44726800,2024-06-20,3,20,6,2.0365358204366095,1.7440284170018159,1.8371736899540347,1.7799521867410768,184.09200134277344,185.09400024414063,182.73800048828124
189.0800018310547,189.0800018310547,189.27999877929688,185.86000061035156,187.8000030517578,70792500,2024-06-21,4,21,6,1.8087572116701816,0.6815754837576368,1.6549442858324255,1.7710984751061525,185.14200134277343,185.5020004272461,183.03550033569337
185.57000732421875,185.57000732421875,191.0,185.3300018310547,189.3300018310547,50610400,2024-06-24,0,24,6,3.055449665979143,-1.9859475362975503,2.1037772808322472,1.9176639177070753,185.5240020751953,185.62900085449218,183.2615005493164
186.33999633789062,186.33999633789062,188.83999633789062,185.4199981689453,186.80999755859375,45366400,2024-06-25,1,25,6,1.8353537813448402,-0.2515931839010421,2.0601125346090408,1.9173009484501715,185.9800018310547,185.55700073242187,183.54100036621094
193.61000061035156,193.61000061035156,194.8000030517578,186.25999450683594,186.9199981689453,65103900,2024-06-26,2,26,6,4.410933587107935,3.5790726016162138,2.6294060133077415,2.185878628047854,188.14000244140624,186.19500122070312,184.1140007019043
197.85000610351562,197.85000610351562,199.83999633789062,194.1999969482422,195.00999450683594,74397500,2024-06-27,3,27,6,2.850644031164485,1.4563415602681495,2.792227655453317,2.314700672703676,190.49000244140626,187.29100189208984,184.90550079345704
193.25,193.25,198.85000610351562,192.5,197.72999572753906,76930200,2024-06-28,4,28,6,3.285902252789457,-2.2657137633848166,3.087656663677172,2.3713004747547988,191.32400207519532,188.23300170898438,185.60200042724608
197.1999969482422,197.1999969482422,198.3000030517578,192.82000732421875,193.49000549316406,41192000,2024-07-01,0,1,7,2.7789025417568145,1.9174072819018024,3.032347238832706,2.5680622598324767,193.65,189.58700103759764,186.6400001525879
200.0,200.0,200.42999267578125,195.92999267578125,197.27999877929688,45600000,2024-07-02,1,2,7,2.25,1.3787516410855583,3.1152764825637385,2.5876945085863894,196.3820007324219,191.18100128173828,187.72300033569337
197.58999633789062,197.58999633789062,200.02999877929688,196.75999450683594,199.94000244140625,31597900,2024-07-03,2,3,7,1.6549442446818188,-1.1753556441034405,2.5640786140785155,2.5967423136931282,197.1779998779297,192.65900115966798,188.63550033569337
200.0,200.0,200.5500030517578,198.1699981689453,198.64999389648438,39858900,2024-07-05,4,5,7,1.19000244140625,0.6795903070699852,2.2319502961268682,2.5120889757900926,197.60799865722657,194.04900054931642,189.5715003967285
199.2899932861328,199.2899932861328,201.1999969482422,197.9600067138672,200.0399932861328,34767300,2024-07-08,0,8,7,1.6257666433472893,-0.37492502758046814,1.8999231742384346,2.493789918957803,198.8159973144531,195.06999969482422,190.28600006103517
199.33999633789062,199.33999633789062,200.57000732421875,199.0500030517578,199.39999389648438,32700100,2024-07-09,1,9,7,0.7625184611142759,-0.030089047357191426,1.496646358109927,2.2644967984713165,199.2439971923828,196.4469985961914,191.0379997253418
199.7899932861328,199.7899932861328,200.11000061035156,197.69000244140625,200.0,32883800,2024-07-10,2,10,7,1.2112709596418418,-0.10500335693359375,1.2889005500382953,2.202088516301017,199.20199584960938,197.79199829101563,191.67449951171875
195.0500030517578,195.0500030517578,200.27000427246094,192.86000061035156,200.08999633789062,44565000,2024-07-11,3,11,7,3.7990277088809283,-2.5188632007478327,1.717717242878117,2.1408979284783163,198.69399719238282,197.93599853515624,192.06549987792968
194.49000549316406,194.49000549316406,196.47000122070312,193.8300018310547,194.8000030517578,30598500,2024-07-12,4,12,7,1.35739591500049,-0.15913632122037724,1.7511959375969652,1.9915731168619164,197.5919982910156,197.5999984741211,192.44550018310548
192.72000122070312,192.72000122070312,196.19000244140625,190.8300018310547,194.55999755859375,40683200,2024-07-15,0,15,7,2.781237326899601,-0.9457218138258309,1.9822900743074274,1.9411066242729311,196.2779998779297,197.5469985961914,192.8900001525879
193.02000427246094,193.02000427246094,196.6199951171875,192.24000549316406,195.58999633789062,33994700,2024-07-16,1,16,7,2.2691894762580063,-1.3139690748753372,2.2836242773361737,1.8901353177230504,195.01400146484374,197.12899932861328,193.35800018310547
187.92999267578125,187.92999267578125,191.5800018310547,185.99000549316406,191.35000610351562,48076100,2024-07-17,2,17,7,2.974509953573267,-1.7873077181320978,2.6362720761224585,1.962586313080377,192.64200134277343,195.9219985961914,193.55149993896484
183.75,183.75,189.67999267578125,181.4499969482422,189.58999633789062,51043600,2024-07-18,3,18,7,4.478909239477041,-3.0803293690045126,2.7722483822416812,2.244982812559899,190.3820007324219,194.53799896240236,193.59850006103517
183.1300048828125,183.1300048828125,184.92999267578125,180.11000061035156,181.13999938964844,43081800,2024-07-19,4,19,7,2.63200564457696,1.0986008059342993,3.027170328156975,2.3891831328769704,188.11000061035156,192.8509994506836,193.45
182.5500030517578,182.5500030517578,185.05999755859375,182.47999572753906,185.0,39931900,2024-07-22,0,22,7,1.4133124009442979,-1.3243226747255068,2.7535853429659145,2.367937708636671,186.0760009765625,191.1770004272461,193.12350006103514
186.41000366210938,186.41000366210938,189.38999938964844,183.55999755859375,184.10000610351562,47537700,2024-07-23,1,23,7,3.1275155391457794,1.2547514839814216,2.925250555543469,2.604437416439821,184.75400085449218,189.88400115966797,193.16549987792968
180.8300018310547,180.8300018310547,185.4499969482422,180.41000366210938,183.1999969482422,41532400,2024-07-24,2,24,7,2.7871444091680995,-1.2936654785300423,2.8877774466624357,2.762024761392447,183.33400268554686,187.98800201416014,192.8900001525879
179.85000610351562,179.85000610351562,183.89999389648438,176.8000030517578,182.91000366210938,44464200,2024-07-25,3,25,7,3.9477289984855752,-1.6729525435068602,2.7815413984641424,2.7768948903529114,182.55400390625,186.46800231933594,192.2020004272461
182.5,182.5,183.19000244140625,180.24000549316406,180.38999938964844,29506000,2024-07-26,4,26,7,1.6164366839683217,1.1696882407510245,2.578427606342415,2.802798967249695,182.4280029296875,185.26900177001954,191.43450012207032
183.1999969482422,183.1999969482422,184.75,182.3800048828125,183.83999633789062,33270100,2024-07-29,0,29,7,1.2936654785300423,-0.34812848259208184,2.5544982218595633,2.654041782412739,182.55800170898436,184.31700134277344,190.93199996948243
181.7100067138672,181.7100067138672,185.86000061035156,179.3800048828125,184.72000122070312,39508600,2024-07-30,1,30,7,3.566119359481892,-1.6294903025902439,2.642218985926786,2.783734770735127,181.61800231933594,183.18600158691407,190.15750045776366
186.97999572753906,186.97999572753906,187.94000244140625,184.4600067138672,185.0500030517578,41667300,2024-07-31,2,31,7,1.8611593791081238,1.0429573866267043,2.457021979914791,2.6723997132886135,182.8480010986328,183.09100189208985,189.50650024414062
184.07000732421875,184.07000732421875,190.60000610351562,181.8699951171875,189.2899932861328,70435600,2024-08-01,3,1,8,4.742766686020274,-2.757666092799462,2.6160295174217305,2.698785457942937,183.69200134277344,183.1230026245117,188.83050079345702
167.89999389648438,167.89999389648438,168.77000427246094,160.5500030517578,166.75,141448400,2024-08-02,4,2,8,4.895772197449283,0.6896515121345578,3.2718966201179227,2.9251621132301686,180.77200012207032,181.6000015258789,187.22550048828126
161.02000427246094,161.02000427246094,162.9600067138672,151.61000061035156,154.2100067138672,83149400,2024-08-05,0,5,8,7.04881741545004,4.416054252062598,4.422927007501923,3.4887126146807432,176.33600158691405,179.4470016479492,185.31200103759767
161.92999267578125,161.92999267578125,165.0800018310547,158.5399932861328,161.7100067138672,59950800,2024-08-06,1,6,8,4.038787649435878,0.13603732161319484,4.517460665492719,3.5798398257097532,172.37999877929687,176.9990005493164,183.44150085449218
162.77000427246094,162.77000427246094,167.5800018310547,161.42999267578125,166.5500030517578,48408200,2024-08-07,2,7,8,3.7783430569793,-2.2695879375770325,4.900897401066954,3.678959690490873,167.53800048828126,175.19300079345703,181.5905014038086
165.8000030517578,165.8000030517578,166.69000244140625,162.5500030517578,165.1699981689453,44616200,2024-08-08,3,8,8,2.496983904370649,0.3814281587435116,4.45174084473703,3.5338851810793805,163.88399963378907,173.78800048828126,180.12800140380858
166.94000244140625,166.94000244140625,168.5500030517578,165.85000610351562,166.39999389648438,36401000,2024-08-09,4,9,8,1.617345698308499,0.32452437784211,3.796055544908873,3.533976082513398,163.69200134277344,172.23200073242188,178.7505012512207
166.8000030517578,166.8000030517578,168.5500030517578,166.11000061035156,168.13999938964844,30072800,2024-08-12,0,12,8,1.4628311731200152,-0.7969527434012361,2.678858296442868,3.550892651972395,164.8480010986328,170.59200134277344,177.45450134277343
170.22999572753906,170.22999572753906,171.0399932861328,167.10000610351562,167.80999755859375,39237900,2024-08-13,1,13,8,2.3145081839297688,1.442106074818533,2.3340024033416467,3.425731534417183,166.50800170898438,169.44400024414062,176.31500091552735
170.10000610351562,170.10000610351562,172.27999877929688,168.86000061035156,172.11000061035156,28843800,2024-08-14,2,14,8,2.0105808619807144,-1.1678545695821967,1.980449964341929,3.4406736827044417,167.9740020751953,167.7560012817383,175.42350158691406
177.58999633789062,177.58999633789062,177.91000366210938,173.99000549316406,174.86000061035156,51698500,2024-08-15,3,15,8,2.207330508350791,1.5612465503888653,1.9225192851379576,3.187130064937494,170.33200073242188,167.10800018310547,175.1155014038086
177.05999755859375,177.05999755859375,178.33999633789062,176.25999450683594,177.0399932861328,31489200,2024-08-16,4,16,8,1.1747440753049603,0.01129929576341912,1.8339989605372498,2.8150272527230618,172.3559997558594,168.0240005493164,174.81200103759767
178.22000122070312,178.22000122070312,178.3000030517578,176.16000366210938,177.63999938964844,31129800,2024-08-19,0,19,8,1.200762751088929,0.3265040717448267,1.7815852761310325,2.23022178628695,174.63999938964844,169.74400024414064,174.59550094604492
178.8800048828125,178.8800048828125,179.00999450683594,177.42999267578125,177.9199981689453,26255200,2024-08-20,1,20,8,0.8832747025525716,0.539572124408188,1.4953385798555932,1.91467049159862,176.37000122070313,171.43900146484376,174.21900100708007
180.11000061035156,180.11000061035156,182.38999938964844,178.88999938964844,179.9199981689453,35599100,2024-08-21,2,21,8,1.943256891976737,0.10560384801017908,1.481873785854798,1.7311618750983633,178.37200012207032,173.17300109863282,174.18300094604493
176.1300048828125,176.1300048828125,181.47000122070312,175.67999267578125,181.3800048828125,32047500,2024-08-22,3,22,8,3.287349335381122,-2.894475608483947,1.6978775512608641,1.8101984181994109,178.0800018310547,174.20600128173828,173.99700088500975
177.0399932861328,177.0399932861328,178.97000122070312,175.24000549316406,177.33999633789062,29150100,2024-08-23,4,23,8,2.1068661709168883,-0.16916829702996536,1.8843019703832495,1.85915046546025,178.0760009765625,175.21600036621095,173.7240005493164
175.5,175.5,177.47000122070312,174.3000030517578,176.6999969482422,22366200,2024-08-26,0,26,8,1.8062667629318019,-0.6791154323526575,2.0054027727518244,1.8934940244414284,177.53200073242186,176.08600006103515,173.3390007019043
173.1199951171875,173.1199951171875,174.88999938964844,172.25,174.14999389648438,29842000,2024-08-27,1,27,8,1.5249534797302777,-0.5914434771149698,2.1337385281873655,1.8145385540214796,176.37999877929687,176.375,172.9095001220703
170.8000030517578,170.8000030517578,173.69000244140625,168.9199981689453,173.69000244140625,29045000,2024-08-28,2,28,8,2.7927424983800937,-1.6638835563511316,2.303635649468037,1.8927547176614172,174.51799926757812,176.44499969482422,172.10050048828126
172.1199951171875,172.1199951171875,174.2899932861328,170.80999755859375,173.22000122070312,26407800,2024-08-29,3,29,8,2.021842799361989,-0.6350341160164783,2.0505343422642097,1.8742059467625372,173.71599731445312,175.89799957275392,171.50299987792968
178.5,178.5,178.89999389648438,172.60000610351562,172.77999877929688,43429400,2024-08-30,4,30,8,3.5294049260329134,3.310569082715213,2.335042093287415,2.1096720318353324,174.00799865722655,176.04199981689453,172.03300018310546
176.25,176.25,178.25999450683594,175.25999450683594,177.5500030517578,37817500,2024-09-03,1,3,9,1.702127659574468,-0.732189822254662,2.3142142726159483,2.1598085226838863,174.15799865722656,175.84499969482422,172.79449996948242
173.3300018310547,173.3300018310547,175.97999572753906,172.5399932861328,174.47999572753906,30309200,2024-09-04,2,4,9,1.9846549385946648,-0.6590978476868828,2.406154564388826,2.2699465462880957,174.2,175.28999938964844,173.3645004272461
177.88999938964844,177.88999938964844,179.8800048828125,175.0,175.0,40170500,2024-09-05,3,5,9,2.7432710661398043,1.65142822265625,2.396260277940768,2.3499479637044023,175.6179992675781,175.06799926757813,174.12050018310546
171.38999938964844,171.38999938964844,178.3800048828125,171.16000366210938,177.24000549316406,41466500,2024-09-06,4,6,9,4.212615232169256,-3.3006126846127035,2.8344147645022213,2.442474553383216,175.4720001220703,174.59399871826173,174.4
175.39999389648438,175.39999389648438,175.85000610351562,173.50999450683594,174.52999877929688,29037400,2024-09-09,0,9,9,1.3341001585557006,0.49847884218899147,2.395353811006779,2.365197952147097,174.85199890136718,174.42999877929688,174.8229995727539
179.5500030517578,179.5500030517578,180.5,176.7899932861328,177.49000549316406,36233800,2024-09-10,1,10,9,2.066280507273356,1.1606273563798442,2.468184380546556,2.391199326581252,175.51199951171876,174.83499908447266,175.46049957275392
184.52000427246094,184.52000427246094,184.99000549316406,175.72999572753906,180.10000610351562,42564700,2024-09-11,2,11,9,5.018431363112119,2.4541910156320825,3.074939665450047,2.740547114919436,177.75,175.975,176.175
187.0,187.0,187.41000366210938,183.5399932861328,184.8000030517578,33544200,2024-09-12,3,12,9,2.0695242652281083,1.190474519432786,2.940190305267708,2.668225291604238,179.5720001220703,177.59499969482422,177.0199996948242
186.49000549316406,186.49000549316406,188.5,185.91000366210938,187.0,26495400,2024-09-13,4,13,9,1.388812409030447,-0.2727243352063837,2.3754297406399463,2.604922252571084,182.59200134277344,179.03200073242186,177.4650001525879
184.88999938964844,184.88999938964844,185.80999755859375,183.36000061035156,185.2899932861328,26065500,2024-09-16,0,16,9,1.3251105826870142,-0.21587452694581685,2.3736318254662088,2.384492818236494,184.49000244140626,179.6710006713867,177.85650024414062
186.8800048828125,186.8800048828125,189.4499969482422,186.13999938964844,186.85000610351562,26091700,2024-09-17,1,17,9,1.7711887158122461,0.0160550057891117,2.314613467173987,2.3913989238602715,185.95600280761718,180.73400115966797,178.28950042724608
186.42999267578125,186.42999267578125,188.8000030517578,185.05999755859375,186.4499969482422,34448100,2024-09-18,2,18,9,2.0061179209872484,-0.010729028044173479,1.7121507787490127,2.39354522209953,186.33800048828124,182.04400024414062,178.66699981689453
189.8699951171875,189.8699951171875,190.99000549316406,188.47000122070312,190.0399932861328,39543200,2024-09-19,3,19,9,1.3272261743650409,-0.08945389126032832,1.5636911605763992,2.251940732922054,186.91199951171876,183.24199981689452,179.15499954223634
191.60000610351562,191.60000610351562,191.83999633789062,187.41000366210938,190.22999572753906,100378600,2024-09-20,4,20,9,2.3121046631845408,0.7201863043401362,1.7483496114072181,2.061889676023582,187.93399963378906,185.26300048828125,179.9284996032715
193.8800048828125,193.8800048828125,194.4499969482422,190.57000732421875,191.63999938964844,36993100,2024-09-23,0,23,9,2.0012324769481165,1.168861146054177,1.8835739902594384,2.1286029078628235,189.73200073242188,187.11100158691406,180.77050018310547
193.9600067138672,193.9600067138672,195.3699951171875,190.1300048828125,194.27000427246094,43478900,2024-09-24,1,24,9,2.7015828278997303,-0.1595704698492634,2.069652812676935,2.192133139925461,191.14800109863282,188.552001953125,181.69350051879883
192.52999877929688,192.52999877929688,193.9499969482422,192.16000366210938,193.75,26391100,2024-09-25,2,25,9,0.9297217563402873,-0.6296780493951614,1.8543735797475436,1.783262179248278,192.36800231933594,189.3530014038086,182.66400070190429
191.16000366210938,191.16000366210938,194.52999877929688,189.5399932861328,194.30999755859375,36334900,2024-09-26,3,26,9,2.610381563909309,-1.621117768546367,2.1110046576563968,1.837347909116398,192.62600402832032,189.76900177001954,183.68200073242187
187.97000122070312,187.97000122070312,190.89999389648438,187.33999633789062,190.67999267578125,36002300,2024-09-27,4,27,9,1.893917931305333,-1.42122485796714,2.027367311280555,1.8878584613438865,191.9000030517578,189.91700134277343,184.47450103759766
186.3300018310547,186.3300018310547,188.49000549316406,184.64999389648438,187.13999938964844,41583900,2024-09-30,0,30,9,2.060865968413087,-0.4328297324118484,2.039294009573549,1.961433999916494,190.39000244140624,190.06100158691407,184.8660011291504
185.1300048828125,185.1300048828125,186.19000244140625,183.4499969482422,184.89999389648438,36044900,2024-10-01,1,1,10,1.4800439803901528,0.12439750888087961,1.7949862400716339,1.9323195263742843,188.6240020751953,189.88600158691406,185.31000137329102
184.75999450683594,184.75999450683594,186.60000610351562,184.0399932861328,184.44000244140625,23704100,2024-10-02,2,2,10,1.3855882731627243,0.1734938523064399,1.8861595434361214,1.8702665615918321,187.07000122070312,189.71900177001953,185.8815010070801
181.9600067138672,181.9600067138672,183.44000244140625,180.8800048828125,183.0500030517578,30204300,2024-10-03,3,3,10,1.4069012223215378,-0.5954637092152498,1.6454634751185668,1.878234066387482,185.2300018310547,188.9280029296875,186.08500137329102
186.50999450683594,186.50999450683594,187.60000610351562,183.60000610351562,185.75,40890300,2024-10-04,4,4,10,2.1446571861077355,0.40914912884841853,1.6956113260790473,1.8614893186798014,184.93800048828126,188.41900177001952,186.84100112915038
180.8000030517578,180.8000030517578,183.60000610351562,180.25,182.9499969482422,42364200,2024-10-07,0,7,10,1.8528794507578712,-1.1751811600699962,1.6540140225480044,1.8466540160607767,183.83200073242188,187.11100158691406,187.11100158691406
182.72000122070312,182.72000122070312,183.08999633789062,180.9199981689453,181.9199981689453,26372100,2024-10-08,1,8,10,1.1876084470491128,0.43975541986036426,1.5955269158797962,1.6952565779757152,183.35,185.98700103759765,187.26950149536134
185.1699981689453,185.1699981689453,185.85000610351562,182.0500030517578,182.82000732421875,26343100,2024-10-09,2,9,10,2.0521699461760363,1.2854122910951506,1.7288432504824587,1.80750139695929,183.43200073242187,185.2510009765625,187.30200119018554
186.64999389648438,186.64999389648438,188.1300048828125,185.8300018310547,187.1300048828125,27785000,2024-10-10,3,10,10,1.2322545550327682,-0.256512036446921,1.6939139170247048,1.669688696071636,184.3699981689453,184.8,187.28450088500978
188.82000732421875,188.82000732421875,189.92999267578125,186.3000030517578,186.6300048828125,25751600,2024-10-11,4,11,10,1.9224602707436935,1.1734460612490376,1.6494745339518964,1.672542930015472,184.83200073242188,184.88500061035157,187.4010009765625
187.5399932861328,187.5399932861328,189.8300018310547,187.36000061035156,189.77999877929688,22614400,2024-10-14,0,14,10,1.3170530602155905,-1.1803169499274047,1.5423092558434401,1.5981616391957223,186.17999877929688,185.00599975585936,187.53350067138672
187.69000244140625,187.69000244140625,188.41000366210938,184.5800018310547,187.6300048828125,32178900,2024-10-15,1,15,10,2.0405998088525528,0.031976526692104754,1.7129075282041284,1.6542172220419622,187.1739990234375,185.26199951171876,187.5740005493164
186.88999938964844,186.88999938964844,187.77999877929688,185.61000061035156,187.0500030517578,23456800,2024-10-16,2,16,10,1.1611098378897557,-0.08554058246398481,1.5346955065468721,1.6317693785146656,187.51799926757812,185.475,187.59700088500978
187.52999877929688,187.52999877929688,188.94000244140625,186.0,188.22000122070312,25039400,2024-10-17,3,17,10,1.5677504722144877,-0.3665935803481196,1.601794689983216,1.6478543035039603,187.69400024414062,186.03199920654296,187.48000106811523
188.99000549316406,188.99000549316406,190.74000549316406,186.27999877929688,187.14999389648438,37417700,2024-10-18,4,18,10,2.3599167068273936,0.9831748098786619,1.689285977199956,1.6693802555759263,187.72799987792968,186.28000030517578,187.34950103759766
189.07000732421875,189.07000732421875,189.4600067138672,186.39999389648438,188.0500030517578,24639400,2024-10-21,0,21,10,1.6184549102679615,0.5424111969730717,1.7495663472104304,1.645937801526935,188.03400268554688,187.10700073242188,187.10900115966797
189.6999969482422,189.6999969482422,191.52000427246094,186.97999572753906,188.35000610351562,29650600,2024-10-22,1,22,10,2.3932570468941927,0.716745846020636,1.8200977948187582,1.7665026615114434,188.43600158691407,187.80500030517578,186.89600067138673
184.7100067138672,184.7100067138672,189.16000366210938,183.69000244140625,188.85000610351562,31937100,2024-10-23,2,23,10,2.961399502939037,-2.192215650434849,2.1801557278286148,1.8574256171877432,188.0000030517578,187.75900115966797,186.50500106811523
186.3800048828125,186.3800048828125,187.11000061035156,183.86000061035156,185.25,21647400,2024-10-24,3,24,10,1.7437492836441637,0.6099891405195681,2.2153554901145496,1.908575090048883,187.77000427246094,187.73200225830078,186.2660011291504
187.8300018310547,187.8300018310547,190.4499969482422,187.52999877929688,187.85000610351562,29362100,2024-10-25,4,25,10,1.554596252185383,-0.010649066707995767,2.0542913991861473,1.8717886881930519,187.53800354003906,187.63300170898438,186.25900115966797
188.38999938964844,188.38999938964844,190.2100067138672,188.2100067138672,189.57000732421875,27930800,2024-10-28,0,28,10,1.0616274783585435,-0.6224655214324925,1.9429259128042637,1.8462461300073472,187.402001953125,187.71800231933594,186.36200103759765
190.8300018310547,190.8300018310547,191.4600067138672,187.82000732421875,188.5800018310547,35690200,2024-10-29,1,29,10,1.9074565606675389,1.1931275735248603,1.8457658155589332,1.8329318051888457,187.6280029296875,188.0320022583008,186.64700088500976
192.72999572753906,192.72999572753906,195.61000061035156,192.4199981689453,194.6999969482422,37707600,2024-10-30,2,30,10,1.6551665605368102,-1.0118136885368403,1.5845192270784878,1.8823374774535508,189.23200073242188,188.61600189208986,187.0455009460449
186.39999389648438,186.39999389648438,190.60000610351562,185.22999572753906,190.50999450683594,75146800,2024-10-31,3,31,10,2.880906948397622,-2.1573674499287683,1.8119507600291798,2.0136531250718646,189.23599853515626,188.50300140380858,187.2675003051758
197.92999267578125,197.92999267578125,200.5,197.02000427246094,199.0,99687800,2024-11-01,4,1,11,1.7581952489835442,-0.5376921227229899,1.8526705593888118,1.9534809792874797,191.25599670410156,189.39700012207032,187.83850021362304
195.77999877929688,195.77999877929688,197.3300018310547,194.30999755859375,196.4499969482422,38492100,2024-11-04,0,4,11,1.5425499495816186,-0.3410527764588533,1.9488550536334266,1.9458904832188455,192.73399658203124,190.06799926757813,188.5875
199.5,199.5,199.82000732421875,195.99000549316406,196.0399932861328,30564800,2024-11-05,1,5,11,1.9198004165687657,1.7649494145906688,1.951323824813672,1.8985448201863027,194.4679962158203,191.0479995727539,189.42649993896484
207.08999633789062,207.08999633789062,207.5500030517578,199.13999938964844,200.00999450683594,72292200,2024-11-06,2,6,11,4.061038104606225,3.539824021550437,2.432498133627555,2.008508680353022,197.33999633789062,193.28599853515624,190.52249984741212
210.0500030517578,210.0500030517578,212.25,207.19000244140625,207.44000244140625,52878400,2024-11-07,3,7,11,2.408949052643875,1.2581954201860301,2.3381065544768056,2.0750286572529926,202.06999816894532,195.6529983520508,191.69250030517577
208.17999267578125,208.17999267578125,209.9600067138672,207.44000244140625,209.72000122070312,36075800,2024-11-08,4,8,11,1.2104930161975664,-0.7343164867242279,2.2285661079196104,2.040618333654211,204.1199981689453,197.68799743652343,192.6604995727539
206.83999633789062,206.83999633789062,209.64999389648438,205.58999633789062,208.5,35456000,2024-11-11,0,11,11,1.9628687055096448,-0.7961648259517387,2.3126298591052157,2.130742456369321,206.33199768066407,199.53299713134766,193.6254997253418
208.91000366210938,208.91000366210938,209.5399932861328,206.00999450683594,208.3699951171875,38942900,2024-11-12,1,12,11,1.6897222332188018,0.25915849574127675,2.266614222435223,2.1089690236244474,208.21399841308593,201.34099731445312,194.68649978637694
214.10000610351562,214.10000610351562,215.08999633789062,209.13999938964844,209.39999389648438,46212900,2024-11-13,2,13,11,2.7790736938911675,2.244514013383722,2.010221340292211,2.2213597369598834,209.61600036621093,203.47799835205078,196.0470001220703
211.47999572753906,211.47999572753906,215.89999389648438,210.8800048828125,214.16000366210938,42620300,2024-11-14,3,14,11,2.3737417794065943,-1.251404505389667,2.003179885644755,2.1706432200607804,209.9019989013672,205.98599853515626,197.24449996948243
202.61000061035156,202.61000061035156,207.33999633789062,199.61000061035156,206.75999450683594,86591100,2024-11-15,4,15,11,3.815209369849895,-2.007155158996276,2.5241231563752207,2.3763446321474158,208.78800048828126,206.4539993286133,197.9254997253418
201.6999969482422,201.6999969482422,204.6699981689453,200.9499969482422,204.14999389648438,36409900,2024-11-18,0,18,11,1.84432388546724,-1.200096508199983,2.5004141923667396,2.4065220257359776,207.76000061035157,207.0459991455078,198.55699920654297
204.61000061035156,204.61000061035156,205.3000030517578,198.77999877929688,199.3300018310547,31197900,2024-11-19,1,19,11,3.186552100587345,2.6488730902496163,2.799780165840448,2.5331971941378355,206.9,207.55699920654297,199.30249938964843
202.8800048828125,202.8800048828125,203.1300048828125,199.4499969482422,202.97999572753906,32769000,2024-11-20,2,20,11,1.8138839934945572,-0.049261428136386724,2.6067422257611264,2.308481783026669,204.65599975585937,207.13600006103516,200.21099929809571
198.3800048828125,198.3800048828125,203.49000549316406,195.75,203.49000549316406,58800000,2024-11-21,3,21,11,3.9016056571509092,-2.511180142713803,2.9123150013099894,2.457747443477372,202.03600158691407,205.96900024414063,200.8109992980957
197.1199951171875,197.1199951171875,199.25999450683594,196.75,198.25,31530800,2024-11-22,4,22,11,1.2733332837918092,-0.5699898526166457,2.4039397840983723,2.4640314702367965,200.93800048828126,204.86300048828124,201.27549896240234
201.4499969482422,201.4499969482422,201.9499969482422,199.0,199.27999877929688,40685700,2024-11-25,0,25,11,1.4643817289310357,1.0889192002397547,2.327951352791131,2.4141827725789353,200.88800048828125,204.3240005493164,201.92849884033203
207.86000061035156,207.86000061035156,208.0,201.7899932861328,201.89999389648438,41673700,2024-11-26,1,26,11,2.987591020702578,2.9519598286481012,2.2881591368141776,2.543969651327313,201.53800048828126,204.21900024414063,202.77999877929688
205.74000549316406,205.74000549316406,207.63999938964844,205.0500030517578,206.97999572753906,28061600,2024-11-27,2,27,11,1.2588686053946279,-0.5990869938983272,2.177156059194192,2.3919491424776593,202.11000061035156,203.38300018310548,203.4304992675781
207.88999938964844,207.88999938964844,208.1999969482422,204.58999633789062,205.8300018310547,24892400,2024-11-29,4,29,11,1.7364955606091155,1.0008247292756653,1.7441340398858334,2.328224520597911,204.01199951171876,203.0240005493164,204.50499954223633
210.7100067138672,210.7100067138672,212.99000549316406,209.50999450683594,209.9600067138672,39523200,2024-12-02,0,2,12,1.6515641760924016,0.3572108858912819,1.819780218345952,2.1118600012221616,206.7300018310547,203.83400115966796,205.1440002441406
213.44000244140625,213.44000244140625,214.02000427246094,209.64999389648438,210.30999755859375,32214800,2024-12-03,1,3,12,2.0474186309926705,1.488281545883457,1.9363875987582788,2.1321694757747047,209.1280029296875,205.00800170898438,206.0270004272461
218.16000366210938,218.16000366210938,220.0,215.75,215.9600067138672,48745700,2024-12-04,2,4,12,1.9481114451127741,1.0187057232115384,1.7284916836403177,2.008325410227248,211.18800354003906,206.36300201416014,206.96000061035156
220.5500030517578,220.5500030517578,222.14999389648438,217.3000030517578,218.02999877929688,41140200,2024-12-05,3,5,12,2.1990436534196673,1.1558062131678668,1.9165266932453258,2.046841376219759,214.1500030517578,208.1300018310547,207.63300094604492
227.02999877929688,227.02999877929688,227.14999389648438,220.60000610351562,220.75,44178100,2024-12-06,4,6,12,2.8850759054693045,2.844846559137882,2.1462427622173634,1.9451884010515985,217.9780029296875,210.99500122070313,208.48200073242188
226.08999633789062,226.08999633789062,230.0800018310547,225.6699981689453,227.2100067138672,46819400,2024-12-09,0,9,12,1.9505523170156727,-0.49294060247400434,2.2060403904020176,2.012910304373985,221.0540008544922,213.89200134277343,209.37750091552735
225.0399932861328,225.0399932861328,229.05999755859375,224.1999969482422,226.08999633789062,31199900,2024-12-10,1,10,12,2.159616403903901,-0.46441818247835565,2.228479944984264,2.0824337718712713,223.3739990234375,216.2510009765625,210.28750076293946
230.25999450683594,230.25999450683594,231.1999969482422,226.25999450683594,226.41000366210938,35385800,2024-12-11,2,11,12,2.1454019626755407,1.7004508557281888,2.2679380484968172,1.9982148660685675,225.79399719238282,218.49100036621093,211.3550003051758
228.97000122070312,228.97000122070312,231.08999633789062,227.6300048828125,229.8300018310547,28204100,2024-12-12,3,12,12,1.5111112532785704,-0.37418988099897366,2.1303515684685976,2.0234391308569615,227.47799682617188,220.81399993896486,212.09850006103517
227.4600067138672,227.4600067138672,230.1999969482422,225.86000061035156,228.39999389648438,28768100,2024-12-13,4,13,12,1.9080261187849668,-0.41155306818581144,1.9349416111317304,2.040592186674547,227.56399841308593,222.77100067138673,212.89750061035156
232.92999267578125,232.92999267578125,233.0,228.00999450683594,230.22999572753906,37552100,2024-12-16,0,16,12,2.142276928720693,1.172738999412328,1.9732865334727343,2.089663461937376,228.93199768066407,224.9929992675781,214.41350021362305
231.14999389648438,231.14999389648438,232.72999572753906,227.85000610351562,232.38999938964844,35948100,2024-12-17,1,17,12,2.111178781258734,-0.5335881476917363,1.9635990089437008,2.0960394769639823,230.15399780273438,226.76399841308594,215.88600006103516
220.52000427246094,220.52000427246094,231.39999389648438,220.11000061035156,230.77000427246094,43281400,2024-12-18,2,18,12,5.119713888715325,-4.441651778928008,2.558461394151658,2.4131997213242373,228.20599975585938,226.9999984741211,216.68150024414064
223.2899932861328,223.2899932861328,226.08999633789062,222.9199981689453,224.91000366210938,39918700,2024-12-19,3,19,12,1.4196776677238505,-0.7202927169083879,2.5401746770407136,2.335263122754656,227.06999816894532,227.27399749755858,217.70199966430664
224.9199981689453,224.9199981689453,226.2100067138672,218.72999572753906,219.83999633789062,88279200,2024-12-20,4,20,12,3.3256318011836483,2.3107723415564494,2.8236958135204504,2.37931871232609,226.56199645996094,227.06299743652343,219.02899932861328
225.05999755859375,225.05999755859375,226.8800048828125,223.89999389648438,225.00999450683594,28070000,2024-12-23,0,23,12,1.3240962492911639,0.02222259143084125,2.6600596776345444,2.3166731055536394,224.98799743652344,226.95999755859376,220.4259994506836
229.0500030517578,229.0500030517578,229.13999938964844,226.1300048828125,226.94000244140625,15007500,2024-12-24,1,24,12,1.3141211380624942,0.9297614292995103,2.500648148995296,2.2321235789694986,224.56799926757813,227.36099853515626,221.80599975585938
227.0500030517578,227.0500030517578,228.5,226.6699981689453,228.5,16146700,2024-12-26,3,26,12,0.8059906656938138,-0.6345719685961433,1.637903504390994,2.0981824492713264,225.8739990234375,227.03999938964844,222.7654998779297
223.75,223.75,226.02999877929688,220.89999389648438,225.60000610351562,27367100,2024-12-27,4,27,12,2.2927396124301676,-0.8200381442661652,1.8125158933322574,2.176345285186486,225.96600036621095,226.51799926757812,223.66599960327147
221.3000030517578,221.3000030517578,223.0,218.42999267578125,220.05999755859375,28321200,2024-12-30,0,30,12,2.065073321824543,0.563485189003465,1.5604041974604363,2.1920500054904433,225.24200134277345,225.9019989013672,224.33649978637695
219.38999938964844,219.38999938964844,223.22999572753906,218.94000244140625,222.97000122070312,24819700,2024-12-31,1,31,12,1.9554187966943533,-1.6055979779589644,1.6866687069410744,2.173364192287809,224.10800170898438,224.5479995727539,224.770499420166
220.22000122070312,220.22000122070312,225.14999389648438,218.19000244140625,222.02999877929688,33956600,2025-01-02,3,2,1,3.1604719900545564,-0.8152040573548491,2.0559388773394867,2.278293513167392,222.34200134277344,223.4550003051758,225.10949935913087
224.19000244140625,224.19000244140625,225.36000061035156,221.6199951171875,222.50999450683594,27515600,2025-01-03,4,3,1,1.6682302745152704,0.7550258307694576,2.2283867991037782,1.9331451517473863,221.77000122070314,223.8220001220703,225.4109992980957
227.61000061035156,227.61000061035156,228.83999633789062,224.83999633789062,226.77999877929688,31849800,2025-01-06,0,6,1,1.7573920255145776,0.36599428323590755,2.12131728172066,1.966916587526459,222.54200134277343,224.25400085449218,225.76399917602538
222.11000061035156,222.11000061035156,228.3800048828125,221.4600067138672,227.89999389648438,28084200,2025-01-07,1,7,1,3.1155725315966714,-2.5405850992531027,2.331417123675086,1.9459106605677612,222.7040008544922,223.9730010986328,225.51799926757812
222.1300048828125,222.1300048828125,223.52000427246094,220.1999969482422,223.19000244140625,25033300,2025-01-08,2,8,1,1.494623531823295,-0.4749305735018438,2.2392580707008745,1.9629633888209743,223.252001953125,223.68000183105468,225.31999969482422
218.94000244140625,218.94000244140625,221.7100067138672,216.5,221.4600067138672,36811500,2025-01-10,4,10,1,2.3796504319769127,-1.137904902042587,2.0830937590853456,2.069516318212416,222.99600219726562,222.66900177001952,225.0150001525879
218.4600067138672,218.4600067138672,219.39999389648438,216.47000122070312,218.05999755859375,27262700,2025-01-13,0,13,1,1.3412032343379319,0.18343995219295237,2.0176883510498778,2.123037575076828,221.85000305175782,221.81000213623048,224.42500076293945
217.75999450683594,217.75999450683594,221.82000732421875,216.1999969482422,220.44000244140625,24711700,2025-01-14,1,14,1,2.580827754291727,-1.2157539035060883,2.1823754968053075,2.151846389262984,219.8800018310547,221.21100158691405,223.8645004272461
223.35000610351562,223.35000610351562,223.57000732421875,220.75,222.8300018310547,31291300,2025-01-15,2,15,1,1.2625955886080282,0.23336367104425843,1.811780108207579,2.0715986159413324,220.1280029296875,221.41600189208984,223.65900039672852
220.66000366210938,220.66000366210938,224.64999389648438,220.30999755859375,224.4199981689453,24757300,2025-01-16,3,16,1,1.9668251000921504,-1.6754275632804263,1.9062204218613499,2.0727392462811123,219.83400268554686,221.54300231933593,223.0455009460449
225.94000244140625,225.94000244140625,226.50999450683594,223.0800018310547,225.83999633789062,42370100,2025-01-17,4,17,1,1.5180988929442722,0.044281838973288336,1.7339101140548219,1.9085019365700837,221.23400268554687,222.11500244140626,222.785001373291
230.7100067138672,230.7100067138672,231.77999877929688,226.94000244140625,228.89999389648438,39951500,2025-01-21,1,21,1,2.0978701387206495,0.7907439343145443,1.8852434949313654,1.9514659229906215,223.6840026855469,222.76700286865236,223.29450149536132
235.00999450683594,235.00999450683594,235.44000244140625,231.19000244140625,232.02000427246094,41448200,2025-01-22,2,22,1,1.8084337259436751,1.288677777483297,1.7307646892617552,1.9565700930335315,227.13400268554688,223.5070022583008,223.8805015563965
235.4199981689453,235.4199981689453,235.52000427246094,231.50999450683594,234.10000610351562,26404400,2025-01-23,3,23,1,1.7033428752077733,0.5638581935132485,1.818914146581704,1.8153471273946415,229.54800109863282,224.83800201416017,224.40550155639647
234.85000610351562,234.85000610351562,236.39999389648438,232.92999267578125,234.5,25890700,2025-01-24,4,24,1,1.4775393359681843,0.1492563341218017,1.721056993756911,1.8136387078091307,232.38600158691406,226.11000213623046,224.89500198364257
235.4199981689453,235.4199981689453,235.61000061035156,225.86000061035156,226.2100067138672,49428300,2025-01-27,0,27,1,4.141534311372762,4.071434146026897,2.245744077442609,1.9898270957487152,234.28200073242186,227.75800170898438,225.21350173950196
238.14999389648438,238.14999389648438,241.77000427246094,233.97999572753906,234.2899932861328,41587200,2025-01-28,1,28,1,3.2710513309137115,1.6475311455736972,2.4803803158812214,2.182811905406293,235.7699981689453,229.72700042724608,225.76850128173828
237.07000732421875,237.07000732421875,240.38999938964844,236.14999389648438,239.02000427246094,26091700,2025-01-29,2,29,1,1.788503548390834,-0.8158300198251898,2.476394280370653,2.103579484816204,236.18200073242187,231.6580017089844,226.43450164794922
234.63999938964844,234.63999938964844,237.9499969482422,232.22000122070312,237.13999938964844,32020700,2025-01-30,3,30,1,2.442037053547594,-1.054229571744331,2.6241331160386174,2.2215236313101605,236.0260009765625,232.78700103759766,227.10150146484375
237.67999267578125,237.67999267578125,240.2899932861328,236.41000366210938,236.5,36110200,2025-01-31,4,31,1,1.6324426723271244,0.49893982062632136,2.655113783310405,2.1880853885336577,236.5919982910156,234.48899993896484,228.0160011291504
237.4199981689453,237.4199981689453,239.25,232.89999389648438,234.05999755859375,37285900,2025-02-03,0,3,2,2.6745877148044768,1.4355296271890423,2.3617244639967483,2.3037342707196786,236.99199829101562,235.63699951171876,228.8760009765625
242.05999755859375,242.05999755859375,242.52000427246094,238.02999877929688,239.00999450683594,29713800,2025-02-04,1,4,2,1.854914293336386,1.276098540586586,2.0784970564812832,2.279438686181252,237.7739990234375,236.7719985961914,229.76950073242188
236.1699981689453,236.1699981689453,238.32000732421875,235.1999969482422,237.02000427246094,38727300,2025-02-05,2,5,2,1.3210866749233103,-0.35862209441972664,1.9850136817877782,2.2307039810792153,237.5939971923828,236.88799896240235,230.19750061035157
238.8300018310547,238.8300018310547,239.66000366210938,236.00999450683594,238.00999450683594,60897100,2025-02-06,3,6,2,1.5282875381190206,0.3445264245805436,1.8022637787020634,2.21319844737034,238.43199768066407,237.22899932861327,231.03350067138672
229.14999389648438,229.14999389648438,234.80999755859375,228.05999755859375,232.5,77539300,2025-02-07,4,7,2,2.94566885437022,-1.4408628402217742,2.0649090151106826,2.3600113992105443,236.7259979248047,236.65899810791015,231.3845001220703
233.13999938964844,233.13999938964844,233.9199981689453,229.1999969482422,230.5500030517578,35419900,2025-02-10,0,10,2,2.024535143287255,1.1233989605756711,1.9348985008072384,2.1483114824019935,235.8699981689453,236.43099822998047,232.09449996948243
232.75999450683594,232.75999450683594,233.44000244140625,230.1300048828125,231.9199981689453,23713700,2025-02-11,1,11,2,1.4220646316850376,0.362192283771371,1.8483285684769686,1.9634128124791257,234.00999755859374,235.89199829101562,232.80949935913085
228.92999267578125,228.92999267578125,231.17999267578125,228.16000366210938,230.4600067138672,32285200,2025-02-12,2,12,2,1.3191757787494844,-0.6638956840722308,1.8479463892422037,1.9164800355149911,232.56199645996094,235.07799682617187,233.3679992675781
230.3699951171875,230.3699951171875,230.4199981689453,227.52000427246094,228.85000610351562,31346500,2025-02-13,3,13,2,1.258841844837115,0.6641856994245999,1.7940572505858223,1.7981605146439432,230.8699951171875,234.65099639892577,233.71899871826173
228.67999267578125,228.67999267578125,229.88999938964844,227.22999572753906,229.1999969482422,27031100,2025-02-14,4,14,2,1.1631991198638372,-0.22687795784672918,1.4375633036845459,1.7512361593976142,230.77599487304687,233.7509963989258,234.1199981689453
226.64999389648438,226.64999389648438,229.3000030517578,223.72000122070312,228.82000732421875,42975100,2025-02-18,1,18,2,2.4619466054798074,-0.9483495141487555,1.5250455961230565,1.7299720484651473,229.47799377441407,232.6739959716797,234.1554977416992
226.6300048828125,226.6300048828125,226.8300018310547,223.7100067138672,225.52000427246094,28566700,2025-02-19,2,19,2,1.3766911044284758,0.4921960754357385,1.5159708906717442,1.6821497295743562,228.2519958496094,231.13099670410156,233.95149765014648
222.8800048828125,222.8800048828125,225.1300048828125,221.80999755859375,224.77999877929688,30001700,2025-02-20,3,20,2,1.4895940647364792,-0.8452682208393054,1.5500545478691428,1.6990004685556734,227.04199829101563,229.80199737548827,233.34499816894532
216.5800018310547,216.5800018310547,223.30999755859375,214.74000549316406,223.27999877929688,55323900,2025-02-21,4,21,2,3.9569637053169813,-3.000715238656401,2.0896789199651162,1.9418680852754693,224.28399963378905,227.57699737548828,232.4029983520508
212.7100067138672,212.7100067138672,217.72000122070312,212.4199981689453,217.4499969482422,42387600,2025-02-24,0,24,2,2.491656661403457,-2.179806990525376,2.35537042827304,1.8964668659787933,221.09000244140626,225.93299865722656,231.29599838256837
212.8000030517578,212.8000030517578,213.33999633789062,204.16000366210938,211.6300048828125,58958000,2025-02-25,1,25,2,4.313906270738382,0.5528507971226407,2.7257623613247555,2.125403978723906,218.32000427246095,223.8989990234375,230.16499862670898
214.35000610351562,214.35000610351562,218.16000366210938,213.08999633789062,214.94000244140625,39120600,2025-02-26,2,26,2,2.3652937624691743,-0.2744935010650058,2.9234828929328947,2.219726891802319,215.86400451660157,222.05800018310546,228.97499923706056
208.74000549316406,208.74000549316406,219.97000122070312,208.3699951171875,218.35000610351562,40548600,2025-02-27,3,27,2,5.557155216178965,-4.4011909053007505,3.736995123221392,2.6435248355452674,213.03600463867187,220.03900146484375,227.55849914550782
212.27999877929688,212.27999877929688,212.6199951171875,206.99000549316406,208.64999389648438,51771700,2025-02-28,4,28,2,2.6521526551716352,1.7397579626162947,3.4760329131923227,2.7828559165787197,212.1760040283203,218.2300018310547,226.44049911499025
205.02000427246094,205.02000427246094,214.00999450683594,202.5500030517578,213.35000610351562,42948400,2025-03-03,0,3,3,5.589694281660628,-3.904383216662783,4.095640437243757,3.2255054327583985,210.63800354003905,215.86400299072267,224.80749969482423
203.8000030517578,203.8000030517578,206.8000030517578,197.42999267578125,200.11000061035156,60853100,2025-03-04,1,4,3,4.597649772162623,1.8439870222135057,4.152389137528606,3.43907574942668,208.83800354003907,213.57900390625,223.12649993896486
208.36000061035156,208.36000061035156,209.97999572753906,203.25999450683594,204.8000030517578,38610100,2025-03-05,2,5,3,3.225187752456393,1.7382800320047136,4.324367935526049,3.623925414229472,207.64000244140624,211.75200347900392,221.44150009155274
200.6999969482422,200.6999969482422,205.77000427246094,198.3000030517578,204.39999389648438,49863800,2025-03-06,3,6,3,3.7219737589879176,-1.8101746862654022,3.9573316440878394,3.847163383654616,206.03200073242186,209.53400268554688,219.6680000305176
199.25,199.25,202.27000427246094,192.52999877929688,199.49000549316406,59802800,2025-03-07,4,7,3,4.888333999078576,-0.12030953258572484,4.404567912869227,3.940300413030775,203.4260009765625,207.8010025024414,217.68899993896486
194.5399932861328,194.5399932861328,196.72999572753906,190.85000610351562,195.60000610351562,62350900,2025-03-10,0,10,3,3.022509420659353,-0.541928826332363,3.8911309406689725,3.9933856889563644,201.3299987792969,205.98400115966797,215.95849990844727
196.58999633789062,196.58999633789062,200.17999267578125,193.39999389648438,193.89999389648438,54002900,2025-03-11,1,11,3,3.448801518691571,1.3873143507381116,3.6613612899747623,3.906875213751684,199.88799743652345,204.36300048828124,214.13099975585936
198.88999938964844,198.88999938964844,201.52000427246094,195.2899932861328,200.72000122070312,43679300,2025-03-12,2,12,3,3.1323902687147256,-0.9117187225614332,3.642801793226429,3.983584864376238,197.9939971923828,202.81699981689454,212.4375
193.88999938964844,193.88999938964844,198.8800048828125,191.82000732421875,198.1699981689453,41270800,2025-03-13,3,13,3,3.6412386305730604,-2.159761224626979,3.6266547675434575,3.7919932058156482,196.63199768066406,201.33199920654297,210.68550033569335
197.9499969482422,197.9499969482422,198.64999389648438,195.32000732421875,197.41000366210938,38096700,2025-03-14,4,14,3,1.6822362331919176,0.27353896768933506,2.9854352143661256,3.6950015636176765,196.3719970703125,199.8989990234375,209.0645004272461
195.74000549316406,195.74000549316406,199.0,194.32000732421875,198.77000427246094,47341800,2025-03-17,0,17,3,2.3909229306446975,-1.5243742587757612,2.8591179163631946,3.3751244285160835,196.61199951171875,198.97099914550782,207.41750106811523
192.82000732421875,192.82000732421875,194.0,189.3800048828125,192.52000427246094,40414900,2025-03-18,1,18,3,2.3960143873551316,0.155829547631444,2.6485604900959063,3.1549608900353343,195.85800170898438,197.8729995727539,205.72600173950195
195.5399932861328,195.5399932861328,195.97000122070312,191.9600067138672,193.3800048828125,39442900,2025-03-19,2,19,3,2.0507285693562087,1.116965740397647,2.432228150224203,3.037514971725316,195.18800048828126,196.59099884033202,204.17150115966797
194.9499969482422,194.9499969482422,199.32000732421875,192.3000030517578,193.07000732421875,38921100,2025-03-20,3,20,3,3.600925561606804,0.973734683122691,2.4241655364309516,3.0254101519872045,195.4,196.01599884033203,202.77500076293944
196.2100067138672,196.2100067138672,196.99000549316406,192.52000427246094,192.89999389648438,60056900,2025-03-21,4,21,3,2.2781718912133377,1.715921680722841,2.5433526680352356,2.764393941200681,195.052001953125,195.71199951171874,201.7565010070801
203.25999450683594,203.25999450683594,203.63999938964844,199.9499969482422,200.0,41625400,2025-03-24,0,24,3,1.815410086160437,1.6299972534179685,2.428250099138384,2.643684007750789,196.55599975585938,196.58399963378906,201.28400039672852
205.7100067138672,205.7100067138672,206.2100067138672,203.22000122070312,203.60000610351562,31171200,2025-03-25,1,25,3,1.4535051264292735,1.0363460447436246,2.239748246953212,2.444154368524559,199.13399963378907,197.49600067138672,200.92950057983398
201.1300048828125,201.1300048828125,206.00999450683594,199.92999267578125,205.83999633789062,32855300,2025-03-26,2,26,3,3.022921336176158,-2.288180887521284,2.4341868003172022,2.4332074752707027,200.252001953125,197.72000122070312,200.26850051879882
201.36000061035156,201.36000061035156,203.7899932861328,199.27999877929688,200.88999938964844,27317700,2025-03-27,3,27,3,2.2397668321242974,0.23395949132913557,2.1619550544207007,2.293060295425826,201.53400268554688,198.46700134277344,199.8995002746582
192.72000122070312,192.72000122070312,199.25999450683594,191.8800048828125,198.4199981689453,52548200,2025-03-28,4,28,3,3.8293843800736935,-2.8726927733306944,2.472197552192772,2.5077751101140042,200.83600158691405,197.94400177001953,198.9215003967285
190.25999450683594,190.25999450683594,191.3300018310547,184.39999389648438,188.19000244140625,63547600,2025-03-31,0,31,3,3.642388381505667,1.099947945467607,2.837593211261818,2.632921655200101,198.23600158691406,197.39600067138673,198.18349990844726
192.1699981689453,192.1699981689453,193.92999267578125,187.1999969482422,187.86000061035156,41267300,2025-04-01,1,1,4,3.5021053190740106,2.2942603771908314,3.2473132497907655,2.743530748371989,195.5279998779297,197.33099975585938,197.60199966430665
196.00999450683594,196.00999450683594,198.33999633789062,187.66000366210938,187.66000366210938,53679200,2025-04-02,2,2,4,5.44869801290096,4.4495314301288795,3.732468585135726,3.083327692726464,194.50399780273438,197.37799987792968,196.98449935913087
178.41000366210938,178.41000366210938,184.1300048828125,176.9199981689453,183.0,95553600,2025-04-03,3,3,4,4.04125697319205,-2.5081947201588113,4.092766613349276,3.1273608338849885,189.91399841308595,195.7240005493164,195.86999969482423
171.0,171.0,178.13999938964844,166.0,167.14999389648438,123159400,2025-04-04,4,4,4,7.099414847747624,2.3033241065506265,4.746772706884062,3.6094851295384176,185.56999816894532,193.2029998779297,194.4574996948242
175.25999450683594,175.25999450683594,183.41000366210938,161.3800048828125,162.0,109327100,2025-04-07,0,7,4,12.569895851752754,8.18518179434317,6.532274200933481,4.684933706097649,182.56999816894532,190.4029998779297,193.49349975585938
170.66000366210938,170.66000366210938,185.89999389648438,168.57000732421875,185.22999572753906,87710400,2025-04-08,1,8,4,10.154685456691631,-7.865892350859399,7.862790228457004,5.5550517391238845,178.26799926757812,186.89799957275392,192.1970001220703
191.10000610351562,191.10000610351562,192.64999389648438,169.92999267578125,172.1199951171875,116804300,2025-04-09,2,9,4,11.889063576688788,11.027197028099861,9.15086334121457,6.441665963175147,177.28600158691407,185.8949996948242,191.80750045776367
181.22000122070312,181.22000122070312,186.8699951171875,175.85000610351562,185.44000244140625,68302000,2025-04-10,3,10,4,6.081000408034938,-2.275669308210091,9.558812028183146,6.825789320766212,177.8480010986328,183.88099975585936,191.17400054931642
184.8699951171875,184.8699951171875,185.86000061035156,178.0,179.92999267578125,50594300,2025-04-11,4,11,4,4.251636727403588,2.745513612234576,8.98925640411434,6.868014555499201,180.62200012207032,183.09599914550782,190.52000045776367
182.1199951171875,182.1199951171875,187.44000244140625,179.22999572753906,186.83999633789062,48002500,2025-04-14,0,14,4,4.508020499662517,-2.5262263504690092,7.376881333696292,6.954577767314886,181.99400024414064,182.28199920654296,189.83899993896483
179.58999633789062,179.58999633789062,182.35000610351562,177.92999267578125,181.41000366210938,43642000,2025-04-15,1,15,4,2.46116906167664,-1.0032563185482644,5.8381780546932935,6.85048414157515,183.77999877929688,181.0239990234375,189.17749938964843
174.3300018310547,174.3300018310547,179.10000610351562,171.41000366210938,176.2899932861328,51875300,2025-04-16,2,16,4,4.411175563950676,-1.1117996084422679,4.342600452145672,6.74673189668012,180.42599792480468,178.8559997558594,188.11699981689452
172.61000061035156,172.61000061035156,176.2100067138672,172.0,176.0,44726500,2025-04-17,3,17,4,2.439028271236047,-1.9261360168457031,3.6142060247858927,6.586509026484521,178.70399780273436,178.2759994506836,187.0
167.32000732421875,167.32000732421875,169.60000610351562,165.2899932861328,169.60000610351562,48126100,2025-04-21,0,21,4,2.5759100099913512,-1.3443388545076314,3.2790606813034464,6.134158542708893,175.19400024414062,177.90800018310546,185.55550003051758
173.17999267578125,173.17999267578125,176.77999877929688,169.35000610351562,169.85000610351562,56607200,2025-04-22,1,22,4,4.290329708981628,1.9605454534020765,3.235522523167268,5.30620192843178,173.40599975585937,177.7,184.05149993896484
180.60000610351562,180.60000610351562,187.3800048828125,180.19000244140625,183.4499969482422,63470100,2025-04-23,2,23,4,3.9811750821786305,-1.5535518627076603,3.5395237272676665,4.68885089098048,173.60800170898438,178.69400024414062,182.79599990844727
186.5399932861328,186.5399932861328,186.74000549316406,180.17999267578125,180.9199981689453,43763200,2025-04-24,3,24,4,3.5166790251356126,3.106342678568612,3.360624419504654,3.851612435825163,176.05,178.23799896240234,182.06649932861328
188.99000549316406,188.99000549316406,189.94000244140625,185.49000549316406,187.6199951171875,36414300,2025-04-25,4,25,4,2.3546202544573966,0.7302048884080046,3.3437428161489238,3.4789744204674085,179.3260009765625,179.01499938964844,181.4479995727539
187.6999969482422,187.6999969482422,190.22000122070312,184.88999938964844,190.11000061035156,33224700,2025-04-28,0,28,4,2.8396387414563584,-1.267689050745366,3.396488562441925,3.3377746218726854,183.4019989013672,179.2979995727539,181.19699935913087
187.38999938964844,187.38999938964844,188.02000427246094,183.67999267578125,183.99000549316406,41667300,2025-04-29,1,29,4,2.316031597638947,1.847923145266006,3.001628940173389,3.1185757316703286,186.24400024414064,179.825,181.0534996032715
184.4199981689453,184.4199981689453,185.0500030517578,178.85000610351562,182.1699981689453,55176500,2025-04-30,2,30,4,3.3618897135886705,1.2351100744444974,2.877771866455397,3.208647796861532,187.00799865722655,180.30800018310546,180.66599960327147
190.1999969482422,190.1999969482422,191.80999755859375,187.5,190.6300048828125,74266000,2025-05-01,3,1,5,2.266034504599177,-0.22557201046847514,2.62764296234811,2.9941336909263816,187.73999938964843,181.8949996948242,180.3754997253418
189.97999572753906,189.97999572753906,192.8800048828125,186.39999389648438,191.44000244140625,77903500,2025-05-02,4,2,5,3.4108912159475313,-0.7626445336648224,2.838897154646137,3.09131998539753,187.93799743652343,183.63199920654296,180.9539993286133
186.35000610351562,186.35000610351562,188.17999267578125,185.52999877929688,186.50999450683594,35217500,2025-05-05,0,5,5,1.4220519504637574,-0.08578006971870274,2.5553797964476166,2.9759341794447707,187.66799926757812,185.53499908447264,181.72149963378905
185.00999450683594,185.00999450683594,187.92999267578125,183.85000610351562,184.57000732421875,29314100,2025-05-06,1,6,5,2.2052790083807463,0.23838498410215628,2.5332292785959765,2.7674291093846826,187.19199829101564,186.71799926757814,182.20899963378906
188.7100067138672,188.7100067138672,190.99000549316406,185.00999450683594,185.55999755859375,43948600,2025-05-07,2,7,5,3.1688891810572386,1.6975690863968502,2.4946291720896903,2.6862005192725436,188.05,187.52899932861328,183.11149978637695
192.0800018310547,192.0800018310547,194.3300018310547,188.82000732421875,191.42999267578125,41043600,2025-05-08,3,8,5,2.868593530982102,0.33955450041432994,2.615140977366275,2.6213919698571924,188.4260009765625,188.08300018310547,183.1604995727539
193.05999755859375,193.05999755859375,194.69000244140625,191.16000366210938,193.3800048828125,29663100,2025-05-09,4,9,5,1.8284465057167112,-0.1654810818795217,2.298652035320111,2.568774594983124,189.04200134277343,188.48999938964843,183.75249938964845
208.63999938964844,208.63999938964844,211.66000366210938,205.75,210.7100067138672,75205000,2025-05-12,0,12,5,2.832632131613492,-0.9823963068966669,2.5807680715500583,2.568073933998837,193.5,190.58399963378906,184.94099960327148
211.3699951171875,211.3699951171875,214.83999633789062,210.10000610351562,211.0800018310547,56193700,2025-05-13,1,13,5,2.2425085602840933,0.1373854858902829,2.5882139819307275,2.5607216302633518,198.77200012207032,192.98199920654298,186.40349960327148
210.25,210.25,211.92999267578125,208.85000610351562,211.4499969482422,38492100,2025-05-14,2,14,5,1.4649163245020809,-0.567508614595023,2.247419410619696,2.3710242913546926,203.0799987792969,195.56499938964845,187.93649978637694
205.1699981689453,205.1699981689453,206.8800048828125,202.6699981689453,206.4499969482422,64347300,2025-05-15,3,15,5,2.0519602044352006,-0.6200042616700913,2.0840927453103157,2.349616861338295,205.697998046875,197.06199951171874,189.47849960327147
205.58999633789062,205.58999633789062,206.85000610351562,204.3699951171875,206.85000610351562,43318500,2025-05-16,4,16,5,1.2062897176437442,-0.6091417589779732,1.959661387695722,2.1291567115079166,208.20399780273436,198.6229995727539,191.12749938964845
206.16000366210938,206.16000366210938,206.6199951171875,201.25999450683594,201.64999389648438,34314800,2025-05-19,0,19,5,2.5999226402500732,2.2365533856352022,1.9131194894230383,2.2469437804865486,207.70799865722657,200.60399932861327,193.06949920654296
204.07000732421875,204.07000732421875,205.58999633789062,202.64999389648438,204.6300048828125,29470400,2025-05-20,1,20,5,1.4406832635308748,-0.27366346343706993,1.7527544300723945,2.170484206001561,206.2480010986328,202.51000061035157,194.61399993896484
201.1199951171875,201.1199951171875,203.4600067138672,200.05999755859375,201.61000061035156,42460900,2025-05-21,2,21,5,1.690537608303112,-0.24304622373921236,1.7978786868326009,2.0226490487261484,204.4220001220703,203.7509994506836,195.63999938964844
203.10000610351562,203.10000610351562,205.75999450683594,200.16000366210938,201.3800048828125,38938900,2025-05-22,3,22,5,2.7572578416725255,0.854107249477937,1.938938214280066,2.011515479795191,204.00800170898438,204.85299987792968,196.46800003051757
200.99000549316406,200.99000549316406,202.3699951171875,197.85000610351562,198.89999389648438,33393500,2025-05-23,4,23,5,2.248862575321242,1.0507851487252504,2.147452785815566,2.0535570867556436,203.08800354003907,205.64600067138673,197.06800003051757
206.02000427246094,206.02000427246094,206.69000244140625,202.19000244140625,203.08999633789062,34892000,2025-05-27,1,27,5,2.1842539106293586,1.442714061452597,2.064319039891423,1.9887192646572305,203.06000366210938,205.38400115966797,197.9840003967285
204.72000122070312,204.72000122070312,207.66000366210938,204.41000366210938,205.9199981689453,28549800,2025-05-28,2,28,5,1.587534183578019,-0.5827491059210579,2.0936892239008515,1.923221826986623,203.19000244140625,204.71900177001953,198.85050048828126
205.6999969482422,205.6999969482422,208.80999755859375,204.22999572753906,208.02999877929688,34650000,2025-05-29,3,29,5,2.2265444331567483,-1.1200316515535975,2.200890588871579,1.9993846378520899,204.1060028076172,204.26400146484374,199.91450042724608
205.00999450683594,205.00999450683594,205.99000549316406,201.6999969482422,204.83999633789062,51679400,2025-05-30,4,30,5,2.0925850738359135,0.08299071079111653,2.0679560353042565,2.003447124792161,204.48800048828124,204.2480010986328,200.65500030517578
206.64999389648438,206.64999389648438,207.0,202.67999267578125,204.97999572753906,29113300,2025-06-02,0,2,6,2.090494774649129,0.8147127542948563,2.0362824751698336,2.0918676304926995,205.6199981689453,204.3540008544922,201.48850021362304
205.7100067138672,205.7100067138672,208.9499969482422,205.02999877929688,207.11000061035156,33139100,2025-06-03,1,3,6,1.9055943031482387,-0.6759663426964433,1.9805505536736099,2.0224347967825165,205.55799865722656,204.30900115966796,202.4565002441406
207.22999572753906,207.22999572753906,208.17999267578125,205.17999267578125,206.5500030517578,29915600,2025-06-04,2,4,6,1.4476668734502733,0.3292145561531925,1.9525770916480607,2.0231331577744562,206.05999755859375,204.625,203.56750030517577
207.91000366210938,207.91000366210938,212.80999755859375,207.55999755859375,209.5500030517578,51864200,2025-06-05,3,5,6,2.525131021849329,-0.7826291413812893,2.012294409386577,2.1065924991290776,206.5019989013672,205.3040008544922,204.5275001525879
213.57000732421875,213.57000732421875,213.8699951171875,210.5,212.39999389648438,39832500,2025-06-06,4,6,6,1.5779346357709958,0.5508537953652648,1.9093643217735932,1.9886601785389246,208.21400146484376,206.3510009765625,205.60200042724608
216.97999572753906,216.97999572753906,217.85000610351562,212.8800048828125,214.75,38102500,2025-06-09,0,9,6,2.2905342974307805,1.0384147741741852,1.9493722263299234,1.9928273507498786,210.28000183105468,207.95,206.79800033569336
217.61000061035156,217.61000061035156,217.69000244140625,214.14999389648438,216.77999877929688,31303300,2025-06-10,1,10,6,1.6267673980942396,0.382877495953725,1.8936068453191237,1.937078699496367,212.66000061035157,209.10899963378907,207.24650039672852
213.1999969482422,213.1999969482422,218.39999389648438,212.88999938964844,217.41000366210938,39326000,2025-06-11,2,11,6,2.584425227817231,-1.9364365222173607,2.1209585161925153,2.036767803920288,213.8540008544922,209.95699920654297,207.33800048828124
213.24000549316406,213.24000549316406,213.5800018310547,211.3300018310547,211.77999877929688,27640000,2025-06-12,3,12,6,1.0551491005622438,0.6893978290125075,1.8269621319350982,1.9196282706608376,214.9200012207031,210.71100006103515,207.48750076293945
212.10000610351562,212.10000610351562,214.0500030517578,209.6199951171875,209.9600067138672,29337800,2025-06-13,4,13,6,2.088641116025354,1.0192414370441614,1.9291034279859698,1.9192338748797817,214.6260009765625,211.4200012207031,207.83400115966796
216.10000610351562,216.10000610351562,217.05999755859375,211.60000610351562,212.30999755859375,33284200,2025-06-16,0,16,6,2.526604026314879,1.7851295692638782,1.9763173737627895,1.9628448000463563,214.45000305175782,212.36500244140626,208.35950164794923
214.82000732421875,214.82000732421875,217.41000366210938,214.55999755859375,215.1999969482422,32086300,2025-06-17,1,17,6,1.3266949103182142,-0.17657510660412737,1.9163028762075842,1.904954860763354,213.89200439453126,213.2760025024414,208.7925018310547
212.52000427246094,212.52000427246094,217.9600067138672,212.33999633789062,215.08999633789062,44360500,2025-06-18,2,18,6,2.6444618214723152,-1.1948449993891945,1.9283101949386012,2.024634355565558,213.756005859375,213.80500335693358,209.2150016784668
209.69000244140625,209.69000244140625,214.88999938964844,208.27000427246094,214.67999267578125,75350700,2025-06-20,4,20,6,3.15703898140653,-2.3243853198332705,2.3486881711074585,2.0878251515212782,213.04600524902344,213.98300323486328,209.64350204467775
208.47000122070312,208.47000122070312,210.38999938964844,207.30999755859375,209.7899932861328,37311700,2025-06-23,0,23,6,1.4774316750705774,-0.6291968671877256,2.226446282916503,2.0777748554512363,212.32000427246095,213.4730026245117,209.9120018005371
212.77000427246094,212.77000427246094,214.33999633789062,211.0500030517578,212.13999938964844,38378800,2025-06-24,1,24,6,1.5462674343512433,0.29697599916333445,2.030378964523776,2.0033481691432824,211.65400390625,213.0520034790039,210.50100173950196
211.99000549316406,211.99000549316406,216.02999877929688,211.11000061035156,214.6199951171875,31755700,2025-06-25,2,25,6,2.320863267822296,-1.2254168688184912,2.2292126360245925,2.072757756116088,211.08800354003907,212.49000396728516,210.79950180053712
217.1199951171875,217.1199951171875,218.0399932861328,212.00999450683594,213.1199951171875,50480800,2025-06-26,3,26,6,2.7772655282357883,1.8768769198781818,2.2557733773772872,2.0920417861579437,212.00800170898438,212.8820037841797,211.41950149536132
223.3000030517578,223.3000030517578,223.3000030517578,216.74000549316406,219.9199981689453,119217100,2025-06-27,4,27,6,2.9377507697898393,1.5369247503430488,2.2119157350539487,2.2803019530807034,214.7300018310547,213.88800354003905,212.29950180053712
219.38999938964844,219.38999938964844,223.82000732421875,219.1199951171875,223.52000427246094,58887800,2025-06-30,0,30,6,2.1423092301868216,-1.847711526427052,2.3448912460771973,2.28566876449685,216.91400146484375,214.61700286865235,213.01850204467775
220.4600067138672,220.4600067138672,221.8800048828125,217.92999267578125,219.5,39256800,2025-07-01,1,1,7,1.7917137289022815,0.43736068968892367,2.3939805049874052,2.2121797347555905,218.452001953125,215.0530029296875,213.70900268554686
219.9199981689453,219.9199981689453,221.60000610351562,219.05999755859375,219.72999572753906,30894200,2025-07-02,2,2,7,1.1549693370634753,0.08647087111486106,2.1608017188356414,2.1950071774301168,220.03800048828126,215.56300201416016,214.41950225830078
223.41000366210938,223.41000366210938,224.00999450683594,221.36000061035156,221.82000732421875,29632400,2025-07-03,3,3,7,1.1861572235110336,0.7167957286948597,1.8425800578906901,2.0491767176339883,221.29600219726564,216.652001953125,215.2285026550293
223.47000122070312,223.47000122070312,224.2899932861328,222.3699951171875,223.0,36604100,2025-07-07,0,7,7,0.8591749042186144,0.2107628792390695,1.4268648847764454,1.8193903099151971,221.3300018310547,218.03000183105468,216.006502532959
219.36000061035156,219.36000061035156,224.0,218.42999267578125,223.9199981689453,45692000,2025-07-08,1,8,7,2.539208291721669,-2.0364405126304437,1.506244697083415,1.9255679715803062,221.32400207519532,219.11900177001954,216.29600219726564
222.5399932861328,222.5399932861328,224.2899932861328,220.47000122070312,221.07000732421875,38155100,2025-07-09,2,9,7,1.7165418264923276,0.664941382011264,1.491210316601424,1.9425954107944148,221.73999938964843,220.09600067138672,216.57400207519532
222.25999450683594,222.25999450683594,222.7899932861328,219.6999969482422,221.5500030517578,30370600,2025-07-10,3,10,7,1.3902620418698821,0.3204655586992969,1.5382688575627053,1.8495352881991731,222.20799865722657,221.1229995727539,216.80650177001954
225.02000427246094,225.02000427246094,226.67999267578125,222.3699951171875,223.5800018310547,50518300,2025-07-11,4,11,7,1.9153841777440714,0.6440658509764076,1.684114248409313,1.7633471531500013,222.52999877929688,221.91300048828126,217.39750213623046
225.69000244140625,225.69000244140625,226.66000366210938,224.24000549316406,225.07000732421875,35702600,2025-07-14,0,14,7,1.0722664463498306,0.27546767539505257,1.7267325568355563,1.5767987208060008,222.9739990234375,222.1520004272461,218.02000198364257
226.35000610351562,226.35000610351562,227.27000427246094,225.4600067138672,226.1999969482422,34907300,2025-07-15,1,15,7,0.7996454648938653,0.06631704566634533,1.3788199914699955,1.4425323442767053,224.37200012207032,222.8480010986328,218.73250198364258
223.19000244140625,223.19000244140625,226.10000610351562,222.17999267578125,225.8800048828125,39535900,2025-07-16,2,16,7,1.756357088066026,-1.1908988769509876,1.386783043784735,1.4389966801930796,224.502001953125,223.12100067138672,219.0870018005371
223.8800048828125,223.8800048828125,224.5,222.50999450683594,223.32000732421875,31855800,2025-07-17,3,17,7,0.888871471217677,0.2507601380205664,1.286504929654294,1.4123868936084996,224.8260040283203,223.51700134277343,219.5400016784668
226.1300048828125,226.1300048828125,226.39999389648438,222.97999572753906,225.13999938964844,37833800,2025-07-18,4,18,7,1.5124035267755203,0.4397288335471059,1.2059087994605837,1.4450115239349484,225.04800415039062,223.78900146484375,220.2205017089844
229.3000030517578,229.3000030517578,229.69000244140625,225.64999389648438,225.83999633789062,40297600,2025-07-21,0,21,7,1.761887697842708,1.5320610919115039,1.3438330497591593,1.5352828032973578,225.77000427246094,224.37200164794922,221.20100173950195
227.47000122070312,227.47000122070312,230.0,226.35000610351562,229.67999267578125,37483700,2025-07-22,1,22,7,1.6046045091207268,-0.9622046001184669,1.5048248586045316,1.4418224250372635,225.99400329589844,225.18300170898436,222.15100173950196
228.2899932861328,228.2899932861328,228.7899932861328,227.08999633789062,228.47000122070312,28294900,2025-07-23,2,23,7,0.7446655561952096,-0.0787884333210223,1.3024865522303684,1.3446347980075517,227.01400146484374,225.75800170898438,222.92700119018554
232.22999572753906,232.22999572753906,236.0,228.63999938964844,229.1699981689453,42902300,2025-07-24,3,24,7,3.169272163698694,1.3352522507496396,1.7585666907265718,1.522535810190433,228.68399963378906,226.7550018310547,223.9390007019043
231.44000244140625,231.44000244140625,232.47999572753906,231.17999267578125,232.22000122070312,28712100,2025-07-25,4,25,7,0.5617019694280961,-0.3358878542746884,1.568426379257087,1.3871675893588353,229.74599914550782,227.39700164794922,224.65500106811524
232.7899932861328,232.7899932861328,234.2899932861328,232.25,233.35000610351562,26300100,2025-07-28,0,28,7,0.8763234438627109,-0.2399883448618326,1.3913135284610874,1.3675732891101233,230.44399719238282,228.10700073242188,225.12950057983397
231.00999450683594,231.00999450683594,234.72000122070312,230.30999755859375,234.14999389648438,33716200,2025-07-29,1,29,7,1.909009898694611,-1.341020487507082,1.4521946063758642,1.478509732490198,231.15199584960936,228.5729995727539,225.71050033569335
230.19000244140625,230.19000244140625,231.8000030517578,229.2899932861328,231.63999938964844,32993300,2025-07-30,2,30,7,1.09040781050598,-0.6259700190221056,1.5213430572380182,1.4119148047341934,231.53199768066406,229.27299957275392,226.1970001220703
234.11000061035156,234.11000061035156,236.52999877929688,231.39999389648438,235.77000427246094,104357300,2025-07-31,3,31,7,2.19127968452351,-0.7040775467735236,1.3257445614029817,1.5421556260647766,231.90799865722656,230.2959991455078,226.90650024414063
214.75,214.75,220.44000244140625,212.8000030517578,217.2100067138672,122258800,2025-08-01,4,1,8,3.557624861303114,-1.132547598098359,1.9249291397779849,1.7466777595175362,228.56999816894532,229.15799865722656,226.47350006103517
211.64999389648438,211.64999389648438,217.44000244140625,211.4199981689453,217.39999389648438,77890100,2025-08-04,0,4,8,2.844320550939989,-2.644894278487367,2.3185285611934408,1.854921044827264,224.3419982910156,227.39299774169922,225.88249969482422
213.75,213.75,216.3000030517578,212.8699951171875,213.0500030517578,51505100,2025-08-05,1,5,8,1.6046820746527777,0.3285599334500512,2.257662996385074,1.8549288013804692,220.88999938964844,226.0209976196289,225.60199966430665
222.30999755859375,222.30999755859375,222.64999389648438,213.74000549316406,214.6999969482422,54823000,2025-08-06,2,6,8,4.007911700404714,3.5444810053658773,2.8411637743648206,2.1812534158014194,219.31399841308593,225.422998046875,225.5904998779297
223.1300048828125,223.1300048828125,226.22000122070312,220.82000732421875,221.0,40603500,2025-08-07,3,7,8,2.420111046616273,0.9638031143947963,2.886930046783373,2.1063373040931777,217.1179992675781,224.51299896240235,225.6340003967285
222.69000244140625,222.69000244140625,223.8000030517578,221.8800048828125,223.13999938964844,32970500,2025-08-08,4,8,8,0.8621842686676061,-0.2016657477247726,2.3478419282562717,2.136385534017129,218.70599975585938,223.63799896240235,225.5175003051758
221.3000030517578,221.3000030517578,223.0500030517578,220.39999389648438,221.77999877929688,31646200,2025-08-11,0,11,8,1.1974736189468786,-0.21642877183741333,2.01847254185765,2.168500551525545,220.63600158691406,222.48899993896484,225.29800033569336
221.47000122070312,221.47000122070312,223.5,219.0500030517578,222.22999572753906,37185800,2025-08-12,1,12,8,2.0093000964982157,-0.3419855651564313,2.0993961462267374,2.178529571305906,222.18000183105468,221.53500061035157,225.05400009155272
224.55999755859375,224.55999755859375,224.9199981689453,222.0,222.0,36508300,2025-08-13,2,13,8,1.300319825744301,1.1531520534206081,1.5578777712946548,2.199520772829738,222.6300018310547,220.9720001220703,225.12249984741212
230.97999572753906,230.97999572753906,233.11000061035156,227.02000427246094,227.39999389648438,61545800,2025-08-14,3,14,8,2.636590376022997,1.5743192291748056,1.6011736371759997,2.2440518419796867,224.2,220.65899963378905,225.47749938964844
231.02999877929688,231.02999877929688,234.0800018310547,229.80999755859375,232.5800018310547,39649200,2025-08-15,4,15,8,1.8482466757661526,-0.6664386617744243,1.7983861185957088,2.0731140234259904,225.8679992675781,222.28699951171876,225.72249908447264
231.49000549316406,231.49000549316406,231.91000366210938,228.3300018310547,230.22999572753906,25248900,2025-08-18,0,18,8,1.5465038429749425,0.5472830599867329,1.8681921634013219,1.943332352629486,227.90599975585937,224.27100067138673,225.83199920654297
228.00999450683594,228.00999450683594,230.52999877929688,227.1199951171875,230.08999633789062,29891000,2025-08-19,1,19,8,1.4955500830061816,-0.9039948994567211,1.765442160702915,1.932419153464826,229.21399841308593,225.6970001220703,225.8589988708496
223.80999755859375,223.80999755859375,227.27000427246094,220.9199981689453,227.1199951171875,36604300,2025-08-20,2,20,8,2.8372307639443965,-1.4573783153200073,2.0728243483429343,1.8153510598187945,229.06399841308593,225.8470001220703,225.63499908447267
221.9499969482422,221.9499969482422,222.77999877929688,220.5,222.64999389648438,32140500,2025-08-21,3,21,8,1.0272578556640222,-0.3143934279951671,1.750957844271139,1.6760657407235695,227.25799865722655,225.72899932861327,225.12099914550782
228.83999633789062,228.83999633789062,229.13999938964844,220.82000732421875,222.7899932861328,37315300,2025-08-22,4,22,8,3.6357246104587917,2.7155631913807254,2.108453431209667,1.953419774902688,226.81999816894532,226.34399871826173,224.99099884033203
227.94000244140625,227.94000244140625,229.60000610351562,227.30999755859375,227.35000610351562,22633700,2025-08-25,0,25,8,1.0046540845811125,0.2595101482522026,2.0000834795309013,1.9341378214661114,226.10999755859376,227.00799865722655,224.7484992980957
228.7100067138672,228.7100067138672,229.0,226.02000427246094,227.11000061035156,26105400,2025-08-26,1,26,8,1.302958174133261,0.7045071107461824,1.961565097756317,1.863503629229616,226.25,227.73199920654298,224.63349990844728
229.1199951171875,229.1199951171875,229.8699951171875,227.80999755859375,228.57000732421875,21254500,2025-08-27,2,27,8,0.8990911323737274,0.24062115559571692,1.5739371714421828,1.8233807598925587,227.31199951171874,228.18799896240233,224.57999954223632
231.60000610351562,231.60000610351562,232.7100067138672,228.02000427246094,229.00999450683594,33679600,2025-08-28,3,28,8,2.0250441786732996,1.1309600710908605,1.7734944360440383,1.7622261401575887,229.24200134277345,228.25,224.45449981689453
229.0,229.0,231.80999755859375,228.16000366210938,231.32000732421875,26199200,2025-08-29,4,29,8,1.5938837975914302,-1.00294278521573,1.365126273470566,1.7367898523401166,229.2740020751953,228.0470001220703,225.16699981689453
225.33999633789062,225.33999633789062,226.1699981689453,221.8300018310547,223.52000427246094,38843900,2025-09-02,1,2,9,1.9259769274971184,0.8142412449183736,1.5493908420537674,1.7747371607923341,228.75400085449218,227.43199920654297,225.85149993896485
225.99000549316406,225.99000549316406,227.1699981689453,224.36000061035156,225.2100067138672,29223100,2025-09-03,2,3,9,1.2434167398074376,0.3463428604608478,1.5374825551886027,1.7495238264724597,228.21000061035156,227.2300003051758,226.46350021362304
235.67999267578125,235.67999267578125,235.77000427246094,230.77999877929688,231.19000244140625,59391800,2025-09-04,3,4,9,2.1172800612009017,1.9421212798823175,1.7811203409540375,1.6775287561981103,229.52200012207032,228.41699981689453,227.13199996948242
232.3300018310547,232.3300018310547,236.0,231.92999267578125,235.19000244140625,36721800,2025-09-05,4,5,9,1.751821672681934,-1.2160383437489377,1.7264758397557642,1.7499851378999014,229.66799926757812,229.4550003051758,227.59199981689454
235.83999633789062,235.83999633789062,237.60000610351562,233.75,234.94000244140625,33947100,2025-09-08,0,8,9,1.6324652999059914,0.3830739282931745,1.7341921402186766,1.5496592068446213,231.03599853515624,230.15500030517578,228.24949951171874
238.24000549316406,238.24000549316406,238.85000610351562,235.0800018310547,236.36000061035156,27033800,2025-09-09,1,9,9,1.5824396346268186,0.7953989160423804,1.6654846816446167,1.607437761849192,233.61600036621093,231.18500061035155,229.09649963378905
230.3300018310547,230.3300018310547,237.67999267578125,229.10000610351562,237.52000427246094,60907700,2025-09-10,2,10,9,3.725084228740197,-3.02711447965391,2.1618181794311684,1.8496503673098856,234.48399963378907,231.3470001220703,229.53949966430665
229.9499969482422,229.9499969482422,231.52999877929688,229.33999633789062,231.49000549316406,37485600,2025-09-11,3,11,9,0.9523820267321779,-0.6652591940809953,1.9288385725374237,1.8549794567457307,233.33800048828124,231.43000030517578,229.80899963378906
228.14999389648438,228.14999389648438,230.7899932861328,226.2899932861328,230.35000610351562,38496200,2025-09-12,4,12,9,1.9723866405368953,-0.9550736482475279,1.9729515661084158,1.84971370293209,232.5019989013672,231.08499908447266,229.66749954223633
231.42999267578125,231.42999267578125,233.72999572753906,230.32000732421875,230.6300048828125,33243300,2025-09-15,0,15,9,1.473442730518291,0.3468706482381766,1.9411470522308758,1.8376695962247767,231.6199981689453,231.32799835205077,229.68749923706054
234.0500030517578,234.0500030517578,235.89999389648438,232.22999572753906,232.94000244140625,38203900,2025-09-16,1,16,9,1.5680402140963567,0.47651781519611347,1.9382671681247836,1.8018759248847,230.78199768066406,232.1989990234375,229.81549911499025
231.6199951171875,231.6199951171875,234.3000030517578,228.7100067138672,233.77000427246094,42815200,2025-09-17,2,17,9,2.413434269810075,-0.9197113042645042,1.6759371763387592,1.9188776778849637,231.0399963378906,232.76199798583986,229.99599914550782
231.22999572753906,231.22999572753906,233.47999572753906,228.7899932861328,232.5,37931700,2025-09-18,3,18,9,2.0282846205353624,-0.5462383967573925,1.8911176950993962,1.9099781338184099,231.29599609375,232.31699829101564,230.36699905395508
231.47999572753906,231.47999572753906,234.16000366210938,229.6999969482422,232.3699951171875,97943200,2025-09-19,4,19,9,1.9267352670581475,-0.3830096003572226,1.8819874204036466,1.9274694932560312,231.96199645996094,232.23199768066405,230.84349899291993
227.6300048828125,227.6300048828125,230.57000732421875,227.50999450683594,230.55999755859375,45914500,2025-09-22,0,22,9,1.3442923831408584,-1.2708157125290702,1.8561573509281597,1.8986522015795178,231.20199890136718,231.41099853515624,230.78299942016602
220.7100067138672,220.7100067138672,227.86000061035156,220.07000732421875,227.8300018310547,70956200,2025-09-23,1,23,9,3.529515223218634,-3.1251349953757495,2.2484523527526155,2.093359760438699,228.53399963378905,229.65799865722656,230.42149963378907
220.2100067138672,220.2100067138672,224.55999755859375,219.4499969482422,224.14999389648438,49509000,2025-09-24,2,24,9,2.3205124447370418,-1.757745835334142,2.2298679877380088,1.9529025820383836,226.252001953125,228.6459991455078,229.99649963378906
218.14999389648438,218.14999389648438,220.6699981689453,216.47000122070312,220.05999755859375,52226300,2025-09-25,3,25,9,1.9252794250524494,-0.8679467796507687,2.2092669486414263,2.0501923218704112,223.63600158691406,227.46599884033202,229.4479995727539
219.77999877929688,219.77999877929688,221.0500030517578,218.02000427246094,219.0800018310547,41650100,2025-09-26,4,26,9,1.3786508308882104,0.31951658863961296,2.0996500614074387,1.9908187409055427,221.29600219726564,226.62899932861328,228.85699920654298
222.1699981689453,222.1699981689453,222.60000610351562,219.3000030517578,220.0800018310547,44259200,2025-09-29,0,29,9,1.4853504428840039,0.9496529991375677,2.127861673356068,1.9920095121421137,220.2040008544922,225.7029998779297,228.51549911499023
219.57000732421875,219.57000732421875,222.24000549316406,217.88999938964844,222.02999877929688,48396400,2025-09-30,1,30,9,1.981147678832279,-1.1079545415497727,1.8181881644787967,2.033320258615706,219.9760009765625,224.25500030517577,228.22699966430665
220.6300048828125,220.6300048828125,222.14999389648438,216.61000061035156,217.36000061035156,43933800,2025-10-01,2,1,10,2.510988153708004,1.5044185973862234,1.8562833062729893,2.0430756470054994,220.06000061035155,223.15600128173827,227.95899963378906
222.41000366210938,222.41000366210938,222.80999755859375,218.9499969482422,221.00999450683594,41258600,2025-10-02,3,2,10,1.7355337200640346,0.6334596579658911,1.8183341652753064,2.0138005569583664,220.91200256347656,222.2740020751953,227.29550018310547
219.50999450683594,219.50999450683594,224.1999969482422,219.33999633789062,223.44000244140625,43639000,2025-10-03,4,3,10,2.214022473678397,-1.7588649711910458,1.9854084938333436,2.042529277620391,220.85800170898438,221.077001953125,226.65449981689454
220.89999389648438,220.89999389648438,221.72999572753906,216.02999877929688,221.0,43690900,2025-10-06,0,6,10,2.580351790735338,-0.045251630550056564,2.2044087634036105,2.1661352183798392,220.6040008544922,220.40400085449218,225.90749969482422
221.77999877929688,221.77999877929688,222.88999938964844,220.1699981689453,220.8800048828125,31194700,2025-10-07,1,7,10,1.2264411739896883,0.4074582925520421,2.0534674624350924,1.9358278134569447,221.0459991455078,220.51100006103516,225.08449935913086
225.22000122070312,225.22000122070312,226.72999572753906,221.19000244140625,222.9199981689453,46686000,2025-10-08,2,8,10,2.4598140733974714,1.0317616502108078,2.043232646372986,1.949757976322988,221.96399841308593,221.01199951171876,224.8289993286133
227.74000549316406,227.74000549316406,228.2100067138672,221.75,225.0,46412100,2025-10-09,3,9,10,2.8365708957801417,1.2177802191840277,2.2634400815162072,2.040887123395757,223.02999877929688,221.97100067138672,224.71849975585937
216.3699951171875,216.3699951171875,228.25,216.0,226.2100067138672,72367500,2025-10-10,4,10,10,5.661598316053626,-4.349945318345845,2.952955249991253,2.4691818719122987,222.4019989013672,221.63000030517577,224.12949981689454
220.07000732421875,220.07000732421875,220.67999267578125,217.0399932861328,217.6999969482422,37809700,2025-10-13,0,13,10,1.6540188433246144,1.0886588926044076,2.7676886605091084,2.4860487119563595,222.23600158691406,221.4200012207031,223.5615005493164
216.38999938964844,216.38999938964844,219.32000732421875,212.60000610351562,215.55999755859375,45665600,2025-10-14,1,14,10,3.1055045240804198,0.3850444611501146,3.1435013305272546,2.5984843964811732,221.1580017089844,221.10200042724608,222.67850036621093
215.57000732421875,215.57000732421875,217.7100067138672,212.66000366210938,216.6199951171875,45909500,2025-10-15,2,15,10,2.3426278611024833,-0.48471416149775354,3.120064088068257,2.5816483672206214,219.2280029296875,220.59600067138672,221.8760009765625
214.47000122070312,214.47000122070312,218.58999633789062,212.80999755859375,215.6699981689453,42414600,2025-10-16,3,16,10,2.6950150353889786,-0.5564042094080089,3.0917529159900243,2.6775964987531156,216.57400207519532,219.8020004272461,221.0380012512207
213.0399932861328,213.0399932861328,214.8000030517578,211.02999877929688,214.55999755859375,45986900,2025-10-17,4,17,10,1.7696227897442085,-0.7084285466799759,2.313357810728141,2.633156530359697,215.9080017089844,219.15500030517578,220.1160011291504
216.47999572753906,216.47999572753906,216.69000244140625,213.58999633789062,213.8800048828125,38882800,2025-10-20,0,20,10,1.4320058040916084,1.215630627159902,2.26895520288154,2.5183219316953243,215.18999938964845,218.71300048828124,219.55850067138672
222.02999877929688,222.02999877929688,223.32000732421875,217.99000549316406,218.42999267578125,50494600,2025-10-21,1,21,10,2.4005773365574967,1.6481281070494587,2.1279697653769554,2.635735547952105,216.31799926757813,218.73800048828124,219.6245002746582
217.9499969482422,217.9499969482422,220.00999450683594,216.52000427246094,219.3000030517578,44308500,2025-10-22,2,22,10,1.6012802400744184,-0.615597849853657,1.9797002411713422,2.5498821646197998,216.79399719238282,218.01100006103516,219.51149978637696
221.08999633789062,221.08999633789062,221.3000030517578,218.17999267578125,219.0,31540000,2025-10-23,3,23,10,1.4111947295924994,0.9543362273473175,1.7229361800120462,2.407344548001036,218.1179962158203,217.34599914550782,219.65849990844725
224.2100067138672,224.2100067138672,225.39999389648438,221.89999389648438,221.97000122070312,38685100,2025-10-24,4,24,10,1.5610364815102287,1.0091478491892432,1.6812189183652504,1.9972883645466957,220.35199890136718,218.13000030517577,219.88000030517577
226.97000122070312,226.97000122070312,228.39999389648438,225.5399932861328,227.66000366210938,38267000,2025-10-27,0,27,10,1.2600786865972344,-0.30308461315424756,1.6468334948663756,1.9578943488739575,222.45,218.81999969482422,220.12000045776367
229.25,229.25,231.49000549316406,226.2100067138672,228.22000122070312,47100000,2025-10-28,1,28,10,2.3031619538917667,0.45131836551906823,1.6273504183332297,1.8776600918550923,223.8940002441406,220.1059997558594,220.60400009155273
230.3000030517578,230.3000030517578,232.82000732421875,227.75999450683594,231.6699981689453,52036200,2025-10-29,2,29,10,2.1971397092190315,-0.5913562947362875,1.746522312162152,1.863111276666747,226.36400146484374,221.5789993286133,221.0875
222.86000061035156,222.86000061035156,228.44000244140625,222.75,227.05999755859375,102252900,2025-10-30,3,30,10,2.5531734837220297,-1.8497300243995471,1.9749180629880585,1.848927121500052,226.71800231933594,222.41799926757812,221.1099998474121
244.22000122070312,244.22000122070312,250.5,243.97999572753906,250.10000610351562,166340800,2025-10-31,4,31,10,2.669725755413771,-2.3510614711375832,2.1966559177687666,1.9389374180670085,230.72000122070312,225.53600006103517,222.34550018310546
254.0,254.0,258.6000061035156,252.89999389648438,255.36000061035156,95997800,2025-11-03,0,3,11,2.2440992941067917,-0.5325816913772485,2.3934600392706784,2.020146767068527,236.1260009765625,229.28800048828126,224.00050048828126
249.32000732421875,249.32000732421875,257.010009765625,248.66000366210938,250.3800048828125,51546300,2025-11-04,1,4,11,3.3491119277311654,-0.4233555147863623,2.6026500340385583,2.115000226185894,240.14000244140624,232.01700134277343,225.37750091552735
250.1999969482422,250.1999969482422,251.0,246.16000366210938,249.02999877929688,40610700,2025-11-05,2,5,11,1.9344509979717766,0.46982217993030817,2.550112291789107,2.14831730197563,244.12000122070313,235.24200134277345,226.6265007019043
243.0399932861328,243.0399932861328,250.3800048828125,242.1699981689453,249.16000366210938,46004200,2025-11-06,3,6,11,3.3780476220641944,-2.456257138395304,2.7150871194575403,2.3450025912227987,248.15599975585937,237.43700103759767,227.39150009155273
244.41000366210938,244.41000366210938,244.89999389648438,238.49000549316406,242.89999389648438,46374300,2025-11-07,4,7,11,2.62263749735136,0.6216590381095334,2.7056694678450577,2.451162692806912,248.19400024414062,239.45700073242188,228.79350051879882
248.39999389648438,248.39999389648438,251.75,245.58999633789062,248.33999633789062,36476500,2025-11-10,0,10,11,2.4798727107362293,0.024159442489528553,2.752824151170945,2.573142095220812,247.0739990234375,241.6,230.20999984741212
249.10000610351562,249.10000610351562,249.75,247.22999572753906,248.41000366210938,23564100,2025-11-11,1,11,11,1.0116436012505468,0.2777675742659706,2.285330485874822,2.4439902599566894,247.02999877929688,243.58500061035156,231.84550018310546
244.1999969482422,244.1999969482422,250.3699951171875,243.75,250.24000549316406,31190100,2025-11-12,2,12,11,2.710890745256888,-2.413686226156542,2.4406184353318436,2.495365363560475,245.8299987792969,244.975,233.27699966430663
237.5800018310547,237.5800018310547,243.75,236.5,243.0500030517578,41401700,2025-11-13,3,13,11,3.0516036468235828,-2.250566201201932,2.375329640283721,2.5452083798706306,244.73800048828124,246.4470001220703,234.43249969482423
234.69000244140625,234.69000244140625,238.72999572753906,232.88999938964844,235.05999755859375,38956700,2025-11-14,4,14,11,2.4883873523111255,-0.1574045439591527,2.3484796112756743,2.527074539560366,242.79400024414062,245.49400024414064,235.5150001525879
232.8699951171875,232.8699951171875,234.60000610351562,229.19000244140625,233.25,59919000,2025-11-17,0,17,11,2.323186230749432,-0.16291742028403,2.317142315278315,2.5349832332246303,239.68800048828126,243.38099975585936,236.33450012207032
222.5500030517578,222.5500030517578,230.1999969482422,222.4199981689453,228.10000610351562,60608400,2025-11-18,1,18,11,3.49584303420005,-2.433144630973455,2.8139822018682157,2.5496563438715185,234.37799987792968,240.7039993286133,236.36050033569336
222.69000244140625,222.69000244140625,223.74000549316406,218.52000427246094,223.74000549316406,58335600,2025-11-19,2,19,11,2.3440662640778416,-0.4692960695354471,2.7406173056324064,2.590617870482125,230.0760009765625,237.9529998779297,236.59750061035157
217.13999938964844,217.13999938964844,227.41000366210938,216.74000549316406,227.0500030517578,50309000,2025-11-20,3,20,11,4.913879616347634,-4.3646789380796935,3.1130724995372168,2.744201069910469,225.98800048828124,235.36300048828124,236.40000076293944
220.69000244140625,220.69000244140625,222.2100067138672,215.17999267578125,216.35000610351562,68490500,2025-11-21,4,21,11,3.1854700984710096,2.006007032795781,3.2524890487691933,2.8004843300224342,223.18800048828126,232.99100036621093,236.2240005493164
226.27999877929688,226.27999877929688,227.3300018310547,222.27000427246094,222.55999755859375,54318400,2025-11-24,0,24,11,2.2361665131212236,1.6714599485578057,3.2350851052435514,2.7761137102609337,221.87000122070313,230.77900085449218,236.1895004272461
229.6699981689453,229.6699981689453,230.52000427246094,223.8000030517578,226.3800048828125,39379300,2025-11-25,1,25,11,2.9259377690941983,1.453305599068215,3.121104052222381,2.9675431270452988,223.29400024414062,228.83600006103515,236.21050033569335
229.16000366210938,229.16000366210938,231.75,228.77000427246094,230.74000549316406,38497900,2025-11-26,2,26,11,1.3003995810425062,-0.6847541793533921,2.9123707156153142,2.8264940106238603,224.58800048828124,227.33200073242188,236.15350036621095
233.22000122070312,233.22000122070312,233.2899932861328,230.22000122070312,231.24000549316406,20292300,2025-11-28,4,28,11,1.3163502484182141,0.8562513754124588,2.1928648420294303,2.6529686707833235,227.8040008544922,226.89600067138673,236.6715003967285
233.8800048828125,233.8800048828125,235.8000030517578,232.25,233.22000122070312,42904000,2025-12-01,0,1,12,1.5178736863532094,0.2829961661327639,1.8593455596058703,2.555917304187532,230.44200134277344,226.81500091552735,236.15450057983398
234.4199981689453,234.4199981689453,238.97000122070312,233.5500030517578,235.00999450683594,45785400,2025-12-02,1,2,12,2.3120886491258936,-0.2510515942646274,1.8745299868068046,2.5548075460251782,232.07000122070312,226.97000122070312,235.17550048828124
232.3800048828125,232.3800048828125,233.3800048828125,230.61000061035156,233.35000610351562,35495100,2025-12-03,2,3,12,1.1920148955405308,-0.41568510620600796,1.527745412096071,2.324424732159226,232.61200256347655,227.9530014038086,234.32850036621093
229.11000061035156,229.11000061035156,233.5,226.8000030517578,232.77000427246094,45683200,2025-12-04,3,4,12,2.9243581381839823,-1.5723691175540313,1.8525371235243662,2.3824539195698398,232.602001953125,228.59500122070312,233.2740005493164
229.52999877929688,229.52999877929688,231.24000549316406,228.5500030517578,230.32000732421875,33117400,2025-12-05,4,5,12,1.1719611622499964,-0.34300474114252233,1.8236593062907225,2.0082620741600765,231.86400146484374,229.83400115966796,232.5985008239746
226.88999938964844,226.88999938964844,230.8300018310547,226.27000427246094,229.58999633789062,35019200,2025-12-08,0,8,12,2.009783406435054,-1.176008097612653,1.9220412503070914,1.8906934049564807,230.46600036621095,230.4540008544922,231.72250061035157
227.9199981689453,227.9199981689453,228.57000732421875,225.11000061035156,226.83999633789062,25841700,2025-12-09,1,9,12,1.518079475984579,0.4761073216761852,1.7632394156788287,1.8188847012428162,229.16600036621094,230.61800079345704,230.6985008239746
231.77999877929688,231.77999877929688,232.4199981689453,228.4600067138672,228.80999755859375,38790700,2025-12-10,2,10,12,1.7085130192139082,1.298020738775877,1.8665390404135038,1.6971422262547875,229.0459991455078,230.8290008544922,229.83250045776367
230.27999877929688,230.27999877929688,232.11000061035156,228.69000244140625,230.7100067138672,28249600,2025-12-11,3,11,12,1.4851477275814475,-0.18638460493983688,1.578696958292997,1.7156170409086815,229.27999877929688,230.94100036621094,229.1365005493164
226.19000244140625,226.19000244140625,230.0800018310547,225.1199951171875,229.8699951171875,35639100,2025-12-12,4,12,12,2.1928496663560804,-1.6009017070301816,1.782874659114214,1.8032669827024683,228.61199951171875,230.23800048828124,228.56700057983397
222.5399932861328,222.5399932861328,227.92999267578125,221.5,227.92999267578125,47286100,2025-12-15,0,15,12,2.889364999447011,-2.3647609190754615,1.9587909777166055,1.9404161140118483,227.74199829101562,229.10399932861327,227.95950012207032
222.55999755859375,222.55999755859375,223.66000366210938,221.1300048828125,223.0399932861328,39298900,2025-12-16,1,16,12,1.1367715703855532,-0.2152061253531725,1.8825293965968002,1.8228844061378144,226.6699981689453,227.91799926757812,227.44400024414062
221.27000427246094,221.27000427246094,225.19000244140625,220.99000549316406,224.66000366210938,44034400,2025-12-17,2,17,12,1.8981320862047433,-1.5089465567476026,1.920453209994967,1.8934961252042357,224.56799926757813,226.80699920654297,227.38000030517577
226.75999450683594,226.75999450683594,229.22999572753906,224.41000366210938,225.7100067138672,50272400,2025-12-18,3,18,12,2.1255918954806567,0.46519328418603106,2.048542043574809,1.813619500933903,223.86399841308594,226.5719985961914,227.58349990844727
227.35000610351562,227.35000610351562,229.1300048828125,225.5800018310547,226.75999450683594,85544400,2025-12-19,4,19,12,1.5614704009031108,0.26019210221047206,1.9222661904842149,1.8525704247992145,224.09599914550782,226.35399932861327,228.09400024414063
228.42999267578125,228.42999267578125,229.47999572753906,226.7100067138672,228.61000061035156,32261300,2025-12-22,0,22,12,1.2126205412979276,-0.07874018375824354,1.5869172988543983,1.7728541382855016,225.2739990234375,226.50799865722655,228.4809997558594
232.13999938964844,232.13999938964844,232.4499969482422,228.72999572753906,229.05999755859375,29230200,2025-12-23,1,23,12,1.6024817913689573,1.3446266759287904,1.680059343051079,1.7812943698239398,227.18999938964845,226.92999877929688,228.77399978637695
232.3800048828125,232.3800048828125,232.9499969482422,231.3300018310547,232.1300048828125,11420500,2025-12-24,2,24,12,0.6971318887803843,0.10769827025429518,1.4398593035662075,1.6801562567805874,229.41199951171876,226.98999938964843,228.9095001220703
232.52000427246094,232.52000427246094,232.99000549316406,231.17999267578125,232.0399932861328,15994700,2025-12-26,4,26,12,0.7784331602118355,0.20686562670953648,1.1704275565124431,1.6094848000436262,230.56400146484376,227.21399993896483,229.0775001525879
232.07000732421875,232.07000732421875,232.60000610351562,230.77000427246094,231.94000244140625,19797900,2025-12-29,0,29,12,0.7885559414397059,0.056051082799027915,1.015844664619762,1.4690554275519887,231.50800170898438,227.8020004272461,229.02000045776367
232.52999877929688,232.52999877929688,232.77000427246094,230.1999969482422,231.2100067138672,21910500,2025-12-30,1,30,12,1.1052368888790312,0.5709061143980837,0.9943679341359829,1.2906426164951905,232.3280029296875,228.8010009765625,228.9525001525879
230.82000732421875,230.82000732421875,232.99000549316406,230.1199951171875,232.91000366210938,24383700,2025-12-31,2,31,12,1.2433975759931566,-0.8973407346309845,0.9225510910608227,1.301305217055951,232.06400451660156,229.627001953125,228.77250061035156
226.5,226.5,235.4600067138672,224.6999969482422,231.33999633789062,51456200,2026-01-02,4,2,1,4.750556187913908,-2.0921571775342396,1.7332359508875275,1.5865476272268675,230.88800354003905,230.1500015258789,228.47850036621094
233.05999755859375,233.05999755859375,234.0,227.17999267578125,228.83999633789062,49733300,2026-01-05,0,5,1,2.9262882500906784,1.8440837651789412,2.162806968863296,1.6666172626878697,230.99600219726562,230.78000183105468,228.67600021362304
240.92999267578125,240.92999267578125,243.17999267578125,232.07000732421875,232.10000610351562,53764700,2026-01-06,1,6,1,4.611291947579633,3.804388772108644,2.9273541700912817,1.9715994173555216,232.76799926757812,232.13800048828125,229.24599990844726
241.55999755859375,241.55999755859375,245.2899932861328,239.52000427246094,239.61000061035156,42236500,2026-01-07,2,7,1,2.388635979461907,0.8138211857915016,3.1840339882078568,2.08920096117192,234.5739990234375,233.4510009765625,229.97949981689453
246.2899932861328,246.2899932861328,246.41000366210938,241.8800048828125,243.05999755859375,39509800,2026-01-08,3,8,1,1.8392946943784474,1.3288882415792904,3.303213411884914,2.1128822514728687,237.66799621582032,234.86600036621093,230.89799957275392
247.3800048828125,247.3800048828125,247.86000061035156,242.24000549316406,244.57000732421875,34560000,2026-01-09,4,9,1,2.271806534990479,1.1489542766659138,2.807463481300229,2.270349716093878,241.8439971923828,236.36600036621093,231.6779998779297
246.47000122070312,246.47000122070312,248.94000244140625,245.9600067138672,246.72999572753906,35867800,2026-01-12,0,12,1,1.2090703585750409,-0.10537612424029962,2.4640199029971015,2.3134134359301983,244.5259979248047,237.76100006103516,232.4875
242.60000610351562,242.60000610351562,247.66000366210938,240.25,246.52999877929688,38371800,2026-01-13,1,13,1,3.054411985030034,-1.5941235124490998,2.1526439104871815,2.539999040289232,244.86000061035156,238.81399993896486,233.30800018310546
236.64999389648438,236.64999389648438,241.27999877929688,236.22000122070312,241.14999389648438,41410600,2026-01-14,2,14,1,2.1381777684757086,-1.8660585170620663,2.1025522682899416,2.6432931282488994,243.87799987792968,239.2259994506836,234.01350021362305
238.17999267578125,238.17999267578125,240.64999389648438,236.6300048828125,239.30999755859375,43003600,2026-01-15,3,15,1,1.6877945827901766,-0.4721929273079468,2.0722522459722876,2.6877328289286018,242.25599975585936,239.96199798583984,234.79449996948242
239.1199951171875,239.1199951171875,239.57000732421875,236.41000366210938,239.08999633789062,45888300,2026-01-16,4,16,1,1.3215137699215518,0.012547065856523602,1.8821936929585026,2.3448285871293657,240.60399780273437,241.2239974975586,235.68699951171874
231.0,231.0,235.08999633789062,229.33999633789062,233.75999450683594,47737900,2026-01-20,1,20,1,2.4891774891774894,-1.180695829779901,2.1382151190789918,2.301117511038046,237.50999755859374,241.01799774169922,235.89899978637695
231.30999755859375,231.30999755859375,232.3000030517578,226.8800048828125,231.08999633789062,47276100,2026-01-21,2,21,1,2.3431750577803534,0.09520153368363378,1.995967733629056,2.074305822058119,235.2519958496094,240.05599822998047,236.09699935913085
234.33999633789062,234.33999633789062,235.72000122070312,230.89999389648438,234.0500030517578,31913300,2026-01-22,3,22,1,2.0568436457892867,0.1239022782959261,1.9797009090917714,2.0411265886908567,234.7899963378906,239.33399810791016,236.39249954223632
239.16000366210938,239.16000366210938,240.4499969482422,234.57000732421875,234.9600067138672,33778500,2026-01-23,4,23,1,2.458600741757313,1.7875369544728168,2.1338621408851983,2.1030571934287434,234.98599853515626,238.62099914550782,236.74349975585938
238.4199981689453,238.4199981689453,240.9499969482422,237.5399932861328,239.97999572753906,32825500,2026-01-26,0,26,1,1.43025068714791,-0.6500531654167088,2.1556095243304703,2.0189016086444864,234.84599914550782,237.7249984741211,237.045499420166
244.67999267578125,244.67999267578125,244.8800048828125,238.0800018310547,239.69000244140625,38029200,2026-01-27,1,27,1,2.779141431791814,2.0818516348402283,2.213602312853335,2.175908715966164,237.58199768066407,237.5459976196289,237.65349884033202
243.00999450683594,243.00999450683594,247.77999877929688,241.52999877929688,246.3699951171875,40882700,2026-01-28,2,28,1,2.5719106790993265,-1.363802685774847,2.25934943711713,2.127658585373093,239.9219970703125,237.58699645996094,238.20049819946288
241.72999572753906,241.72999572753906,243.0,236.74000549316406,242.82000732421875,47229600,2026-01-29,3,29,1,2.5896639297887383,-0.4488969458040908,2.3659134939170205,2.172807201504396,241.39999694824218,238.0949966430664,238.660498046875
239.3000030517578,239.3000030517578,243.32000732421875,237.63999938964844,239.88999938964844,46585000,2026-01-30,4,30,1,2.3735929219114107,-0.24594453265736432,2.34891192994784,2.241387035416519,241.42799682617186,238.20699768066407,239.08449783325196
242.9600067138672,242.9600067138672,245.6300048828125,238.1699981689453,238.30999755859375,37546100,2026-02-02,0,2,2,3.0704669524695896,1.9512438432760804,2.6769551830121756,2.416282353671323,242.33599853515625,238.59099884033202,239.90749816894532
238.6199951171875,238.6199951171875,246.35000610351562,235.4499969482422,244.97999572753906,53831300,2026-02-03,1,3,2,4.56793620749191,-2.596130590770768,3.034714138152195,2.6241582255027653,241.1239990234375,239.35299835205078,240.185498046875
232.99000549316406,232.99000549316406,238.86000061035156,231.82000732421875,238.86000061035156,51299900,2026-02-04,2,4,2,3.021585956544117,-2.4575044386620126,3.124649193641153,2.6919993153791415,239.12000122070313,239.5209991455078,239.78849868774415
222.69000244140625,222.69000244140625,226.30999755859375,220.3800048828125,224.91000366210938,103509200,2026-02-05,3,5,2,2.6628912886834866,-0.9870620179431036,3.1392946654201026,2.7526040796685614,235.31200256347657,238.3559997558594,238.84499893188476
210.32000732421875,210.32000732421875,211.44000244140625,200.30999755859375,202.6999969482422,179210900,2026-02-06,4,6,2,5.291938234699205,3.7592552988159493,3.7229637279776617,3.0359378289627506,229.51600341796876,235.4720001220703,237.04649963378907
208.72000122070312,208.72000122070312,212.80999755859375,203.35000610351562,208.97000122070312,91178400,2026-02-09,0,9,2,4.532383767607884,-0.11963439658305938,4.01534709100532,3.3461511370087478,222.66800231933593,232.5020004272461,235.1134994506836
206.9600067138672,206.9600067138672,212.64999389648438,206.41000366210938,208.8000030517578,67175000,2026-02-10,1,10,2,3.0150705604692534,-0.881224286876338,3.7047739616007895,3.369744049876492,216.33600463867188,228.7300018310547,233.13799972534179
204.0800018310547,204.0800018310547,208.57000732421875,202.49000549316406,208.05999755859375,65422300,2026-02-11,2,11,2,2.9792247042843267,-1.9129077065466262,3.6963017111488314,3.410475452394992,210.55400390625,224.83700256347657,231.21199951171874
