Adj Close,Close,High,Low,Open,Volume,date,day_of_week,day,month,hl_pct,oc_pct,volatility_5d,volatility_10d,ma_5,ma_10,ma_20
AVGO,AVGO,AVGO,AVGO,AVGO,AVGO,,,,,,,,,,,
126.45074462890625,129.31199645996094,129.90199279785156,125.25599670410156,127.79299926757812,31105000,2024-03-11,0,11,3,3.5928577556132204,1.1886388151844494,4.650636474756596,3.7654975076461286,134.03199768066406,133.89169921875,130.21494941711427
126.32950592041016,129.18800354003906,130.7790069580078,125.9280014038086,130.6999969482422,42789000,2024-03-12,1,12,3,3.7549969202022333,-1.1568427264783192,4.468774079170446,3.988863696711134,133.014599609375,133.84819946289062,130.3493495941162
123.00375366210938,125.78700256347656,128.28799438476562,125.23600006103516,128.28799438476562,37838000,2024-03-13,2,13,3,2.4263193028948478,-1.9495135404393373,4.246333042469322,4.110898155395028,131.1720001220703,133.53269958496094,130.38044967651368
123.43402099609375,126.22699737548828,127.31300354003906,124.77100372314453,126.25399780273438,38029000,2024-03-14,3,14,3,2.0138321197111484,-0.0213857998289136,4.060333477196305,4.149881073850715,128.2771987915039,133.1504997253418,130.38069953918458
120.81625366210938,123.55000305175781,126.73699951171875,123.00700378417969,125.34600067138672,88823000,2024-03-15,4,15,3,3.019017106763231,-1.4328320090063205,2.9614046410369363,3.8245537480618745,126.81280059814453,131.51379928588867,130.23284950256348
120.98639678955078,123.7239990234375,126.28800201416016,123.16999816894531,125.39800262451172,25737000,2024-03-18,0,18,3,2.520128568285437,-1.3349523645020156,2.7468588035713792,3.6987476391639875,125.69520111083985,129.86359939575195,130.19164962768554
121.06169128417969,123.8010025024414,124.0270004272461,120.4020004272461,121.69499969482422,24491000,2024-03-19,1,19,3,2.9280861436711816,1.7305582093746104,2.581476648265169,3.5251253637178075,124.61780090332032,128.81620025634766,130.24894981384278
125.30801391601562,127.5999984741211,128.7989959716797,122.65899658203125,123.9020004272461,40946000,2024-03-20,2,20,3,4.8119118049156615,2.984615287988368,3.058595148669332,3.6524640955693273,124.98040008544922,128.07620010375976,130.49169960021973
132.37869262695312,134.8000030517578,140.36099243164062,131.60000610351562,132.83200073242188,72468000,2024-03-21,3,21,3,6.499247870759419,1.48157244375194,3.9556782988789863,4.008005888037646,126.69500122070312,127.48610000610351,130.70719947814942
132.9158477783203,135.3470001220703,137.6219940185547,134.61500549316406,135.0,38624000,2024-03-22,4,22,3,2.2216883437967616,0.2570371274594907,3.7962125462856924,3.3788085936613137,129.0544006347656,127.93360061645508,130.99269981384276
132.7302703857422,135.1580047607422,135.843994140625,133.7469940185547,134.5030059814453,21237000,2024-03-25,0,25,3,1.5515175189086576,0.4869770563991946,3.602490336410336,3.174674569990858,131.34120178222656,128.5182014465332,131.2049503326416
130.75733947753906,133.1490020751953,137.99400329589844,133.05099487304688,136.468994140625,23522000,2024-03-26,1,26,3,3.712388636649353,-2.432781223556604,3.7593508350059706,3.1704137416355698,133.21080169677734,128.91430130004883,131.38125038146973
129.5042724609375,131.8730010986328,135.0,129.6020050048828,135.0,25583000,2024-03-27,2,27,3,4.093328391821327,-2.316295482494213,3.6156341523871034,3.3371146505282177,134.06540222167968,129.52290115356445,131.5278003692627
130.16029357910156,132.54100036621094,133.00900268554688,131.1529998779297,131.7899932861328,19856000,2024-03-28,3,28,3,1.4003235244105972,0.569851368341444,2.5958492831173396,3.2757637909981625,133.6136016845703,130.15430145263673,131.65240058898925
132.6006622314453,135.0260009765625,136.29800415039062,132.54100036621094,132.5679931640625,17252000,2024-04-01,0,1,4,2.782429870549021,1.8541487683667635,2.707997588467791,3.2521050673767418,133.54940185546874,131.3019012451172,131.40785026550293
131.47129821777344,133.87600708007812,134.23699951171875,130.34100341796875,131.57899475097656,24694000,2024-04-02,1,2,4,2.910152594721177,1.745728741467311,2.979724603630295,3.2911074700203153,133.29300231933593,132.31710205078124,131.0903507232666
133.8723907470703,136.3209991455078,137.6820068359375,132.52699279785156,132.8000030517578,28650000,2024-04-03,2,3,4,3.7815260087578446,2.6513524193050793,2.993552078051993,3.376451456528982,133.92740173339843,133.5691017150879,131.19265098571776
129.3834686279297,131.75,140.3979949951172,131.5,138.53199768066406,27014000,2024-04-04,3,4,4,6.753696390980787,-4.895618192338156,3.525625677883885,3.5706299151354948,133.90280151367188,133.98410186767578,131.03015098571777
131.53707885742188,133.9429931640625,136.1230010986328,131.4199981689453,132.60000610351562,19438000,2024-04-05,4,5,4,3.511197427047895,1.0128107079410371,3.947800458411345,3.2718248707643425,134.18320007324218,133.89840087890624,130.69225044250487
131.2100830078125,133.61000061035156,134.25,131.5749969482422,133.36500549316406,17139000,2024-04-08,0,8,4,2.002097926456086,0.18370270093083588,3.7917340695927577,3.2498658290302744,133.9,133.72470092773438,130.82915077209472
131.01168823242188,133.4080047607422,135.947998046875,130.86399841308594,135.73699951171875,17986000,2024-04-09,1,9,4,3.8108655045901147,-1.7158142285114315,3.971876651566545,3.47580062759842,133.8063995361328,133.54970092773436,131.0339511871338
129.8617401123047,132.23699951171875,133.5749969482422,131.54800415039062,132.3000030517578,17467000,2024-04-10,2,10,4,1.5328484503854247,-0.04762172228704677,3.5221411398920615,3.2578466089720273,132.989599609375,133.45850067138673,131.18640098571777
135.7628173828125,138.24600219726562,139.18699645996094,132.36500549316406,133.26800537109375,31713000,2024-04-11,3,11,4,4.934675041859408,3.7353277797700257,3.158336870067786,3.3419812739758354,134.28880004882814,134.09580078125,131.80935096740723
131.99276733398438,134.40699768066406,136.6510009765625,133.66200256347656,135.2010040283203,27823000,2024-04-12,4,12,4,2.223841365899313,-0.5872784402473306,2.9008656578380694,3.424333058124707,134.38160095214843,134.28240051269532,132.218350982666
128.7147216796875,131.06900024414062,137.0,130.60000610351562,137.0,24370000,2024-04-15,0,15,4,4.8829195954521545,-4.329196902087135,3.477029991637283,3.63438203061502,133.87340087890624,133.88670043945314,132.59430084228515
130.5187225341797,132.906005859375,133.6320037841797,131.10000610351562,131.53799438476562,18923000,2024-04-16,1,16,4,1.9051040352105044,1.0400124169506224,3.095877697761361,3.533877174663953,133.77300109863282,133.78970031738282,133.05340118408202
125.95911407470703,128.26300048828125,134.6999969482422,128.14199829101562,134.31100463867188,24718000,2024-04-17,2,17,4,5.112930956130045,-4.502984819941728,3.8118941989102852,3.667017669401173,132.97820129394532,132.98390045166016,133.27650108337403
123.63758850097656,125.89900207519531,129.26499938964844,125.5459976196289,128.8000030517578,24888000,2024-04-18,3,18,4,2.9539565117428763,-2.2523298973810917,3.4157504928869784,3.2870436814773827,130.50880126953126,132.3988006591797,133.19145126342772
118.30707550048828,120.47100067138672,126.0,119.75599670410156,125.89900207519531,44797000,2024-04-19,4,19,4,5.1829928041607625,-4.311393509351748,4.007580780539269,3.454223219188669,127.72160186767579,131.0516014099121,132.4750011444092
120.2466049194336,122.44599914550781,123.31999969482422,120.05400085449219,122.44999694824219,25162000,2024-04-22,0,22,4,2.6672973091190224,-0.0032648451073990737,3.564456323272642,3.5207431574549624,125.99700164794922,129.93520126342773,131.82995109558107
122.67518615722656,124.91899871826172,125.79000091552734,122.802001953125,122.81700134277344,22025000,2024-04-23,1,23,4,2.3919491775157278,1.7114872961453906,3.661825351733687,3.3788515247475237,124.39960021972657,129.0863006591797,131.31800079345703
123.42447662353516,125.68199920654297,128.56199645996094,124.49600219726562,126.38999938964844,20108000,2024-04-24,2,24,4,3.2351444823958833,-0.5601710471749992,3.2862680569868545,3.5490811279485697,123.8833999633789,128.4308006286621,130.9446506500244
127.11693572998047,129.44200134277344,130.80299377441406,125.69999694824219,127.24500274658203,30410000,2024-04-25,3,25,4,3.942303713814425,1.7265892952722819,3.483937497401164,3.4498439951440716,124.59199981689453,127.55040054321289,130.82310066223144
131.99276733398438,134.40699768066406,135.58299255371094,130.31300354003906,131.0,24100000,2024-04-26,4,26,4,3.9209186311807795,2.6007615882931776,3.2315226628051676,3.619551721672218,127.37919921875,127.55040054321289,130.9164005279541
131.45751953125,133.86199951171875,135.29800415039062,132.57000732421875,134.4080047607422,13372000,2024-04-29,0,29,4,2.037917285056732,-0.4062297107939173,3.10564665799271,3.335051490632676,129.6623992919922,127.8297004699707,130.85820045471192
127.6914291381836,130.02699279785156,134.8350067138672,129.90499877929688,132.88800048828125,22113000,2024-04-30,1,30,4,3.7915265349824896,-2.1529466015872414,3.385562129486062,3.5236937406098745,130.68399810791016,127.54179916381835,130.66574974060057
122.05355834960938,124.28600311279297,129.23699951171875,124.13500213623047,127.83300018310547,30958000,2024-05-01,2,1,5,4.105045819888566,-2.774711588738316,3.559542396984598,3.4229052269857263,130.40479888916016,127.14409942626953,130.06399993896486
121.63225555419922,123.85700225830078,126.44499969482422,122.33100128173828,125.62799835205078,29480000,2024-05-02,3,2,5,3.3215711167514725,-1.4097144879974042,3.435395877572008,3.4596666874865862,129.2877990722656,126.93989944458008,129.6693500518799
125.5152359008789,127.81099700927734,128.38800048828125,124.71399688720703,125.9000015258789,24898000,2024-05-03,4,3,5,2.87455984777862,1.5178677206017586,3.2261241208915763,3.2288233918483717,127.96859893798828,127.67389907836915,129.3627502441406
128.67739868164062,131.031005859375,131.07699584960938,127.50700378417969,128.6219940185547,16287000,2024-05-06,0,6,5,2.7245399224524554,1.8729392738793915,3.3634486483707207,3.234547653181715,127.40240020751953,128.53239974975585,129.2338005065918
127.97032928466797,130.31100463867188,131.8990020751953,129.67599487304688,131.6439971923828,12413000,2024-05-07,1,7,5,1.7059243832187636,-1.0125737459664945,2.9463282180179755,3.165945173752019,127.45920257568359,129.07160034179688,129.07895050048828
130.15634155273438,132.53700256347656,133.79100036621094,128.8489990234375,129.35000610351562,13918000,2024-05-08,2,8,5,3.728771020309247,2.463854897239404,2.8710732581021112,3.215307827543355,129.10940246582032,129.75710067749023,129.09395065307618
128.22174072265625,130.56700134277344,132.16099548339844,130.1999969482422,131.7830047607422,12170000,2024-05-09,3,9,5,1.5019097589658985,-0.9227315921172516,2.507140986544997,2.971268432058502,130.45140228271484,129.86960067749024,128.71000061035156
130.885986328125,133.27999877929688,134.39999389648438,131.531005859375,131.531005859375,16300000,2024-05-10,4,10,5,2.152602088375042,1.3297191095700982,2.3627494346642814,2.7944367777779284,131.54520263671876,129.75690078735352,128.6536506652832
131.34854125976562,133.75100708007812,135.83900451660156,133.01100158691406,134.8000030517578,18507000,2024-05-13,0,13,5,2.1143787934204825,-0.7781869049935518,2.2407172088578866,2.8020829286143036,132.08920288085938,129.74580154418945,128.7877510070801
135.52418518066406,138.0030059814453,138.19900512695312,132.5800018310547,133.23399353027344,19420000,2024-05-14,1,14,5,4.071652828094136,3.579426184570726,2.713862897832961,2.8300955579254685,133.62760314941406,130.54340286254882,129.0426010131836
141.03732299804688,143.61700439453125,143.89500427246094,136.9980010986328,138.0,32757000,2024-05-15,2,15,5,4.8023583299936545,4.0702930395153984,2.9285803597698425,2.8998268089359773,135.843603515625,132.47650299072265,129.8103012084961
138.676513671875,141.21299743652344,144.5399932861328,140.50599670410156,142.60000610351562,28395000,2024-05-16,3,16,5,2.85667513278625,-0.9726568075918143,3.1995334345339126,2.853337210539455,137.972802734375,134.21210250854492,130.5760009765625
137.0227508544922,139.5290069580078,141.9530029296875,138.17799377441406,141.24200439453125,18174000,2024-05-17,4,17,5,2.7055371765166734,-1.2128102003838193,3.310120452162239,2.83643494341326,139.22260437011718,135.38390350341797,131.52890129089354
138.8631134033203,141.4029998779297,141.69400024414062,139.3159942626953,139.60000610351562,27170000,2024-05-20,0,20,5,1.6817224411774832,1.2915427618800488,3.2235891817136393,2.732153195285763,140.7530029296875,136.42110290527344,132.47675132751465
137.40672302246094,139.9199981689453,140.93899536132812,139.3459930419922,139.8679962158203,15333000,2024-05-21,1,21,5,1.1385093912111686,0.03717930801322091,2.6369604943370457,2.6754116960850034,141.1364013671875,137.3820022583008,133.22680130004883
136.72323608398438,139.2239990234375,140.5,138.4219970703125,139.6009979248047,21002000,2024-05-22,2,22,5,1.4925608690048338,-0.2700545891299831,1.9750010021392819,2.451790680954562,140.25780029296874,138.0507019042969,133.90390129089354
136.8263397216797,139.32899475097656,142.89999389648438,137.8000030517578,142.84300231933594,31039000,2024-05-23,3,23,5,3.660394488485188,-2.4600488027432768,2.1357448732790694,2.6676391539064914,139.88099975585936,138.9269012451172,134.39825096130372
138.2552032470703,140.78399658203125,141.35800170898438,139.20199584960938,139.97900390625,16730000,2024-05-24,4,24,5,1.53142822459849,0.5750810145215696,1.9009230828954327,2.605521767528836,140.13199768066406,139.67730102539062,134.71710090637208
138.70790100097656,141.2449951171875,141.71800231933594,139.25399780273438,141.0,22919000,2024-05-28,1,28,5,1.744489788510551,0.1737554022606383,1.9134765523620463,2.5685328670378427,140.10039672851562,140.42669982910155,135.0862506866455
136.5690460205078,139.06700134277344,139.91000366210938,138.3000030517578,139.91000366210938,26861000,2024-05-29,2,29,5,1.1577157735523615,-0.6025318399475109,1.917317828830285,2.2771391615836656,139.92979736328124,140.53309936523436,135.5382511138916
133.95782470703125,136.4080047607422,138.2779998779297,135.56399536132812,137.89999389648438,21717000,2024-05-30,3,30,5,1.989622618820567,-1.081935606800795,2.0167301787934315,1.9958655904663565,139.3665985107422,139.81219940185548,136.14435119628905
130.4686279296875,132.85499572753906,136.2550048828125,130.7259979248047,136.13600158691406,73091000,2024-05-31,4,31,5,4.161685398226785,-2.410094186055765,2.1169883607417512,2.1263666170104103,138.0717987060547,138.97639923095704,136.59425086975097
129.8155975341797,132.19000244140625,135.3000030517578,130.2530059814453,135.27000427246094,26278000,2024-06-03,0,3,6,3.817986971102146,-2.2769289079424775,2.5743001100424823,2.2376115964689576,136.35299987792968,138.24249877929688,136.8132011413574
130.6915740966797,133.08200073242188,133.19900512695312,130.7010040283203,132.0399932861328,23048000,2024-06-04,1,4,6,1.8770390322394974,0.7891604811210611,2.6008099587882714,2.257143255575159,134.72040100097655,137.4103988647461,136.91575088500977
138.7707977294922,141.3090057373047,141.43499755859375,134.0540008544922,134.60000610351562,32947000,2024-06-05,2,5,6,5.223302411328923,4.984397718845148,3.4139272863435837,2.6656225575869343,135.1688018798828,137.54929962158204,137.4656509399414
137.61001586914062,140.1269989013672,142.2689971923828,138.82400512695312,142.18699645996094,20172000,2024-06-06,3,6,6,2.4584784462946745,-1.4487946224912582,3.5076984518384053,2.7622143153159184,135.9126007080078,137.639599609375,137.84515075683595
138.13735961914062,140.66400146484375,142.5,139.70199584960938,140.7779998779297,17859000,2024-06-07,4,7,6,1.9891401646852283,-0.08097743481565792,3.0731894051300936,2.595088882935922,137.47440185546876,137.77310028076172,138.35000076293946
141.45960998535156,144.0469970703125,144.90499877929688,140.91299438476562,140.97999572753906,31042000,2024-06-10,0,10,6,2.771320802045367,2.1754869029084025,2.863856171318738,2.7190781406806104,139.84580078125,138.09940032958986,138.88835067749022
143.47865295410156,146.10299682617188,146.50100708007812,141.6230010986328,143.82000732421875,34844000,2024-06-11,1,11,6,3.338744644128683,1.5873935375392505,3.156197293696575,2.8785036262424235,142.45,138.58520050048827,139.5059501647949
146.86474609375,149.55099487304688,150.5800018310547,147.63999938964844,150.0,56697000,2024-06-12,2,12,6,1.965886247632123,-0.29933675130208337,2.504714060957215,2.9593206736504,144.09839782714843,139.63359985351562,140.083349609375
164.8831787109375,167.8990020751953,173.5850067138672,165.2519989013672,171.0,89061000,2024-06-13,3,13,6,4.963107409517524,-1.8134490788331508,3.005639853601785,3.2566691527200953,149.65279846191407,142.78269958496094,141.2974494934082
170.38748168945312,173.50399780273438,174.7239990234375,168.2100067138672,168.68600463867188,69705000,2024-06-14,4,14,6,3.7543759175949396,2.8561902182594925,3.3586870041837273,3.2159382046569105,156.22079772949218,146.84759979248048,142.91199951171876
179.6019287109375,182.88699340820312,184.3000030517578,177.85800170898438,180.0,87528000,2024-06-17,0,17,6,3.5223944703355223,1.6038852267795138,3.5089017378417586,3.186378954580248,163.98879699707032,151.91729888916015,145.07989883422852
177.0142822265625,180.2519989013672,185.16200256347656,178.50100708007812,183.95899963378906,86797000,2024-06-18,1,18,6,3.695379537534724,-2.0151233371574517,3.5802287165229663,3.3682130051097707,170.81859741210937,156.6342987060547,147.0223487854004
170.34036254882812,173.45599365234375,180.47500610351562,172.2220001220703,180.3459930419922,68157000,2024-06-20,3,20,6,4.757982591242558,-3.8204338635037782,4.138647985245053,3.3216810231011342,175.59959716796874,159.8489974975586,148.69914855957032
162.88372802734375,165.86300659179688,171.39999389648438,165.14199829101562,169.5659942626953,99289000,2024-06-21,4,21,6,3.7729905746072814,-2.1838032366098643,3.900624618263005,3.453132235932395,175.19239807128906,162.42259826660157,150.03109893798828
156.85751342773438,159.2209930419922,166.10000610351562,159.0659942626953,164.2050018310547,58575000,2024-06-24,0,24,6,4.417766593733777,-3.035235670951357,4.033302753490773,3.69599487883725,172.33579711914064,164.2782974243164,151.02569885253905
155.7324676513672,158.07899475097656,160.60400390625,156.39999389648438,160.01300048828125,53329000,2024-06-25,1,25,6,2.6594361992168816,-1.2086553788773724,3.860711099267044,3.684806418554401,167.37419738769532,165.6814971923828,151.89044876098632
156.8368377685547,159.1999969482422,161.8179931640625,157.35899353027344,159.76199340820312,46479000,2024-06-26,2,26,6,2.8008792206439153,-0.3517710614219723,3.6818110358888823,3.6310198762059245,163.1637969970703,166.99119720458984,152.78819885253907
156.310791015625,158.66600036621094,160.56199645996094,157.10000610351562,159.1999969482422,31649000,2024-06-27,3,27,6,2.1819358580003434,-0.33542499514297014,3.16660168924044,3.6526248372427466,160.20579833984374,167.90269775390624,153.76814880371094
158.1697540283203,160.55299377441406,163.92300415039062,158.60000610351562,159.58799743652344,69377000,2024-06-28,4,28,6,3.3154150051877016,0.6046797712807036,3.0750865753565235,3.4878555968097644,159.1437957763672,167.16809692382813,154.97539825439452
161.6444091796875,164.0800018310547,164.875,159.35000610351562,160.82000732421875,47623000,2024-07-01,0,1,7,3.367256115814282,2.0271075477963847,2.8649844797726245,3.449143616631699,160.1155975341797,166.22569732666017,156.53664855957032
163.2876434326172,165.7480010986328,165.9199981689453,162.1999969482422,164.0800018310547,32539000,2024-07-02,1,2,7,2.244371694407004,1.0165768216504434,2.781971578810649,3.3213413390388467,161.64939880371094,164.5117980957031,158.21454849243165
170.3551788330078,172.9219970703125,172.9219970703125,166.4459991455078,167.0,39954000,2024-07-03,2,3,7,3.745039980177569,3.5461060301272456,2.97080373071738,3.3263073833031314,164.393798828125,163.77879791259767,160.20654830932617
167.8026123046875,170.33099365234375,176.5469970703125,169.60000610351562,175.55599975585938,45240000,2024-07-05,4,5,7,4.078524300149461,-2.9762617687700157,3.350121419147203,3.2583615541938213,166.72679748535157,163.46629791259767,161.65764770507812
171.99447631835938,174.58599853515625,175.69000244140625,170.5,170.5,36398000,2024-07-08,0,8,7,2.9727483789950906,2.396480079270528,3.281588093908681,3.1783373346326025,169.5333984375,164.3385971069336,163.38059768676757
170.758056640625,173.33099365234375,177.09800720214844,170.55599975585938,175.656005859375,37802000,2024-07-09,1,9,7,3.774286011081552,-1.323616688001312,3.3629940729621355,3.1139892763673798,171.38359680175782,165.74959716796874,165.0139472961426
171.8791961669922,174.468994140625,176.6490020751953,172.63600158691406,174.60000610351562,41074000,2024-07-10,2,10,7,2.300122441840126,-0.07503548585957755,3.3741442224487592,3.0780579006297044,173.12779541015624,167.3885971069336,166.5350471496582
168.06272888183594,170.59500122070312,176.48699951171875,166.85000610351562,176.46600341796875,51026000,2024-07-11,3,11,7,5.649047943518286,-3.3269876823582027,3.7549458151169035,3.3628747729171415,172.6623962402344,168.5280975341797,167.75964736938477
167.54254150390625,170.06700134277344,172.59100341796875,169.13099670410156,171.10299682617188,30453000,2024-07-12,4,12,7,2.0344962200476946,-0.6054806184668601,3.34614019909655,3.3481308091218764,172.6095977783203,169.66819763183594,168.7854476928711
168.87545776367188,171.4199981689453,173.50999450683594,169.25999450683594,170.0,22999200,2024-07-15,0,15,7,2.479290657681232,0.8352930405560661,3.2474486548337778,3.2645183743712294,171.9763977050781,170.75489807128906,168.96149749755858
166.86573791503906,169.3800048828125,172.80999755859375,166.39999389648438,172.39999389648438,22244900,2024-07-16,1,16,7,3.784392181677058,-1.7517338286480413,3.2494698889528792,3.306231980957507,171.1861999511719,171.28489837646484,168.7552978515625
153.66464233398438,155.97999572753906,162.83999633789062,155.61000061035156,162.30999755859375,43343400,2024-07-17,2,17,7,4.635207030116984,-3.899945737334857,3.7164868066082506,3.545315514528505,167.4884002685547,170.30809783935547,167.4099479675293
158.13723754882812,160.52000427246094,161.50999450683594,153.89999389648438,158.88999938964844,37973500,2024-07-18,3,18,7,4.74084251669631,1.0258700289973655,3.534845721243856,3.644895768180379,165.47340087890626,169.06789855957032,166.423348236084
155.0143280029297,157.35000610351562,163.9499969482422,157.1199951171875,161.83999633789062,26309500,2024-07-19,4,19,7,4.3406428764683005,-2.7743390607849303,3.996075052527977,3.671107625812263,162.93000183105468,167.7697998046875,165.61804885864257
158.6692352294922,161.05999755859375,162.99000549316406,157.89999389648438,160.22999572753906,28813300,2024-07-22,0,22,7,3.1603201749881666,0.5180065238633925,4.132280955989364,3.6898648054115712,160.85800170898438,166.41719970703124,165.3778984069824
161.33901977539062,163.77000427246094,165.3300018310547,159.89999389648438,160.39999389648438,21570200,2024-07-23,1,23,7,3.315630330897785,2.101004054994809,4.038528585833509,3.6439992373931944,159.73600158691406,165.46110076904296,165.60534896850587
149.093505859375,151.33999633789062,161.41000366210938,151.10000610351562,160.35000610351562,37162600,2024-07-24,2,24,7,6.812473773010434,-5.618964404534225,4.473981934412199,4.095234370510225,158.80800170898436,163.14820098876953,165.26839904785157
147.04440307617188,149.25999450683594,153.5500030517578,145.52000427246094,151.25999450683594,30872100,2024-07-25,3,25,7,5.379873425446971,-1.3222266776623568,4.601788116162331,4.068316918703093,156.55599975585938,161.01470031738282,164.77139892578126
149.37921142578125,151.6300048828125,153.5800018310547,149.9199981689453,153.5,20839900,2024-07-26,4,26,7,2.413772699498371,-1.218237861359935,4.216414080768345,4.106244566648161,155.41199951171876,159.1710006713867,164.41959915161132
147.99014282226562,150.22000122070312,155.0,149.14999389648438,152.02000427246094,16625800,2024-07-29,0,29,7,3.8942924084528534,-1.1840567038346614,4.363208527461283,4.247744741725323,153.24400024414064,157.0510009765625,163.90294952392577
141.3896026611328,143.52000427246094,153.47000122070312,143.35000610351562,153.27999877929688,31102300,2024-07-30,1,30,7,7.051278439189231,-6.367428617277751,5.110338149119572,4.574433367476541,149.19400024414062,154.46500091552736,162.87494964599608
158.2948760986328,160.67999267578125,161.3300018310547,151.0,151.47000122070312,45827500,2024-07-31,2,31,7,6.428928492608585,6.0804062724331,5.0336290930392025,4.7538055137257,151.06199951171874,154.93500061035155,162.6215492248535
144.837646484375,147.02000427246094,158.91000366210938,146.1699981689453,157.5,40320000,2024-08-01,3,1,8,8.66549117326509,-6.653965541294643,5.690752642602826,5.14627037938258,150.61400146484374,153.58500061035156,161.32644958496093
141.68516540527344,143.82000732421875,145.35000610351562,139.60000610351562,141.92999267578125,33745800,2024-08-02,4,2,8,3.998052918352008,1.3316527485173397,6.007608686373554,5.11201138357095,149.052001953125,152.23200073242188,160.0009002685547
139.97097778320312,142.0800018310547,145.4199981689453,128.5,129.61000061035156,41309300,2024-08-05,0,5,8,11.908782341560386,9.621172102445916,7.610506672995061,5.986857600228172,147.42400207519532,150.33400115966796,158.3756004333496
141.78366088867188,143.9199981689453,148.91000366210938,140.25,141.72999572753906,24751300,2024-08-06,1,6,8,6.017234416542682,1.5451933305750591,7.403697868465751,6.257018008792661,147.50400085449218,148.3490005493164,156.9050506591797
134.24722290039062,136.27000427246094,150.10000610351562,135.8300018310547,148.25,29749800,2024-08-07,2,7,8,10.471860149009176,-8.080941468829048,8.21228419974587,6.622956646392535,142.62200317382812,146.84200134277344,154.99510116577147
143.57664489746094,145.74000549316406,146.27000427246094,138.39999389648438,141.1999969482422,27583200,2024-08-08,3,8,8,5.400034362113226,3.215303571561723,7.559192837515495,6.624972740059161,142.36600341796876,146.49000244140626,153.75235137939453
146.05923461914062,148.25999450683594,149.5500030517578,144.11000061035156,144.1999969482422,18438700,2024-08-09,4,9,8,3.6692315142069045,2.8155323470991527,7.493428556686476,6.750518621530015,143.25400085449218,146.1530014038086,152.66200103759766
146.4138946533203,148.6199951171875,151.1300048828125,146.3699951171875,148.0800018310547,17778500,2024-08-12,0,12,8,3.2028057610092855,0.364663208708556,5.752233240576255,6.681369956785657,144.56199951171874,145.99300079345704,151.52200088500976
153.84197998046875,156.16000366210938,156.3800048828125,149.80999755859375,151.5500030517578,22053600,2024-08-13,1,13,8,4.207227952193558,3.041900704401267,5.390231947706431,6.39696490808609,147.01000061035157,147.2570007324219,150.86100082397462
155.34925842285156,157.69000244140625,160.25,154.72000122070312,158.02000427246094,20184200,2024-08-14,2,14,8,3.5068797600860506,-0.2088354778713285,3.9972358699218047,6.104760034833837,151.29400024414062,146.95800170898437,150.94650115966797
163.66397094726562,166.1300048828125,166.6699981689453,160.33999633789062,161.1999969482422,27945000,2024-08-15,3,15,8,3.810270056586014,3.0583176351754093,3.6792830088163626,5.6192379231659295,155.37200012207032,148.86900177001954,151.22700119018555
163.2600555419922,165.72000122070312,166.08999633789062,162.67999267578125,164.47000122070312,19296900,2024-08-16,4,16,8,2.0576898606028786,0.7600170187404685,3.3569746780955576,5.425201617391016,158.86400146484374,151.05900115966796,151.64550094604493
165.22055053710938,167.7100067138672,167.8300018310547,160.4199981689453,164.86000061035156,20441700,2024-08-19,0,19,8,4.41834319090554,1.7287432324179386,3.6000821640748084,4.676157702325532,162.6820037841797,153.62200164794922,151.9780014038086
163.4866485595703,165.9499969482422,168.3699951171875,164.14999389648438,167.0500030517578,19417500,2024-08-20,1,20,8,2.542935401209614,-0.6584891250644308,3.2672236538780197,4.328727800792224,164.64000244140624,155.82500152587892,152.08700103759764
163.3191680908203,165.77999877929688,166.47000122070312,162.8800048828125,165.1199951171875,16097700,2024-08-21,2,21,8,2.1655183763573262,0.39971153199281717,2.9989513771322747,3.4980936235270397,166.25800170898438,158.7760009765625,152.80900115966796
159.9302215576172,162.33999633789062,172.4199981689453,161.49000549316406,170.83999633789062,30044500,2024-08-22,3,22,8,6.73277868815016,-4.975415700190333,3.583453103445104,3.6313680561307335,165.5,160.43600006103514,153.4630012512207
163.89056396484375,166.36000061035156,168.27999877929688,163.4600067138672,165.02999877929688,18848000,2024-08-23,4,23,8,2.8973263090561496,0.8059151917181843,3.751380393135758,3.5541775356156577,165.62799987792968,162.24600067138672,154.19950103759766
157.25062561035156,159.6199951171875,165.6999969482422,158.66000366210938,164.9600067138672,18521200,2024-08-26,0,26,8,4.410470806595559,-3.237155297854862,3.749805916273762,3.6749440401742843,164.00999755859374,163.34600067138672,154.66950073242188
158.99435424804688,161.38999938964844,162.02999877929688,155.8300018310547,157.60000610351562,16683100,2024-08-27,1,27,8,3.8416239988162832,2.4048179818238395,4.0095436357950955,3.6383836448365576,163.097998046875,163.86900024414064,155.56300048828126
155.8319854736328,158.17999267578125,162.27999877929688,156.25,160.0800018310547,18063600,2024-08-28,2,28,8,3.8121121877002846,-1.1869122523365974,4.338862398063688,3.6689068875979816,161.57799682617187,163.91799926757812,155.43800048828126
154.60057067871094,156.92999267578125,163.1999969482422,155.41000366210938,158.49000549316406,23519300,2024-08-29,3,29,8,4.963992639843555,-0.9842972826763505,3.985105188402366,3.7842791459237355,160.49599609375,162.997998046875,155.93349990844726
160.40313720703125,162.82000732421875,163.24000549316406,158.7100067138672,161.1199951171875,25158500,2024-08-30,4,30,8,2.7822126124072826,1.055121808931771,3.962082449072593,3.8567314211041754,159.78799743652343,162.70799865722657,156.88349990844728
150.52200317382812,152.7899932861328,160.74000549316406,151.3800048828125,160.3800048828125,37179100,2024-09-03,1,3,9,6.12605603877664,-4.732517374734841,4.305199495508809,4.027502705891285,158.4219970703125,161.21599731445312,157.41899948120118
151.83224487304688,154.1199951171875,157.7899932861328,149.14999389648438,150.3000030517578,20324100,2024-09-04,2,4,9,5.606021063703565,2.541578168906771,4.6580789084862655,4.3338112721406805,156.9679962158203,160.03299713134766,157.9289993286133
150.55154418945312,152.82000732421875,156.36000061035156,150.11000061035156,150.57000732421875,31548500,2024-09-05,3,5,9,4.089778628749945,1.4943215053148862,4.713612196696198,4.526237297379942,155.8959991455078,158.73699798583985,158.75649948120116
134.9663848876953,137.0,143.5,136.60000610351562,143.25,76634600,2024-09-06,4,6,9,5.036491895244069,-4.363001745200698,4.7281120477763015,4.356608618089333,151.91000061035157,156.20299835205077,158.31949920654296
138.72970581054688,140.82000732421875,141.58999633789062,134.89999389648438,139.11000061035156,39516700,2024-09-09,0,9,9,4.75074711933755,1.229247865979767,5.121818949162353,4.541950699117473,147.51000061035157,153.6489990234375,157.9474998474121
146.00999450683594,148.2100067138672,149.86000061035156,141.0399932861328,141.22000122070312,36067500,2024-09-10,1,10,9,5.951020123254276,4.94972768215733,5.086811766057881,4.696005630783345,146.59400329589843,152.50800018310548,157.9270004272461
155.920654296875,158.27000427246094,158.8699951171875,145.0399932861328,148.38999938964844,39700800,2024-09-11,2,11,9,8.738233055991088,6.658133919705185,5.713254164515385,5.185666536500825,147.42400512695312,152.1960006713867,158.03250045776366
162.11727905273438,164.55999755859375,166.32000732421875,156.8300018310547,158.10000610351562,43530700,2024-09-12,3,12,9,5.766896957922609,4.0860159428763465,6.048677830349918,5.381145013523058,149.77200317382812,152.83400115966796,158.37600021362306
165.20082092285156,167.69000244140625,168.0800018310547,164.0399932861328,166.74000549316406,29850000,2024-09-13,4,13,9,2.409212526747695,0.5697474612840498,5.523221956650643,5.125667002213472,155.91000366210938,153.91000213623047,158.45400009155273
161.58529663085938,164.02000427246094,165.5,160.41000366210938,165.19000244140625,26126900,2024-09-16,0,16,9,3.1032777742374678,-0.7082742004076893,5.193728087630627,5.157773518396491,160.5500030517578,154.03000183105468,158.36900024414064
160.05831909179688,162.47000122070312,166.02000427246094,160.6999969482422,165.49000549316406,19844300,2024-09-17,1,17,9,3.2744551512570776,-1.8248861999014714,4.658415093231187,4.8726134296445345,163.402001953125,154.9980026245117,158.10699996948242
159.2701873779297,161.6699981689453,167.47000122070312,161.36000061035156,163.77000427246094,26557600,2024-09-18,2,18,9,3.7793039398482615,-1.2822898264213793,3.666629270002622,4.689941717259003,164.08200073242188,155.7530029296875,157.89300003051758
165.47731018066406,167.4199981689453,170.0,165.66000366210938,167.67999267578125,32453100,2024-09-19,3,19,9,2.5922807223490043,-0.15505398270063833,3.0317060228879016,4.54019192661891,164.65400085449218,157.21300201416017,157.975
169.11460876464844,171.10000610351562,172.02000427246094,166.47000122070312,167.17999267578125,91758500,2024-09-20,4,20,9,3.2437187923886204,2.3447862181311443,3.1986072760160864,4.360914616333365,165.33600158691405,160.6230026245117,158.41300048828126
170.93325805664062,172.94000244140625,173.32000732421875,168.35000610351562,172.0,29431100,2024-09-23,0,23,9,2.873829738950657,0.5465130473292151,3.1527176689587244,4.173222878294675,167.12000122070313,163.83500213623046,158.74200057983398
172.81121826171875,174.83999633789062,175.99000549316406,171.67999267578125,172.80999755859375,34223400,2024-09-24,1,24,9,2.4651183411451285,1.1746998483745563,2.990850306936334,3.824632700083761,169.59400024414063,166.4980010986328,159.50300064086915
173.48333740234375,175.52000427246094,177.13999938964844,173.75999450683594,174.64999389648438,16613800,2024-09-25,2,25,9,1.9257092072341195,0.4981450938339113,2.620131360413506,3.1433803152080637,172.36400146484374,168.2230010986328,160.20950088500976
176.02349853515625,178.08999633789062,180.25,175.0,178.5,24340000,2024-09-26,3,26,9,2.9479477275293786,-0.22969392835259103,2.6912647614495806,2.861485392168741,174.4980010986328,169.5760009765625,161.20500106811522
170.68617248535156,172.69000244140625,178.47000122070312,171.75999450683594,178.1699981689453,20580900,2024-09-27,4,27,9,3.8855791412382974,-3.0757118391744,2.8196368312195164,3.0091220536178014,174.81600036621094,170.0760009765625,161.99300155639648
170.4983673095703,172.5,172.9199981689453,169.6300048828125,171.8699951171875,16902000,2024-09-30,0,30,9,1.9072424847146738,0.3665589694018079,2.6263193803723195,2.8895185246655215,174.72799987792968,170.92400054931642,162.47700119018555
165.5267333984375,167.47000122070312,172.25,165.8000030517578,172.16000366210938,23770400,2024-10-01,1,1,10,3.851434227758768,-2.7242113973296056,2.9035825576950476,2.947216432315691,173.25400085449218,171.42400054931642,163.21100158691405
168.67971801757812,170.66000366210938,172.83999633789062,167.02000427246094,167.5500030517578,14317800,2024-10-02,2,2,10,3.410284741908667,1.8561626700722014,3.2004976646299568,2.910314512521732,172.28200073242186,172.3230010986328,164.03800201416016
169.8954315185547,171.88999938964844,174.94000244140625,169.19000244140625,169.6199951171875,13072300,2024-10-03,3,3,10,3.3451626158690164,1.3382881368983834,3.279940642297885,2.9856027018737326,171.04200134277343,172.77000122070314,164.99150161743165
174.59033203125,176.63999938964844,176.89999389648438,172.60000610351562,176.3000030517578,17921400,2024-10-04,4,4,10,2.4343228078728925,0.19285101078007896,2.9896893756248035,2.90466310342216,171.83200073242188,173.3240005493164,166.97350158691407
173.0484161376953,175.0800018310547,178.30999755859375,173.86000061035156,174.82000732421875,15588300,2024-10-07,0,7,10,2.5416934553931863,0.14872125382866236,3.116579569760506,2.8714494750664126,172.3480010986328,173.53800048828126,168.68650131225587
178.6328582763672,180.72999572753906,181.60000610351562,174.88999938964844,175.4199981689453,20774200,2024-10-08,1,8,10,3.7127244356177105,3.0270195040589054,3.0888376113322944,2.996210084513671,175.0,174.1270004272461,170.31250076293946
183.7923126220703,185.9499969482422,186.4199981689453,176.4199981689453,179.24000549316406,25504100,2024-10-09,2,9,10,5.377789816680355,3.7435791393869566,3.4823386262866323,3.3414181454582943,178.05799865722656,175.1699996948242,171.6965003967285
183.53530883789062,185.69000244140625,186.30999755859375,182.52999877929688,183.55999755859375,16318000,2024-10-10,3,10,10,2.035650131724048,1.160386201319591,3.2204361294576387,3.250188385877761,180.81799926757813,175.93000030517578,172.75300064086915
179.37416076660156,181.47999572753906,182.58999633789062,177.39999389648438,181.13999938964844,23070000,2024-10-11,4,11,10,2.8598206764331997,0.1876981003843675,3.3055357031697,3.147612539397252,181.78599853515624,176.80899963378906,173.44250030517577
180.19454956054688,182.30999755859375,184.9499969482422,180.1300048828125,183.3000030517578,17195800,2024-10-14,0,14,10,2.6438440732689714,-0.5401011874967171,3.325965826744857,3.221272698252682,183.23199768066405,177.78999938964844,174.35699996948242
173.93798828125,175.97999572753906,181.6999969482422,173.3699951171875,180.7899932861328,27657500,2024-10-15,1,15,10,4.733493597733466,-2.660544132540046,3.530119659168008,3.3094786352501515,182.28199768066406,178.64099884033203,175.03249969482422
174.7682342529297,176.82000732421875,179.25,175.3300018310547,178.50999450683594,15285100,2024-10-16,2,16,10,2.2169426572625173,-0.9467185225600746,2.8979502272844404,3.190144426785536,180.45599975585938,179.25699920654296,175.79000015258788
179.423583984375,181.52999877929688,185.50999450683594,180.69000244140625,181.3699951171875,25232400,2024-10-17,3,17,10,2.6552041523945613,0.0882194775414714,3.021861031418543,3.1211485804380907,179.6239990234375,180.22099914550782,176.49550018310546
177.8026123046875,179.88999938964844,182.7100067138672,178.67999267578125,182.32000732421875,17835200,2024-10-18,4,18,10,2.240265746711565,-1.3328257113598299,2.897950045474216,3.101742874321958,179.30599975585938,180.5459991455078,176.93499984741212
177.90145874023438,179.99000549316406,181.72000122070312,178.25,179.3800048828125,13695100,2024-10-21,0,21,10,1.9278855018618875,0.34006053838055744,2.7547583311927992,3.0403620789688284,178.84200134277344,181.03699951171876,177.2875
177.29852294921875,179.3800048828125,180.69000244140625,177.41000366210938,178.66000366210938,12062600,2024-10-22,1,22,10,1.8285197290744146,0.4030007869387638,2.173763557460989,2.8519416083144984,179.52200317382812,180.9020004272461,177.5145004272461
171.4966278076172,173.50999450683594,178.97999572753906,172.57000732421875,177.58999633789062,19513700,2024-10-23,2,23,10,3.694305000434872,-2.2974277353392667,2.46923602609546,2.68359312668995,178.86000061035156,179.65800018310546,177.41399993896485
169.36170959472656,171.35000610351562,174.3000030517578,169.5,174.25999450683594,20485200,2024-10-24,3,24,10,2.801285603023582,-1.669911910393271,2.498452316221264,2.7601566738199037,176.82400207519532,178.2240005493164,177.0770004272461
170.9925537109375,173.0,176.8000030517578,172.72000122070312,174.19000244140625,19977700,2024-10-25,4,25,10,2.3583825613032876,-0.6831634564139473,2.5220756791396086,2.7100128623069124,175.4460021972656,177.3760009765625,177.09250030517578
170.02394104003906,172.02000427246094,173.97000122070312,171.35000610351562,173.0,13195800,2024-10-28,0,28,10,1.5230758354346472,-0.5664715188087066,2.441113745854161,2.5979360385234798,173.852001953125,176.3470016479492,177.06850051879883
177.16015625,179.24000549316406,180.22999572753906,171.2100067138672,172.44000244140625,23702300,2024-10-29,1,29,10,5.0323525648496386,3.9434023170281503,3.0818803130092056,2.6278219352350973,173.82400207519532,176.67300262451172,177.65700073242186
174.59033203125,176.63999938964844,179.19000244140625,175.6199951171875,177.47000122070312,17911500,2024-10-30,2,30,10,2.0210639360022333,-0.46768570763826756,2.7472321001226776,2.608234063109069,174.45000305175782,176.65500183105468,177.95600051879882
167.80003356933594,169.77000427246094,174.4499969482422,167.3800048828125,174.4499969482422,26086600,2024-10-31,3,31,10,4.164453017320527,-2.6827129593873043,3.0198655829820664,2.7591589496016655,174.13400268554688,175.4790023803711,177.85000076293946
166.95989990234375,168.9199981689453,171.3300018310547,167.5,168.25999450683594,17847000,2024-11-01,4,1,11,2.2673465975438334,0.3922522784122407,3.0016583902301757,2.7618670346848924,173.31800231933593,174.3820022583008,177.4640007019043
166.59420776367188,168.5500030517578,172.4499969482422,168.4199981689453,169.27999877929688,13621300,2024-11-04,0,4,11,2.3909811369504133,-0.43123566446312017,3.175239450533329,2.8081765981937448,172.6240020751953,173.23800201416014,177.13750076293945
171.88211059570312,173.89999389648438,174.39999389648438,170.0500030517578,170.0500030517578,13441800,2024-11-05,1,5,11,2.501432430938402,2.264034563736378,2.669055423751082,2.875467868380144,171.55599975585938,172.69000091552735,176.7960006713867
177.466552734375,179.5500030517578,180.2100067138672,175.9600067138672,179.6300048828125,24300800,2024-11-06,2,6,11,2.3670286425864764,-0.04453700878474023,2.7382483650679306,2.742740232595304,172.13800048828125,173.29400177001952,176.4760009765625
181.67710876464844,183.80999755859375,184.8699951171875,181.7899932861328,181.99000549316406,18970600,2024-11-07,3,7,11,1.67564434577225,1.000050557995093,2.240486630758275,2.630176106870171,174.9459991455078,174.54000091552734,176.3820007324219
181.50909423828125,183.63999938964844,185.0500030517578,181.8300018310547,182.99000549316406,13503200,2024-11-08,4,8,11,1.7534312956900568,0.3552073211499284,2.1377035703875196,2.569680980308848,177.88999938964844,175.6040008544922,176.49000091552733
176.833984375,178.91000366210938,183.6300048828125,176.82000732421875,183.39999389648438,17036700,2024-11-11,0,11,11,3.806381655133805,-2.448195411014716,2.420783674024198,2.798011562278764,179.96199951171874,176.29300079345703,176.32000122070312
174.17518615722656,176.22000122070312,179.55999755859375,173.1999969482422,178.89999389648438,15862000,2024-11-12,1,12,11,3.60912527879631,-1.4980395568554101,2.6423222435957796,2.655688833673431,180.4260009765625,175.99100036621093,176.33200149536134
171.5658416748047,173.5800018310547,175.58999633789062,172.60000610351562,174.7100067138672,17472500,2024-11-13,2,13,11,1.7225430365447028,-0.6467888726392045,2.5134251223874253,2.6258367437276773,179.23200073242188,175.68500061035155,176.1700012207031
168.40296936035156,170.3800048828125,175.57000732421875,169.8699951171875,174.77000427246094,20638900,2024-11-14,3,14,11,3.3454701512373606,-2.5118723364019413,2.847390283480447,2.543938457119361,176.54600219726564,175.74600067138672,175.6125015258789
162.92724609375,164.83999633789062,169.13999938964844,163.42999267578125,168.47000122070312,20836200,2024-11-15,4,15,11,3.46396920694099,-2.154689177010828,3.189497865730634,2.663600718059077,172.78600158691407,175.33800048828124,174.86000137329103
163.74761962890625,165.6699981689453,166.35000610351562,162.22000122070312,165.66000366210938,17856900,2024-11-18,0,18,11,2.4929105622376144,0.006033144159723024,2.926803647151396,2.6737936605877968,170.13800048828125,175.05,174.14400100708008
163.43133544921875,165.35000610351562,166.8000030517578,164.30999755859375,166.66000366210938,18003400,2024-11-19,1,19,11,1.50589984956228,-0.7860299590834473,2.5061585613045896,2.574240402450185,167.96400146484376,174.19500122070312,173.44250106811523
161.35569763183594,163.25,165.5399932861328,160.86000061035156,165.5399932861328,17196700,2024-11-20,2,20,11,2.8667642730666154,-1.3833474562093293,2.7350028086089724,2.6242139654981984,165.89800109863282,172.56500091552735,172.92950134277345
162.0376739501953,163.94000244140625,166.33999633789062,160.60000610351562,166.25,24835300,2024-11-21,3,21,11,3.501274947477525,-1.3894722156954886,2.7661637678570052,2.806777025668726,164.61000061035156,170.5780014038086,172.55900115966796
162.32431030273438,164.22999572753906,164.91000366210938,162.39999389648438,164.3000030517578,17332500,2024-11-22,4,22,11,1.5283503811259653,-0.04260944791138944,2.379040002694,2.784268934212317,164.48800048828124,168.63700103759766,172.12050094604493
162.90748596191406,164.82000732421875,167.22999572753906,162.88999938964844,165.39999389648438,26850600,2024-11-25,0,25,11,2.6331732465909816,-0.35065694901331723,2.4070925395646734,2.6669480933580347,164.31800231933593,167.2280014038086,171.7605010986328
162.8284149169922,164.74000549316406,166.3699951171875,162.69000244140625,164.60000610351562,16308800,2024-11-26,1,26,11,2.233818473396829,0.0850543040444318,2.5526762643315832,2.529417412818087,164.1960021972656,166.0800018310547,171.0355010986328
157.81723022460938,159.6699981689453,163.1999969482422,157.5399932861328,163.1999969482422,19722700,2024-11-27,2,27,11,3.5448135072442217,-2.1629894885453895,2.6882861111671046,2.7116444598880385,163.4800018310547,164.68900146484376,170.18700103759767
160.19927978515625,162.0800018310547,162.69000244140625,159.0800018310547,159.57000732421875,11024000,2024-11-29,4,29,11,2.2272955142945237,1.572973862021615,2.4334902245305043,2.5998269961937543,163.10800170898438,163.85900115966797,169.80250091552733
164.57785034179688,166.50999450683594,168.3800048828125,162.75,162.9499969482422,21472400,2024-12-02,0,2,12,3.381181351598306,2.184717781691344,2.8040564186249726,2.5915482106594863,163.56400146484376,164.0260009765625,169.68200073242187
166.19883728027344,168.14999389648438,168.27000427246094,164.02999877929688,164.47999572753906,17024400,2024-12-03,1,3,12,2.521561490971134,2.23127326378623,2.781734067501003,2.5944133035328383,164.22999877929686,164.2740005493164,169.6620002746582
168.5808868408203,170.55999755859375,175.38999938964844,168.55999755859375,173.44000244140625,32748200,2024-12-04,2,4,12,4.004457040818335,-1.660519397066695,3.135861780985304,2.8442690226584437,165.3939971923828,164.7949996948242,169.49500045776367
168.49191284179688,170.47000122070312,172.39999389648438,169.1999969482422,170.75,18490000,2024-12-05,3,5,12,1.8771613335646273,-0.16398171554721816,2.802331346249385,2.7453087287082445,167.5539978027344,165.51699981689453,169.04100036621094
177.44679260253906,179.52999877929688,180.67999267578125,169.3300018310547,170.10000610351562,27830800,2024-12-06,4,6,12,6.322058108338507,5.543793261266879,3.6212838650581816,3.027387044794343,171.04399719238282,167.07599945068358,168.8270004272461
176.86363220214844,178.94000244140625,180.7899932861328,176.02000427246094,178.9499969482422,20886300,2024-12-09,0,9,12,2.6656918232879785,-0.005585083546454721,3.4781859593961166,3.1411211890105446,173.52999877929688,168.5470001220703,168.59200057983398
169.8163604736328,171.80999755859375,178.5,169.72999572753906,177.80999755859375,27762600,2024-12-10,1,10,12,5.104478433782663,-3.374388438435707,3.994769347958422,3.3882517077297125,174.26199951171876,169.24599914550782,168.23700027465821
181.07418823242188,183.1999969482422,184.8699951171875,176.42999267578125,180.00999450683594,41295200,2024-12-11,2,11,12,4.60698830895217,1.7721251812410386,4.115275601585189,3.6255686912852467,176.78999938964844,171.0919982910156,168.58600006103515
178.56369018554688,180.66000366210938,182.0,175.99000549316406,180.92999267578125,46967200,2024-12-12,3,12,12,3.32668791376563,-0.1492229174826109,4.4051809176253895,3.603756131937387,178.8279998779297,173.19099884033204,168.94000015258788
222.1914825439453,224.8000030517578,228.6999969482422,211.11000061035156,213.89999389648438,121336600,2024-12-13,4,13,12,7.824731360809063,5.095843602757853,4.7057155681195,4.163499716588841,187.8820007324219,179.46299896240234,171.66100006103517
247.0990753173828,250.0,251.8800048828125,230.80999755859375,231.7899932861328,111623200,2024-12-16,0,16,12,8.4280029296875,7.856252315166976,5.858177789399405,4.668181874397762,202.09400024414063,187.81199951171874,175.91900024414062
237.4424591064453,240.22999572753906,242.47000122070312,233.8000030517578,240.64999389648438,70382100,2024-12-17,1,17,12,3.6090406373642607,-0.1745265653844042,5.559090230115724,4.776929789037074,215.7779998779297,195.0199996948242,179.64700012207032
221.02517700195312,223.6199951171875,239.85000610351562,219.22000122070312,239.41000366210938,53960100,2024-12-18,2,18,12,9.22547416746047,-6.59538377820129,6.482787401817385,5.299031501701287,223.86199951171875,200.32599945068358,182.5604995727539
215.78668212890625,218.32000732421875,228.0500030517578,217.5800018310547,227.91000366210938,40845200,2024-12-19,3,19,12,4.795713113528127,-4.207799650649993,6.776592441769884,5.590886679697637,231.3940002441406,205.11100006103516,185.31399993896486
218.22801208496094,220.7899932861328,230.2899932861328,218.91000366210938,220.36000061035156,131910400,2024-12-20,4,20,12,5.154214398328976,0.19513190896272434,6.242489049273867,5.4741023086966845,230.5919982910156,209.23699951171875,188.15649948120117
230.2692108154297,232.35000610351562,233.39999389648438,225.1300048828125,226.69000244140625,40643800,2024-12-23,0,23,12,3.559280738726326,2.4968033883948393,5.268744611081631,5.563461200240519,227.06199951171874,214.5779998779297,191.5625
237.53355407714844,239.67999267578125,240.22999572753906,234.8000030517578,240.1199951171875,22827200,2024-12-24,1,24,12,2.2655177076571773,-0.18324273294754667,5.0000400251402155,5.27956512762797,226.95199890136718,221.36499938964843,195.3054992675781
243.16268920898438,245.36000061035156,247.27999877929688,237.60000610351562,240.0,28459000,2024-12-26,3,26,12,3.9452203503837366,2.2333335876464844,3.9439892617248686,5.213388331771126,231.3,227.58099975585938,199.3364990234375
239.58502197265625,241.75,245.77999877929688,236.35000610351562,245.63999938964844,29282200,2024-12-27,4,27,12,3.9007208586478797,-1.583618058668814,3.764990810748819,5.270791626259352,235.98599853515626,233.68999938964845,203.44049911499025
233.4702911376953,235.5800018310547,238.77000427246094,231.6199951171875,234.6999969482422,27316800,2024-12-30,0,30,12,3.0350662618642135,0.374948825843643,3.341161183455867,4.791825116364866,238.94400024414062,234.76799926757812,207.11549911499023
229.76377868652344,231.83999633789062,237.4600067138672,231.30999755859375,235.8800048828125,17927700,2024-12-31,1,31,12,2.652695502250711,-1.7127388762472644,3.1598441361607437,4.214294373621188,238.8419982910156,232.95199890136718,210.38199920654296
229.9025115966797,231.97999572753906,239.5,230.24000549316406,236.16000366210938,31525800,2025-01-02,3,2,1,3.9917211300028725,-1.7699897822456603,3.5050848206298824,4.252562422885049,237.3019989013672,232.1269989013672,213.5734992980957
230.46742248535156,232.5500030517578,236.49000549316406,229.0,233.58999633789062,24973200,2025-01-03,4,3,1,3.220815048321904,-0.445221671491638,3.360203760217516,3.6520965109711923,234.73999938964843,233.0199996948242,216.6729995727539
234.29283142089844,236.41000366210938,241.75,233.3000030517578,236.5,34028400,2025-01-06,0,6,1,3.574297541283153,-0.038053419826902746,3.2949190967445707,3.529954953746695,233.6720001220703,234.8289993286133,219.96999969482422
226.59243774414062,228.63999938964844,239.5,227.60000610351562,239.5,25928600,2025-01-07,1,7,1,5.204685937828576,-4.534447018935935,3.7288430319374433,3.5350021076966547,232.28399963378905,235.61399993896484,222.4254997253418
227.2564239501953,229.30999755859375,232.47000122070312,226.05999755859375,229.6999969482422,18756500,2025-01-08,2,8,1,2.795344176161128,-0.16978641481493587,3.7573727667195262,3.458608451440135,231.7779998779297,235.30999908447265,224.94399948120116
222.30120849609375,224.30999755859375,227.8300018310547,221.25,227.3000030517578,23864000,2025-01-10,4,10,1,2.9334411763505432,-1.3154445459832296,3.545716775989061,3.5254007983094717,230.24400024414064,233.77299957275392,227.56899948120116
223.27244567871094,225.2899932861328,229.25999450683594,219.50999450683594,219.99000549316406,23772100,2025-01-13,0,13,1,4.327755466536355,2.409194809140291,3.7671048596319507,3.5636543099247335,228.79199829101563,231.76599884033203,229.6734992980957
222.6876983642578,224.6999969482422,230.25999450683594,223.10000610351562,226.57000732421875,18143100,2025-01-14,1,14,1,3.1864657323380197,-0.8253565412568495,3.689538497842924,3.4922287972937474,226.4499969482422,230.06099853515624,231.87549896240233
225.95816040039062,228.0,230.33999633789062,225.5800018310547,228.5500030517578,21745600,2025-01-15,2,15,1,2.0877168889631306,-0.2406488927647303,3.0661446880698353,3.397493860003639,226.3219970703125,229.3029983520508,232.03549880981444
227.35552978515625,229.41000366210938,238.60000610351562,229.2100067138672,235.22000122070312,23471900,2025-01-16,3,16,1,4.093108077134538,-2.4700270080954225,3.3256974682645173,3.541535117492022,226.3419982910156,229.05999908447265,231.00599899291993
235.31362915039062,237.44000244140625,238.10000610351562,232.66000366210938,237.0800018310547,31196600,2025-01-17,4,17,1,2.29110612595647,0.15184773391730533,3.1972304581857025,3.371473617087382,228.96799926757814,229.6059997558594,230.8664993286133
238.1579132080078,240.30999755859375,242.75,237.39999389648438,241.5,30903200,2025-01-21,1,21,1,2.22629360320773,-0.4927546341226708,2.7769380855199777,3.2720214725759638,231.9720001220703,230.38199920654296,231.70099945068358
238.75253295898438,240.91000366210938,246.99000549316406,240.69000244140625,246.75,29610500,2025-01-22,2,22,1,2.6150856983896533,-2.3667664996517224,2.662662078730304,3.1761002882866145,235.21400146484376,230.83199920654297,232.83049926757812
238.12820434570312,240.27999877929688,240.39999389648438,236.1199951171875,238.41000366210938,17653900,2025-01-23,3,23,1,1.7812547032798016,0.7843610118968759,2.6013696415936387,2.833757164831737,237.6700012207031,231.99599914550782,233.80499954223632
242.50860595703125,244.6999969482422,249.58999633789062,241.91000366210938,244.6999969482422,25387800,2025-01-24,4,24,1,3.1385340300619973,0.0,2.4104548321791306,2.8680761502218237,240.72799987792968,233.53499908447264,234.42249908447266
200.31985473632812,202.1300048828125,218.42999267578125,196.22999572753906,213.39999389648438,90569400,2025-01-27,0,27,1,10.983028947687863,-5.28115713964767,4.148839396525409,3.6730349273555563,233.66600036621094,231.31699981689454,232.5449996948242
205.50302124023438,207.36000061035156,209.9499969482422,198.88999938964844,208.00999450683594,50316000,2025-01-28,1,28,1,5.333717942727295,-0.3124820506944506,4.7703242644293224,3.77363117497465,227.0760009765625,229.5240005493164,230.6449996948242
204.5020294189453,206.35000610351562,211.4499969482422,202.77000427246094,208.83999633789062,32533700,2025-01-29,2,29,1,4.206441685990029,-1.1922956703879388,5.088595461949398,3.8756287703398513,220.16400146484375,227.68900146484376,228.875
213.72866821289062,215.66000366210938,221.9600067138672,213.6999969482422,218.57000732421875,42449500,2025-01-30,3,30,1,3.8301074030243334,-1.331382881729414,5.498366001898304,4.049867821745972,215.24000244140626,226.4550018310547,227.87900009155274
219.28843688964844,221.27000427246094,226.8000030517578,216.3000030517578,219.66000366210938,41104700,2025-01-31,4,31,1,4.74533366351402,0.7329511897979096,5.819725928588708,4.115090380383919,210.55400390625,225.64100189208983,227.35050048828126
215.78012084960938,217.72999572753906,220.94000244140625,213.50999450683594,215.4600067138672,24507300,2025-02-03,0,3,2,3.412487062126252,1.0535546936496853,4.305617551476386,4.227228474000897,213.67400207519532,223.6700012207031,226.63800048828125
220.4380340576172,222.42999267578125,223.02999877929688,215.3000030517578,219.35000610351562,23768500,2025-02-04,1,4,2,3.475248834273205,1.4041424602523687,3.9339237297855676,4.352123997107445,216.68800048828126,221.8820007324219,226.13199996948242
229.92233276367188,232.0,237.92999267578125,227.5,233.94000244140625,29196000,2025-02-05,2,5,2,4.495686498181573,-0.829273497973974,3.991772692223877,4.5401840770866375,221.81799926757813,220.99100036621093,225.91149978637696
229.28807067871094,231.36000061035156,234.8000030517578,228.55999755859375,234.5,21169500,2025-02-06,3,6,2,2.697097802862329,-1.3390189294876067,3.765170772191476,4.63176838704489,224.95799865722657,220.0990005493164,226.0474998474121
222.85618591308594,224.8699951171875,235.64999389648438,224.11000061035156,235.0,22117500,2025-02-07,4,7,2,5.131851085832471,-4.310640375664894,3.8424742566551666,4.831100092621937,225.67799682617186,218.11600036621093,225.82549972534179
232.93511962890625,235.0399932861328,235.82000732421875,227.1199951171875,227.42999267578125,23901600,2025-02-10,0,10,2,3.7015029167568243,3.3460848856466336,3.9002774275812806,4.102947489528833,229.13999633789064,221.40699920654296,226.36199951171875
232.93511962890625,235.0399932861328,237.88999938964844,229.97000122070312,232.47999572753906,18476200,2025-02-11,1,11,2,3.3696385275605722,1.1011689631971628,3.8791553662387543,3.906539548012161,231.66199645996093,224.17499847412108,226.84949951171876
234.2333984375,236.35000610351562,236.47999572753906,230.0,230.36000061035156,16397300,2025-02-12,2,12,2,2.741694757858809,2.6002802037216584,3.5283570181742014,3.760064855199039,232.53199768066406,227.17499847412108,227.43199996948243
233.6883087158203,235.8000030517578,236.9499969482422,230.72999572753906,236.05999755859375,20962000,2025-02-13,3,13,2,2.6378291519096555,-0.11013916357065234,3.5165032879836664,3.640837030087572,233.4199981689453,229.18899841308593,227.8220001220703
230.95301818847656,233.0399932861328,235.74000549316406,228.89999389648438,234.52999877929688,16988800,2025-02-14,4,14,2,2.9351234954256697,-0.6353155250583631,3.0771577699023065,3.4598160132787354,235.0539978027344,230.36599731445312,228.00349960327148
226.4833984375,228.52999877929688,232.1999969482422,224.3000030517578,230.10000610351562,26080500,2025-02-18,1,18,2,3.456873906569178,-0.6823152032044916,3.028231967864777,3.464254697723029,233.7519989013672,231.4459976196289,227.55799942016603
226.68162536621094,228.72999572753906,229.07000732421875,224.39999389648438,227.85000610351562,16375500,2025-02-19,2,19,2,2.0417144733816417,0.38621443952195694,2.762647157028991,3.3209012616338724,232.48999938964843,232.07599792480468,226.97899932861327
224.70944213867188,226.74000549316406,228.97999572753906,222.75,228.64999389648438,16104000,2025-02-20,3,20,2,2.747638518394095,-0.8353328031073609,2.7638359091360485,3.1460964636551245,230.56799926757813,231.54999847412108,226.270499420166
216.70181274414062,218.66000366210938,227.75,215.6300048828125,225.64999389648438,24883600,2025-02-21,4,21,2,5.542849590323921,-3.097713460422967,3.3448399968189007,3.4306716424012835,227.13999938964844,230.27999877929688,225.18949966430665
206.06790161132812,207.92999267578125,219.47999572753906,207.5399932861328,218.60000610351562,33050400,2025-02-24,0,24,2,5.742318502373981,-4.881067305497561,3.9062789982085633,3.491718384055434,222.1179992675781,228.58599853515625,223.3509994506836
200.72616577148438,202.5399932861328,208.63999938964844,200.9199981689453,207.0,33100800,2025-02-25,1,25,2,3.8115935008435122,-2.1545926153947765,3.9772229170634303,3.5027274424641037,216.9199981689453,225.33599853515625,223.37149887084962
211.03302001953125,212.94000244140625,213.5399932861328,206.0,206.91000366210938,21368300,2025-02-26,2,26,2,3.5409003473678267,2.9143099282642972,4.277060091860667,3.5198536244448286,213.76199951171876,223.1259994506836,223.65049896240234
196.02862548828125,197.8000030517578,219.25,197.39999389648438,217.27999877929688,27572900,2025-02-27,3,27,2,11.046514543176317,-8.96538836385302,5.936835296817112,4.35033560297658,207.9739990234375,219.2709991455078,223.22299880981444
197.64401245117188,199.42999267578125,201.19000244140625,193.14999389648438,195.75999450683594,39747200,2025-02-28,4,28,2,4.031494178507409,1.8747437024560991,5.634564214453809,4.489702105636355,204.12799682617188,215.63399810791014,222.41149826049804
185.6920166015625,187.3699951171875,204.05999755859375,184.52999877929688,204.0,37435600,2025-03-03,0,3,3,10.423226390694069,-8.151963177849264,6.570745792117828,5.238512395163196,200.01599731445313,211.06699829101564,220.71649780273438
185.801025390625,187.47999572753906,193.9499969482422,180.47999572753906,189.22000122070312,37910500,2025-03-04,1,4,3,7.18476718992399,-0.9195674251870173,7.2453805299339225,5.611301723498676,197.00399780273438,206.96199798583984,219.20399780273436
189.8643341064453,191.5800018310547,194.0800018310547,187.10000610351562,191.86000061035156,25644500,2025-03-05,2,5,3,3.64338430985839,-0.14593911102164775,7.265877322432035,5.771468707146351,192.73199768066405,203.24699859619142,217.66149826049804
177.84295654296875,179.4499969482422,186.8300018310547,177.61000061035156,181.0399932861328,56864100,2025-03-06,3,6,3,5.137922194204552,-0.8782569580510555,6.084158852637682,6.010497074727397,189.06199645996094,198.51799774169922,215.03399810791015
193.21405029296875,194.9600067138672,195.47999572753906,181.55999755859375,187.72999572753906,74528900,2025-03-07,4,7,3,7.139924953621375,3.8512817082366335,6.705845007660476,6.170204611057143,188.16799926757812,196.147998046875,213.21399841308593
182.7981719970703,184.4499969482422,191.97999572753906,180.42999267578125,189.60000610351562,44217100,2025-03-10,0,10,3,6.26186134066395,-2.7162494670288644,5.873571997654452,6.22215889488614,187.58399963378906,193.79999847412108,211.19299850463867
188.38766479492188,190.08999633789062,195.6199951171875,185.35000610351562,188.0500030517578,42153200,2025-03-11,1,11,3,5.402698306867587,1.0848142797271512,5.517158221043171,6.381269375488547,188.1059997558594,192.55499877929688,208.94549865722655
192.49058532714844,194.22999572753906,199.97999572753906,192.4499969482422,196.22000122070312,30409700,2025-03-12,2,12,3,3.876846493813328,-1.01417056405262,5.563850657834158,6.414863990133097,188.63599853515626,190.68399810791016,206.90499877929688
189.64627075195312,191.36000061035156,196.32000732421875,189.47000122070312,193.14999389648438,27236100,2025-03-13,3,13,3,3.5796436463561947,-0.9267374282663092,5.252194948264487,5.668176900451084,191.01799926757812,190.03999786376954,204.65549850463867
193.78884887695312,195.5399932861328,197.5,193.1999969482422,196.1999969482422,25900900,2025-03-14,4,14,3,2.1990401960716226,-0.3363933090597778,4.264017996754537,5.484931502207506,191.13399658203124,189.6509979248047,202.64249801635742
192.7581787109375,194.5,196.72000122070312,187.5,188.0500030517578,26830600,2025-03-17,0,17,3,4.740360524783098,3.4299371675452335,3.959717833578366,4.916644915616409,193.1439971923828,190.36399841308594,200.7154983520508
186.98037719726562,188.6699981689453,192.88999938964844,186.89999389648438,190.44000244140625,24951000,2025-03-18,1,18,3,3.174858510254655,-0.9294288226054421,3.51414987425578,4.515654047649475,192.85999755859376,190.48299865722657,198.7224983215332
193.81858825683594,195.57000732421875,198.27000427246094,186.89999389648438,189.33999633789062,37962700,2025-03-19,2,19,3,5.813780206658784,3.2903829654724563,3.9015366168248704,4.732693637329515,193.12799987792968,190.88199920654296,197.0644989013672
189.40504455566406,190.5399932861328,193.83999633789062,188.94000244140625,191.52000427246094,31430000,2025-03-20,3,20,3,2.571635388443665,-0.5117016314044865,3.6999349652423645,4.476064956753426,192.96399841308593,191.99099884033203,195.25449829101564
190.5183563232422,191.66000366210938,192.07000732421875,187.3699951171875,188.2100067138672,43086500,2025-03-21,4,21,3,2.4522655312671415,1.8330571304251455,3.7505800322814693,4.0072990145180025,192.18800048828126,191.66099853515624,193.9044982910156
190.1107940673828,191.25,196.69000244140625,190.6699981689453,194.3000030517578,33180300,2025-03-24,0,24,3,3.147714652267157,-1.5697390652872765,3.4320508577782802,3.6958843456783237,191.53800048828126,192.34099884033202,193.07049865722655
187.13861083984375,188.25999450683594,191.60000610351562,187.67999267578125,190.88999938964844,23417300,2025-03-25,1,25,3,2.082233901049028,-1.3777593856261072,3.213525935937155,3.3638379050964673,191.45599975585938,192.15799865722656,192.35649871826172
178.20216369628906,179.27000427246094,188.05999755859375,177.5800018310547,186.66000366210938,30578500,2025-03-26,2,26,3,5.845928196448968,-3.959069562125244,3.2199555338951917,3.5607460753600315,188.1959991455078,190.66199951171876,190.67299880981446
170.9655303955078,171.99000549316406,178.3800048828125,170.4600067138672,177.66000366210938,32151700,2025-03-27,3,27,3,4.604917678928793,-3.191488265264844,3.6266119919922177,3.663273478617291,184.48600158691406,188.725,189.38249893188475
168.11260986328125,169.1199951171875,173.3000030517578,166.47000122070312,171.92999267578125,30391500,2025-03-28,4,28,3,4.038553706391729,-1.634384736985787,3.943869627017135,3.847224829649302,179.97799987792968,186.08300018310547,187.86699905395508
166.43267822265625,167.42999267578125,167.94000244140625,160.6199951171875,164.49000549316406,35656400,2025-03-31,0,31,3,4.371980914072863,1.787334843720562,4.188722879378276,3.8103868685782785,175.21399841308593,183.3759994506836,186.86999893188477
167.5161895751953,168.52000427246094,168.7100067138672,163.4199981689453,166.3699951171875,20472400,2025-04-01,1,1,4,3.1390982736797577,1.2923058354116177,4.400095753904422,3.806810844920789,171.26600036621093,181.36100006103516,185.92199935913087
171.06492614746094,172.08999633789062,173.42999267578125,165.5,166.0800018310547,19523700,2025-04-02,2,2,4,4.608049767292157,3.618734610172765,4.152520068073061,3.6862378009841263,169.8299987792969,179.01299896240235,184.94749908447267
153.09262084960938,154.00999450683594,163.42999267578125,153.6999969482422,160.5399932861328,44354900,2025-04-03,3,3,4,6.317769024468853,-4.067521522601761,4.495090337181073,4.060851164586645,166.23399658203124,175.35999908447266,183.67549896240234
145.41860961914062,146.2899932861328,152.8000030517578,139.1699981689453,148.1699981689453,72302200,2025-04-04,4,4,4,9.317113615661448,-1.2688161611967457,5.550802319035016,4.747335973026075,161.66799621582032,170.822998046875,181.24199829101562
153.2218475341797,154.13999938964844,160.42999267578125,138.10000610351562,144.49000549316406,68503500,2025-04-07,0,7,4,14.486821500380282,6.678658405159327,7.573770436296499,5.881246657837388,159.00999755859374,167.11199798583985,179.72649841308595
155.1005859375,156.02999877929688,169.77999877929688,153.08999633789062,167.6199951171875,58888200,2025-04-08,1,8,4,10.696662546933759,-6.914447366370437,9.085283290947299,6.74268952242586,156.51199645996093,163.88899841308594,178.02349853515625
184.04713439941406,185.14999389648438,187.3300018310547,157.50999450683594,160.5,72708300,2025-04-09,2,9,4,16.1058646001851,15.358251648899923,11.384846257525888,7.768683162799474,159.12399597167968,164.47699737548828,177.56949844360352
171.273681640625,172.3000030517578,176.9499969482422,166.39999389648438,175.3000030517578,51212200,2025-04-10,3,10,4,6.1230428699346335,-1.7113519382622269,11.345901026619044,7.920495681900059,162.78199768066406,164.50799713134765,176.61649856567382
180.85626220703125,181.94000244140625,182.66000366210938,173.30999755859375,173.6199951171875,33964100,2025-04-11,4,11,4,5.139060117648834,4.792078999082469,10.510290327016522,8.030546323025769,169.91199951171876,165.78999786376954,175.9364990234375
177.29759216308594,178.36000061035156,186.0,175.82000732421875,185.0800018310547,25748300,2025-04-14,0,14,4,5.707553622418203,-3.630862953436373,8.754436751424105,8.164103593860302,174.75599975585936,166.88299865722655,175.12949905395507
177.88406372070312,178.9499969482422,182.25999450683594,178.0800018310547,179.72999572753906,17242400,2025-04-15,1,15,4,2.3358439491844374,-0.43398364092731123,7.082273031874242,8.083778161410772,179.33999938964843,167.92599792480468,174.64349899291992
173.56993103027344,174.61000061035156,176.0800018310547,166.9199981689453,170.42999267578125,34638600,2025-04-16,2,16,4,5.245978827152203,2.4526246049439084,4.910295877267663,8.147571067396775,177.23200073242188,168.1779983520508,173.59549865722656
169.97149658203125,170.99000549316406,176.25,169.9199981689453,176.25,22501800,2025-04-17,3,17,4,3.7019718274163997,-2.9843940464317376,4.426081668764016,7.8859913476915295,176.97000122070312,169.8759994506836,172.6179992675781
165.219970703125,166.2100067138672,168.0,161.61000061035156,166.99000549316406,23469800,2025-04-21,0,21,4,3.8445335007108867,-0.4670930915855352,4.167176345376426,7.338733336196475,173.82400207519532,171.86800079345704,171.34549942016602
168.56988525390625,169.5800018310547,170.52000427246094,165.22000122070312,167.42999267578125,18504900,2025-04-22,1,22,4,3.12537032346419,1.2841242604822956,3.6507396855856236,6.202588218504864,172.06800231933593,173.41200103759766,170.26199951171876
175.85623168945312,176.91000366210938,180.4499969482422,175.82000732421875,177.77999877929688,24380500,2025-04-23,2,23,4,2.617144043966288,-0.48936613970143306,3.706999704541994,5.3946363682081175,171.66000366210938,175.5000015258789,169.69449996948242
187.0292510986328,188.14999389648438,188.57000732421875,178.3000030517578,179.69000244140625,27576900,2025-04-24,3,24,4,5.458413290255671,4.708103589589955,3.7494865971626874,4.3298912372151745,174.36800231933594,175.8000015258789,170.13849945068358
191.16448974609375,192.30999755859375,193.3699951171875,186.88999938964844,186.9199981689453,21242300,2025-04-25,4,25,4,3.3695573864092596,2.8835862628121545,3.683003708961259,4.054542688862638,178.6320007324219,177.8010009765625,171.15449905395508
191.32354736328125,192.47000122070312,193.10000610351562,187.67999267578125,190.52999877929688,16385800,2025-04-28,0,28,4,2.8160302350283195,1.0182136429095763,3.4773030558247457,3.8222397006005857,183.88399963378907,178.8540008544922,172.32199935913087
190.03128051757812,191.1699981689453,193.25,190.10000610351562,191.72000122070312,14630000,2025-04-29,1,29,4,1.6477449006933542,-0.2868782851324225,3.1817779712705785,3.416258828428101,188.20199890136718,180.13500061035157,173.50899963378907
191.32354736328125,192.47000122070312,193.1999969482422,184.02000427246094,185.89999389648438,22768900,2025-04-30,2,30,4,4.769570643507535,3.534162205447495,3.612263291178828,3.6596314978604108,191.31399841308593,181.48700103759765,174.70649948120118
196.15460205078125,197.3300018310547,201.39999389648438,196.24000549316406,198.13999938964844,24939700,2025-05-01,3,1,5,2.6149031345664655,-0.40880062636967346,3.043561260040987,3.3965239286018374,193.15,183.75900115966797,175.96849975585937
202.427001953125,203.63999938964844,205.67999267578125,201.0800018310547,203.89999389648438,17766800,2025-05-02,4,2,5,2.2588837450960986,-0.12751079677223096,2.821426531778355,3.2522151203698066,195.41600036621094,187.0240005493164,178.45
199.52439880371094,200.72000122070312,203.22999572753906,200.0,200.25,14025400,2025-05-05,0,5,5,1.6092047169666452,0.23470722631866417,2.5800614281660197,3.0286822419953827,197.06600036621094,190.475,181.1715003967285
198.8981475830078,200.08999633789062,201.91000366210938,195.94000244140625,196.44000244140625,16348800,2025-05-06,1,6,5,2.983658018875478,1.8580705819188168,2.847244051802445,3.0145110115365115,198.85,193.5259994506836,183.46900024414063
203.5900421142578,204.80999755859375,206.22999572753906,198.42999267578125,199.2899932861328,20253700,2025-05-07,2,7,5,3.808409328029176,2.7698351439730997,2.655011788706773,3.1336375399428005,201.31799926757813,196.31599884033204,185.90800018310546
206.5323944091797,207.77000427246094,211.16000366210938,203.69000244140625,208.0,18460900,2025-05-08,3,8,5,3.595322263606096,-0.11057486900916468,2.8510956145146986,2.947328437277843,203.40599975585937,198.2779998779297,187.03900070190429
206.9598388671875,208.1999969482422,209.9600067138672,206.52000427246094,209.3300018310547,13289200,2025-05-09,4,9,5,1.652258641608637,-0.5398198408866878,2.7297705938172063,2.775598562797781,204.31799926757813,199.86699981689452,188.83400039672853
220.26014709472656,221.5800018310547,221.8000030517578,215.8800048828125,219.49000549316406,25437700,2025-05-12,0,12,5,2.6717204260423553,0.9522056975645378,2.9422737356323485,2.7611675818991843,208.48999938964843,202.7779998779297,190.81600036621094
231.0355682373047,232.4199981689453,235.27999877929688,222.0,222.0,28790500,2025-05-13,1,13,5,5.713793513432389,4.693692868894285,3.4883008345437303,3.1677724431730874,214.95599975585938,206.9029998779297,193.5190002441406
230.7373504638672,232.1199951171875,233.5,228.35000610351562,230.22999572753906,19751400,2025-05-14,2,14,5,2.2186774103128695,0.8209179623514905,3.1703544510004695,2.9126831198536207,220.41799926757812,210.8679992675781,196.1775001525879
231.25425720214844,232.63999938964844,234.4600067138672,228.07000732421875,230.16000366210938,18803700,2025-05-15,3,15,5,2.746732894778699,1.0775094230446163,3.0006365772349897,2.925866095874844,225.39199829101562,214.3989990234375,199.07900009155273
227.24826049804688,228.61000061035156,232.63999938964844,226.38999938964844,232.32000732421875,23094600,2025-05-16,4,16,5,2.7339136447721075,-1.5969381012844126,3.216967577867684,2.973369085842445,229.4739990234375,216.8959991455078,201.95999984741212
229.25624084472656,230.6300048828125,231.25,221.60000610351562,221.85000610351562,15355500,2025-05-19,0,19,5,4.184188393608074,3.9576283695030017,3.519461171380828,3.230867453506588,231.28399963378905,219.88699951171876,205.18099975585938
230.29998779296875,231.67999267578125,231.77000427246094,226.33999633789062,226.49000549316406,11787200,2025-05-20,1,20,5,2.343753498891551,2.2914861833820885,2.8454531684726603,3.1668770015081953,231.13599853515626,223.0459991455078,208.2859992980957
228.36158752441406,229.72999572753906,236.5,227.8300018310547,228.38999938964844,17642900,2025-05-21,2,21,5,3.773994833146636,0.5867141037136668,3.1565166530394135,3.1634355520199415,230.65799865722656,225.53799896240236,210.9269989013672
229.15682983398438,230.52999877929688,233.69000244140625,227.42999267578125,228.33999633789062,14340200,2025-05-22,3,22,5,2.715485966587005,0.9590971693656115,3.1502672674010745,3.0754519223180323,230.23599853515626,227.81399841308593,213.0459991455078
227.35760498046875,228.72000122070312,230.64999389648438,226.17999267578125,226.94000244140625,15385600,2025-05-23,4,23,5,1.9543551927449503,0.7843477395557241,2.9943555769956434,3.105661577431664,230.25799865722655,229.86599884033203,214.8664993286133
234.24632263183594,235.64999389648438,236.47999572753906,231.1300048828125,232.8699951171875,17941700,2025-05-27,1,27,5,2.2703123205157776,1.193798616218415,2.611580362377184,3.0655207668790063,231.26199645996093,231.272998046875,217.02549896240234
238.00381469726562,239.42999267578125,240.99000549316406,234.42999267578125,237.14999389648438,20443000,2025-05-28,2,28,5,2.739845891515315,0.961416334799524,2.6907988409019366,2.7681260046872986,232.81199645996094,231.9739974975586,219.43849868774413
240.5286865234375,241.97000122070312,246.07000732421875,237.39999389648438,245.91000366210938,20743700,2025-05-29,3,29,5,3.5830943439250444,-1.60221316039667,2.6526187430576185,2.904567698048516,235.25999755859374,232.95899810791016,221.91349868774415
240.62811279296875,242.07000732421875,243.1699981689453,234.89999389648438,241.22000122070312,27088600,2025-05-30,4,30,5,3.416368828123523,0.3523779534093924,2.792795315364922,2.9715312913829983,237.56799926757813,233.9019989013672,224.15049896240234
247.22854614257812,248.7100067138672,250.0,243.19000244140625,243.25,19197000,2025-06-02,0,2,6,2.738127688777891,2.2446070766154933,2.9495498145715104,2.971952695783577,241.56600036621094,235.91199951171876,226.40399932861328
255.320068359375,256.8500061035156,257.8800048828125,249.39999389648438,250.0800018310547,30380200,2025-06-03,1,3,6,3.30154206144364,2.707135405826859,3.1557957627570827,2.883688062567133,245.80600280761718,238.53399963378905,229.21049957275392
259.52484130859375,261.0799865722656,265.42999267578125,257.5899963378906,258.05999755859375,31536000,2025-06-04,2,4,6,3.0029097369056874,1.1702662335281826,3.2084085318351567,2.949603686368547,250.13600158691406,241.4739990234375,232.25999908447267
258.3817138671875,259.92999267578125,264.8900146484375,259.05999755859375,262.95001220703125,41970900,2025-06-05,3,5,6,2.2429181910975973,-1.1485146952083864,2.9403733012696676,2.7964960221636432,253.72799987792968,244.4939987182617,235.01599884033203
245.45913696289062,246.92999267578125,255.32000732421875,246.1300048828125,251.13999938964844,41146700,2025-06-06,4,6,6,3.7217036058769546,-1.6763584949027903,3.001440256820354,2.8971177860926383,254.6999969482422,246.13399810791014,236.97399826049804
242.82493591308594,244.27999877929688,248.1699981689453,241.11000061035156,245.0500030517578,25334100,2025-06-09,0,9,6,2.8901250998336323,-0.3142233270237105,3.0318397390315024,2.990694776801506,253.81399536132812,247.68999786376952,238.7779983520508
243.1728515625,244.6300048828125,246.27999877929688,241.39999389648438,244.22000122070312,25491300,2025-06-10,1,10,6,1.9948513205280016,0.16788291706658873,2.7705015908483746,2.963148676802729,251.3699951171875,248.58799896240234,239.93049850463868
251.40353393554688,252.91000366210938,254.77000427246094,243.8000030517578,246.36000061035156,24599000,2025-06-11,2,11,6,4.337511787536554,2.6587120618324085,3.037422000974548,3.1229152664048523,249.73599853515626,249.93600006103514,240.9549987792969
254.54469299316406,256.07000732421875,257.8900146484375,249.5,250.19000244140625,20410900,2025-06-12,3,12,6,3.276453473059273,2.3502157661913685,3.244129057366883,3.0922511793182754,248.96400146484376,251.34600067138672,242.15249938964843
247.21859741210938,248.6999969482422,254.0,248.35000610351562,250.66000366210938,19028400,2025-06-13,4,13,6,2.271811003544248,-0.7819383568306668,2.954150536900342,2.977795396860348,249.31800231933593,252.00899963378907,242.95549926757812
250.5983428955078,252.10000610351562,255.19000244140625,249.57000732421875,250.35000610351562,20363000,2025-06-16,0,16,6,2.229272106752689,0.6990213530397933,2.821979938284153,2.9269098386578274,250.8820037841797,252.3479995727539,244.12999954223633
247.8845977783203,249.3699951171875,253.9600067138672,247.9199981689453,250.9499969482422,22014300,2025-06-17,1,17,6,2.4221071753574313,-0.6296082288379382,2.907431109250039,2.838966350049207,251.8300018310547,251.5999984741211,245.06699905395507
249.76333618164062,251.25999450683594,255.63999938964844,249.41000366210938,250.88999938964844,30435500,2025-06-18,2,18,6,2.4795016571448527,0.14747304320124516,2.535829083171699,2.786625542073123,251.5,250.6179992675781,246.0459991455078
249.0858154296875,249.99000549316406,253.52000427246094,244.1699981689453,253.2100067138672,42134900,2025-06-20,4,20,6,3.740151965303789,-1.271672183296372,2.6285687816206016,2.9363489194937427,250.28399963378905,249.6240005493164,247.05899963378906
252.85214233398438,253.77000427246094,254.2100067138672,246.4600067138672,249.11000061035156,19747000,2025-06-23,0,23,6,3.0539464355602832,1.8706610134847121,2.7849958680238087,2.8695732024620755,251.29800109863282,250.30800170898436,248.22099990844725
262.81597900390625,263.7699890136719,265.8699951171875,258.7699890136719,258.7699890136719,32764900,2025-06-24,1,24,6,2.6917414411188427,1.93221788162453,2.87748973489704,2.8497348365905966,253.63199768066406,252.2570007324219,249.9734992980957
263.69281005859375,264.6499938964844,269.8699951171875,263.42999267578125,266.0,18894200,2025-06-25,2,25,6,2.4334035858414578,-0.5075210915472275,2.879749016993845,2.893590063121942,256.68799743652346,254.25899963378907,251.4234992980957
269.1928405761719,270.1700134277344,271.6700134277344,264.1300048828125,265.0799865722656,23569600,2025-06-26,3,26,6,2.790838424020248,1.9201852698453779,2.942016370368924,2.738922726770311,260.4700012207031,255.98500061035156,252.96050033569335
268.3758239746094,269.3500061035156,271.8500061035156,266.8800048828125,270.29998779296875,27477600,2025-06-27,4,27,6,1.8451832589872197,-0.35145458096755294,2.5630226291056104,2.5957957053631064,264.3420013427734,257.31300048828126,254.329500579834
274.6529846191406,275.6499938964844,277.7099914550781,272.1300048828125,274.7300109863281,24708400,2025-06-30,0,30,6,2.0243013589041086,0.3348680061757187,2.357093613774375,2.5710447408990924,268.71799926757814,260.0080001831055,256.0084999084473
263.7824401855469,264.739990234375,274.5,262.6600036621094,274.3999938964844,28847600,2025-07-01,1,1,7,4.4723112391930835,-3.520409576158208,2.713207573389224,2.795348654143132,268.91199951171876,261.2719985961914,256.8099990844727
268.9237976074219,269.8999938964844,272.0,262.7300109863281,263.989990234375,17582100,2025-07-02,2,2,7,3.4346014165629155,2.238722633711365,2.9134471395335155,2.89659807826368,269.9619995117188,263.3249984741211,257.4624984741211
274.1846923828125,275.17999267578125,275.79998779296875,270.1199951171875,270.7300109863281,10592700,2025-07-03,3,3,7,2.0641008892217876,1.6436972292952958,2.768099632573823,2.855058001471374,270.9639953613281,265.7169982910156,258.16749877929686
273.18829345703125,274.17999267578125,277.55999755859375,272.6600036621094,275.1300048828125,16760600,2025-07-07,0,7,7,1.7871449512651472,-0.3452957475270258,2.7564919710294085,2.659757300067509,271.92999267578125,268.13599700927733,258.8799987792969
270.8169250488281,271.79998779296875,276.3500061035156,271.1499938964844,276.3500061035156,14869400,2025-07-08,1,8,7,1.9131760267009732,-1.6464694083786349,2.7342669045887815,2.5456802591815784,271.1599914550781,269.9389953613281,260.1234985351563
276.8948669433594,277.8999938964844,279.45001220703125,272.7200012207031,272.9599914550781,20133000,2025-07-09,2,9,7,2.4217384433750664,1.8097899311442651,2.324152345425178,2.5186799594072005,273.7919921875,271.35199584960935,261.80449829101565
274.4039001464844,275.3999938964844,281.17999267578125,272.70001220703125,279.7900085449219,17891600,2025-07-10,3,10,7,3.0791505652456195,-1.5690391058881068,2.253062175161719,2.5832546573476174,274.8919921875,272.4269958496094,263.3429977416992
273.3876037597656,274.3800048828125,276.4700012207031,271.8900146484375,274.1400146484375,14274700,2025-07-11,4,11,7,1.6692129494719317,0.08754294212859373,2.174084587211748,2.471092109892785,274.73199462890625,272.8479949951172,264.4164978027344
274.6031799316406,275.6000061035156,278.3599853515625,269.5799865722656,274.1300048828125,11934200,2025-07-14,0,14,7,3.185775974184521,0.5362423647610316,2.4538107917956227,2.6051513814125156,275.0159973144531,273.4729949951172,265.3929977416992
279.9238586425781,280.94000244140625,283.3599853515625,277.8500061035156,279.80999755859375,17918400,2025-07-15,1,15,7,1.9612654659943112,0.4038472151360034,2.4634286796542897,2.5988477921215356,276.8440002441406,274.0019958496094,267.00499801635743
279.7943420410156,280.80999755859375,281.510009765625,275.6700134277344,280.1099853515625,15031000,2025-07-16,2,16,7,2.079696730410053,0.24990619529420685,2.395020337061287,2.3595863412432325,277.4260009765625,275.60899658203124,268.4404975891113
285.4139404296875,286.45001220703125,288.2799987792969,279.9100036621094,281.1400146484375,17231100,2025-07-17,3,17,7,2.9219740829119254,1.8887377398887326,2.363585040594548,2.3083236078781337,279.63600463867186,277.2639984130859,270.2944984436035
282.315185546875,283.3399963378906,287.5299987792969,281.0,287.1099853515625,15012400,2025-07-18,4,18,7,2.3046512542160387,-1.3130818174281091,2.49067270154337,2.3323786443775587,281.4280029296875,278.0799987792969,271.89849853515625
287.1675720214844,288.2099914550781,290.5400085449219,283.6300048828125,283.9599914550781,17726800,2025-07-21,0,21,7,2.3975586783869023,1.4966897196404307,2.333029242383846,2.3934200170897344,283.95,279.4829986572266,273.80949783325195
277.5823669433594,278.5899963378906,288.0,276.42999267578125,287.6499938964844,16564800,2025-07-22,1,22,7,4.153059146526552,-3.149660264499828,2.7713879784902944,2.6174083290722923,283.47999877929686,280.16199951171876,275.0504974365234
282.6639099121094,283.69000244140625,284.0,273.0,276.7799987792969,20556200,2025-07-23,2,23,7,3.877471854959695,2.496569005197294,3.1309430034002226,2.7629816702307552,284.0559997558594,280.7410003662109,276.04649810791017
287.665771484375,288.7099914550781,291.20001220703125,283.5,289.7900085449219,16413800,2025-07-24,3,24,7,2.6670404332817608,-0.3726895538140442,3.0799562734741897,2.7217706570343694,284.50799560546875,282.07200012207034,277.24949798583987
289.13043212890625,290.17999267578125,292.5899963378906,287.2699890136719,288.07000732421875,12476200,2025-07-25,4,25,7,1.8333473907564697,0.7324557565577249,2.985695500782276,2.738184101162823,285.87599487304686,283.65199890136716,278.2499969482422
293.23553466796875,294.29998779296875,295.45001220703125,290.5899963378906,292.4599914550781,13683400,2025-07-28,0,28,7,1.651381607449981,0.6291446323088772,2.8364600865948915,2.584744664489369,287.093994140625,285.5219970703125,279.4974960327148
296.3442687988281,297.4200134277344,302.19000244140625,294.8699951171875,297.5,19210800,2025-07-29,1,29,7,2.461168379308586,-0.026886242778361345,2.4980819331512985,2.634734955820796,290.85999755859376,287.1699981689453,280.5859970092773
301.52545166015625,302.6199951171875,303.260009765625,295.79998779296875,297.1499938964844,16738900,2025-07-30,2,30,7,2.465145097159693,1.8408215827218435,2.215616581591298,2.6732797924957605,294.64599609375,289.3509979248047,282.479997253418
292.6377258300781,293.70001220703125,306.95001220703125,290.2300109863281,302.79998779296875,25488500,2025-07-31,3,31,7,5.692884074147425,-3.0052760742379423,2.820785309764431,2.95037079161931,295.6440002441406,290.0759979248047,283.6699981689453
287.5960388183594,288.6400146484375,292.6400146484375,281.6099853515625,286.5400085449219,21428100,2025-08-01,4,1,8,3.8213791356370095,0.732884079322696,3.218391658740539,3.102043579761408,295.33600463867185,290.6059997558594,284.34299926757814
296.6431884765625,297.7200012207031,298.4800109863281,291.3999938964844,292.20001220703125,17164600,2025-08-04,0,4,8,2.378079088007008,1.889113204335125,3.363731154851944,3.100095620723418,296.02000732421874,291.5570007324219,285.5199996948242
291.8705139160156,292.92999267578125,301.20001220703125,291.45001220703125,297.80999755859375,18477500,2025-08-05,1,5,8,3.328440324917984,-1.6386303088607241,3.5371855439738242,3.0176337385625613,295.12200317382815,292.9910003662109,286.57649993896484
300.57891845703125,301.6700134277344,302.80999755859375,291.8999938964844,292.8999938964844,17392100,2025-08-06,2,6,8,3.6165356768954724,2.994202701946613,3.76746365992098,2.991540120756139,294.9320068359375,294.78900146484375,287.76500091552737
302.6613464355469,303.760009765625,310.3399963378906,299.8800048828125,306.1700134277344,16319400,2025-08-07,3,7,8,3.4435051089012148,-0.7871455584850118,3.3175878668717376,3.069186588318084,296.9440063476562,296.29400329589845,289.18300170898436
303.8669738769531,304.9700012207031,307.8699951171875,302.54998779296875,304.04998779296875,12458700,2025-08-08,4,8,8,1.7444362733791396,0.30258624064172734,2.9021992944201638,3.060295476580351,300.2100036621094,297.77300415039065,290.7125015258789
302.80084228515625,303.8999938964844,308.30999755859375,301.2900085449219,305.04998779296875,12396400,2025-08-11,0,11,8,2.3099668162754394,-0.3769853933791509,2.88857684007385,3.126153997462897,301.4460021972656,298.7330047607422,292.1275009155273
311.6985168457031,312.8299865722656,313.44000244140625,304.6700134277344,306.6300048828125,17609600,2025-08-12,1,12,8,2.803436176233046,2.0219748852766797,2.7835760103368625,3.1603807771553436,305.4260009765625,300.2740020751953,293.7220001220703
307.9720764160156,309.0899963378906,317.3500061035156,304.75,316.75,17371200,2025-08-13,2,13,8,4.076484600860899,-2.4183121269485004,2.8755657951299476,3.3215147275254635,306.9099975585938,300.92100219726564,295.13600006103513
310.1043395996094,311.2300109863281,314.1700134277344,307.0,307.010009765625,15717600,2025-08-14,3,14,8,2.3037667238489234,1.3745484142112248,2.6476181181194898,2.9826029924956137,308.40399780273435,302.6740020751953,296.375
305.23199462890625,306.3399963378906,311.5,299.760009765625,311.0299987792969,22806900,2025-08-15,4,15,8,3.8323400061106883,-1.507893920140552,3.065198864665799,2.9836990795429816,308.67799682617186,304.4440002441406,297.525
304.65411376953125,305.760009765625,306.1700134277344,299.0,302.70001220703125,14724700,2025-08-18,0,18,8,2.3449807688161783,1.0109010357425652,3.072201655173947,2.9803892476238985,309.05,305.2480010986328,298.40250091552736
293.8433532714844,294.9100036621094,302.8999938964844,292.3900146484375,302.4200134277344,20149600,2025-08-19,1,19,8,3.563792044195488,-2.4833044878557864,3.2242728287664355,3.003924419551649,305.46600341796875,305.4460021972656,299.21850128173827
290.11688232421875,291.1700134277344,295.489990234375,281.8699951171875,295.4599914550781,23600500,2025-08-20,2,20,8,4.67767781333288,-1.4519657995712087,3.3445114712608315,3.1100386331953898,301.8820068359375,304.3960021972656,299.5925018310547
288.55255126953125,289.6000061035156,292.3900146484375,286.1700134277344,290.05999755859375,14946300,2025-08-21,3,21,8,2.1477904314959946,-0.1585849337895013,3.313316212790246,2.9804671654548676,297.556005859375,302.98000183105466,299.6370025634766
292.9366455078125,294.0,300.0899963378906,289.010009765625,291.75,16301300,2025-08-22,4,22,8,3.7687029157366068,0.7712082262210797,3.3005887947154298,3.1828938296906144,295.0880065917969,301.88300170898435,299.8280029296875
293.16583251953125,294.2300109863281,298.3999938964844,291.7099914550781,292.80999755859375,15124700,2025-08-25,0,25,8,2.2737321794536833,0.4849607047485523,3.2863390768429306,3.179270366008439,292.7820068359375,300.91600341796874,299.82450408935546
296.93212890625,298.010009765625,300.25,293.989990234375,294.3500061035156,25689100,2025-08-26,1,26,8,2.100603859094629,1.2434189183683055,2.993701439822759,3.108987134294597,293.4020080566406,299.4340057373047,299.85400390625
299.1640319824219,300.25,301.17999267578125,293.7799987792969,297.5299987792969,13830300,2025-08-27,2,27,8,2.4646107898365943,0.9141939407329408,2.5510880351235015,2.9477997531921667,295.21800537109374,298.5500061035156,299.7355041503906
307.53363037109375,308.6499938964844,311.0,302.3299865722656,302.92999267578125,18907100,2025-08-28,3,28,8,2.809011371839567,1.888225451094605,2.683332223192216,2.998324217991231,299.0280029296875,298.29200439453126,300.4830032348633
296.31439208984375,297.3900146484375,307.010009765625,293.6600036621094,307.010009765625,21610700,2025-08-29,4,29,8,4.489056607800858,-3.133446731763409,2.8274029616050664,3.063995878160248,299.706005859375,297.3970062255859,300.9205032348633
297.16131591796875,298.239990234375,298.7099914550781,287.1700134277344,289.3399963378906,19693000,2025-09-02,1,2,9,3.8693597120476495,3.075963921037374,3.14652846812386,3.216433772483395,300.50800170898435,296.64500427246094,300.9465026855469
301.2962951660156,302.3900146484375,304.45001220703125,296.3999938964844,302.2900085449219,18529400,2025-09-03,2,3,9,2.662130996589265,0.03308283459218718,3.258833895622787,3.126267667722773,301.3840026855469,297.39300537109375,301.4195037841797
304.9928894042969,306.1000061035156,308.7799987792969,302.25,305.05999755859375,31220800,2025-09-04,3,4,9,2.1332893332542393,0.34091934479941693,3.192569604306316,2.8718288197149087,302.55400390625,298.88600463867186,301.64100341796876
333.6787414550781,334.8900146484375,356.3399963378906,331.4200134277344,355.7799987792969,78401600,2025-09-05,4,5,9,7.441243936853977,-5.871601608447411,4.119016117309198,3.4011741702507066,307.8020080566406,303.4150054931641,303.1975036621094
344.3998107910156,345.6499938964844,354.1700134277344,341.25,342.75,43535600,2025-09-08,0,8,9,3.7378890947134447,0.846095958128191,3.9687826146917153,3.3980927881483907,317.45400390625,308.5800048828125,305.23150329589845
335.45233154296875,336.6700134277344,350.9800109863281,335.8299865722656,349.54998779296875,26972300,2025-09-09,1,9,9,4.499962518139271,-3.6847303146990575,4.094903175910039,3.6207158220169497,325.1400085449219,312.8240051269531,306.87000427246096
368.2333068847656,369.57000732421875,372.9700012207031,350.54998779296875,351.5199890136719,51086800,2025-09-10,2,10,9,6.066513240633621,5.134848337129655,4.77577962471891,4.0173067601708485,338.5760070800781,319.9800048828125,309.7070053100586
358.3292541503906,359.6300048828125,374.2300109863281,358.760009765625,371.17999267578125,29430900,2025-09-11,3,11,9,4.3016436366993664,-3.111694601238232,5.209450485407936,4.201010044857126,349.2820068359375,325.9180053710937,312.2340057373047
358.5683898925781,359.8699951171875,364.3900146484375,357.1600036621094,362.9100036621094,31949800,2025-09-12,4,12,9,2.0090619069182902,-0.837675598425306,4.123014079420798,4.121015098364998,354.2780029296875,331.0400054931641,314.66600494384767
362.77313232421875,364.0899963378906,365.5,356.3399963378906,359.8699951171875,21792200,2025-09-15,0,15,9,2.5158624939556185,1.17264603272327,3.878608759269233,3.923695686980474,357.96600341796875,337.7100036621094,317.55350494384766
358.69793701171875,360.0,365.69000244140625,356.989990234375,365.42999267578125,21306500,2025-09-16,1,16,9,2.4166700575086804,-1.4859187216739698,3.461950267143115,3.778426721526577,362.6320007324219,343.88600463867186,320.26550445556643
344.9179382324219,346.1700134277344,359.92999267578125,341.5,358.8500061035156,45197100,2025-09-17,2,17,9,5.323971447812493,-3.5335077219208735,3.313441908578889,4.0446107666489,357.952001953125,348.2640045166016,322.82850494384763
344.1009216308594,345.3500061035156,350.70001220703125,343.7900085449219,350.0,24663900,2025-09-18,3,18,9,2.0008697089868193,-1.3285696847098214,2.85328712303638,4.031368804222159,355.09600219726565,352.1890045166016,325.5375045776367
343.6923828125,344.94000244140625,346.2699890136719,336.42999267578125,344.6499938964844,41240100,2025-09-19,4,19,9,2.8526689477142075,0.08414581461126591,3.0220085311955636,3.5725113053081814,352.11000366210936,353.1940032958984,328.30450439453125
338.14300537109375,338.7900085449219,346.6700134277344,337.94000244140625,342.42999267578125,28660000,2025-09-22,0,22,9,2.576820675386172,-1.0629863647212048,3.034200167481674,3.456404463375454,347.0500061035156,352.5080047607422,330.5440048217773
338.292724609375,338.94000244140625,345.2200012207031,337.0199890136719,340.239990234375,21944100,2025-09-23,1,23,9,2.419310836126171,-0.38207965855902204,3.0347283232051727,3.2483392951741434,342.8380065917969,352.73500366210936,332.7795043945313
338.6620178222656,339.30999755859375,340.0799865722656,333.80999755859375,339.760009765625,19677300,2025-09-24,2,24,9,1.8478645070247723,-0.1324500218085347,2.3395069350476283,2.826474421813259,341.46600341796875,349.70900268554686,334.84450378417966
335.4581298828125,336.1000061035156,338.05999755859375,327.29998779296875,332.989990234375,21678200,2025-09-25,3,25,9,3.201430993818851,0.9339667738815933,2.579619192014035,2.7164531575252076,339.6160034179687,347.3560028076172,336.63700408935546
333.8911437988281,334.5299987792969,339.0799865722656,330.5799865722656,337.42999267578125,15464700,2025-09-26,4,26,9,2.5408782563646253,-0.8594357227962325,2.5172610537441185,2.7696347924698412,337.53400268554685,344.82200317382814,337.9310043334961
327.2738037109375,327.8999938964844,341.04998779296875,327.54998779296875,336.0,21336000,2025-09-29,0,29,9,4.117108951292585,-2.410716102236793,2.8253187089254013,2.9297594382035377,335.3559997558594,341.2030029296875,339.4565032958984
329.27996826171875,329.9100036621094,331.04998779296875,324.6099853515625,330.1199951171875,20109500,2025-09-30,1,30,9,1.952048246467251,-0.06361064406401111,2.7318661909936166,2.8832972570993944,333.55,338.1940032958984,341.04000396728514
332.7533264160156,333.3900146484375,337.95001220703125,324.5,328.1499938964844,21122700,2025-10-01,2,1,10,4.034317650819386,1.5968370712833537,3.1691568197525397,2.7543318774000842,332.3660034179687,336.91600341796874,342.59000396728516
337.5341491699219,338.17999267578125,347.6099853515625,335.25,347.6099853515625,19917600,2025-10-02,3,2,10,3.6548541070589655,-2.7128083407166894,3.2598414424005626,2.9197303172072986,332.78200073242186,336.1990020751953,344.1940032958984
337.7237854003906,338.3699951171875,344.3999938964844,335.739990234375,341.5,14749100,2025-10-03,4,3,10,2.5593296648865573,-0.9165460857430453,3.2635317241049493,2.8903963889245334,333.55,335.54200134277346,344.3680023193359
334.84930419921875,335.489990234375,344.1300048828125,334.55999755859375,335.9200134277344,18465700,2025-10-06,0,6,10,2.852546306234977,-0.12801356756669838,3.010619195093427,2.9179689520094145,335.0679992675781,335.2119995117188,343.8600021362305
335.7675476074219,336.4100036621094,338.1099853515625,326.5799865722656,337.0299987792969,18086700,2025-10-07,1,7,10,3.42736501702774,-0.1839584367661889,3.3056825492055255,3.018774370099571,336.3679992675781,334.95899963378906,343.84700164794924
344.8401794433594,345.5,346.5400085449219,332.6199951171875,333.82000732421875,21478300,2025-10-08,2,8,10,4.028947446522251,3.4988893474072675,3.304608508346098,3.236882664049319,338.7899963378906,335.5779998779297,342.6435012817383
344.361083984375,345.0199890136719,347.30999755859375,340.3999938964844,345.75,17643700,2025-10-09,3,9,10,2.0027835725876035,-0.21113839083966016,2.974194401451826,3.1170179219261938,340.1579956054687,336.4699981689453,341.9130004882812
324.0100402832031,324.6300048828125,350.6000061035156,324.04998779296875,345.3900146484375,28941000,2025-10-10,4,10,10,8.178547241845715,-6.010599289257396,4.098037916843657,3.680784820474303,337.4099975585938,335.47999877929686,340.1510009765625
356.018798828125,356.70001220703125,359.3800048828125,343.5199890136719,352.7699890136719,45984300,2025-10-13,0,13,10,4.446317725365077,1.1140469188854565,4.416792200669677,3.713705697881552,341.652001953125,338.36000061035156,339.78150177001953
343.4728088378906,344.1300048828125,350.6700134277344,339.6499938964844,350.1300048828125,22078000,2025-10-14,1,14,10,3.2022838389238037,-1.7136491921074237,4.37177596504889,3.838729257127208,343.1960021972656,339.78200073242186,338.98800201416014
350.6590270996094,351.3299865722656,359.3999938964844,347.5,354.4700012207031,23918500,2025-10-15,2,15,10,3.387127302336502,-0.8858336777792482,4.24341193621174,3.77401022227892,344.36199951171875,341.5759979248047,339.2460006713867
353.4736633300781,354.1499938964844,363.239990234375,349.489990234375,356.79998779296875,20317200,2025-10-16,3,16,10,3.882535715649068,-0.7427113192677628,4.619362364824033,3.79677838313793,346.18800048828126,343.172998046875,339.68600006103514
348.6628723144531,349.3299865722656,350.9700012207031,340.7799987792969,349.6099853515625,20937900,2025-10-17,4,17,10,2.917013377922039,-0.08008889649284831,3.567055592039298,3.832546754441478,351.12799682617185,344.2689971923828,339.90549926757814
348.5730285644531,349.239990234375,356.5899963378906,347.8399963378906,353.79998779296875,15640200,2025-10-20,0,20,10,2.5054404548940328,-1.2888631192554194,3.178880137945089,3.797836169307383,349.6359924316406,345.6439971923828,340.4279983520508
342.005615234375,342.6600036621094,351.1000061035156,341.30999755859375,350.0,16092600,2025-10-21,1,21,10,2.8570619390337773,-2.097141810825893,3.109835757967084,3.7408058615079867,349.3419921875,346.2689971923828,340.61399841308594
339.6501159667969,340.29998779296875,348.010009765625,335.510009765625,347.29998779296875,19268800,2025-10-22,2,22,10,3.6732296351431946,-2.0155485879754234,3.167056224528422,3.7052340803700807,347.1359924316406,345.7489959716797,340.6634979248047
343.63250732421875,344.2900085449219,346.57000732421875,340.3999938964844,340.3999938964844,12859200,2025-10-23,3,23,10,1.7920977299953598,1.1427775317823459,2.7489686273976806,3.6841654961108565,345.16399536132815,345.6759979248047,341.072998046875
353.4537048339844,354.1300048828125,358.29998779296875,350.8800048828125,352.510009765625,16143700,2025-10-24,4,24,10,2.0952708914376363,0.45956003299440884,2.5846201301008,3.075837861070049,346.1239990234375,348.62599792480466,342.0529983520508
361.35858154296875,362.04998779296875,362.75,355.0799865722656,361.5400085449219,20065800,2025-10-27,0,27,10,2.118495701240107,0.14105748630680506,2.507231179370015,2.843055658657552,348.6859985351563,349.16099548339844,343.760498046875
372.2577209472656,372.9700012207031,374.05999755859375,362.5299987792969,362.6199951171875,21056000,2025-10-28,1,28,10,3.091401115789486,2.854229287651616,2.5540990147211566,2.8319673863441204,354.747998046875,352.0449951171875,345.9134979248047
385.2428894042969,385.9800109863281,386.4800109863281,373.19000244140625,373.19000244140625,24975200,2025-10-29,2,29,10,3.4431857004617332,3.427210927744509,2.5080902277848645,2.8375732261566435,363.8840026855469,355.50999755859374,348.5429977416992
375.75103759765625,376.4700012207031,386.3999938964844,370.05999755859375,386.3999938964844,24295300,2025-10-30,3,30,10,4.340318294926083,-2.569873921489106,3.017734340771009,2.883351484084345,370.32000122070315,357.74199829101565,350.45749816894534
368.9241027832031,369.6300048828125,378.82000732421875,365.1000061035156,378.2699890136719,21598400,2025-10-31,4,31,10,3.7118202092530113,-2.2840786691505413,3.3410442043340844,2.9628321672174422,373.4200012207031,359.7720001220703,352.02049865722654
361.85760498046875,362.54998779296875,374.8500061035156,361.9800109863281,372.0,17198900,2025-11-03,0,3,11,3.5498539651135794,-2.5403258621051745,3.6273158571087785,3.067273518239397,373.52000122070314,361.1029998779297,353.3734985351563
351.26788330078125,351.94000244140625,368.95001220703125,351.0,358.5199890136719,24047500,2025-11-04,1,4,11,5.100304620819484,-1.8353193054501356,4.029096558114778,3.2915977864179675,369.3140014648437,362.0309997558594,354.1499984741211
358.2944641113281,358.9800109863281,364.8699951171875,350.0899963378906,350.8900146484375,17087600,2025-11-05,2,5,11,4.117220549046052,2.305564706934202,4.163903527831642,3.3359968778082534,363.91400146484375,363.8990020751953,354.8239990234375
354.9109191894531,355.5899963378906,363.5,352.7099914550781,360.1099853515625,19896900,2025-11-06,3,6,11,3.0343959774022817,-1.2551690310001185,3.9027190643268823,3.4602267025489453,359.7380004882813,365.0290008544922,355.3524993896484
348.7626647949219,349.42999267578125,354.5,337.2699890136719,354.19000244140625,21903200,2025-11-07,4,7,11,4.930890692693056,-1.343914207858662,4.146533161014891,3.743788682674487,355.697998046875,364.5589996337891,356.5924987792969
357.7055969238281,358.3900146484375,360.0,354.6099853515625,357.8999938964844,16409000,2025-11-10,0,10,11,1.5039522386595596,0.13691555191667704,3.737352815724086,3.6823343364164325,354.8660034179687,364.19300231933596,356.6769989013672
351.287841796875,351.9599914550781,361.8900146484375,349.6700134277344,358.9700012207031,16446800,2025-11-11,1,11,11,3.471985884015685,-1.9528121407880774,3.4116890683633274,3.7203928132390525,354.8700012207031,362.0920013427734,357.0684982299805
354.5416259765625,355.2200012207031,358.8699951171875,351.67999267578125,358.0400085449219,12190500,2025-11-12,2,12,11,2.0240984225826297,-0.7876235216503562,2.9930646430706425,3.578484085451142,354.1179992675781,359.01600036621096,357.2629989624023
339.33074951171875,339.9800109863281,353.54998779296875,334.1600036621094,351.5799865722656,22616600,2025-11-13,3,13,11,5.703271811365145,-3.2993845011007696,3.5268398098632145,3.7147794370950487,350.9960021972656,355.36700134277345,356.5544998168945
341.80596923828125,342.4599914550781,344.739990234375,329.05999755859375,331.4700012207031,18500800,2025-11-14,4,14,11,4.578634896636695,3.3155308757661963,3.456388650651943,3.801460905833417,349.602001953125,352.65,356.2110000610352
341.9956359863281,342.6499938964844,352.20001220703125,337.5199890136719,339.82000732421875,14799600,2025-11-17,0,17,11,4.284261915905434,0.8327898626538384,4.012450586101117,3.874901700912602,346.45399780273436,350.6600006103516,355.8815002441406
339.8497314453125,340.5,347.9700012207031,335.510009765625,343.20001220703125,21726800,2025-11-18,1,18,11,3.6593220132388034,-0.7867168155584155,4.0499178119457415,3.730803440154534,344.16199951171876,349.51600036621096,355.7735000610352
353.7431640625,354.4200134277344,359.69000244140625,337.79998779296875,340.7099914550781,21851900,2025-11-19,2,19,11,6.176291918938386,4.023956536790876,4.880356511216893,3.936710577143767,344.002001953125,349.06000061035155,356.47950134277346
346.1576843261719,346.82000732421875,376.0799865722656,345.17999267578125,366.0,28867000,2025-11-20,3,20,11,8.90951884087761,-5.240435157317282,5.521605917119385,4.524222863491301,345.3700012207031,348.18300170898436,356.60600128173826
339.5503234863281,340.20001220703125,348.6000061035156,331.79998779296875,345.1600036621094,30280300,2025-11-21,4,21,11,4.938276810032299,-1.4370122269246626,5.593534299798506,4.524961475225224,344.9180053710937,347.2600036621094,355.90950164794924
377.2381896972656,377.9599914550781,382.0,347.6600036621094,347.7300109863281,47262400,2025-11-24,0,24,11,9.085616762157233,8.693520695266814,6.553805269048867,5.283127927574992,351.9800048828125,349.2170013427734,356.7050018310547
384.2947082519531,385.0299987792969,388.1300048828125,371.75,384.92999267578125,33507600,2025-11-25,1,25,11,4.25421523900575,0.025980335494370822,6.672783914202254,5.361350863073998,360.88600463867186,352.5240020751953,357.30800170898436
396.8107604980469,397.57000732421875,399.8699951171875,383.260009765625,385.54998779296875,28693000,2025-11-26,2,26,11,4.1778768633361825,3.1176293377823856,6.273100903081815,5.576728707149354,369.51600341796876,356.7590026855469,357.8875015258789
402.1904602050781,402.9599914550781,403.0,397.1600036621094,399.3500061035156,13365500,2025-11-28,4,28,11,1.4492744842490564,0.9039652676571525,4.781052031756103,5.151328974437744,380.74400024414064,363.0570007324219,359.21200103759764
385.3426818847656,386.0799865722656,395.4200134277344,385.1000061035156,394.8500061035156,23252000,2025-12-01,0,1,12,2.673023125555635,-2.2211015311345372,4.328001294860772,4.960767797329639,389.9199951171875,367.41900024414065,360.0345001220703
380.84130859375,381.57000732421875,393.5,379.7900085449219,388.30999755859375,22207000,2025-12-02,1,2,12,3.5930474596837985,-1.7357241061912072,3.229487434366084,4.891646351707475,390.6419982910156,371.3110015869141,360.9855010986328
379.88311767578125,380.6099853515625,382.29998779296875,370.6499938964844,380.0,21336400,2025-12-03,2,3,12,3.0608744764600666,0.1605224609375,2.9908192818569477,4.831801598029601,389.75799560546875,375.32200012207034,362.41900024414065
380.3023376464844,381.0299987792969,383.8900146484375,376.5299987792969,380.67999267578125,15845900,2025-12-04,3,4,12,1.9316106061779537,0.0919423427155835,2.5415660304253023,4.407333466753558,386.4499938964844,377.9829986572266,363.52149963378906
389.4947509765625,390.239990234375,393.5299987792969,385.1499938964844,386.1700134277344,24779900,2025-12-05,4,5,12,2.1473977789358636,1.0539339319784489,2.6811906893626634,3.731121360559384,383.90599365234374,382.3249969482422,365.2539993286133
400.3340148925781,401.1000061035156,407.2900085449219,397.3999938964844,402.4800109863281,30410600,2025-12-08,0,8,12,2.465722886547424,-0.3428753839055569,2.6397306415610213,3.483865968210897,386.9099975585938,388.4149963378906,367.8375
405.51409912109375,406.2900085449219,406.92999267578125,395.510009765625,398.75,24546000,2025-12-09,1,9,12,2.81079590193604,1.890911233836207,2.4832803300114694,2.856383882188777,391.8539978027344,391.247998046875,370.23249969482424
412.18133544921875,412.9700012207031,414.6099853515625,399.55999755859375,402.20001220703125,31531000,2025-12-10,2,10,12,3.6443295514159155,2.67776943978014,2.5999713450026394,2.7953953134297933,398.3260009765625,394.0419982910156,373.28300018310546
405.59393310546875,406.3699951171875,409.29998779296875,394.19000244140625,404.8299865722656,45681600,2025-12-11,3,11,12,3.7182827307919566,0.38040871378162355,2.9573057699254397,2.749435900175371,403.3940002441406,394.9219970703125,375.8404998779297
359.24261474609375,359.92999267578125,382.0,355.1499938964844,379.9599914550781,95588500,2025-12-12,4,12,12,7.459785694409092,-5.271607334917255,4.0197833530200855,3.3504870211913746,397.3320007324219,390.61899719238284,376.83799896240237
339.1610412597656,339.80999755859375,362.0,337.510009765625,361.8900146484375,65894900,2025-12-15,0,15,12,7.2069657780307566,-6.101305975876028,4.968031931316752,3.8038812864388865,385.0739990234375,385.99199829101565,376.70549926757815
340.648193359375,341.29998779296875,347.5,335.05999755859375,336.0199890136719,58061100,2025-12-16,1,16,12,3.644888041704914,1.5713347276736098,5.134850359270527,3.8090653446409988,372.07599487304685,381.9649963378906,376.6379989624023
325.3973693847656,326.0199890136719,346.6099853515625,321.4200134277344,346.6099853515625,73300900,2025-12-17,2,17,12,7.726511493984427,-5.940393297384791,5.951286747784229,4.275629046393434,354.6859924316406,376.50599670410156,375.91399841308595
329.2500305175781,329.8800048828125,336.0299987792969,323.6300048828125,336.0,54501900,2025-12-18,3,18,12,3.7589407399485713,-1.8214271182105655,5.959418349615552,4.458362059770496,339.38799438476565,371.3909973144531,374.68699798583987
339.7099914550781,340.3599853515625,343.45001220703125,332.5799865722656,333.3399963378906,159095200,2025-12-19,4,19,12,3.1936849519892374,2.105954608146108,5.106198201131582,4.562990777075833,335.4739929199219,366.4029968261719,374.363996887207
341.45001220703125,341.45001220703125,346.239990234375,337.2200012207031,346.0299987792969,28739600,2025-12-22,0,22,12,2.641671896676574,-1.3235807844471916,4.193139424860744,4.580585678088749,335.8019958496094,360.43799743652346,374.426496887207
349.32000732421875,349.32000732421875,350.1099853515625,338.5400085449219,340.80999755859375,28232600,2025-12-23,1,23,12,3.312142609656491,2.4969953424449987,4.12659033845106,4.630720348860793,337.4059997558594,354.7409973144531,372.99449768066404
350.2200012207031,350.2200012207031,352.8599853515625,347.1400146484375,350.69000244140625,11424400,2025-12-24,2,24,12,1.6332507233133051,-0.13402184762357272,2.9079381843168357,4.429612466050532,342.2460021972656,348.46599731445315,371.2539978027344
352.1300048828125,352.1300048828125,353.25,347.75,351.05999755859375,15028100,2025-12-26,4,26,12,1.5619231317224382,0.30479329221785234,2.468534662671609,4.21397650614358,346.6960021972656,343.0419982910156,368.98199768066405
349.3900146484375,349.3900146484375,350.3299865722656,344.69000244140625,348.7200012207031,21946900,2025-12-29,0,29,12,1.6142373549325468,0.1921350726625878,2.152645143260271,3.629421672195926,348.50200805664065,341.9880004882813,366.30349884033205
349.8500061035156,349.8500061035156,352.67999267578125,349.29998779296875,349.9700012207031,16633600,2025-12-30,1,30,12,0.966129719549699,-0.03428725798467137,1.8175367078348958,3.0053380663478206,350.1820068359375,342.99200134277345,364.4919998168945
346.1000061035156,346.1000061035156,349.8800048828125,345.4200134277344,349.7300109863281,15346100,2025-12-31,2,31,12,1.2886424086754216,-1.0379449200184327,1.412836667638682,2.7697135030448714,349.5380065917969,343.4720031738281,362.7184997558594
347.6199951171875,347.6199951171875,360.6600036621094,345.55999755859375,352.7799987792969,25398600,2026-01-02,4,2,1,4.343825532367666,-1.4626689948308353,1.9549516294495544,2.431444906883195,349.01800537109375,345.6320037841797,361.0690002441406
343.4200134277344,343.4200134277344,355.0299987792969,336.5,354.739990234375,31136000,2026-01-05,0,5,1,5.395724784454395,-3.191063065419146,2.721711959995946,2.595123311333777,347.2760070800781,346.9860046386719,359.1885009765625
343.7699890136719,343.7699890136719,349.04998779296875,338.0,343.6000061035156,27135500,2026-01-06,1,6,1,3.2143549891230574,0.04947116040068976,3.0417354868340474,2.5971903150471594,346.152001953125,347.32700500488284,356.86500091552733
343.5,343.5,349.70001220703125,335.8800048828125,341.70001220703125,20249300,2026-01-07,2,7,1,4.023291797443596,0.5267742840694318,3.6531679024128274,2.735352305123862,344.8820007324219,347.53200378417966,353.98500061035156
332.4800109863281,332.4800109863281,343.67999267578125,330.5,342.7799987792969,24385200,2026-01-08,3,8,1,3.964145885547153,-3.0048392058022393,4.188268597787173,2.800552632712928,342.1580017089844,345.84800415039064,350.29450073242185
344.9700012207031,344.9700012207031,347.3900146484375,333.5,337.9200134277344,22482500,2026-01-09,4,9,1,4.026441313530627,2.086288918331977,4.124791754019766,3.03987169173466,341.6280029296875,345.3230041503906,346.8945007324219
352.2099914550781,352.2099914550781,353.8999938964844,340.95001220703125,340.95001220703125,20949600,2026-01-12,0,12,1,3.6767786274185816,3.3025308241401685,3.781002522612603,3.2513572413042744,343.38599853515626,345.3310028076172,344.1865005493164
354.6099853515625,354.6099853515625,359.489990234375,350.9100036621094,352.8800048828125,18308000,2026-01-13,1,13,1,2.419555829416189,0.49024610202114094,3.62204269067123,3.3318890887526385,345.5539978027344,345.8529998779297,343.92050018310545
339.8900146484375,339.8900146484375,350.69000244140625,334.4200134277344,348.9700012207031,30094700,2026-01-14,2,14,1,4.786839363463092,-2.6019390034970553,3.7747522038751287,3.7139600531439774,344.8320007324219,344.85700073242185,343.9245010375977
343.0199890136719,343.0199890136719,349.67999267578125,341.6700134277344,349.1199951171875,22218800,2026-01-15,3,15,1,2.3351348331270625,-1.747252001841964,3.4489499933911105,3.818609295589142,346.93999633789065,344.5489990234375,344.0105010986328
351.7099914550781,351.7099914550781,354.510009765625,344.04998779296875,346.2699890136719,31291200,2026-01-16,4,16,1,2.9740474330517417,1.5710291431555339,3.2384712172953334,3.6816314856575496,348.2879943847656,344.95799865722654,345.2950012207031
332.6000061035156,332.6000061035156,345.3999938964844,331.79998779296875,344.1000061035156,32293900,2026-01-20,1,20,1,4.088997550794654,-3.342051669868455,3.3209150019705476,3.5509587622915753,344.3659973144531,343.87599792480466,345.4310012817383
328.79998779296875,328.79998779296875,335.79998779296875,324.20001220703125,335.510009765625,32006600,2026-01-21,2,21,1,3.527973241057876,-1.9999468800777735,3.5425984842988854,3.582320587485057,339.20399780273436,342.3789978027344,344.8530014038086
325.489990234375,325.489990234375,336.989990234375,324.8900146484375,335.3500061035156,24275400,2026-01-22,3,22,1,3.7174647297831473,-2.9402163976991376,3.3287235575628964,3.5517378807190125,336.32399291992186,340.5779968261719,344.0550003051758
320.04998779296875,320.04998779296875,321.989990234375,314.1099853515625,319.29998779296875,30259500,2026-01-23,4,23,1,2.462116914033395,0.23488882827214305,3.354119973744163,3.401534983567637,331.72999267578126,339.3349945068359,342.5914993286133
324.8500061035156,324.8500061035156,328.67999267578125,317.6000061035156,319.79998779296875,25006400,2026-01-26,0,26,1,3.4108007893141035,1.579117730866251,3.4414706449966355,3.3399709311459844,326.3579956054688,337.3229949951172,341.32299957275393
332.7900085449219,332.7900085449219,334.760009765625,327.0199890136719,329.760009765625,25537600,2026-01-27,1,27,1,2.325797215425815,0.9188496753898172,3.0888305779228675,3.2048727899467075,326.39599609375,335.38099670410156,340.3559997558594
333.239990234375,333.239990234375,339.989990234375,326.70001220703125,338.8500061035156,23001700,2026-01-28,2,28,1,3.988110195897142,-1.6556044763436764,3.180857968890721,3.3617282265948027,327.28399658203125,333.24399719238284,339.5484985351562
330.7300109863281,330.7300109863281,335.95001220703125,320.2799987792969,332.55999755859375,20447500,2026-01-29,3,29,1,4.7380077123941895,-0.5502726081609378,3.384966565412929,3.3568450614879124,328.3320007324219,332.3279968261719,338.5924987792969
331.29998779296875,331.29998779296875,338.20001220703125,328.3299865722656,332.44000244140625,28313000,2026-01-30,4,30,1,2.9791808024253417,-0.342923426803437,3.4883793430913186,3.4212496584177408,330.5820007324219,331.15599670410154,337.85249786376954
331.1099853515625,331.1099853515625,336.05999755859375,325.75,326.1099853515625,17278200,2026-02-02,0,2,2,3.1137682385648713,1.53322505430484,3.428972832941472,3.435221738969054,331.83399658203126,329.09599609375,337.0269973754883
320.3299865722656,320.3299865722656,338.8999938964844,308.6499938964844,336.739990234375,36914800,2026-02-03,1,3,2,9.443386903516034,-4.873197166362041,4.852490770559515,3.9706606742411914,329.3419921875,327.868994140625,335.8724960327148
308.04998779296875,308.04998779296875,319.510009765625,295.29998779296875,319.510009765625,43330300,2026-02-04,2,4,2,7.859121224483569,-3.5867489663509113,5.626692976276801,4.403775472583761,324.3039916992187,325.793994140625,334.0864959716797
310.510009765625,310.510009765625,326.5299987792969,306.70001220703125,314.3399963378906,42775800,2026-02-05,3,5,2,6.386263227788834,-1.2184216507239163,5.95634407935573,4.670655322384329,320.25999145507814,324.29599609375,332.43699645996094
332.9200134277344,332.9200134277344,335.0,316.29998779296875,320.1000061035156,33003400,2026-02-06,4,6,2,5.616968476751064,4.005000649725995,6.483901614220874,4.986140478656096,320.58399658203126,325.58299865722654,332.45899658203126
343.94000244140625,343.94000244140625,352.3399963378906,330.6499938964844,330.7699890136719,30091000,2026-02-09,0,9,2,6.306333164924998,3.9816228391838813,7.122414599492899,5.2756937162171855,323.15,327.49199829101565,332.4074966430664
340.44000244140625,340.44000244140625,348.010009765625,339.8399963378906,347.4700012207031,19542700,2026-02-10,1,10,2,2.3998394340102647,-2.023195888738498,5.713705105591745,5.283097938075631,327.1720031738281,328.2569976806641,331.8189971923828
342.760009765625,342.760009765625,347.20001220703125,333.739990234375,346.79998779296875,16960100,2026-02-11,2,11,2,3.9269522666486223,-1.164930268035511,4.927271314024757,5.276982145150779,334.1140075683594,329.20899963378906,331.22649841308595
