Adj Close,Close,High,Low,Open,Volume,date,day_of_week,day,month,hl_pct,oc_pct,volatility_5d,volatility_10d,ma_5,ma_10,ma_20
BAC,BAC,BAC,BAC,BAC,BAC,,,,,,,,,,,
34.44805908203125,35.88999938964844,35.93000030517578,35.27000045776367,35.38999938964844,34131500,2024-03-11,0,11,3,1.8389519605354736,1.4128285069884738,1.9734991772344426,1.9977977549741357,35.5859992980957,35.053999710083005,34.349999809265135
34.51524353027344,35.959999084472656,36.150001525878906,35.779998779296875,35.900001525878906,29260400,2024-03-12,1,12,3,1.0289286874364705,0.16712411154216836,1.6989219288625255,1.8906552543064035,35.699999237060545,35.22199974060059,34.46699981689453
34.630428314208984,36.08000183105469,36.45000076293945,35.959999084472656,35.959999084472656,38289600,2024-03-13,2,13,3,1.3580977095323865,0.33371176206132835,1.5639907887114353,1.8836501479186651,35.831999969482425,35.398999786376955,34.63349990844726
34.25609588623047,35.689998626708984,36.220001220703125,35.47999954223633,35.91999816894531,40178100,2024-03-14,3,14,3,2.073414701431254,-0.640310562251572,1.6138118112917206,1.946148051036997,35.84399948120117,35.51599960327148,34.76149978637695
33.98734664916992,35.40999984741211,36.0099983215332,35.2400016784668,35.279998779296875,69646400,2024-03-15,4,15,3,2.1745174989676834,0.36848376591079146,1.6947821115806536,1.983104087942938,35.805999755859375,35.621999740600586,34.82849979400635
34.56324005126953,36.0099983215332,36.09000015258789,35.38999938964844,35.65999984741211,50617900,2024-03-18,0,18,3,1.943906680275705,0.9814875928735978,1.7157730555286999,1.844636116381571,35.82999954223633,35.70799942016602,34.924499702453616
34.582435607910156,36.029998779296875,36.38999938964844,35.849998474121094,35.88999938964844,46113800,2024-03-19,1,19,3,1.4987536325913855,0.39007910846835175,1.809738044559683,1.7543299867111042,35.84399948120117,35.77199935913086,35.02799968719482
35.27350997924805,36.75,36.880001068115234,35.72999954223633,35.84000015258789,40519000,2024-03-20,2,20,3,3.1292558527317174,2.539062063442545,2.1639696731995492,1.8639802309554923,35.97799911499023,35.904999542236325,35.18049964904785
36.00297164916992,37.5099983215332,37.599998474121094,36.880001068115234,36.93000030517578,43219500,2024-03-21,3,21,3,1.9194813069147314,1.5705334729610994,2.1331829942962446,1.8734974027939824,36.34199905395508,36.09299926757812,35.37549953460693
35.561458587646484,37.04999923706055,37.61000061035156,37.0,37.40999984741211,29001100,2024-03-22,4,22,3,1.6464254329630006,-0.9623111783478556,2.027564581095308,1.861173346337981,36.66999893188476,36.23799934387207,35.531999588012695
35.37908935546875,36.86000061035156,37.279998779296875,36.84000015258789,37.099998474121094,30480200,2024-03-25,0,25,3,1.193702168809562,-0.646894538114174,1.877523678802079,1.7966483671653897,36.83999938964844,36.33499946594238,35.6944995880127
35.5998420715332,37.09000015258789,37.2400016784668,36.79999923706055,37.0,33673400,2024-03-26,1,26,3,1.1863101633758004,0.24324365564294764,1.8150349849589624,1.8123865147593228,37.05199966430664,36.44799957275391,35.83499965667725
36.290924072265625,37.810001373291016,37.849998474121094,37.2400016784668,37.25,36350200,2024-03-27,2,27,3,1.6133212734691902,1.503359391385277,1.5118480691064569,1.8379088711530032,37.263999938964844,36.62099952697754,36.009999656677245
36.39650344848633,37.91999816894531,38.0,37.41999816894531,37.720001220703125,42262500,2024-03-28,3,28,3,1.5295407675670236,0.5302145858161227,1.4338599612369154,1.78352147776658,37.34599990844727,36.84399948120117,36.17999954223633
36.012569427490234,37.52000045776367,38.349998474121094,37.439998626708984,37.939998626708984,33908000,2024-04-01,0,1,4,2.4253726980533963,-1.107006283995072,1.5896494142549944,1.8086069976751513,37.44000015258789,37.05499954223633,36.33849964141846
35.801414489746094,37.29999923706055,37.58000183105469,37.15999984741211,37.189998626708984,34806800,2024-04-02,1,2,4,1.1260107030384934,0.29578008715645027,1.5761111211007806,1.72681739995143,37.52799987792969,37.183999633789064,36.44599952697754
35.935787200927734,37.439998626708984,38.02000045776367,37.27000045776367,37.400001525878906,33338500,2024-04-03,2,3,4,2.0032052016822575,0.10694411550331664,1.7394901287620723,1.7772625568605172,37.597999572753906,37.32499961853027,36.548499488830565
35.436676025390625,36.91999816894531,37.959999084472656,36.869998931884766,37.70000076293945,42888200,2024-04-04,3,4,4,2.952329920494762,-2.0689723559923987,2.0072918581671866,1.7595699636368216,37.41999893188476,37.3419994354248,36.62349948883057
35.61904525756836,37.11000061035156,37.34000015258789,36.72999954223633,36.810001373291016,30823500,2024-04-05,4,5,4,1.6437634069491427,0.8149938219731321,2.0301363860436106,1.7319981736402628,37.257999420166016,37.30199966430664,36.697499465942386
35.99338150024414,37.5,37.58000183105469,37.130001068115234,37.20000076293945,29470300,2024-04-08,0,8,4,1.2000020345052083,0.8064495454511428,1.7850622533339728,1.6873558337944836,37.25399932861328,37.34699974060059,36.79249954223633
36.214134216308594,37.72999954223633,37.77000045776367,37.20000076293945,37.5099983215332,30967300,2024-04-09,1,9,4,1.5107333732833483,0.5865135445149563,1.8620067873829438,1.7190589542418624,37.33999938964844,37.433999633789064,36.88449954986572
35.17752456665039,36.650001525878906,37.22999954223633,36.54999923706055,37.18000030517578,37610700,2024-04-10,2,10,4,1.8553895685260113,-1.425494284417998,1.8324436607516943,1.7859668947568834,37.18199996948242,37.38999977111816,36.918999671936035
34.88957595825195,36.349998474121094,36.75,36.04999923706055,36.75,38604000,2024-04-11,3,11,4,1.9257243255121717,-1.0884395262011055,1.6271225417551765,1.8172071999611816,37.06800003051758,37.24399948120117,36.93249950408936
34.352081298828125,35.790000915527344,36.09000015258789,35.529998779296875,35.810001373291016,47126100,2024-04-12,4,12,4,1.564686669365413,-0.05585159730987686,1.6113071942384305,1.8207217901410204,36.80400009155274,37.030999755859376,36.937499618530275
34.50564956665039,35.95000076293945,36.7599983215332,35.7599983215332,36.33000183105469,44392000,2024-04-15,0,15,4,2.781641109256641,-1.0459704072748257,1.927635009188717,1.8563486312613449,36.49400024414062,36.873999786376956,36.96449966430664
33.28667449951172,34.68000030517578,36.16999816894531,34.150001525878906,36.099998474121094,95566100,2024-04-16,1,16,4,5.824673083307136,-3.933513099628696,2.7904229511934746,2.326214869288209,35.88400039672852,36.611999893188475,36.89799976348877
33.814571380615234,35.22999954223633,35.75,34.75,34.88999938964844,65951400,2024-04-17,2,17,4,2.838489960242906,0.9744917126274464,2.9870430295368537,2.4097433451442742,35.6,36.390999984741214,36.85799980163574
34.332881927490234,35.77000045776367,35.9900016784668,35.18000030517578,35.540000915527344,44506200,2024-04-18,3,18,4,2.2644712410542045,0.6471568269877052,3.05479241264526,2.340957477200218,35.48400039672852,36.27600021362305,36.80899982452392
35.48466873168945,36.970001220703125,37.119998931884766,36.060001373291016,36.099998474121094,56273700,2024-04-19,4,19,4,2.867182914779439,2.4099800092947583,3.3152916617280654,2.463299427983248,35.720000457763675,36.262000274658206,36.78199996948242
36.214134216308594,37.72999954223633,37.90999984741211,36.869998931884766,37.0,43867100,2024-04-22,0,22,4,2.756429706189445,1.9729717357738596,3.310249381114626,2.618942195151672,36.07600021362305,36.285000228881835,36.81599998474121
36.828426361083984,38.369998931884766,38.41999816894531,37.83000183105469,37.939998626708984,39180300,2024-04-23,1,23,4,1.5376501285235868,1.1333693219299956,2.4528447901579162,2.621633870675695,36.81399993896484,36.34900016784668,36.89149990081787
36.78042984008789,38.31999969482422,38.4900016784668,38.0,38.02000045776367,28670600,2024-04-24,2,24,4,1.2787100270592646,0.7890563741413293,2.140888803521188,2.5639659165290203,37.43199996948242,36.515999984741214,36.952999877929685
36.386905670166016,37.90999984741211,38.27000045776367,37.380001068115234,37.93000030517578,41116000,2024-04-25,3,25,4,2.3476639230564187,-0.052729917223182016,2.157527339921631,2.6061598762834453,37.85999984741211,36.672000122070315,36.957999801635744
36.31011962890625,37.83000183105469,38.310001373291016,37.779998779296875,37.93000030517578,28668700,2024-04-26,4,26,4,1.4010112829523074,-0.2636395289125488,1.8642930135562046,2.589792337642135,38.03199996948242,36.876000213623044,36.953499984741214
36.04136657714844,37.54999923706055,38.060001373291016,37.45000076293945,37.84000015258789,26438800,2024-04-29,0,29,4,1.6245023242224543,-0.7663871943919918,1.6379075371628062,2.474078459138716,37.99599990844727,37.03600006103515,36.954999923706055
35.52306365966797,37.0099983215332,37.66999816894531,36.97999954223633,37.349998474121094,30283800,2024-04-30,1,30,4,1.8643573574752867,-0.9103083439841864,1.7032489829531463,2.0780468865555313,37.72399978637695,37.268999862670896,36.94049987792969
35.46547317504883,36.95000076293945,37.5099983215332,36.77000045776367,37.209999084472656,32272000,2024-05-01,2,1,5,2.002700537185761,-0.6987324050800573,1.8480470849784456,1.9944679442498168,37.45,37.44099998474121,36.91599998474121
35.39828872680664,36.880001068115234,37.4900016784668,36.650001525878906,37.369998931884766,34860300,2024-05-02,3,2,5,2.2776576145875342,-1.3112065233468768,1.8340458232846686,1.99578658160315,37.24400024414062,37.55200004577637,36.91400012969971
35.753421783447266,37.25,37.529998779296875,37.08000183105469,37.25,34082700,2024-05-03,4,3,5,1.208045498636745,0.0,1.7954526664215564,1.8298728399888802,37.12799987792969,37.579999923706055,36.92100009918213
36.17573928833008,37.689998626708984,37.790000915527344,37.36000061035156,37.65999984741211,28422300,2024-05-06,0,6,5,1.1408870279742114,0.07965687577913369,1.6987296071719076,1.668318572167357,37.155999755859376,37.57599983215332,36.93050003051758
36.3197135925293,37.84000015258789,38.150001525878906,37.70000076293945,37.70000076293945,29119500,2024-05-07,1,7,5,1.1892197704145024,0.37135115866114854,1.5637020897597507,1.6334755363564486,37.322000122070314,37.522999954223636,36.93600006103516
36.1949348449707,37.709999084472656,37.81999969482422,37.52000045776367,37.70000076293945,32803300,2024-05-08,2,8,5,0.7955429444284277,0.026520746235718536,1.3222705712082843,1.5851588280933648,37.47399978637695,37.46199989318848,36.988999938964845
36.74203872680664,38.279998779296875,38.41999816894531,37.459999084472656,37.529998779296875,26855400,2024-05-09,3,9,5,2.507834678907713,1.9984013439769455,1.36830598407232,1.6011759036784945,37.75399932861328,37.498999786376956,37.085499954223636
36.905208587646484,38.45000076293945,38.779998779296875,38.33000183105469,38.47999954223633,27359100,2024-05-10,4,10,5,1.17034314515781,-0.077959406584576,1.360765513376533,1.5781090898990446,37.99399948120117,37.56099967956543,37.218499946594235
36.674842834472656,38.209999084472656,38.779998779296875,38.18000030517578,38.619998931884766,24060600,2024-05-13,0,13,5,1.5702656071638441,-1.061625734726814,1.4466412292144595,1.5726854181931835,38.097999572753906,37.62699966430664,37.331499862670896
36.943607330322266,38.4900016784668,38.790000915527344,38.369998931884766,38.400001525878906,27594800,2024-05-14,1,14,5,1.0911976236092187,0.23437538805105734,1.4270367998534028,1.4953694448065769,38.22799987792969,37.775,37.52199993133545
37.34672927856445,38.90999984741211,39.2400016784668,38.779998779296875,38.79999923706055,34084400,2024-05-15,2,15,5,1.1822228243995136,0.2835067332849155,1.5043727758476197,1.413321673527952,38.46800003051758,37.97099990844727,37.70599994659424
37.64426803588867,39.220001220703125,39.36000061035156,38.709999084472656,38.91999816894531,32554200,2024-05-16,3,16,5,1.657321534033479,0.7708197992598781,1.3342701468727731,1.3512880654725465,38.65600051879883,38.204999923706055,37.87849998474121
37.711463928222656,39.290000915527344,39.4900016784668,39.15999984741211,39.45000076293945,25537300,2024-05-17,4,17,5,0.839913014418565,-0.40557628470927226,1.268184120724924,1.3144748170507286,38.82400054931641,38.40900001525879,37.99449996948242
37.260345458984375,38.81999969482422,39.470001220703125,38.790000915527344,39.2599983215332,28369800,2024-05-20,0,20,5,1.7516751945426834,-1.1207301210393972,1.304466038200692,1.3755536337075758,38.94600067138672,38.52200012207031,38.04899997711182
38.0569953918457,39.650001525878906,39.75,38.77000045776367,38.77000045776367,31799200,2024-05-21,1,21,5,2.4716254842933574,2.2697989624062918,1.5805516103375197,1.5037942050954611,39.17800064086914,38.70300025939942,38.113000106811526
38.16257858276367,39.7599983215332,39.810001373291016,39.34000015258789,39.40999984741211,42837600,2024-05-22,2,22,5,1.182095675412999,0.8880955987724438,1.5805261805402169,1.5424494781939182,39.34800033569336,38.90800018310547,38.185000038146974
37.596282958984375,39.16999816894531,39.84000015258789,38.939998626708984,39.77000045776367,39033900,2024-05-23,3,23,5,2.297680796402089,-1.50868061833585,1.7085980330139385,1.5214340899433558,39.337999725341795,38.99700012207031,38.24799995422363
38.10498809814453,39.70000076293945,39.779998779296875,39.06999969482422,39.15999984741211,22166300,2024-05-24,4,24,5,1.7884107577535642,1.3789604638188724,1.8982975816809387,1.5832408512029312,39.41999969482422,39.12200012207031,38.34149990081787
37.74025344848633,39.31999969482422,39.7400016784668,39.11000061035156,39.650001525878906,31217900,2024-05-28,1,28,5,1.6022407756990975,-0.8322870576418534,1.8684106979122213,1.5864383680564567,39.51999969482422,39.23300018310547,38.429999923706056
37.16436004638672,38.720001220703125,38.900001525878906,38.560001373291016,38.84000015258789,26677500,2024-05-29,2,29,5,0.8780995399506769,-0.30895708396842053,1.5497055090436853,1.5651285596906024,39.33399963378906,39.2560001373291,38.51550006866455
37.07797622680664,38.630001068115234,39.119998931884766,37.59000015258789,38.72999954223633,50989100,2024-05-30,3,30,5,3.960649073239914,-0.2581938427653276,2.1054161886090683,1.8429711845746426,39.10800018310547,39.228000259399415,38.59950008392334
38.383338928222656,39.9900016784668,40.08000183105469,38.65999984741211,38.70000076293945,58188400,2024-05-31,4,31,5,3.550892533238374,3.3333356333230264,2.356058535976325,2.032328284495132,39.27200088500977,39.30500030517578,38.75500011444092
38.27775573730469,39.880001068115234,40.189998626708984,39.36000061035156,40.040000915527344,31898600,2024-06-03,0,3,6,2.0812387014227536,-0.39960000937478024,2.4146241247101634,2.1564608531955507,39.30800094604492,39.36400032043457,38.88650016784668
38.085784912109375,39.68000030517578,40.13999938964844,39.41999816894531,39.619998931884766,26974200,2024-06-04,1,4,6,1.8145191914456953,0.15144213757847594,2.4570798078594827,2.1627452528858524,39.380001068115234,39.45000038146973,38.98600025177002
38.35454177856445,39.959999084472656,39.9900016784668,39.52000045776367,39.81999969482422,34140300,2024-06-05,2,5,6,1.1761792579363557,0.35158058945599274,2.5166957514566186,2.033200630250152,39.62800064086914,39.481000137329104,39.09200019836426
38.10498809814453,39.70000076293945,40.0,39.41999816894531,39.90999984741211,38676400,2024-06-06,3,6,6,1.460961762993536,-0.5261816218379998,2.016758289407343,2.061087239008206,39.842000579833986,39.47500038146973,39.1915002822876
38.41400146484375,39.779998779296875,39.959999084472656,39.279998779296875,39.279998779296875,25928700,2024-06-07,4,7,6,1.7094025290158656,1.2729124631835087,1.6484602885628412,2.0022594122695834,39.8,39.536000442504886,39.266500282287595
38.307769775390625,39.66999816894531,39.84000015258789,39.209999084472656,39.58000183105469,37176200,2024-06-10,0,10,6,1.5881046059851227,0.22737830653664443,1.549833469475315,1.982228797092739,39.757999420166016,39.53300018310547,39.32750015258789
37.52559280395508,38.86000061035156,39.349998474121094,38.459999084472656,39.33000183105469,44629000,2024-06-11,1,11,6,2.290271167446556,-1.1950195749343073,1.644983864675487,2.051031836267485,39.59399948120117,39.4870002746582,39.36000022888184
38.056705474853516,39.40999984741211,39.880001068115234,39.099998474121094,39.79999923706055,38964700,2024-06-12,2,12,6,1.9791996879324023,-0.9798979827247885,1.8055879506746966,2.1611418510656577,39.48399963378906,39.5560001373291,39.4060001373291
37.91185760498047,39.2599983215332,39.349998474121094,38.93000030517578,39.290000915527344,40018700,2024-06-13,3,13,6,1.0697865178332246,-0.07636190708838504,1.7273529016426346,1.8720555955249885,39.395999145507815,39.6189998626709,39.423500061035156
37.892539978027344,39.2400016784668,39.47999954223633,38.90999984741211,39.099998474121094,32347900,2024-06-14,4,14,6,1.4525985485291397,0.3580644752156865,1.6759921055452893,1.6622261970540653,39.2879997253418,39.5439998626709,39.42450008392334
38.15327072143555,39.5099983215332,39.529998779296875,38.97999954223633,39.09000015258789,26135400,2024-06-17,0,17,6,1.3920507730338063,1.0744389033150392,1.6367813389550256,1.5933074042151705,39.25599975585938,39.5069995880127,39.43549995422363
38.616790771484375,39.9900016784668,40.02000045776367,39.459999084472656,39.560001373291016,30804500,2024-06-18,1,18,6,1.4003534628320773,1.0869572554314837,1.45879779803213,1.5518908313538087,39.48199996948242,39.5379997253418,39.49400005340576
38.616790771484375,39.9900016784668,40.310001373291016,39.75,39.779998779296875,29383300,2024-06-20,3,20,6,1.4003534628320773,0.5279107732884494,1.3430285530120651,1.5743082518433809,39.59800033569336,39.54099998474121,39.511000061035155
38.13395690917969,39.4900016784668,39.90999984741211,39.369998931884766,39.849998474121094,72244900,2024-06-21,4,21,6,1.3674370538753275,-0.9033796974624269,1.4025586602204858,1.56495578093156,39.64400100708008,39.52000007629395,39.49750022888183
38.64575958251953,40.02000045776367,40.34000015258789,39.650001525878906,39.77000045776367,31064900,2024-06-24,0,24,6,1.724134479801407,0.6286145263324895,1.456865846474939,1.566428976010114,39.800000762939455,39.544000244140626,39.54000034332275
38.02773666381836,39.380001068115234,40.06999969482422,39.349998474121094,39.779998779296875,30596000,2024-06-25,1,25,6,1.828342308720981,-1.0055246944598089,1.544124153612374,1.5904527462837001,39.77400131225586,39.51500053405762,39.524000358581546
37.66078567504883,39.0,39.349998474121094,38.470001220703125,39.16999816894531,44310200,2024-06-26,2,26,6,2.256403213892227,-0.4340009621958321,1.715334103824404,1.5870659509282672,39.5760009765625,39.529000473022464,39.50800037384033
37.902198791503906,39.25,39.349998474121094,38.34000015258789,38.70000076293945,29464200,2024-06-27,3,27,6,2.573244131294785,1.4211866310536263,1.9499122375169455,1.6464703952645052,39.42800064086914,39.51300048828125,39.53450031280518
38.40434265136719,39.77000045776367,40.060001373291016,39.31999969482422,39.7400016784668,52028200,2024-06-28,4,28,6,1.8607032183786107,0.0754876145693016,2.048565470417602,1.7255620653190438,39.48400039672852,39.5640007019043,39.5915002822876
38.63610076904297,40.0099983215332,40.34000015258789,39.66999816894531,39.90999984741211,26770500,2024-07-01,0,1,7,1.6745863827791914,0.2505599461373538,2.038655851013159,1.7477608487440492,39.48199996948242,39.64100036621094,39.59250011444092
39.524505615234375,40.93000030517578,40.959999084472656,39.959999084472656,40.0,35626100,2024-07-02,1,2,7,2.4431956817589993,2.325000762939453,2.1616265256207625,1.8528753396165683,39.79199981689453,39.7830005645752,39.64500007629395
39.49553680419922,40.900001525878906,41.20000076293945,40.75,41.02000045776367,17100700,2024-07-03,2,3,7,1.1002463231076445,-0.29253761712733956,1.9303951474638463,1.8228646256441252,40.172000122070315,39.874000549316406,39.7060001373291
39.02236557006836,40.40999984741211,40.959999084472656,40.290000915527344,40.93000030517578,23489000,2024-07-05,4,5,7,1.6580009192655807,-1.2704628729209062,1.7473465050580053,1.8486293712874755,40.40400009155273,39.91600036621094,39.72850017547607
39.225154876708984,40.619998931884766,41.040000915527344,40.43000030517578,40.599998474121094,26728500,2024-07-08,0,8,7,1.5017248310972777,0.04926221309200392,1.6755508276017388,1.8620581490096704,40.57399978637695,40.02900009155273,39.77450008392334
39.997684478759766,41.41999816894531,41.83000183105469,40.599998474121094,40.7599983215332,34697200,2024-07-09,1,9,7,2.969588148982078,1.619234235992194,1.9345511808423161,1.9866035159277378,40.85599975585937,40.1689998626709,39.85650005340576
40.306697845458984,41.7400016784668,41.7599983215332,41.06999969482422,41.279998779296875,25333400,2024-07-10,2,10,7,1.6530872040308207,1.1143481414069876,1.7765294852966804,1.9690780054587216,41.01800003051758,40.40499992370606,39.96000022888184
40.37429428100586,41.810001373291016,41.900001525878906,41.38999938964844,41.77000045776367,33824600,2024-07-11,3,11,7,1.2198089439821624,0.09576469975812243,1.800442009471584,1.8654185784677153,41.2,40.68600006103516,40.10750026702881
40.161842346191406,41.59000015258789,41.91999816894531,41.09000015258789,41.4900016784668,31856600,2024-07-12,4,12,7,1.9956672597073222,0.24101824554273926,1.8679752775599323,1.807660891308969,41.43600006103516,40.920000076293945,40.2165002822876
40.45154571533203,41.88999938964844,42.22999954223633,41.70000076293945,41.849998474121094,36648100,2024-07-15,0,15,7,1.2652155335859103,0.09558164154313945,1.820673418057659,1.7481121228296987,41.69000015258789,41.13199996948242,40.34800033569336
42.614627838134766,44.130001068115234,44.400001525878906,42.220001220703125,42.52000045776367,75953300,2024-07-16,1,16,7,4.93995071926448,3.786454828359708,2.214745932114139,2.0746485564782278,42.232000732421874,41.544000244140626,40.59250030517578
42.46977233886719,43.97999954223633,44.439998626708984,43.650001525878906,43.650001525878906,65713600,2024-07-17,2,17,7,1.7962644589648118,0.7560091748491119,2.2433813831009375,2.0099554341988086,42.68000030517578,41.84900016784668,40.816000366210936
41.533084869384766,43.0099983215332,44.2400016784668,42.93000030517578,43.619998931884766,48549200,2024-07-18,3,18,7,3.045806613377978,-1.398442515562907,2.6085809169801006,2.2045114632258422,42.91999969482422,42.05999984741211,40.96700019836426
41.42686462402344,42.900001525878906,43.560001373291016,42.689998626708984,42.86000061035156,43903000,2024-07-19,4,19,7,2.0279783581294573,0.09332924628489789,2.6150431366645273,2.24150920711223,43.18199996948242,42.30900001525879,41.11250019073486
40.84746551513672,42.29999923706055,42.869998931884766,41.959999084472656,42.63999938964844,42838300,2024-07-22,0,22,7,2.151299914480438,-0.7973737276141502,2.792260012843433,2.306466715450546,43.263999938964844,42.477000045776364,41.25300006866455
40.95368957519531,42.40999984741211,42.779998779296875,42.150001525878906,42.220001220703125,36705100,2024-07-23,1,23,7,1.485492232220349,0.450020419743181,2.101368315434607,2.158057123774373,42.91999969482422,42.57600021362305,41.372500038146974
40.74123764038086,42.189998626708984,42.75,42.06999969482422,42.279998779296875,36567200,2024-07-24,2,24,7,1.6117571161647237,-0.21286697063946167,2.064466846874589,2.1539241149877633,42.56199951171875,42.62099990844727,41.51299991607666
40.248756408691406,41.68000030517578,42.29999923706055,41.65999984741211,42.02000045776367,41593900,2024-07-25,3,25,7,1.5355071616181417,-0.8091388597904494,1.762406956522622,2.185493936751361,42.295999908447264,42.60799980163574,41.64699993133545
40.239097595214844,41.66999816894531,41.959999084472656,41.40999984741211,41.58000183105469,52049300,2024-07-26,4,26,7,1.3198926355375638,0.2164413995369519,1.6207898120042432,2.1179164743343852,42.04999923706055,42.61599960327148,41.76799983978272
39.679012298583984,41.09000015258789,41.880001068115234,40.97999954223633,41.779998779296875,37133100,2024-07-29,0,29,7,2.1903176503693036,-1.6515046598108027,1.6285933591820165,2.210426686012725,41.80799942016601,42.53599967956543,41.83399982452393
39.862491607666016,41.279998779296875,41.88999938964844,40.810001373291016,41.04999923706055,44163200,2024-07-30,1,30,7,2.6162743417983636,0.5602912217077001,1.8547497810976192,1.978059048266113,41.58199920654297,42.250999450683594,41.89749984741211
38.92580032348633,40.310001373291016,41.380001068115234,40.220001220703125,41.22999954223633,50851600,2024-07-31,2,31,7,2.877697365152444,-2.231380497598258,2.107937830895163,2.0862023388848763,41.205999755859374,41.88399963378906,41.86649990081787
38.14361572265625,39.5,40.45000076293945,38.97999954223633,40.439998626708984,60107800,2024-08-01,3,1,8,3.7215220777294307,-2.3244279392436806,2.5451408141174214,2.1537738853200215,40.76999969482422,41.53299980163574,41.79649982452393
36.28954315185547,37.58000183105469,38.529998779296875,37.18000030517578,38.0,76728000,2024-08-02,4,2,8,3.592332113740096,-1.1052583393297697,2.9996287097579275,2.310209260881085,39.95200042724609,41.00099983215332,41.65499992370606
35.3914794921875,36.650001525878906,36.959999084472656,35.13999938964844,35.650001525878906,76075200,2024-08-05,0,5,8,4.965892548569473,2.8050489682983155,3.5547436893979616,2.5916685242899886,39.0640007019043,40.43600006103516,41.45650005340576
35.65220642089844,36.91999816894531,37.310001373291016,36.540000915527344,36.650001525878906,40614100,2024-08-06,1,6,8,2.085591809187428,0.7366893092098757,3.4486071828757745,2.6516784819866968,38.19200057983399,39.886999893188474,41.23150005340576
36.019161224365234,37.29999923706055,38.59000015258789,37.27000045776367,38.099998474121094,44952400,2024-08-07,2,7,8,3.538873248857048,-2.099735614435616,3.580842359616695,2.844390095255929,37.59000015258789,39.397999954223636,41.00949993133545
36.89790344238281,38.209999084472656,38.41999816894531,37.65999984741211,37.81999969482422,36557800,2024-08-08,3,8,8,1.9890037679745523,1.0311988175447027,3.234338697665719,2.8897397558915703,37.331999969482425,39.05099983215332,40.82949981689453
36.96550750732422,38.279998779296875,38.45000076293945,37.90999984741211,38.15999984741211,26411200,2024-08-09,4,9,8,1.4106607438540322,0.3144626110183372,2.7980044236885067,2.898816566723217,37.47199935913086,38.71199989318848,40.66399974822998
36.859283447265625,38.16999816894531,38.72999954223633,38.0099983215332,38.5,33040600,2024-08-12,0,12,8,1.8863014284577828,-0.8571476131290584,2.182086199666169,2.868414944532065,37.77599868774414,38.41999969482422,40.477999687194824
37.13932418823242,38.459999084472656,38.47999954223633,38.119998931884766,38.369998931884766,21553500,2024-08-13,1,13,8,0.9360390507572958,0.2345586528361932,1.9521756479801422,2.700391415427958,38.08399887084961,38.1379997253418,40.1944995880127
37.4773063659668,38.810001373291016,38.91999816894531,38.43000030517578,38.52000045776367,25658900,2024-08-14,2,14,8,1.262555646562659,0.7528580272093282,1.4969121275212642,2.53887724356898,38.385999298095705,37.987999725341794,39.93599967956543
37.689754486083984,39.029998779296875,39.68000030517578,38.970001220703125,39.43000030517578,37379800,2024-08-15,3,15,8,1.819111213626963,-1.0144598599620098,1.4629336166517466,2.348636157158733,38.54999923706055,37.940999603271486,39.736999702453616
37.989105224609375,39.34000015258789,39.41999816894531,38.9900016784668,39.0,26886600,2024-08-16,4,16,8,1.0930261535604728,0.8717952630458733,1.3994066985930345,2.098705561140771,38.76199951171875,38.1169994354248,39.558999633789064
38.307769775390625,39.66999816894531,39.7400016784668,39.45000076293945,39.47999954223633,27268900,2024-08-19,0,19,8,0.7310333473984475,0.4812528594528499,1.1683530823811676,1.6752196410236677,39.06199951171875,38.418999099731444,39.4274995803833
37.36142349243164,38.689998626708984,39.2400016784668,38.34000015258789,39.119998931884766,44440800,2024-08-20,1,20,8,2.3261865025180057,-1.0991828142032727,1.4463825727333097,1.6992791103567257,39.10799942016602,38.59599914550781,39.241499519348146
37.41936492919922,38.75,38.9900016784668,38.38999938964844,38.869998931884766,33751100,2024-08-21,2,21,8,1.5483930034022177,-0.30871863952209017,1.5035500441012215,1.5002310858112429,39.09599914550781,38.74099922180176,39.0694995880127
37.892539978027344,39.2400016784668,39.290000915527344,38.56999969482422,38.779998779296875,35421600,2024-08-22,3,22,8,1.8348654177000971,1.1861859557754795,1.5067008849158483,1.4848172507837973,39.1379997253418,38.84399948120117,38.947499656677245
38.40434265136719,39.77000045776367,40.16999816894531,39.27000045776367,39.27000045776367,45616600,2024-08-23,4,23,8,2.263006539659087,1.2732365525123137,1.740696962135571,1.5700518303643027,39.22399978637695,38.99299964904785,38.85249977111816
38.549190521240234,39.91999816894531,40.20000076293945,39.65999984741211,40.0,44659500,2024-08-26,0,26,8,1.3527077662729527,-0.20000457763671872,1.865031845910472,1.51669246414582,39.273999786376955,39.16799964904785,38.793999671936035
38.307769775390625,39.66999816894531,40.130001068115234,39.61000061035156,40.0,32323900,2024-08-27,1,27,8,1.3108154317252818,-0.8250045776367186,1.6619576317519271,1.5541701022426184,39.46999969482422,39.28899955749512,38.71349964141846
38.578163146972656,39.95000076293945,40.27000045776367,39.33000183105469,39.34000015258789,40700500,2024-08-28,2,28,8,2.35293769401125,1.550586192134102,1.8228665698737339,1.6632083069874775,39.70999984741211,39.40299949645996,38.69549961090088
38.79060363769531,40.16999816894531,40.34000015258789,39.529998779296875,40.04999923706055,34810800,2024-08-29,3,29,8,2.0164336823824227,0.29962280691811793,1.859180222810199,1.6829405538630238,39.895999145507815,39.51699943542481,38.72899951934814
39.35068893432617,40.75,40.86000061035156,40.130001068115234,40.16999816894531,49098200,2024-08-30,4,30,8,1.7914099195983513,1.443868203865332,1.764860898798052,1.7527789304668115,40.09199905395508,39.657999420166014,38.88749942779541
39.302406311035156,40.70000076293945,40.900001525878906,40.22999954223633,40.58000183105469,48489300,2024-09-03,1,3,9,1.646196489147655,0.29570952801912875,1.823558643372992,1.8442952446417322,40.247999572753905,39.76099967956543,39.08999938964844
39.109275817871094,40.5,40.95000076293945,40.279998779296875,40.65999984741211,39629600,2024-09-04,2,4,9,1.6543258855372298,-0.39350675851587075,1.8922607341353817,1.7771091829436547,40.41399993896484,39.94199981689453,39.26899948120117
38.761634826660156,40.13999938964844,40.939998626708984,40.0099983215332,40.79999923706055,34214500,2024-09-05,3,5,9,2.3168916774214394,-1.6176467150827805,1.8850515308174196,1.8539590503455767,40.45199966430664,40.080999755859374,39.41099948883057
37.67304611206055,38.7599983215332,39.880001068115234,38.560001373291016,39.77000045776367,47007600,2024-09-06,4,6,9,3.405572115545965,-2.5396080578452747,2.1628792174501283,2.0110297201301632,40.16999969482422,40.032999420166014,39.438499450683594
38.363136291503906,39.470001220703125,39.709999084472656,39.099998474121094,39.25,37610200,2024-09-09,0,9,9,1.5454790764779607,0.5605126642117835,2.11369304882605,1.9392769738120506,39.91399993896484,40.002999496459964,39.497999572753905
38.178462982177734,39.279998779296875,39.84000015258789,38.33000183105469,39.84000015258789,53983900,2024-09-10,1,10,9,3.844191365731587,-1.405625931591869,2.5532920241428365,2.1884253337579147,39.62999954223633,39.938999557495116,39.55349960327148
37.906314849853516,39.0,39.029998779296875,38.0099983215332,38.9900016784668,41190000,2024-09-11,2,11,9,2.61538578913762,0.0256432959804794,2.7455040048629145,2.318882369499148,39.32999954223633,39.871999740600586,39.58049964904785
37.69248580932617,38.779998779296875,39.33000183105469,38.529998779296875,39.04999923706055,39921600,2024-09-12,3,12,9,2.0629269647757256,-0.6914224405603239,2.694711062333772,2.289881296575596,39.05799942016601,39.75499954223633,39.578999519348145
37.56613540649414,38.650001525878906,39.09000015258789,38.439998626708984,38.880001068115234,31887300,2024-09-13,4,13,9,1.6817632605879311,-0.5915625923810647,2.3499492913421647,2.2564142543961463,39.03600006103515,39.60299987792969,39.55999965667725
38.003509521484375,39.099998474121094,39.209999084472656,38.790000915527344,38.810001373291016,26336400,2024-09-16,0,16,9,1.0741641568689433,0.7472225987336699,2.2556863074203615,2.1846896781232057,38.96199951171875,39.4379997253418,39.54799957275391
38.440887451171875,39.54999923706055,39.79999923706055,39.209999084472656,39.279998779296875,27769400,2024-09-17,1,17,9,1.4917829683167925,0.687373895505261,1.7852046279374025,2.1692483260401194,39.01599960327148,39.32299957275391,39.541999626159665
38.50892639160156,39.619998931884766,40.119998931884766,39.41999816894531,39.619998931884766,42527800,2024-09-18,2,18,9,1.7667864255698336,0.0,1.6154847552238452,2.18049438004338,39.13999938964844,39.23499946594238,39.58849964141846
39.723876953125,40.869998931884766,41.04999923706055,40.0099983215332,40.040000915527344,57977800,2024-09-19,3,19,9,2.5446560868784025,2.072922071376757,1.7118305796443807,2.2032708209890766,39.55799942016601,39.30799942016601,39.6944995880127
39.14070510864258,40.27000045776367,40.72999954223633,40.2400016784668,40.619998931884766,70725000,2024-09-20,4,20,9,1.2167813712429802,-0.8616407762787054,1.6188342017753903,1.9843917465587775,39.88199920654297,39.45899963378906,39.74599952697754
38.75191879272461,39.869998931884766,40.439998626708984,39.75,40.209999084472656,31714800,2024-09-23,0,23,9,1.7306211316629354,-0.8455612044994645,1.7501255967341887,2.002905952077275,40.0359992980957,39.498999404907224,39.750999450683594
38.34369659423828,39.45000076293945,39.97999954223633,39.25,39.849998474121094,32534900,2024-09-24,1,24,9,1.8504424033423905,-1.0037584102830075,1.8218574837393084,1.8035310558383553,40.01599960327148,39.51599960327148,39.7274995803833
38.1493034362793,39.25,39.40999984741211,38.939998626708984,39.25,28866000,2024-09-25,2,25,9,1.1974553393710192,0.0,1.7079912664995454,1.6617380108616953,39.94199981689453,39.54099960327149,39.70649967193604
38.41173553466797,39.52000045776367,39.720001220703125,39.11000061035156,39.38999938964844,39601400,2024-09-26,3,26,9,1.543523793739553,0.33003572005486814,1.5077648078717758,1.6097976937580782,39.672000122070315,39.614999771118164,39.68499965667725
38.295101165771484,39.400001525878906,39.900001525878906,39.349998474121094,39.650001525878906,27861100,2024-09-27,4,27,9,1.3959467778105459,-0.6305169996950166,1.5435978891852886,1.5812160454803394,39.49800033569336,39.68999977111817,39.64649982452393
38.5672492980957,39.68000030517578,39.790000915527344,39.02000045776367,39.22999954223633,35055200,2024-09-30,0,30,9,1.9405253322622444,1.1470832734906542,1.5855787293051506,1.6678521630196699,39.460000610351564,39.74799995422363,39.59299983978271
38.120147705078125,39.220001220703125,39.560001373291016,38.939998626708984,39.5099983215332,26291200,2024-10-01,1,1,10,1.580833062939196,-0.7339840879518029,1.5316568612245116,1.67675717248191,39.4140007019043,39.71500015258789,39.518999862670896
38.12986373901367,39.22999954223633,39.540000915527344,39.04999923706055,39.25,23302700,2024-10-02,2,2,10,1.2490483920073583,-0.05095658028960987,1.5419754717517795,1.6249833691256625,39.41000061035156,39.67600021362305,39.45549983978272
38.1493034362793,39.25,39.27000045776367,38.72999954223633,38.97999954223633,26030200,2024-10-03,3,3,10,1.3757985108976911,0.692664086542936,1.508430415183407,1.5080976115275915,39.35600051879883,39.51400032043457,39.410999870300294
38.985191345214844,40.11000061035156,40.25,39.619998931884766,39.93000030517578,34209900,2024-10-04,4,4,10,1.5706832673361866,0.4507896413726032,1.5433777130885353,1.543487801136912,39.49800033569336,39.49800033569336,39.47849998474121
38.83938980102539,39.959999084472656,40.439998626708984,39.709999084472656,40.209999084472656,27177500,2024-10-07,0,7,10,1.8268257231266696,-0.6217359007514603,1.5206377912614204,1.5531082602832853,39.55400009155274,39.50700035095215,39.50299987792969
38.81023406982422,39.93000030517578,40.150001525878906,39.810001373291016,40.04999923706055,26023600,2024-10-08,1,8,10,0.8514904833191783,-0.29962280691811793,1.3747692753374168,1.4532130682809643,39.69599990844726,39.55500030517578,39.53549995422363
39.06294250488281,40.189998626708984,40.38999938964844,39.720001220703125,39.869998931884766,27421000,2024-10-09,2,9,10,1.6670768644914888,0.8026077336267725,1.4583749698342428,1.5001752207930112,39.8879997253418,39.64900016784668,39.59499988555908
38.84911346435547,39.970001220703125,40.130001068115234,39.77000045776367,40.0099983215332,26182300,2024-10-10,3,10,10,0.9006770061470356,-0.09996776432892741,1.3633506688841117,1.4358905420337593,40.03199996948242,39.694000244140625,39.654500007629395
40.773590087890625,41.95000076293945,42.16999816894531,40.400001525878906,40.5,50660700,2024-10-11,4,11,10,4.219300621872938,3.5802487973813655,1.8930741397914619,1.7182259264399988,40.4,39.94900016784668,39.81949996948242
40.734710693359375,41.90999984741211,42.18000030517578,41.720001220703125,41.959999084472656,28098900,2024-10-14,0,14,10,1.0975878934560783,-0.1191592901608264,1.7472265738573438,1.633932182559382,40.79000015258789,40.172000122070315,39.96000003814697
40.95825958251953,42.13999938964844,43.36000061035156,42.04999923706055,43.22999954223633,61490000,2024-10-15,1,15,10,3.1086886385024806,-2.52139755755247,2.198666204894004,1.7867177401157104,41.23199996948242,40.46399993896485,40.08950004577637
41.59975051879883,42.79999923706055,43.099998474121094,42.150001525878906,42.209999084472656,42437800,2024-10-16,2,16,10,2.219619077515274,1.3977734313785561,2.309174647498761,1.8837748086665023,41.75400009155273,40.82099990844726,40.24850006103516
41.40536117553711,42.599998474121094,43.0,42.470001220703125,42.83000183105469,31708600,2024-10-17,3,17,10,1.2441286344619047,-0.5370145858056573,2.377864973161735,1.8706078210229236,42.279999542236325,41.155999755859376,40.33500003814697
41.13321304321289,42.31999969482422,42.650001525878906,42.11000061035156,42.43000030517578,30593500,2024-10-18,4,18,10,1.275994611109098,-0.2592519669111201,1.789203771008967,1.8411389554002149,42.353999328613284,41.37699966430664,40.4375
40.58891296386719,41.7599983215332,42.40999984741211,41.7400016784668,42.25,26589500,2024-10-21,0,21,10,1.604401810044694,-1.1597672863119453,1.8905665543266903,1.818896564092017,42.3239990234375,41.556999588012694,40.53199996948242
41.11376953125,42.29999923706055,42.40999984741211,41.56999969482422,41.650001525878906,37104400,2024-10-22,1,22,10,1.9858159993817122,1.5606186971632392,1.6659920265025367,1.9323291156982705,42.35599899291992,41.79399948120117,40.674499893188475
41.15264892578125,42.34000015258789,42.470001220703125,42.02000045776367,42.20000076293945,28569400,2024-10-23,2,23,10,1.0628265501126797,0.3317521021738622,1.4346335210220178,1.8719040842603896,42.26399917602539,42.00899963378906,40.82899990081787
41.45396041870117,42.650001525878906,42.65999984741211,41.970001220703125,42.31999969482422,28392000,2024-10-24,3,24,10,1.6178161829380269,0.7797774892116719,1.5093710307172423,1.9436180019394882,42.273999786376955,42.27699966430664,40.985499954223634
40.715267181396484,41.88999938964844,42.97999954223633,41.790000915527344,42.91999816894531,27466900,2024-10-25,4,25,10,2.8407702173494145,-2.3998108649550893,1.8223261519653053,1.8057649614871363,42.1879997253418,42.27099952697754,41.10999984741211
41.42479705810547,42.619998931884766,42.75,42.0099983215332,42.06999969482422,24527600,2024-10-28,0,28,10,1.7362780314693738,1.3073430973383442,1.8487013962502417,1.8696339752884659,42.35999984741211,42.3419994354248,41.256999778747556
41.337318420410156,42.529998779296875,42.810001373291016,42.470001220703125,42.59000015258789,22313500,2024-10-29,1,29,10,0.79943607417501,-0.14088136434855064,1.611425411208901,1.6387087188557188,42.405999755859376,42.380999374389646,41.422499656677246
41.12349319458008,42.310001373291016,42.900001525878906,41.63999938964844,41.709999084472656,38100500,2024-10-30,2,30,10,2.978024333097443,1.4385094749180218,1.9944649678058535,1.7145492444139356,42.4,42.33199958801269,41.57649974822998
40.64723587036133,41.81999969482422,42.54999923706055,41.79999923706055,42.290000915527344,28138200,2024-10-31,3,31,10,1.7934003000311414,-1.1113767096906297,2.0295817912244765,1.7694764109708594,42.23399963378906,42.25399971008301,41.70499973297119
40.58891296386719,41.7599983215332,42.43000030517578,41.75,42.150001525878906,31220000,2024-11-01,4,1,11,1.6283532866550539,-0.9252744726622422,1.7870984050856045,1.8047122785254548,42.20799942016602,42.19799957275391,41.787499618530276
40.17097854614258,41.33000183105469,42.02000045776367,41.11000061035156,41.61000061035156,31110100,2024-11-04,0,4,11,2.201790000232592,-0.6729122210760509,1.8802007988382479,1.8644510975442443,41.95,42.15499992370606,41.85599975585937
40.70554733276367,41.880001068115234,42.0099983215332,41.380001068115234,41.5099983215332,30851400,2024-11-05,1,5,11,1.5042913976848213,0.8913581342885607,2.0211718635402103,1.8162986373745558,41.82000045776367,42.113000106811526,41.95349979400635
44.136558532714844,45.40999984741211,45.54999923706055,44.0,44.79999923706055,110086700,2024-11-06,2,6,11,3.4133434095329123,1.3616085284370785,2.1082356788273042,2.051350323316579,42.44000015258789,42.420000076293945,42.2144998550415
43.51450729370117,44.77000045776367,45.22999954223633,44.5099983215332,45.040000915527344,48339700,2024-11-07,3,7,11,1.6082225002038566,-0.5994681444835193,2.071200118861847,2.050390955043162,43.03000030517578,42.63199996948242,42.45449981689453
43.864410400390625,45.130001068115234,45.5,44.95000076293945,45.13999938964844,38331800,2024-11-08,4,8,11,1.2186998095356272,-0.022149582783326207,1.9892694234379618,1.888183914261783,43.704000854492186,42.9560001373291,42.61349983215332
44.78776931762695,46.08000183105469,46.52000045776367,45.58000183105469,45.599998474121094,43293500,2024-11-11,0,11,11,2.039927494263881,1.0526389758675214,1.9568969222442198,1.9185488605412337,44.65400085449219,43.30200042724609,42.82199993133545
44.57394027709961,45.86000061035156,46.45000076293945,45.84000015258789,46.13999938964844,38155900,2024-11-12,1,12,11,1.3301365072678883,-0.6068460836600987,1.9220659441608334,1.9716189038505216,45.45000076293945,43.63500061035156,43.00799999237061
44.583656311035156,45.869998931884766,46.47999954223633,45.83000183105469,46.20000076293945,36903900,2024-11-13,2,13,11,1.4170432228412801,-0.7142896658118828,1.5228059068225066,1.8155207928249055,45.54200057983398,43.99100036621094,43.161499977111816
44.612815856933594,45.900001525878906,46.15999984741211,45.72999954223633,45.95000076293945,35733100,2024-11-14,3,14,11,0.9368198058410576,-0.10881226600734531,1.388525367949947,1.729862743405897,45.768000793457034,44.399000549316405,43.32650012969971
45.43898010253906,46.75,46.84000015258789,45.619998931884766,45.619998931884766,40488900,2024-11-15,4,15,11,2.609628279578877,2.4769861783697964,1.666711061958597,1.8279902426982795,46.092000579833986,44.898000717163086,43.54800014495849
45.409820556640625,46.720001220703125,47.02000045776367,46.4900016784668,46.75,32360300,2024-11-18,0,18,11,1.1344151657727604,-0.06416851186497326,1.4856085962603727,1.7212527592522964,46.220000457763675,45.43700065612793,43.79600028991699
45.10851287841797,46.40999984741211,46.619998931884766,45.95000076293945,45.9900016784668,28534100,2024-11-19,1,19,11,1.4436504441890718,0.913237994383379,1.5083113836446094,1.7151886639027214,46.33000030517578,45.89000053405762,44.00150032043457
44.76832962036133,46.060001373291016,46.63999938964844,45.91999816894531,46.56999969482422,28021000,2024-11-20,2,20,11,1.5631810665134602,-1.0951220203462535,1.5375389523790453,1.5301724296007762,46.36800079345703,45.955000686645505,44.187500381469725
45.15711975097656,46.459999084472656,47.04999923706055,46.29999923706055,46.38999938964844,45336500,2024-11-21,3,21,11,1.6142918957797756,0.15089393348825658,1.6730333703667888,1.530779369158368,46.48000030517578,46.124000549316406,44.378000259399414
45.68197250366211,47.0,47.220001220703125,46.279998779296875,46.369998931884766,37996200,2024-11-22,4,22,11,2.000005194481383,1.3586393845742262,1.5511087533472903,1.6089099076529436,46.53000030517578,46.311000442504884,44.633500289916995
46.16794967651367,47.5,47.7400016784668,47.15999984741211,47.2599983215332,42718600,2024-11-25,0,25,11,1.221056486430921,0.5078326004879359,1.5684370174789224,1.5270228068696474,46.68600006103516,46.45300025939942,44.87750034332275
46.41093444824219,47.75,47.84000015258789,47.209999084472656,47.5099983215332,30301500,2024-11-26,1,26,11,1.3193739646392344,0.5051603598100312,1.543581721568955,1.5259465526067821,46.954000091552736,46.64200019836426,45.13850040435791
46.430381774902344,47.77000045776367,47.97999954223633,47.650001525878906,47.81999969482422,23278400,2024-11-27,2,27,11,0.6908059727761421,-0.10455716725142207,1.3691067028214912,1.4533228276002683,47.295999908447264,46.83200035095215,45.41150035858154
46.17766571044922,47.5099983215332,48.08000183105469,47.5,47.79999923706055,23262000,2024-11-29,4,29,11,1.2207995191441845,-0.6066964856821561,1.290408227494373,1.481720798930581,47.50599975585938,46.99300003051758,45.696000289916995
45.72085189819336,47.040000915527344,47.81999969482422,46.849998474121094,47.7400016784668,35891500,2024-12-02,0,2,12,2.062077384830448,-1.4662772063855825,1.302822665564186,1.4269657094557382,47.513999938964844,47.02200012207031,45.9600004196167
45.50701904296875,46.81999969482422,47.47999954223633,46.650001525878906,47.369998931884766,38123800,2024-12-03,1,3,12,1.7727424642618592,-1.1610708242814465,1.4131598611303737,1.490798439304648,47.37799987792969,47.03199996948242,46.234500312805174
45.069637298583984,46.369998931884766,46.779998779296875,46.130001068115234,46.689998626708984,24941300,2024-12-04,2,4,12,1.4017634810310329,-0.685370966451824,1.4296377644087335,1.486609742988844,47.10199966430664,47.02799987792969,46.459000205993654
45.68197250366211,47.0,47.2400016784668,46.5,46.560001373291016,31572100,2024-12-05,3,5,12,1.5744716563123338,0.9450142047491178,1.6063709011159717,1.4877388019687314,46.94799957275391,47.121999740600586,46.538500213623045
45.691741943359375,46.75,47.060001373291016,46.400001525878906,47.060001373291016,28931700,2024-12-06,4,6,12,1.4117643794911432,-0.6587364306091105,1.6445638731853633,1.4674860503398681,46.795999908447264,47.15099983215332,46.63750019073486
44.870758056640625,45.90999984741211,46.75,45.900001525878906,46.560001373291016,34660900,2024-12-09,0,9,12,1.8514451686912978,-1.3960513460203148,1.6024374299575335,1.4526300477608596,46.56999969482422,47.04199981689453,46.676500129699704
44.714378356933594,45.75,46.290000915527344,45.59000015258789,45.90999984741211,35665800,2024-12-10,1,10,12,1.5300563124359632,-0.34850761913284645,1.5539001995923543,1.4835300303613639,46.35599975585937,46.866999816894534,46.660000038146975
45.03691101074219,46.08000183105469,46.15999984741211,45.470001220703125,46.0,36790500,2024-12-11,2,11,12,1.4973927936000508,0.17391702403192935,1.5730260621061576,1.5013319132574456,46.29800033569336,46.7,46.67100009918213
45.03691101074219,46.08000183105469,46.470001220703125,45.91999816894531,46.13999938964844,24017300,2024-12-12,3,12,12,1.1935829641984717,-0.130033722122698,1.4968483236833854,1.5516096123996785,46.114000701904295,46.5310001373291,46.68150024414062
44.63618469238281,45.66999816894531,46.099998474121094,45.380001068115234,46.09000015258789,32902300,2024-12-13,4,13,12,1.57652164412707,-0.9112648779607253,1.5297997766105706,1.5871818248979672,45.89800033569336,46.34700012207031,46.670000076293945
44.44071960449219,45.470001220703125,45.68000030517578,45.15999984741211,45.59000015258789,27330400,2024-12-16,0,16,12,1.143612148237437,-0.2632132737072473,1.3882331725197985,1.4953353012386659,45.810000610351565,46.19000015258789,46.606000137329104
44.03022766113281,45.04999923706055,45.189998626708984,44.619998931884766,45.189998626708984,33054600,2024-12-17,1,17,12,1.2652601653216153,-0.3098017125534777,1.335273943096929,1.4445870713446416,45.67000045776367,46.013000106811525,46.52250003814697
42.515316009521484,43.5,45.43000030517578,43.349998474121094,45.13999938964844,41771900,2024-12-18,2,18,12,4.781613404723419,-3.6331400350539758,1.9921180653216026,1.78257206371388,45.15400009155273,45.726000213623045,46.37700004577637
42.39802932739258,43.380001068115234,44.47999954223633,43.310001373291016,43.970001220703125,38583600,2024-12-19,3,19,12,2.697091148310906,-1.3418242806645433,2.2928197021440893,1.8948340129137375,44.613999938964845,45.36400032043457,46.24300003051758
43.17014694213867,44.16999816894531,44.400001525878906,43.099998474121094,43.20000076293945,74222200,2024-12-20,4,20,12,2.9431811311955367,2.245364326099743,2.566151599557783,2.0479756880841764,44.31399993896484,45.106000137329104,46.12849998474121
42.896484375,43.88999938964844,44.11000061035156,42.779998779296875,43.900001525878906,35374800,2024-12-23,0,23,12,3.0303072443613925,-0.02278390861688814,2.943490618782574,2.165861895651186,43.997999572753905,44.90400009155273,45.97299995422363
43.375389099121094,44.380001068115234,44.41999816894531,43.93000030517578,43.93000030517578,12054400,2024-12-24,1,24,12,1.10409610630129,1.0243586610820818,2.911257806978509,2.123265875037719,43.863999938964845,44.76700019836426,45.817000007629396
43.54154586791992,44.54999923706055,44.58000183105469,44.11000061035156,44.209999084472656,16077400,2024-12-26,3,26,12,1.0549971464693928,0.7690571355548949,2.1659345553277034,2.079026310324653,44.07399978637695,44.613999938964845,45.65699996948242
43.33629608154297,44.34000015258789,44.779998779296875,44.060001373291016,44.2400016784668,17972500,2024-12-27,4,27,12,1.6238101117007706,0.22603632533261547,1.9512783480056766,2.122049025074883,44.26599960327148,44.43999977111817,45.485499954223634
42.91603088378906,43.90999984741211,44.13999938964844,43.54999923706055,43.88999938964844,16109800,2024-12-30,0,30,12,1.3436578333822586,0.0455695102342358,1.631373688443021,2.098762644000402,44.21399993896485,44.263999938964844,45.30550003051758
42.95512390136719,43.95000076293945,44.22999954223633,43.709999084472656,44.040000915527344,16110400,2024-12-31,1,31,12,1.1831637058858913,-0.20436001525185923,1.2619449807479206,2.102717799765247,44.226000213623045,44.111999893188475,45.151000022888184
43.28742980957031,44.290000915527344,44.59000015258789,43.79999923706055,44.13999938964844,25610600,2025-01-02,3,2,1,1.7837003820209505,0.3398312821773262,1.3978658358918528,2.1545618214351805,44.20800018310547,44.03600006103515,45.02450008392334
43.79566192626953,44.810001373291016,44.849998474121094,44.150001525878906,44.75,23455700,2025-01-03,4,3,1,1.5621444471979429,0.13408128109724163,1.4992952960375627,1.8326149256826334,44.26000061035156,44.167000198364256,44.94650020599365
44.3723030090332,45.400001525878906,46.150001525878906,45.099998474121094,45.15999984741211,30518500,2025-01-06,0,6,1,2.3127819745981504,0.5314474740427843,1.637089668617039,1.7941840083113576,44.47200088500976,44.36900024414062,44.866500282287596
45.03691101074219,46.08000183105469,46.650001525878906,45.650001525878906,46.279998779296875,41111200,2025-01-07,1,7,1,2.1701388026553206,-0.43214553482584606,1.8023858624716511,1.7168797754573362,44.906001281738284,44.560000610351565,44.833000373840335
45.16396713256836,46.209999084472656,46.2599983215332,45.689998626708984,45.900001525878906,40246000,2025-01-08,2,8,1,1.2334986066159614,0.6753759221968001,1.8124528426176654,1.5371989116827929,45.358000946044925,44.79200057983398,44.84800033569336
44.0888671875,45.11000061035156,46.04999923706055,44.7400016784668,46.0,40741300,2025-01-10,4,10,1,2.9040069626892,-1.9347812818444294,2.036514158751315,1.717189997321584,45.52200088500977,44.865000534057614,44.816000366210936
44.03999710083008,45.060001373291016,45.34000015258789,44.689998626708984,45.099998474121094,34353600,2025-01-13,0,13,1,1.4425244253636216,-0.08868537069469953,2.012590154384451,1.7559427252110065,45.572000885009764,44.91600074768066,44.765000343322754
44.74370193481445,45.779998779296875,45.91999816894531,45.22999954223633,45.599998474121094,36379000,2025-01-14,1,14,1,1.5072054283693495,0.39473752455920585,1.8514748451386907,1.7442822568778644,45.64800033569336,45.060000610351565,44.750000190734866
46.03382110595703,47.099998474121094,47.459999084472656,46.84000015258789,47.119998931884766,57154800,2025-01-15,2,15,1,1.3163459702136118,-0.042445794178781554,1.680716278650349,1.741551070561,45.85199966430664,45.37900047302246,44.82150020599365
45.58423614501953,46.63999938964844,47.5099983215332,45.81999969482422,47.0,56339300,2025-01-16,3,16,1,3.623496245336729,-0.7659587454288564,2.1587158063945022,1.985584324506084,45.9379997253418,45.64800033569336,44.88000011444092
45.47672653198242,46.529998779296875,46.880001068115234,46.08000183105469,46.61000061035156,44486100,2025-01-17,4,17,1,1.7193192736908038,-0.17164091398213793,1.921778268594823,1.979146213673069,46.22199935913086,45.87200012207031,44.954000091552736
45.603782653808594,46.65999984741211,47.150001525878906,46.540000915527344,46.619998931884766,52089100,2025-01-21,1,21,1,1.307330930875249,0.08580205157402088,1.8947395696971487,1.9536648620408,46.54199905395508,46.05699996948242,45.11200008392334
44.753475189208984,45.790000915527344,46.72999954223633,45.7599983215332,46.599998474121094,40296200,2025-01-22,2,22,1,2.1183690790759484,-1.738192242739182,2.0169722998384687,1.9342235724885797,46.54399948120117,46.09599990844727,45.232500076293945
45.33989334106445,46.38999938964844,46.88999938964844,46.04999923706055,46.04999923706055,35324100,2025-01-23,3,23,1,1.8107354249617216,0.7383282480366735,2.1158501907880902,1.8982832347192198,46.40199966430664,46.12699966430664,45.3435001373291
45.466949462890625,46.52000045776367,46.86000061035156,46.150001525878906,46.22999954223633,24655100,2025-01-24,4,24,1,1.5262232964018927,0.6273002777393393,1.696395601001123,1.9275557036978128,46.37799987792969,46.15799980163574,45.47500019073486
46.024044036865234,47.09000015258789,47.13999938964844,46.380001068115234,46.54999923706055,44260000,2025-01-27,0,27,1,1.6139272012540788,1.1600449503282155,1.6753171865137784,1.7985477275543005,46.49000015258789,46.35599975585937,45.61050014495849
45.77970886230469,46.84000015258789,47.439998626708984,46.709999084472656,47.08000183105469,27156600,2025-01-28,1,28,1,1.558496028732391,-0.5097741485398332,1.7255502060852066,1.810144887891178,46.52600021362305,46.533999633789065,45.72500019073486
45.691741943359375,46.75,47.38999938964844,46.63999938964844,46.75,23681500,2025-01-29,2,29,1,1.6042780748663104,0.0,1.6227320052432788,1.8198521525408737,46.71800003051758,46.63099975585938,45.84550018310547
45.66242218017578,46.720001220703125,47.16999816894531,46.400001525878906,47.11000061035156,31199900,2025-01-30,3,30,1,1.6481092100768098,-0.8278484071230139,1.5902067622662965,1.8530284765271934,46.784000396728516,46.59300003051758,45.98600025177002
45.251930236816406,46.29999923706055,46.83000183105469,46.15999984741211,46.70000076293945,30388900,2025-01-31,4,31,1,1.4470885414319385,-0.8565343026639574,1.5743798112723058,1.6353877061367144,46.74000015258789,46.55900001525879,46.10350017547607
45.16396713256836,46.209999084472656,46.47999954223633,45.11000061035156,45.41999816894531,36497700,2025-02-03,0,3,2,2.9647239970301333,1.739323970443234,1.8445391704275167,1.7599281784706473,46.56399993896484,46.52700004577637,46.19950008392334
45.65264892578125,46.709999084472656,47.130001068115234,46.27000045776367,46.349998474121094,32894000,2025-02-04,1,4,2,1.841148848657212,0.7767003715276584,1.9010697344124807,1.8133099702488438,46.5379997253418,46.53199996948242,46.29449996948242
46.04359436035156,47.11000061035156,47.130001068115234,46.63999938964844,46.97999954223633,27696600,2025-02-05,2,5,2,1.0401224201197057,0.276715771353637,1.7882386034631597,1.7054853043532194,46.60999984741211,46.66399993896484,46.37999992370605
46.659332275390625,47.7400016784668,47.97999954223633,47.16999816894531,47.439998626708984,39793400,2025-02-06,3,6,2,1.6966932233191938,0.6323841914888022,1.7979554061116367,1.6940810841889669,46.81399993896484,46.79900016784668,46.46299991607666
46.327030181884766,47.400001525878906,47.970001220703125,47.380001068115234,47.84000015258789,26504700,2025-02-07,4,7,2,1.2447260202423605,-0.919729567946464,1.7574829018737212,1.6659313565730134,47.034000396728516,46.887000274658206,46.52250003814697
45.613548278808594,46.66999816894531,47.560001373291016,46.400001525878906,47.47999954223633,26725200,2025-02-10,0,10,2,2.4855365179422377,-1.705984374684904,1.661645406056142,1.7530922882418296,47.126000213623044,46.84500007629394,46.60049991607666
45.730838775634766,46.790000915527344,46.93000030517578,46.279998779296875,46.54999923706055,20314900,2025-02-11,1,11,2,1.3891889573851282,0.5155782650920449,1.5712534278017252,1.736161581107103,47.14200057983398,46.84000015258789,46.68699989318848
45.16396713256836,46.209999084472656,46.58000183105469,45.939998626708984,46.56999969482422,29777100,2025-02-12,2,12,2,1.3849885674651639,-0.7730311632180941,1.6402266572708168,1.7142326303669884,46.9620002746582,46.78600006103515,46.708499908447266
45.281253814697266,46.33000183105469,46.56999969482422,45.970001220703125,46.52000045776367,26815400,2025-02-13,3,13,2,1.2950538536756948,-0.4084235271697546,1.559898783342117,1.6789270947268768,46.68000030517578,46.74700012207031,46.670000076293945
45.89699172973633,46.959999084472656,47.09000015258789,46.47999954223633,46.47999954223633,25960500,2025-02-14,4,14,2,1.2989791785435947,1.0327012628305925,1.5707494150023638,1.6641161584380426,46.59199981689453,46.81300010681152,46.68600006103516
45.47672653198242,46.529998779296875,46.650001525878906,46.15999984741211,46.560001373291016,37824100,2025-02-18,1,18,2,1.0530876667136706,-0.06443855908335842,1.2842596447566503,1.4729525254063962,46.56399993896484,46.84500007629394,46.68600006103516
44.9684944152832,46.0099983215332,46.060001373291016,45.41999816894531,45.880001068115234,38967800,2025-02-19,2,19,2,1.391008971296081,0.28334187094932667,1.2846236475388408,1.4279385376702831,46.407999420166014,46.775,46.65349998474121
44.274566650390625,45.29999923706055,46.189998626708984,45.040000915527344,45.900001525878906,40001100,2025-02-20,3,20,2,2.538626336754575,-1.3071944855602493,1.5153512013967232,1.5777889293337701,46.225999450683595,46.5939998626709,46.628999900817874
43.79566192626953,44.810001373291016,45.5099983215332,44.540000915527344,45.25,43485900,2025-02-21,4,21,2,2.164689525280903,-0.9723726557104626,1.689278335717765,1.624588559529941,45.92199935913086,46.30099983215332,46.55
43.45357894897461,44.459999084472656,45.38999938964844,44.439998626708984,45.029998779296875,35512200,2025-02-24,0,24,2,2.1367538967656756,-1.2658221414082815,1.856833279362181,1.7137913471822723,45.42199935913086,46.0069995880127,46.44699993133545
42.945350646972656,43.939998626708984,44.84000015258789,43.349998474121094,44.529998779296875,38119000,2025-02-25,1,25,2,3.390991636401867,-1.3249498512499323,2.32441407329982,1.8043368590282352,44.90399932861328,45.73399963378906,46.289499855041505
42.945350646972656,43.939998626708984,44.54999923706055,43.86000061035156,44.040000915527344,32251700,2025-02-26,2,26,2,1.5703200916569164,-0.22707149577533545,2.3602762973719873,1.8224499724554142,44.48999938964844,45.44899940490723,46.14449977874756
43.121273040771484,44.119998931884766,44.779998779296875,43.939998626708984,44.09000015258789,28477700,2025-02-27,3,27,2,1.9038988506884051,0.06803987115684826,2.2333308001587535,1.8743410007777386,44.25399932861328,45.23999938964844,46.0129997253418
45.056453704833984,46.099998474121094,46.20000076293945,44.20000076293945,44.31999969482422,62621100,2025-02-28,4,28,2,4.3383949375241935,4.01624276072535,2.6680718826074115,2.178675109162588,44.5119987487793,45.21699905395508,45.9819995880127
44.52867889404297,45.560001373291016,46.959999084472656,45.220001220703125,46.209999084472656,46946000,2025-03-03,0,3,3,3.8191347921898515,-1.4066170180904654,3.0045480616922466,2.430690670527214,44.731999206542966,45.076999282836915,45.94499969482422
41.704097747802734,42.66999816894531,44.84000015258789,42.029998779296875,44.72999954223633,78278100,2025-03-04,1,4,3,6.585426514820194,-4.605413356523418,3.6434350373759123,2.983924555337866,44.47799911499023,44.69099922180176,45.76799964904785
41.332706451416016,42.290000915527344,42.72999954223633,41.709999084472656,42.650001525878906,52588900,2025-03-05,2,5,3,2.411918741267194,-0.8440811195120909,3.8117547672979675,3.086015532334977,44.1479995727539,44.318999481201175,45.54699974060058
40.521488189697266,41.459999084472656,41.88999938964844,40.959999084472656,41.59000015258789,58103500,2025-03-06,3,6,3,2.243126690092184,-0.3125777053096385,3.8796003351787234,3.056465567668738,43.61599960327148,43.93499946594238,45.26449966430664
40.718196868896484,41.400001525878906,41.72999954223633,40.61000061035156,41.310001373291016,50651400,2025-03-07,4,7,3,2.7053113299637457,0.21786528587742973,3.5529836136666333,3.110527748137023,42.67600021362305,43.59399948120117,44.947499656677245
39.17405319213867,39.83000183105469,40.619998931884766,39.18000030517578,40.400001525878906,77498400,2025-03-10,0,10,3,3.6153616884502506,-1.4108902804350039,3.512228992918714,3.25838852730548,41.53000030517578,43.13099975585938,44.568999671936034
38.95767593383789,39.61000061035156,40.65999984741211,39.27000045776367,39.70000076293945,50608400,2025-03-11,1,11,3,3.509213249759908,-0.22670063188489184,2.896986339906656,3.270210688641284,40.91800079345703,42.69799995422363,44.21599979400635
39.25273895263672,39.90999984741211,40.5,39.20000076293945,40.310001373291016,42290700,2025-03-12,2,12,3,3.2573270910319057,-0.9923133521497299,3.0660680098595985,3.438911388578783,40.44200057983399,42.295000076293945,43.871999740600586
39.016685485839844,39.66999816894531,40.189998626708984,39.33000183105469,39.970001220703125,37766100,2025-03-13,3,13,3,2.1678770742357236,-0.7505705343897286,3.0510180866883063,3.4653092109335146,40.08400039672851,41.85,43.54499969482422
40.21659469604492,40.88999938964844,41.02000045776367,40.16999816894531,40.2599983215332,35979900,2025-03-14,4,14,3,2.078753488642856,1.5648313322911296,2.9257065184241284,3.239345066045381,39.98199996948242,41.329000091552736,43.2729995727539
40.757537841796875,41.439998626708984,41.77000045776367,40.59000015258789,40.91999816894531,37242800,2025-03-17,0,17,3,2.8474911782821475,1.2707734140572533,2.772132416390508,3.142180704654611,40.30399932861328,40.91699981689453,42.99699954986572
40.964080810546875,41.650001525878906,41.83000183105469,41.290000915527344,41.720001220703125,37644500,2025-03-18,1,18,3,1.2965207580888523,-0.1677844985044778,2.3295939180562972,2.6132901289814767,40.71199951171875,40.81500015258789,42.75299968719482
41.514854431152344,42.209999084472656,42.70000076293945,41.29999923706055,41.720001220703125,42471100,2025-03-19,2,19,3,3.3167532723162507,1.1744914895313445,2.341479154313166,2.703773582086382,41.17199935913086,40.80699996948242,42.5629997253418
41.78041076660156,42.47999954223633,42.720001220703125,41.650001525878906,41.7599983215332,41018100,2025-03-20,3,20,3,2.5188317004578984,1.72414092347284,2.411670079557601,2.731344083122954,41.73399963378906,40.90900001525879,42.42199974060058
41.77057647705078,42.470001220703125,42.65999984741211,41.88999938964844,42.15999984741211,65011000,2025-03-21,4,21,3,1.8130455277413904,0.7352973776399202,2.3585284873773076,2.6421175029007182,42.05,41.015999984741214,42.30499973297119
42.360694885253906,43.06999969482422,43.150001525878906,42.75,42.93000030517578,30646100,2025-03-24,0,24,3,0.9287242366221214,0.3261108517428981,1.9747750990453028,2.3734537577179053,42.376000213623044,41.339999771118165,42.23549976348877
42.56723403930664,43.279998779296875,43.529998779296875,43.040000915527344,43.349998474121094,25445300,2025-03-25,1,25,3,1.1321577578322928,-0.16147565695073066,1.9419024989939906,2.1357482085251442,42.70199966430664,41.70699958801269,42.20249977111816
42.11481475830078,42.81999969482422,43.720001220703125,42.72999954223633,43.459999084472656,30012100,2025-03-26,2,26,3,2.31200767286895,-1.4726171263935801,1.7409533791045306,2.0412162667088483,42.82399978637695,41.997999572753905,42.14649982452393
41.859092712402344,42.560001373291016,43.09000015258789,42.52000045776367,42.81999969482422,25619200,2025-03-27,3,27,3,1.3392849540224125,-0.6071889850214779,1.5050440298174335,1.9583570546875173,42.84000015258789,42.28699989318848,42.06849994659424
40.5706672668457,41.25,42.619998931884766,40.9900016784668,42.439998626708984,34253000,2025-03-28,4,28,3,3.9515084931344693,-2.8039553845792926,1.9327366228960492,2.1456325551366784,42.59599990844727,42.32299995422363,41.82600002288818
41.04276657104492,41.72999954223633,41.900001525878906,40.599998474121094,40.779998779296875,36390000,2025-03-31,0,31,3,3.11527214478408,2.329575260854956,2.3700462045284407,2.1724106517868718,42.327999877929685,42.352000045776364,41.63449993133545
40.80671691894531,41.4900016784668,41.70000076293945,40.970001220703125,41.31999969482422,25578500,2025-04-01,1,1,4,1.7594589363808004,0.4114278434127693,2.4955064402381426,2.2187044696160667,41.970000457763675,42.33600006103516,41.575500106811525
41.16078567504883,41.849998474121094,41.970001220703125,40.81999969482422,40.880001068115234,28216100,2025-04-02,2,2,4,2.7479129457795226,2.3727920270589684,2.5826874948202567,2.161820436962394,41.77600021362305,42.3,41.55349998474121
36.60703659057617,37.220001220703125,38.84000015258789,37.02000045776367,38.630001068115234,115497900,2025-04-03,3,3,4,4.889843189504971,-3.6500124473874465,3.292799141916768,2.398921585867101,40.70800018310547,41.77400016784668,41.34150009155273
33.82364273071289,34.38999938964844,35.790000915527344,33.66999816894531,35.290000915527344,107761200,2025-04-04,4,4,4,6.164590823517615,-2.5503017923779994,3.735415607993398,2.8340761154447236,39.33600006103516,40.96599998474121,40.99099998474121
34.99404525756836,35.58000183105469,36.630001068115234,33.540000915527344,34.970001220703125,137329100,2025-04-07,0,7,4,8.684654282088593,1.7443539864403173,4.8492920354543,3.609669119991371,38.10600051879883,40.21700019836426,40.77849998474121
34.453102111816406,35.029998779296875,37.33000183105469,34.33000183105469,36.86000061035156,79116300,2025-04-08,1,8,4,8.564088223071916,-4.964736301552746,6.210217892792524,4.352862166515333,36.81399993896484,39.39200019836426,40.549499893188475
36.53818893432617,37.150001525878906,37.849998474121094,33.06999969482422,34.04999923706055,161173500,2025-04-09,2,9,4,12.866752578642831,9.10426536939322,8.233985819365184,5.408336657092721,35.874000549316406,38.82500038146973,40.411499977111816
35.25959777832031,35.849998474121094,36.400001525878906,34.630001068115234,36.31999969482422,90451800,2025-04-10,3,10,4,4.937239980753069,-1.2940562352760772,8.243465177614805,5.768132159765787,35.6,38.15400009155273,40.220499992370605
35.35795211791992,35.95000076293945,36.22999954223633,34.810001373291016,35.20000076293945,63671900,2025-04-11,4,11,4,3.9499252818074386,2.1306817720005347,7.800532069272769,5.767973838633084,35.912000274658205,37.62400016784668,39.97350006103515
36.06608963012695,36.66999816894531,36.9900016784668,36.27000045776367,36.4900016784668,46830600,2025-04-14,0,14,4,1.9634612943964413,0.49327619128264877,6.456293471734339,5.652792753594319,36.12999954223633,37.11800003051758,39.73500003814697
37.364356994628906,37.9900016784668,38.75,37.79999923706055,37.79999923706055,84677800,2025-04-15,1,15,4,2.5006599656928294,0.5026519715375137,5.2436078202585215,5.726912856525523,36.72200012207031,36.76800003051758,39.55200004577637
36.71522903442383,37.33000183105469,38.15999984741211,36.970001220703125,37.86000061035156,52872700,2025-04-16,2,16,4,3.187780788478368,-1.3998911007728942,3.3078134622256288,5.770899640795408,36.758000183105466,36.316000366210936,39.30800018310547
36.793907165527344,37.40999984741211,37.869998931884766,37.2400016784668,37.5099983215332,47144400,2025-04-17,3,17,4,1.6840343651098673,-0.2665915185170458,2.657172339096989,5.4503187583558965,37.07000045776367,36.33500022888184,39.05450019836426
36.31197738647461,36.91999816894531,37.279998779296875,36.4900016784668,37.06999969482422,34928300,2025-04-21,0,21,4,2.139753900352498,-0.40464399005606067,2.2951380628060005,5.047835066039385,37.263999938964844,36.58800010681152,38.77700004577637
37.68891906738281,38.31999969482422,38.4900016784668,37.400001525878906,37.56999969482422,42288900,2025-04-22,1,22,4,2.8444680617654443,1.996273638786648,2.4713394162798012,4.463816444007071,37.594000244140624,36.861999893188475,38.539500045776364
38.111839294433594,38.75,40.130001068115234,38.66999816894531,39.40999984741211,54428400,2025-04-23,2,23,4,3.767749417212701,-1.6747014716252246,2.7247573065837756,3.984182563421149,37.74599990844727,37.234000015258786,38.31300010681152
38.92816925048828,39.58000183105469,39.70000076293945,38.599998474121094,38.65999984741211,42457100,2025-04-24,3,24,4,2.7791870589437204,2.3797257818772675,2.643038560676846,2.975426011451238,38.19599990844726,37.477000045776364,38.15100021362305
39.036354064941406,39.689998626708984,39.790000915527344,39.31999969482422,39.540000915527344,32694200,2025-04-25,4,25,4,1.1841804912203813,0.37935687331442774,2.543067785898949,2.600120062497969,38.65199966430664,37.861000061035156,38.007500076293944
39.124874114990234,39.779998779296875,40.08000183105469,39.459999084472656,39.79999923706055,37428000,2025-04-28,0,28,4,1.5585790990639896,-0.05025240740469175,2.426832825641247,2.360985444223624,39.22399978637695,38.2439998626709,37.93400001525879
39.3314208984375,39.9900016784668,40.13999938964844,39.47999954223633,39.630001068115234,33792500,2025-04-29,1,29,4,1.6504121523143023,0.9084042408497562,2.1880216437510187,2.32968053001541,39.55800018310547,38.57600021362305,37.84700012207031
39.22323226928711,39.880001068115234,40.0,38.81999969482422,39.36000061035156,40994600,2025-04-30,2,30,4,2.9588773158765345,1.3211393539127976,2.026247223483785,2.3755022650337807,39.784000396728516,38.76500015258789,37.766500091552736
39.508453369140625,40.16999816894531,40.439998626708984,39.58000183105469,39.81999969482422,33569100,2025-05-01,3,1,5,2.140893290652785,0.8789514736399818,1.8985884698255984,2.2708135152512225,39.90199966430664,39.04899978637695,37.68250007629395
40.39363098144531,41.06999969482422,41.22999954223633,40.70000076293945,40.90999984741211,41613000,2025-05-02,4,2,5,1.2904767061969742,0.39110204842063984,1.919847712820917,2.231457749359933,40.177999877929686,39.41499977111816,37.875
40.442806243896484,41.119998931884766,41.4900016784668,40.619998931884766,40.849998474121094,32829200,2025-05-05,0,5,5,2.115765489253027,0.6609558576476325,2.0312849908587247,2.229058908249986,40.44599990844726,39.83499984741211,38.211499977111814
40.16741943359375,40.84000015258789,41.27000045776367,40.560001373291016,40.650001525878906,29541800,2025-05-06,1,6,5,1.7384894265914101,0.4674012781722186,2.0489004457141458,2.118461044732583,40.61599960327148,40.08699989318848,38.47449989318848
40.25593948364258,40.93000030517578,41.34000015258789,40.86000061035156,41.040000915527344,30925900,2025-05-07,2,7,5,1.1727328088380933,-0.2680326703159116,1.6916715443064576,1.8589593838951217,40.8259994506836,40.304999923706056,38.769499969482425
40.91490173339844,41.599998474121094,42.150001525878906,41.25,41.290000915527344,41861700,2025-05-08,3,8,5,2.1634652857951124,0.7507811860502372,1.696185943334923,1.797387206580261,41.11199951171875,40.5069995880127,38.991999816894534
41.101776123046875,41.790000915527344,41.97999954223633,41.689998626708984,41.72999954223633,27222800,2025-05-09,4,9,5,0.6939480956546045,0.14378474466621124,1.5768802212264492,1.7483639670236832,41.25599975585938,40.71699981689453,39.28899993896484
42.64591979980469,43.36000061035156,43.959999084472656,42.939998626708984,43.31999969482422,44875100,2025-05-12,0,12,5,2.3523995466000103,0.09233821747261686,1.6242070326958458,1.8277460117772855,41.704000091552736,41.075,39.659499931335446
43.55076599121094,44.279998779296875,44.4900016784668,43.41999816894531,43.41999816894531,43232500,2025-05-13,1,13,5,2.4164488234398163,1.9806555656804448,1.759798912065527,1.9043496788898366,42.39199981689453,41.50399971008301,40.03999996185303
44.00319290161133,44.7400016784668,44.91999816894531,44.130001068115234,44.189998626708984,42419500,2025-05-14,2,14,5,1.7657511649363682,1.2446324255493049,1.8784025832851818,1.78503706379582,43.15400009155273,41.989999771118164,40.377499961853026
43.64912033081055,44.380001068115234,44.97999954223633,44.0099983215332,44.599998474121094,47379400,2025-05-15,3,15,5,2.1856719183362556,-0.49326774334647494,1.8828439097934104,1.789514926564167,43.710000610351564,42.41100006103515,40.72999992370605
43.954017639160156,44.689998626708984,44.790000915527344,43.65999984741211,44.34000015258789,49488100,2025-05-16,4,16,5,2.5285323402088653,0.7893515401818648,2.249760758704263,1.913320489965356,44.29000015258789,42.772999954223636,41.0939998626709
44.03269958496094,44.77000045776367,45.13999938964844,44.11000061035156,44.11000061035156,37915700,2025-05-19,0,19,5,2.300645005059991,1.4962589849913155,2.239409850396259,1.9318084415460526,44.572000122070314,43.138000106811525,41.48649997711182
43.954017639160156,44.689998626708984,44.90999984741211,44.40999984741211,44.59000015258789,33424300,2025-05-20,1,20,5,1.1188185620152937,0.22426210760012766,1.9798837981113546,1.869841355088441,44.65400009155273,43.522999954223636,41.804999923706056
42.5377311706543,43.25,44.4900016784668,43.150001525878906,44.369998931884766,55594100,2025-05-21,2,21,5,3.0982662487581285,-2.5242257355113935,2.2463868148757067,2.062394699080445,44.35599975585937,43.75499992370605,42.02999992370606
42.596744537353516,43.310001373291016,43.56999969482422,42.959999084472656,43.18000030517578,29026200,2025-05-22,3,22,5,1.408452068828023,0.301067779519334,2.0909428449740597,1.9868933773837358,44.14199981689453,43.92600021362305,42.21649990081787
42.488555908203125,43.20000076293945,43.43000030517578,42.349998474121094,42.47999954223633,34875100,2025-05-23,4,23,5,2.5000041944008546,1.694918146096621,2.085237215812458,2.167498987258361,43.844000244140624,44.067000198364255,42.39200000762939
43.491756439208984,44.220001220703125,44.220001220703125,43.29999923706055,43.790000915527344,36322000,2025-05-27,1,27,5,2.0805109865348608,0.9819600278275147,2.0412104121074317,2.1403101312518453,43.73400039672852,44.15300025939941,42.614000129699704
43.33439254760742,44.060001373291016,44.439998626708984,43.959999084472656,44.209999084472656,35673800,2025-05-28,2,28,5,1.0894224404797723,-0.3392845833247767,2.0353311878003275,2.007607492955841,43.608000946044925,44.13100051879883,42.81750011444092
43.51142883300781,44.2400016784668,44.459999084472656,43.900001525878906,44.369998931884766,28545100,2025-05-29,3,29,5,1.2658172182355976,-0.2929845763970738,1.6688413816958214,1.9576140982857644,43.80600128173828,44.08100051879883,43.0355001449585
43.40324020385742,44.130001068115234,44.29999923706055,43.720001220703125,44.189998626708984,66537500,2025-05-30,4,30,5,1.3142941362321459,-0.1357718046125639,1.650009795176646,1.8704763200753534,43.970001220703125,44.056000518798825,43.23350028991699
43.35406494140625,44.08000183105469,44.150001525878906,43.36000061035156,43.880001068115234,28582600,2025-06-02,0,2,6,1.7921980097804404,0.4557902417299182,1.508448558252563,1.7968428870325108,44.14600143432617,43.9950008392334,43.38400039672852
43.914676666259766,44.650001525878906,44.72999954223633,43.939998626708984,44.0099983215332,31320200,2025-06-03,1,3,6,1.7693188992825977,1.454222287558149,1.4462101408021104,1.7437102764547714,44.23200149536133,43.983000946044925,43.56050052642822
43.62944793701172,44.36000061035156,45.09000015258789,44.34000015258789,44.599998474121094,30591700,2025-06-04,2,4,6,1.6907123302089968,-0.5381118205840045,1.5664681187479554,1.8008996532741421,44.29200134277344,43.95000114440918,43.7365005493164
43.64912033081055,44.380001068115234,44.58000183105469,44.0099983215332,44.45000076293945,32020900,2025-06-05,3,5,6,1.2843702023500012,-0.157479625697963,1.570178715570836,1.6195100486333291,44.320001220703126,44.063001251220705,43.90900058746338
44.490047454833984,44.970001220703125,45.16999816894531,44.63999938964844,44.689998626708984,37013000,2025-06-06,4,6,6,1.1785607402938565,0.6265441991461531,1.5430320363831782,1.5965209157799125,44.4880012512207,44.22900123596192,44.07750072479248
44.39111328125,44.869998931884766,45.400001525878906,44.779998779296875,45.11000061035156,32414000,2025-06-09,0,9,6,1.38177571058834,-0.5320365223221096,1.4609475765447582,1.484698067398661,44.646000671386716,44.39600105285645,44.23150062561035
44.608768463134766,45.09000015258789,45.20000076293945,44.75,44.79999923706055,32229100,2025-06-10,1,10,6,0.9980056806755763,0.6473234831831026,1.3066849328233539,1.3764475368127322,44.73400039672852,44.483000946044925,44.318000602722165
44.25260925292969,44.72999954223633,45.40999984741211,44.54999923706055,45.20000076293945,47873500,2025-06-11,2,11,6,1.9226483772697256,-1.0398256919687712,1.3530721422354994,1.4597701304917277,44.80800018310547,44.550000762939455,44.34050064086914
44.14378356933594,44.619998931884766,44.650001525878906,44.02000045776367,44.400001525878906,30165400,2025-06-12,3,12,6,1.4119253321295921,0.495489636138035,1.3785831681914176,1.4743809418811273,44.85599975585937,44.58800048828125,44.33450050354004
43.619441986083984,44.09000015258789,44.459999084472656,43.65999984741211,44.0,43281700,2025-06-13,4,13,6,1.8144686647581934,0.20454580133611508,1.505764753084285,1.524398394733732,44.67999954223633,44.58400039672851,44.32000045776367
43.9360237121582,44.40999984741211,44.88999938964844,44.349998474121094,44.63999938964844,34103600,2025-06-16,0,16,6,1.2159444210374413,-0.5152319564987778,1.4725984951741053,1.4667730358594322,44.587999725341795,44.61700019836426,44.306000518798825
43.7579460144043,44.22999954223633,44.66999816894531,44.060001373291016,44.27000045776367,27489600,2025-06-17,1,17,6,1.3791471896168477,-0.09035670908905255,1.5488267969623597,1.4277558648928572,44.41599960327149,44.575,44.279000473022464
44.57908630371094,45.060001373291016,45.20000076293945,44.209999084472656,44.2599983215332,37684700,2025-06-18,2,18,6,2.1970742305694047,1.8075080933037408,1.6037119676222953,1.4783920549288978,44.48199996948242,44.64500007629395,44.29750061035156
45.0143928527832,45.5,45.650001525878906,45.27000045776367,45.310001373291016,64591600,2025-06-20,4,20,6,0.8351671826708448,0.4193304368800644,1.4883603377305459,1.4334717529609822,44.65800018310547,44.75699996948242,44.41000061035156
45.80585479736328,46.29999923706055,46.369998931884766,45.11000061035156,45.400001525878906,42683600,2025-06-23,0,23,6,2.7213787090619332,1.9823737465484974,1.6697423465912942,1.58775354983779,45.1,44.88999977111816,44.559500503540036
46.162010192871094,46.65999984741211,47.189998626708984,46.56999969482422,46.75,45437600,2025-06-24,1,24,6,1.32875896680731,-0.19251369537516713,1.6923052557452678,1.582451875459687,45.55,45.0689998626709,44.73250045776367
46.34998321533203,46.849998474121094,46.97999954223633,46.459999084472656,46.58000183105469,33532400,2025-06-25,2,25,6,1.109926306723166,0.5796406879623621,1.6384610791665313,1.593643938064446,46.07399978637695,45.244999694824216,44.86400032043457
46.95347213745117,47.459999084472656,47.58000183105469,46.900001525878906,46.95000076293945,40127000,2025-06-26,3,26,6,1.4327861742379486,1.086258388169775,1.4856034679002401,1.5446577177612684,46.55399932861328,45.51799964904785,45.03400020599365
46.617103576660156,47.119998931884766,47.66999816894531,46.90999984741211,47.45000076293945,56705000,2025-06-27,4,27,6,1.6128997002564316,-0.695472762378612,1.6411499714173576,1.5647551545739522,46.87799911499023,45.76799964904785,45.17800006866455
46.81496810913086,47.31999969482422,47.619998931884766,47.029998779296875,47.619998931884766,47921200,2025-06-30,0,30,6,1.246830423484605,-0.6299858122417499,1.3462403143018917,1.5079913304465933,47.08199920654297,46.090999603271484,45.3375
47.636112213134766,48.150001525878906,48.41999816894531,46.939998626708984,47.02000045776367,48540900,2025-07-01,1,1,7,3.0737268854308994,2.4032349151724754,1.69523389802661,1.693769576885939,47.37999954223633,46.464999771118165,45.54099998474121
48.19013214111328,48.709999084472656,48.72999954223633,48.060001373291016,48.36000061035156,48003600,2025-07-02,2,2,7,1.3754838463113186,0.7237354625801552,1.7483454059442405,1.6934032425553862,47.75199966430664,46.9129997253418,45.7439998626709
48.40778732299805,48.93000030517578,49.310001373291016,48.810001373291016,48.95000076293945,21620300,2025-07-03,3,3,7,1.0218679682842968,-0.04085895291510276,1.6661617647535103,1.5758826163268753,48.045999908447264,47.29999961853027,45.97249984741211
48.14066696166992,48.65999984741211,49.209999084472656,48.369998931884766,48.7400016784668,35567900,2025-07-07,0,7,7,1.726264190756187,-0.16413998420117432,1.688834662853461,1.6649923171354097,48.354000091552734,47.61599960327148,46.186499786376956
46.64678192138672,47.150001525878906,47.790000915527344,46.7599983215332,47.5,88086500,2025-07-08,1,8,7,2.184522928231105,-0.7368388928865132,1.8763731638027612,1.611306739052327,48.32000045776367,47.70099983215332,46.29549980163574
46.340091705322266,46.84000015258789,47.45000076293945,46.709999084472656,47.15999984741211,46227900,2025-07-09,2,9,7,1.5798498634844944,-0.6785404916445916,1.57759775941348,1.6364158287200454,48.05800018310547,47.7189998626709,46.393999862670896
46.46870422363281,46.970001220703125,47.220001220703125,46.779998779296875,46.900001525878906,44225000,2025-07-10,3,10,7,0.9367733233362332,0.14925307579274533,1.489855654818463,1.619100530381352,47.710000610351564,47.731000137329104,46.48799991607666
46.23126220703125,46.72999954223633,46.810001373291016,46.25,46.63999938964844,31653000,2025-07-11,4,11,7,1.1983765862973428,0.19296773963480326,1.5251573784210721,1.5956595715872912,47.27000045776367,47.65800018310547,46.58799991607666
46.56763458251953,47.06999969482422,47.06999969482422,46.54999923706055,46.810001373291016,36381200,2025-07-14,0,14,7,1.1047386044934493,0.5554332704667547,1.4008522611685246,1.5448434620109932,46.95200042724609,47.65300025939941,46.710499954223636
45.65745544433594,46.150001525878906,47.0099983215332,45.95000076293945,46.880001068115234,55145000,2025-07-15,1,15,7,2.296852705409662,-1.5571662235580173,1.423318216604236,1.6498456902034988,46.752000427246095,47.536000442504886,46.813500022888185
45.538734436035156,46.029998779296875,46.560001373291016,45.0099983215332,46.25,61296600,2025-07-16,2,16,7,3.3673758263382023,-0.4756783150337838,1.7808234091749775,1.679210584294229,46.59000015258789,47.32400016784668,46.894499969482425
46.51816940307617,47.02000045776367,47.220001220703125,45.439998626708984,45.63999938964844,56480700,2025-07-17,3,17,7,3.785628619023624,3.0236658338523794,2.3505944683124556,1.92022506156546,46.6,47.15500030517578,47.03400001525879
46.81496810913086,47.31999969482422,47.380001068115234,46.900001525878906,47.0099983215332,48314200,2025-07-18,4,18,7,1.0143692843024883,0.6594371077631324,2.3137930079134845,1.9194751931672787,46.71800003051758,46.99400024414062,47.14699993133545
46.97325897216797,47.47999954223633,48.040000915527344,47.20000076293945,47.540000915527344,32199700,2025-07-21,0,21,7,1.7691663030465277,-0.1262123940587014,2.4466785476241006,1.9237654043963128,46.8,46.876000213623044,47.24599990844727
47.26016616821289,47.77000045776367,48.16999816894531,47.459999084472656,47.599998474121094,34749400,2025-07-22,1,22,7,1.4862865347895675,0.357147035908003,2.2845653135000816,1.8539417650521588,47.123999786376956,46.93800010681152,47.31949996948242
47.62621307373047,48.13999938964844,48.310001373291016,47.810001373291016,48.0099983215332,31380100,2025-07-23,2,23,7,1.0386373210206463,0.2707791557179184,1.8188176124365705,1.7998205108057743,47.545999908447264,47.06800003051758,47.39349994659424
47.8735466003418,48.38999938964844,49.0,48.209999084472656,48.4900016784668,42967600,2025-07-24,3,24,7,1.632570625112139,-0.2062328013132817,1.3882060136542733,1.8694002409833648,47.81999969482422,47.20999984741211,47.470499992370605
47.93290710449219,48.45000076293945,48.54999923706055,47.939998626708984,48.38999938964844,24461200,2025-07-25,4,25,7,1.2590311676902313,0.12399539997483672,1.437138390331822,1.8754656991226537,48.045999908447264,47.38199996948242,47.52000007629395
47.71525573730469,48.22999954223633,48.540000915527344,48.08000183105469,48.45000076293945,20590400,2025-07-28,0,28,7,0.9537613287137241,-0.45407887974979994,1.2740573954652614,1.8603679715446813,48.19599990844726,47.49799995422363,47.575500106811525
47.4382438659668,47.95000076293945,48.5099983215332,47.88999938964844,48.38999938964844,26216500,2025-07-29,1,29,7,1.2930113076535397,-0.9092759501111063,1.2354023500380555,1.759983831769069,48.23199996948242,47.677999877929686,47.60700016021728
47.44813537597656,47.959999084472656,48.5,47.7400016784668,48.2599983215332,32265900,2025-07-30,2,30,7,1.584650408759614,-0.621631262939124,1.3446049675858494,1.5817112900112102,48.19599990844726,47.87099990844727,47.597500038146975
46.765499114990234,47.27000045776367,48.029998779296875,47.189998626708984,47.7599983215332,40016300,2025-07-31,3,31,7,1.7770259032225757,-1.0259587122904261,1.3734960232079367,1.3808510184311054,47.97200012207031,47.895999908447266,47.52550010681152
45.17268371582031,45.65999984741211,46.40999984741211,45.31999969482422,46.36000061035156,52310400,2025-08-01,4,1,8,2.3872101538118358,-1.509923972656619,1.5991318204322575,1.51813510538204,47.41399993896484,47.72999992370605,47.36200008392334
45.36065673828125,45.849998474121094,46.11000061035156,45.63999938964844,45.959999084472656,31038900,2025-08-04,0,4,8,1.0250844849393084,-0.23933988803913103,1.6133964516773744,1.4437269235713182,46.9379997253418,47.56699981689453,47.22150001525879
45.073753356933594,45.560001373291016,46.0,44.75,45.95000076293945,36798300,2025-08-05,1,5,8,2.7436346846398405,-0.8487472974385408,1.9035211270746344,1.5694617385563456,46.45999984741211,47.34599990844727,47.14200000762939
44.935245513916016,45.41999816894531,45.939998626708984,45.38999938964844,45.709999084472656,27916800,2025-08-06,2,6,8,1.2109186685009465,-0.6344364938433238,1.828774779022901,1.5866898733043757,45.95199966430664,47.07399978637695,47.07099990844726
44.44057846069336,44.91999816894531,45.7599983215332,44.779998779296875,45.709999084472656,30609900,2025-08-07,3,7,8,2.1816553476928555,-1.7282890644285773,1.9097006679169568,1.641598345562447,45.481999206542966,46.72699966430664,46.968499755859376
45.51894760131836,46.0099983215332,46.29999923706055,44.97999954223633,45.150001525878906,37131600,2025-08-08,4,8,8,2.8689409758279516,1.9047547432780643,2.00604683232018,1.8025893263762192,45.551998901367185,46.48299942016602,46.932499694824216
45.66735076904297,46.15999984741211,46.52000045776367,45.810001373291016,46.060001373291016,35559400,2025-08-11,0,11,8,1.5381262712730734,0.21710480056364098,2.108655189586933,1.861025820632154,45.61399917602539,46.27599945068359,46.886999702453615
46.99304962158203,47.5,47.65999984741211,46.36000061035156,46.47999954223633,35481200,2025-08-12,1,12,8,2.736840499074835,2.1944932612075405,2.107296352473932,2.0054087397742837,46.00199890136719,46.23099937438965,46.95449962615967
46.73582458496094,47.2400016784668,47.7599983215332,46.9900016784668,47.68000030517578,29465100,2025-08-13,2,13,8,1.6299674337594074,-0.9228159058153811,2.1911061055256242,2.009940442274263,46.36599960327148,46.158999633789065,47.01499977111816
47.2008056640625,47.709999084472656,47.72999954223633,46.88999938964844,47.09000015258789,21073800,2025-08-14,3,14,8,1.7606375365898315,1.316625461617657,2.1069025433050195,2.0083016056109884,46.92399978637695,46.20299949645996,47.049499702453616
46.439022064208984,46.939998626708984,47.81999969482422,46.900001525878906,47.75,26276900,2025-08-15,4,15,8,1.959945027398938,-1.6963379545361583,1.9251033536192168,1.9655750929696985,47.10999984741211,46.33099937438965,47.030499649047854
47.40856170654297,47.91999816894531,48.040000915527344,46.790000915527344,46.91999816894531,43125100,2025-08-18,0,18,8,2.6085142899902403,2.1312873807012735,2.13918095736265,2.1239180734747922,47.46199951171875,46.53799934387207,47.0524995803833
47.56686019897461,48.08000183105469,48.119998931884766,47.630001068115234,47.81999969482422,33783400,2025-08-19,1,19,8,1.0191302934873092,0.5437100332282311,1.7956389162451452,1.951467634359539,47.577999877929685,46.789999389648436,47.06799964904785
47.8339729309082,48.349998474121094,48.5,47.869998931884766,48.16999816894531,30822200,2025-08-20,2,20,8,1.3030012161271045,0.37367720991906855,1.7302456727186843,1.9606758891221545,47.79999923706055,47.08299942016602,47.07849960327148
47.74493408203125,48.2599983215332,48.4900016784668,47.810001373291016,48.27000045776367,28713200,2025-08-21,3,21,8,1.4090350783795424,-0.02072122671558836,1.6599251810766265,1.8834138621908234,47.90999908447266,47.416999435424806,47.07199954986572
48.95191192626953,49.47999954223633,49.65999984741211,48.459999084472656,48.52000045776367,45078900,2025-08-22,4,22,8,2.425223876397023,1.9785636344095439,1.7529809508762437,1.8390421522477305,48.417999267578125,47.76399955749512,47.12349948883057
48.95191192626953,49.47999954223633,49.65999984741211,49.209999084472656,49.38999938964844,34715700,2025-08-25,0,25,8,0.9094599173456553,0.18222343328628102,1.4131700763473263,1.7761755168549889,48.72999954223633,48.095999526977536,47.18599948883057
49.71369934082031,50.25,50.2599983215332,49.25,49.25,40609300,2025-08-26,1,26,8,2.0099469085237875,2.030456852791878,1.611333399354622,1.7034861577998839,49.16399917602539,48.37099952697754,47.30099945068359
49.84231185913086,50.380001068115234,50.630001068115234,49.9900016784668,50.029998779296875,42428200,2025-08-27,2,27,8,1.270344136720322,0.6995848438101407,1.6048019834732656,1.6675238280959754,49.56999969482422,48.68499946594238,47.421999549865724
49.951133728027344,50.4900016784668,50.63999938964844,50.279998779296875,50.54999923706055,32949400,2025-08-28,3,28,8,0.7130136628715883,-0.11868953412320334,1.465597700371675,1.562761440724151,50.01600036621094,48.962999725341795,47.58299961090088
50.19847106933594,50.7400016784668,50.91999816894531,50.5099983215332,50.5099983215332,32496500,2025-08-29,4,29,8,0.808040665844334,0.45536203638228934,1.142161058261137,1.4475710045686907,50.268000793457034,49.34300003051758,47.83699970245361
49.88187789916992,50.41999816894531,50.470001220703125,49.66999816894531,50.220001220703125,52719800,2025-09-02,1,2,9,1.5866780658682182,0.39824162361776094,1.2776046879656497,1.3453873821564886,50.45600051879883,49.59300003051758,48.06549968719482
49.525726318359375,50.060001373291016,50.56999969482422,49.70000076293945,50.400001525878906,38344200,2025-09-03,2,3,9,1.7379123212508427,-0.6746034569330531,1.2231977705110606,1.4172655849328417,50.41800079345703,49.79099998474121,48.290499687194824
50.07974624633789,50.619998931884766,50.83000183105469,50.119998931884766,50.2400016784668,34796900,2025-09-04,3,4,9,1.4026134218716901,0.7563639345594173,1.2496516275413343,1.4272268055073005,50.466000366210935,50.01800003051758,48.550499725341794
49.5126953125,49.77000045776367,50.790000915527344,49.22999954223633,50.439998626708984,40063300,2025-09-05,4,5,9,3.1344210547373414,-1.328307270394205,1.7339331059144847,1.5997654031430801,50.322000122070314,50.169000244140626,48.792999839782716
49.20429611206055,49.459999084472656,49.90999984741211,48.880001068115234,49.79999923706055,48033100,2025-09-08,0,8,9,2.082488472225286,-0.6827312405556558,1.9888226671906755,1.5654918627259067,50.065999603271486,50.167000198364256,48.96549987792969
50.030006408691406,50.290000915527344,50.560001373291016,49.459999084472656,49.5,40060100,2025-09-09,1,9,9,2.1873180926483675,1.5959614455097852,2.1089506725467055,1.693277680256178,50.04000015258789,50.24800033569336,49.17199993133545
49.87083435058594,50.130001068115234,50.630001068115234,49.970001220703125,50.369998931884766,31706300,2025-09-10,2,10,9,1.3165765676232883,-0.4764698607480215,2.0246835218211943,1.6239406461661279,50.05400009155274,50.23600044250488,49.30349998474121
50.48762893676758,50.75,50.959999084472656,49.9900016784668,50.13999938964844,28055200,2025-09-11,3,11,9,1.9113249379425803,1.216594770197582,2.1264258250353723,1.6880387262883538,50.08000030517578,50.27300033569336,49.47899990081787
50.31850814819336,50.58000183105469,50.93000030517578,50.459999084472656,50.70000076293945,27851100,2025-09-12,4,12,9,0.929223415754322,-0.23668428023472954,1.6853862972387685,1.709659701576627,50.242000579833984,50.282000350952146,49.622500038146974
50.32845687866211,50.59000015258789,51.09000015258789,50.459999084472656,50.849998474121094,29043600,2025-09-15,0,15,9,1.2453075038842576,-0.5113044824682209,1.5179501035705627,1.7533863853806193,50.46800079345703,50.26700019836426,49.805000114440915
50.398094177246094,50.65999984741211,50.880001068115234,50.209999084472656,50.63999938964844,31624400,2025-09-16,1,16,9,1.322546359377465,0.039495375206817764,1.3449957569163824,1.7269732147315442,50.54200057983398,50.29100036621094,49.942000198364255
51.13426971435547,51.400001525878906,51.630001068115234,50.790000915527344,50.86000061035156,38337900,2025-09-17,2,17,9,1.6342414934851057,1.061739891952414,1.4085287420887458,1.7166061319549706,50.79600067138672,50.42500038146973,50.10800018310547
51.860496520996094,52.130001068115234,52.189998626708984,51.29999923706055,51.4900016784668,35246900,2025-09-18,3,18,9,1.7072690800169505,1.2429585721223355,1.3677175705036198,1.7470716977694962,51.072000885009764,50.57600059509277,50.297000312805174
51.97987365722656,52.25,52.65999984741211,51.7599983215332,52.150001525878906,98970700,2025-09-19,4,19,9,1.7224909586199162,0.19175162261782586,1.5263710790767386,1.605878688157754,51.40600051879883,50.82400054931641,50.496500396728514
51.65157699584961,51.91999816894531,52.349998474121094,51.7599983215332,51.7599983215332,27468000,2025-09-22,0,22,9,1.1363639703300006,0.30911872604436735,1.5045823723658873,1.5112662379682253,51.672000122070315,51.07000045776367,50.618500328063966
51.43272018432617,51.70000076293945,52.880001068115234,51.52000045776367,52.0,28278200,2025-09-23,1,23,9,2.630562070177885,-0.5769216097318208,1.7661855145259715,1.555590635721177,51.880000305175784,51.21100044250488,50.72950038909912
51.43272018432617,51.70000076293945,52.25,51.459999084472656,51.849998474121094,27010400,2025-09-24,2,24,9,1.5280481699598867,-0.2892916404935019,1.7449468498209275,1.576737795954837,51.94000015258789,51.3680004119873,50.80200042724609
51.581939697265625,51.849998474121094,52.33000183105469,51.439998626708984,51.47999954223633,22957900,2025-09-25,3,25,9,1.7164961051829415,0.7187236503007409,1.7467922548541257,1.557254912678873,51.88399963378906,51.478000259399415,50.87550029754639
51.94007873535156,52.209999084472656,52.619998931884766,51.97999954223633,52.11000061035156,20025800,2025-09-26,4,26,9,1.2258176611207305,0.19189881586996033,1.6474575953542885,1.586914337215514,51.875999450683594,51.640999984741214,50.96150016784668
52.14899444580078,52.41999816894531,52.54999923706055,52.11000061035156,52.36000061035156,23701000,2025-09-29,0,29,9,0.839371694159365,0.11458662699459268,1.5880591401201614,1.5463207562430248,51.975999450683595,51.82399978637695,51.04549999237061
51.32328796386719,51.59000015258789,52.56999969482422,51.02000045776367,52.47999954223633,29945000,2025-09-30,1,30,9,3.0044567406011042,-1.6958829981165657,1.6628380742048052,1.7145117943653887,51.95399932861328,51.91699981689453,51.104000091552734
50.417991638183594,50.68000030517578,51.68000030517578,50.560001373291016,51.29999923706055,27709100,2025-10-01,2,1,10,2.209942630506227,-1.2085749339287732,1.7992169663140736,1.7720819080675008,51.74999923706055,51.84499969482422,51.13500003814697
50.219024658203125,50.47999954223633,50.849998474121094,50.06999969482422,50.650001525878906,22757200,2025-10-02,3,2,10,1.545163998355932,-0.33564062886694684,1.7649505449486713,1.7558713999013988,51.475999450683595,51.67999954223633,51.12800006866455
50.378196716308594,50.63999938964844,51.130001068115234,50.54999923706055,50.619998931884766,24565700,2025-10-03,4,3,10,1.1453432820799925,0.03951098021670224,1.7488556691405237,1.6981566322474066,51.16199951171875,51.51899948120117,51.171500015258786
50.12948989868164,50.38999938964844,51.31999969482422,49.88999938964844,50.93000030517578,25386300,2025-10-06,0,6,10,2.8378652956871133,-1.0602806053242178,2.1485543894460735,1.8683067647831177,50.75599975585938,51.36599960327148,51.21800003051758
50.030006408691406,50.290000915527344,50.90999984741211,50.130001068115234,50.54999923706055,24107300,2025-10-07,1,7,10,1.5510017202168027,-0.5143389227641894,1.8578633853692132,1.7603507297870096,50.49599990844727,51.224999618530276,51.21800003051758
49.582332611083984,49.84000015258789,50.5099983215332,49.779998779296875,50.400001525878906,24014200,2025-10-08,2,8,10,1.4646860754442106,-1.1111138022554852,1.7088120743568098,1.754014520335442,50.327999877929685,51.03899955749512,51.203499984741214
49.5325927734375,49.790000915527344,50.279998779296875,49.66999816894531,50.0,21816900,2025-10-09,3,9,10,1.2251468148925657,-0.4199981689453125,1.6448086376641367,1.7048795913064043,50.19000015258789,50.832999801635744,51.15550003051758
48.39848709106445,48.650001525878906,50.13999938964844,48.54999923706055,49.93000030517578,31831900,2025-10-10,4,10,10,3.268242759955732,-2.5635865641366506,2.0693885332392847,1.9091221011899044,49.79200057983398,50.477000045776364,51.05900001525879
48.607398986816406,48.86000061035156,49.400001525878906,48.810001373291016,49.20000076293945,34462800,2025-10-13,0,13,10,1.2075320205028655,-0.6910572099909401,1.7433218782024351,1.9459381338242547,49.48600082397461,50.12100028991699,50.972500038146975
49.8310432434082,50.09000015258789,50.5,48.529998779296875,48.849998474121094,42462600,2025-10-14,1,14,10,3.9329231677020573,2.538386319753323,2.219706167699486,2.0387847765343503,49.44600067138672,49.971000289916994,50.94400005340576
52.00971984863281,52.279998779296875,52.849998474121094,51.22999954223633,51.56999969482422,69992200,2025-10-15,2,15,10,3.0986973406860385,1.3767676724340077,2.5465084207478514,2.127660247552331,49.934000396728514,50.1310001373291,50.98799991607666
50.179229736328125,50.439998626708984,52.7599983215332,50.0,52.599998474121094,49027700,2025-10-16,3,16,10,5.471844561216401,-4.106463707360785,3.395847970012619,2.520328303838378,50.06399993896484,50.12700004577637,50.90349979400635
51.014888763427734,51.279998779296875,51.77000045776367,50.33000183105469,50.95000076293945,48915400,2025-10-17,4,17,10,2.8081097133144843,0.6476899144571933,3.303821360684369,2.686604946961827,50.58999938964844,50.19099998474121,50.854999732971194
51.77096176147461,52.040000915527344,52.279998779296875,51.369998931884766,51.439998626708984,25786000,2025-10-20,0,20,10,1.7486545568845095,1.1664119456387827,3.4120458679606975,2.577683873081567,51.225999450683595,50.356000137329104,50.86099987030029
51.2536506652832,51.52000045776367,52.369998931884766,51.439998626708984,52.09000015258789,27303400,2025-10-21,1,21,10,1.8051247999079496,-1.0942593456604175,2.986486194401876,2.6030961810506814,51.51199951171875,50.479000091552734,50.851999855041505
50.835819244384766,51.099998474121094,51.58000183105469,50.439998626708984,51.5,34955000,2025-10-22,2,22,10,2.230926102518462,-0.7767019919978763,2.812931946768361,2.6797201837581066,51.27599945068359,50.60499992370605,50.82199974060059
51.49240493774414,51.7599983215332,51.79999923706055,51.11000061035156,51.47999954223633,26028800,2025-10-23,3,23,10,1.333073124196627,0.543898177518732,1.9851776593644062,2.690512814688513,51.539999389648436,50.80199966430664,50.81749973297119
52.298221588134766,52.56999969482422,52.81999969482422,51.849998474121094,51.849998474121094,38923900,2025-10-24,4,24,10,1.8451611686020732,1.3886234173420189,1.792587950421924,2.548204655553147,51.79799957275391,51.193999481201175,50.83549976348877
52.74589538574219,53.02000045776367,53.06999969482422,52.529998779296875,52.79999923706055,27345800,2025-10-27,0,27,10,1.018485309062784,0.4166689846251081,1.6465541008575788,2.5292999844091386,51.99399948120117,51.60999946594238,50.865499877929686
52.5966682434082,52.869998931884766,53.279998779296875,52.34000015258789,53.0,29575200,2025-10-28,1,28,10,1.7779433434830114,-0.2452850341796875,1.6411178095725911,2.313802001987234,52.26399917602539,51.88799934387207,50.929499816894534
52.308170318603516,52.58000183105469,53.0099983215332,52.31999969482422,52.65999984741211,29158800,2025-10-29,2,29,10,1.3122833828078317,-0.15191419785268617,1.457389265630465,2.1351606061994137,52.55999984741211,51.91799964904785,51.02449989318848
52.75584030151367,53.029998779296875,53.439998626708984,52.560001373291016,52.66999816894531,37548600,2025-10-30,3,30,10,1.6594329128318277,0.6835022268214583,1.5226612233575052,1.753919441360956,52.81399993896484,52.17699966430664,51.1519998550415
53.17367172241211,53.45000076293945,53.63999938964844,52.77000045776367,52.790000915527344,39295700,2025-10-31,4,31,10,1.6276874077951284,1.2502364765407323,1.4791664711961166,1.6358772108090203,52.99000015258789,52.393999862670896,51.29249992370605
53.283103942871094,53.560001373291016,53.63999938964844,52.709999084472656,53.2599983215332,31252300,2025-11-03,0,3,11,1.736370950952866,0.5632802501169442,1.6227435995741328,1.634648850215856,53.09800033569336,52.545999908447264,51.45100002288818
53.263206481933594,53.540000915527344,54.0,52.720001220703125,53.02000045776367,47226600,2025-11-04,1,4,11,2.390733577529054,0.9807628315241342,1.7453016463833415,1.6932097279779665,53.232000732421874,52.74799995422363,51.61350002288818
52.17884063720703,52.45000076293945,53.06999969482422,51.7400016784668,52.959999084472656,54353600,2025-11-05,2,5,11,2.535744512890804,-0.9629877838927863,1.9899938723999355,1.7236915690152006,53.20600051879883,52.883000183105466,51.74400005340576
53.01449966430664,53.290000915527344,53.75,52.77000045776367,53.41999816894531,55296000,2025-11-06,3,6,11,1.838993292174595,-0.2433494157128971,2.025905948268489,1.7742835858129975,53.25800094604492,53.036000442504886,51.91900005340576
52.924964904785156,53.20000076293945,53.58000183105469,52.709999084472656,53.150001525878906,40537700,2025-11-07,4,7,11,1.6353434851604336,0.09407193908771966,2.02743716374155,1.7533018174688337,53.20800094604492,53.09900054931641,52.14650001525879
53.14382553100586,53.41999816894531,53.9900016784668,53.34000015258789,53.40999984741211,26094600,2025-11-10,0,10,11,1.2167756423787601,0.01871994301023683,1.9235181020267291,1.7731308508004315,53.18000030517578,53.13900032043457,52.37449989318848
53.35274124145508,53.630001068115234,53.97999954223633,53.279998779296875,53.75,22244300,2025-11-11,1,11,11,1.305241001301464,-0.22325382676235467,1.706419586781211,1.7258606165822763,53.19800033569336,53.215000534057616,52.551499938964845
53.830257415771484,54.11000061035156,54.689998626708984,53.77000045776367,53.88999938964844,40536700,2025-11-12,2,12,11,1.700236848212697,0.4082412751806124,1.5393180538455895,1.7646559631227632,53.53000030517578,53.3680004119873,52.64300003051758
52.5966682434082,52.869998931884766,54.209999084472656,52.77000045776367,53.790000915527344,37716100,2025-11-13,3,13,11,2.7236592695305544,-1.7103587432306677,1.7162512493167814,1.8710785987926357,53.44599990844726,53.3520004272461,52.764500045776366
52.3380126953125,52.61000061035156,52.900001525878906,52.029998779296875,52.86000061035156,32363100,2025-11-14,4,14,11,1.653683209444497,-0.4729474027872837,1.7199191941735943,1.8736781789575723,53.327999877929685,53.2680004119873,52.8310001373291
51.2138557434082,51.47999954223633,52.58000183105469,51.38999938964844,52.58000183105469,35546800,2025-11-17,0,17,11,2.3115820745684403,-2.09205448937181,1.9388804806115303,1.93119929131913,52.94000015258789,53.06000022888183,52.80300006866455
51.37302780151367,51.63999938964844,52.18000030517578,51.150001525878906,51.279998779296875,35189500,2025-11-18,1,18,11,1.9945755063338455,0.7020292880679718,2.0767473816180066,1.891583484199609,52.54199981689453,52.87000007629395,52.80900001525879
51.75106430053711,52.02000045776367,52.4900016784668,51.66999816894531,51.66999816894531,28112300,2025-11-19,2,19,11,1.576323533843998,0.6773801068735428,2.0519647187442667,1.7956413862949283,52.123999786376956,52.827000045776366,52.85500011444092
50.73633575439453,51.0,52.95000076293945,50.970001220703125,52.5,36661600,2025-11-20,3,20,11,3.882352043600643,-2.857142857142857,2.2837032735582845,1.9999772614375335,51.75,52.59799995422363,52.817000198364255
51.29344177246094,51.560001373291016,51.779998779296875,50.70000076293945,51.290000915527344,43867200,2025-11-21,4,21,11,2.094643110147161,0.5264192882514318,2.3718952536988174,2.0459072239362057,51.54000015258789,52.43400001525879,52.766500282287595
51.661529541015625,51.93000030517578,52.2400016784668,51.400001525878906,51.650001525878906,52852100,2025-11-24,0,24,11,1.6175623871586404,0.5421079787511398,2.2330913162168575,2.085985898414194,51.630000305175784,52.285000228881835,52.7120002746582
52.208683013916016,52.47999954223633,52.880001068115234,51.86000061035156,52.25,41310100,2025-11-25,1,25,11,1.943598450191996,0.4401905114570873,2.2228959049884875,2.1498216433032473,51.79800033569336,52.170000076293945,52.692500305175784
52.71604919433594,52.9900016784668,53.25,52.54999923706055,52.70000076293945,32045600,2025-11-26,2,26,11,1.3210053609488899,0.5502863592580494,2.1718322704094657,2.1118984945768666,51.992000579833984,52.05800018310547,52.71300029754639
53.37263870239258,53.650001525878906,53.939998626708984,53.04999923706055,53.11000061035156,18920800,2025-11-28,4,28,11,1.6588990947542335,1.0167593849021594,1.7271416806401838,2.0054224770992346,52.52200088500977,52.13600044250488,52.74400043487549
52.96475601196289,53.2400016784668,53.900001525878906,53.209999084472656,53.5,30536500,2025-12-01,0,1,12,1.2960225763578914,-0.48597817109009933,1.5674175738823297,1.9696564137905743,52.858000946044925,52.19900054931641,52.733500480651855
52.91501235961914,53.189998626708984,53.63999938964844,52.970001220703125,53.529998779296875,46073500,2025-12-02,1,2,12,1.2596318598302756,-0.635158154943557,1.495831468416657,1.8644613923167577,53.11000061035156,52.37000045776367,52.71500034332276
53.81036376953125,54.09000015258789,54.2400016784668,53.18000030517578,53.25,37134400,2025-12-03,2,3,12,1.9596993349986165,1.5774650752824237,1.499051645377981,1.8609737751832345,53.432000732421876,52.615000534057614,52.74250030517578
53.880001068115234,54.15999984741211,54.689998626708984,54.0,54.209999084472656,38529600,2025-12-04,3,4,12,1.2740004221804924,-0.09223249936351342,1.4896506576243014,1.830741464016884,53.66600036621094,52.82900047302246,52.82800025939942
53.95000076293945,53.95000076293945,54.83000183105469,53.7400016784668,53.93000030517578,33986500,2025-12-05,4,5,12,2.020389503565416,0.03708595892915726,1.5619487393865379,1.6445452100133615,53.726000213623045,53.124000549316406,52.86100025177002
53.900001525878906,53.900001525878906,54.209999084472656,53.4900016784668,53.900001525878906,34386600,2025-12-08,0,8,12,1.3358021996718654,0.0,1.5699046640493328,1.5686611189658317,53.85800018310547,53.35800056457519,52.89600028991699
53.540000915527344,53.540000915527344,54.279998779296875,53.27000045776367,53.970001220703125,47189300,2025-12-09,1,9,12,1.8864368775912546,-0.7967394764683297,1.6952656676015283,1.595548568009093,53.92800064086914,53.51900062561035,52.902000427246094
54.08000183105469,54.08000183105469,54.54999923706055,53.34000015258789,53.59000015258789,54424400,2025-12-10,2,10,12,2.237424266834679,0.9143528215555239,1.7508106539687411,1.6249311496733614,53.9260009765625,53.67900085449219,52.924500465393066
54.560001373291016,54.560001373291016,54.650001525878906,53.75,53.95000076293945,35686900,2025-12-11,3,11,12,1.6495628724809523,1.1306776677019026,1.8259231440288333,1.6577869008265675,54.00600128173828,53.83600082397461,52.94700050354004
55.13999938964844,55.13999938964844,55.29999923706055,54.349998474121094,54.779998779296875,40539400,2025-12-12,4,12,12,1.722888598939301,0.6571752799812371,1.7664229631036101,1.6641858512450747,54.24400100708008,53.98500061035156,53.06050052642822
55.33000183105469,55.33000183105469,56.06999969482422,55.06999969482422,55.40999984741211,32881300,2025-12-15,0,15,12,1.8073377316223709,-0.1443746915317094,1.8607300694937112,1.7153173667715222,54.53000106811523,54.19400062561035,53.196500587463376
54.810001373291016,54.810001373291016,55.349998474121094,54.689998626708984,55.13999938964844,32931900,2025-12-16,1,16,12,1.2041595162844279,-0.5984730141643295,1.7242745972323459,1.7097701324169374,54.784001159667966,54.356000900268555,53.36300067901611
54.54999923706055,54.54999923706055,55.56999969482422,54.459999084472656,55.119998931884766,35304100,2025-12-17,2,17,12,2.0348315781413295,-1.034106868413773,1.683756059493676,1.717283356731209,54.87800064086914,54.40200080871582,53.50850067138672
54.2599983215332,54.2599983215332,55.150001525878906,53.77000045776367,54.79999923706055,87452700,2025-12-18,3,18,12,2.543312036129529,-0.9854031442433816,1.8625058922233912,1.8442145181261125,54.81800003051758,54.41200065612793,53.620500564575195
55.27000045776367,55.27000045776367,55.310001373291016,54.380001068115234,54.52000045776367,73001900,2025-12-19,4,19,12,1.682649353126875,1.3756419547006804,1.854458043060906,1.8104405030822583,54.844000244140624,54.54400062561035,53.83400058746338
55.880001068115234,55.880001068115234,56.11000061035156,55.34000015258789,55.369998931884766,33408800,2025-12-22,0,22,12,1.3779535487572299,0.9210802710288377,1.7685812064878779,1.814655637990795,54.954000091552736,54.742000579833984,54.05000057220459
55.970001220703125,55.970001220703125,56.220001220703125,55.810001373291016,55.810001373291016,22274600,2025-12-23,1,23,12,0.7325349981597852,0.286686693200263,1.6742563028629494,1.699265450047648,55.18600006103516,54.98500061035156,54.252000617980954
56.25,56.25,56.5,55.88999938964844,56.130001068115234,13634400,2025-12-24,2,24,12,1.0844455295138888,0.2137875104244943,1.484179093137461,1.583967576315569,55.52600021362305,55.20200042724609,54.44050064086914
56.16999816894531,56.16999816894531,56.54999923706055,56.029998779296875,56.279998779296875,15259400,2025-12-26,4,26,12,0.9257619275678814,-0.19545240358467678,1.1606690714251315,1.5115874818242618,55.90800018310547,55.363000106811526,54.599500465393064
55.349998474121094,55.349998474121094,56.25,55.27000045776367,56.11000061035156,21040100,2025-12-29,0,29,12,1.7705502606192973,-1.3544860594605987,1.1782492529236162,1.5163536479922615,55.92399978637695,55.38400001525879,54.68450031280518
55.279998779296875,55.279998779296875,55.63999938964844,55.16999816894531,55.4900016784668,17427600,2025-12-30,1,30,12,0.8502193036935214,-0.3784517801725255,1.0727024039108746,1.4206418051993766,55.80399932861328,55.37899971008301,54.78650016784668
55.0,55.0,55.41999816894531,54.93000030517578,55.31999969482422,16293000,2025-12-31,2,31,12,0.8909052068536932,-0.5784520907258034,1.104376445649656,1.3893163742563028,55.609999084472655,55.3979995727539,54.87700023651123
55.95000076293945,55.95000076293945,55.9900016784668,54.880001068115234,55.029998779296875,25503600,2026-01-02,4,2,1,1.9839152729499376,1.6718190151744958,1.2842703943368659,1.3842247437371638,55.54999923706055,55.5379997253418,54.97000026702881
56.88999938964844,56.88999938964844,57.54999923706055,56.13999938964844,56.16999816894531,36096600,2026-01-05,0,5,1,2.478466975812043,1.2818252522236895,1.5948114039856982,1.377740237705415,55.693999481201175,55.80099983215332,55.106500244140626
57.25,57.25,57.40999984741211,56.75,57.0099983215332,31791900,2026-01-06,1,6,1,1.1528381614185317,0.42098173220985,1.471268984145545,1.324759118534581,56.07399978637695,55.998999786376956,55.271500205993654
55.63999938964844,55.63999938964844,56.810001373291016,55.439998626708984,56.689998626708984,49695500,2026-01-07,2,7,1,2.4622623321540043,-1.8521772137878465,1.7936775898376418,1.4331899968742583,56.145999908447266,55.974999618530276,55.35850009918213
56.18000030517578,56.18000030517578,56.58000183105469,55.470001220703125,55.47999954223633,30933700,2026-01-08,3,8,1,1.975793172520328,1.2617173192414142,2.0106551829709685,1.5575158143103125,56.38199996948242,55.99599952697754,55.49050006866455
55.849998474121094,55.849998474121094,56.61000061035156,55.790000915527344,56.16999816894531,30768800,2026-01-09,4,9,1,1.4682179359488747,-0.5696986029120735,1.9075157155707558,1.5958930549538113,56.36199951171875,55.95599937438965,55.57899990081787
55.189998626708984,55.189998626708984,55.45000076293945,54.72999954223633,55.290000915527344,45860600,2026-01-12,0,12,1,1.304586408079168,-0.1808686691308686,1.672739602024181,1.6337755030049401,56.02199935913086,55.85799942016602,55.61049976348877
54.540000915527344,54.540000915527344,55.52000045776367,54.29999923706055,55.27000045776367,43542200,2026-01-13,1,13,1,2.23689255633253,-1.3207880155423202,1.8895504810069805,1.6804097325762632,55.47999954223633,55.77699966430664,55.58049983978272
52.47999954223633,52.47999954223633,53.47999954223633,51.65999984741211,52.880001068115234,84750000,2026-01-14,2,14,1,3.4679872536192926,-0.7564325223134176,2.0906954653000382,1.9421865275688404,54.847999572753906,55.496999740600586,55.4379997253418
52.59000015258789,52.59000015258789,53.040000915527344,52.22999954223633,52.720001220703125,51018300,2026-01-15,3,15,1,1.540219378096268,-0.2465877562692146,2.0035807064152262,2.007117944693098,54.12999954223633,55.25599975585938,55.32699966430664
52.970001220703125,52.970001220703125,53.380001068115234,52.25,52.689998626708984,52178400,2026-01-16,4,16,1,2.1332849576631268,0.5314150717252155,2.1365941107580766,2.0220549131644168,53.55400009155274,54.957999801635744,55.24799976348877
52.099998474121094,52.099998474121094,53.47999954223633,51.959999084472656,52.31999969482422,49172700,2026-01-20,1,20,1,2.917467374818985,-0.42049163223693353,2.45917030410604,2.0659549530651105,52.93600006103516,54.47899971008301,55.13999977111816
52.06999969482422,52.06999969482422,52.86000061035156,52.04999923706055,52.22999954223633,36340000,2026-01-21,2,21,1,1.5556008796587915,-0.30633706454989307,2.322911968771293,2.106231224889137,52.44199981689453,53.96099967956543,54.979999732971194
52.45000076293945,52.45000076293945,53.130001068115234,52.33000183105469,52.470001220703125,31229200,2026-01-22,3,22,1,1.5252606776429578,-0.03811789079162491,1.9343666535760256,2.0125310594380323,52.43600006103516,53.64199981689453,54.8084997177124
51.720001220703125,51.720001220703125,52.20000076293945,51.380001068115234,52.11000061035156,34553500,2026-01-23,4,23,1,1.5854595426729785,-0.7484156305516618,1.9434146864913675,1.9734976964532975,52.262000274658206,53.19599990844726,54.5959997177124
52.02000045776367,52.02000045776367,52.279998779296875,51.66999816894531,51.79999923706055,27728400,2026-01-26,0,26,1,1.1726270760932367,0.4247127875355723,1.7512831101773894,1.9439386104677336,52.072000122070314,52.81300010681152,54.38449974060059
52.16999816894531,52.16999816894531,52.25,51.810001373291016,52.209999084472656,26494300,2026-01-27,1,27,1,0.8433939853402137,-0.07661543043244391,1.3364684322816351,1.8978193681938378,52.08600006103516,52.511000061035155,54.184499740600586
51.810001373291016,51.810001373291016,52.13999938964844,51.310001373291016,51.95000076293945,35030200,2026-01-28,2,28,1,1.6020034633415405,-0.26948871528855006,1.345748949018185,1.8343304588947391,52.034000396728516,52.238000106811526,54.007499885559085
53.08000183105469,53.08000183105469,53.09000015258789,51.95000076293945,51.97999954223633,35200500,2026-01-29,3,29,1,2.147700358558533,2.1162029598029393,1.4702368852013001,1.7023017693886633,52.16000061035156,52.29800033569336,53.89750003814697
53.20000076293945,53.20000076293945,53.40999984741211,52.77000045776367,52.869998931884766,34549100,2026-01-30,4,30,1,1.2030063542673446,0.6241759745065371,1.3937462475201734,1.668580467005771,52.45600051879883,52.35900039672852,53.80750007629395
54.029998779296875,54.029998779296875,54.09000015258789,52.95000076293945,53.20000076293945,34624500,2026-02-02,0,2,2,2.109937840837525,1.5601466249143754,1.581208400469031,1.6662457553232106,52.85800018310547,52.46500015258789,53.711499977111814
54.45000076293945,54.45000076293945,55.119998931884766,53.68000030517578,54.20000076293945,41208400,2026-02-03,1,3,2,2.6446255400038434,0.4612546060533333,1.9414547114017568,1.6389615718416966,53.3140007019043,52.70000038146973,53.58950004577637
55.380001068115234,55.380001068115234,56.040000915527344,54.709999084472656,54.779998779296875,54522500,2026-02-04,2,4,2,2.4015922813342625,1.0952944545247407,2.101372475000301,1.7235607120092435,54.02800064086914,53.03100051879883,53.496000099182126
54.939998626708984,54.939998626708984,55.290000915527344,54.25,55.02000045776367,32959700,2026-02-05,3,5,2,1.892975867352405,-0.1454049988896333,2.0504275767590756,1.7603322309801883,54.4,53.28000030517578,53.46100006103516
56.529998779296875,56.529998779296875,56.869998931884766,55.290000915527344,55.54999923706055,42468000,2026-02-06,4,6,2,2.7949726702206625,1.7641756178144372,2.368820839949739,1.8812835437349567,55.065999603271486,53.761000061035155,53.47849998474121
56.40999984741211,56.40999984741211,56.720001220703125,56.18000030517578,56.38999938964844,31968400,2026-02-09,0,9,2,0.9572787041092629,0.03546809359842514,2.138289012604087,1.8597487065365594,55.54199981689453,54.2,53.50650005340576
55.38999938964844,55.38999938964844,56.83000183105469,54.27000045776367,56.439998626708984,48304700,2026-02-10,1,10,2,4.621775413432197,-1.8603814007955306,2.5337189872897574,2.2375868493457576,55.72999954223633,54.52200012207031,53.516500091552736
53.849998474121094,53.849998474121094,56.11000061035156,53.2400016784668,55.970001220703125,48960600,2026-02-11,2,11,2,5.329617480423908,-3.787748258611524,3.1193240271076865,2.610348251053994,55.4239990234375,54.72599983215332,53.48199996948242
