Adj Close,Close,High,Low,Open,Volume,date,day_of_week,day,month,hl_pct,oc_pct,volatility_5d,volatility_10d,ma_5,ma_10,ma_20
CCL,CCL,CCL,CCL,CCL,CCL,,,,,,,,,,,
16.229999542236328,16.229999542236328,16.3799991607666,16.06999969482422,16.360000610351562,24125300,2024-03-11,0,11,3,1.910039893320096,-0.7946275260709832,3.5833655708170356,3.5356998306343215,16.032000160217287,15.94700002670288,15.503000020980835
16.239999771118164,16.239999771118164,16.25,15.90999984741211,16.239999771118164,22403600,2024-03-12,1,12,3,2.0935970282004552,0.0,3.4986241710602783,3.2925143918705944,16.102000045776368,15.980000019073486,15.540500020980835
16.649999618530273,16.649999618530273,16.940000534057617,16.350000381469727,16.399999618530273,32798700,2024-03-13,2,13,3,3.5435445411738153,1.5243902793602893,3.6451846685119578,3.20084394479375,16.229999923706053,16.09799995422363,15.617000007629395
16.200000762939453,16.200000762939453,16.6200008392334,16.139999389648438,16.540000915527344,23985100,2024-03-14,3,14,3,2.9629717714770387,-2.0556235415241537,3.4459528521812657,3.1818826031372023,16.338000106811524,16.132000064849855,15.663500022888183
16.260000228881836,16.260000228881836,16.3799991607666,16.079999923706055,16.190000534057617,24012900,2024-03-15,4,15,3,1.8450137320888411,0.43236375858645565,2.471033393252049,3.078883356457781,16.31599998474121,16.15800008773804,15.715500020980835
16.190000534057617,16.190000534057617,16.649999618530273,16.1200008392334,16.360000610351562,25799400,2024-03-18,0,18,3,3.2736180470282177,-1.0391202319783541,2.7437490239936735,3.163557297405355,16.30800018310547,16.17000017166138,15.785000038146972
16.079999923706055,16.079999923706055,16.200000762939453,15.890000343322754,16.110000610351562,21516100,2024-03-19,1,19,3,1.9278633152210334,-0.18622399446857077,2.7106022813977892,3.104613226229034,16.276000213623046,16.189000129699707,15.851000022888183
16.850000381469727,16.850000381469727,16.850000381469727,16.040000915527344,16.079999923706055,29629800,2024-03-20,2,20,3,4.807118383410573,4.7885600834393856,2.9633170498451404,3.3042508591785493,16.316000366210936,16.273000144958495,15.958000040054321
17.020000457763672,17.020000457763672,17.280000686645508,16.8700008392334,17.06999969482422,31116800,2024-03-21,3,21,3,2.4089297084894494,-0.2929070764758543,2.852508637247623,3.149230744714444,16.480000305175782,16.409000205993653,16.048500061035156
17.079999923706055,17.079999923706055,17.18000030517578,16.959999084472656,17.06999969482422,18601300,2024-03-22,4,22,3,1.2880633588163897,0.05858365003291769,2.7411185625931327,2.606075977922591,16.644000244140624,16.48000011444092,16.141000080108643
17.110000610351562,17.110000610351562,17.670000076293945,17.09000015258789,17.34000015258789,41079600,2024-03-25,0,25,3,3.3898299416491797,-1.3264102665074202,2.7643609415173254,2.754054982755499,16.828000259399413,16.56800022125244,16.25750012397766
17.030000686645508,17.030000686645508,17.6200008392334,16.790000915527344,17.450000762939453,65639200,2024-03-26,1,26,3,4.873751557490655,-2.4068771228133534,3.3535385899712495,3.032070435684519,17.018000411987305,16.647000312805176,16.31350016593933
17.190000534057617,17.190000534057617,17.68000030517578,16.170000076293945,16.610000610351562,112964400,2024-03-27,2,27,3,8.784177905580364,3.4918717784067472,4.148950494405208,3.556133772125174,17.086000442504883,16.70100040435791,16.399500179290772
16.34000015258789,16.34000015258789,17.1299991607666,16.309999465942383,17.0,60284300,2024-03-28,3,28,3,5.018357938597382,-3.882352043600643,4.670836140426795,3.7616723888372086,16.950000381469728,16.715000343322753,16.423500204086302
16.260000228881836,16.260000228881836,16.670000076293945,16.059999465942383,16.479999542236328,33043900,2024-04-01,0,1,4,3.7515412162667046,-1.3349473268531316,5.163531711916858,3.952325137254994,16.786000442504882,16.715000343322753,16.436500215530394
15.479999542236328,15.479999542236328,15.880000114440918,15.40999984741211,15.84000015258789,35824500,2024-04-02,1,2,4,3.036177525370325,-2.272731104063447,5.092801228661086,3.9285810850892053,16.460000228881835,16.644000244140624,16.407000207901
15.34000015258789,15.34000015258789,15.600000381469727,15.25,15.350000381469727,26613300,2024-04-03,2,3,4,2.281619152465789,-0.06514806927241548,4.574374747656113,3.963956668813681,16.12200012207031,16.57000026702881,16.37950019836426
15.0600004196167,15.0600004196167,15.800000190734863,14.979999542236328,15.59000015258789,35613200,2024-04-04,3,4,4,5.444891272582086,-3.399613391813939,3.9065174210564573,4.027733957730833,15.696000099182129,16.391000270843506,16.332000207901
15.119999885559082,15.119999885559082,15.15999984741211,14.84000015258789,15.010000228881836,29861000,2024-04-05,4,5,4,2.116400114062477,0.7328424716848954,3.3261258561494764,3.998480998288135,15.452000045776368,16.201000213623047,16.305000209808348
15.65999984741211,15.65999984741211,15.680000305175781,15.239999771118164,15.25,26731500,2024-04-08,0,8,4,2.8097096956889778,2.6885235895876023,3.137759552033931,4.150645631975394,15.331999969482421,16.05900020599365,16.269500160217284
15.5,15.5,15.710000038146973,15.149999618530273,15.619999885559082,25736000,2024-04-09,1,9,4,3.6129059330109623,-0.7682451116406452,3.2531052335620587,4.172953231111572,15.336000061035156,15.898000144958496,16.233000183105467
14.949999809265137,14.949999809265137,15.34000015258789,14.789999961853027,15.149999618530273,33185600,2024-04-10,2,10,4,3.678931088641254,-1.3201307874655843,3.5325676207971513,4.053471184226632,15.257999992370605,15.690000057220459,16.168500185012817
14.970000267028809,14.970000267028809,15.029999732971191,14.59000015258789,14.880000114440918,26083900,2024-04-11,3,11,4,2.939208901367844,0.6048397304818984,3.031431146554303,3.4689742838053803,15.239999961853027,15.468000030517578,16.084500217437743
14.359999656677246,14.359999656677246,14.739999771118164,14.229999542236328,14.710000038146973,34056700,2024-04-12,4,12,4,3.551533712221861,-2.3793363736375377,3.31845786618618,3.322291861167828,15.08799991607666,15.269999980926514,15.992500162124633
14.0600004196167,14.0600004196167,14.760000228881836,13.920000076293945,14.65999984741211,30780000,2024-04-15,0,15,4,5.97439635503788,-4.092765580085094,3.9513951980559603,3.5445773750449456,14.768000030517578,15.05,15.882500171661377
13.899999618530273,13.899999618530273,14.079999923706055,13.800000190734863,14.020000457763672,27095100,2024-04-16,1,16,4,2.0143866234206227,-0.8559260721489288,3.631691336137892,3.4423982848499755,14.447999954223633,14.892000007629395,15.76800012588501
14.119999885559082,14.119999885559082,14.300000190734863,14.010000228881836,14.1899995803833,22639800,2024-04-17,2,17,4,2.053824109089536,-0.49330300841578967,3.306669940227549,3.41961878051235,14.281999969482422,14.769999980926514,15.670000123977662
14.180000305175781,14.180000305175781,14.5600004196167,14.15999984741211,14.210000038146973,23061100,2024-04-18,3,18,4,2.820878445669619,-0.2111170506027913,3.2830038490879034,3.1572174978211036,14.123999977111817,14.681999969482423,15.536500120162964
14.119999885559082,14.119999885559082,14.3100004196167,14.050000190734863,14.100000381469727,29493400,2024-04-19,4,19,4,1.841361409271295,0.14184045069700063,2.9409693884977903,3.129713627341985,14.076000022888184,14.581999969482421,15.391500091552734
14.279999732971191,14.279999732971191,14.40999984741211,14.069999694824219,14.350000381469727,24348300,2024-04-22,0,22,4,2.380953494017664,-0.48780938423477377,2.2222808162937477,3.086838007174854,14.119999885559082,14.44399995803833,15.25150008201599
14.789999961853027,14.789999961853027,14.9399995803833,14.329999923706055,14.399999618530273,25455300,2024-04-23,1,23,4,4.124406073364314,2.7083357892655213,2.6442847062824857,3.1379880212101887,14.297999954223632,14.372999954223634,15.135500049591064
15.010000228881836,15.010000228881836,15.050000190734863,14.770000457763672,14.829999923706055,24536500,2024-04-24,2,24,4,1.865421243847975,1.2137579642738037,2.6066041332341734,2.956637036730861,14.476000022888183,14.378999996185303,15.034500026702881
15.180000305175781,15.180000305175781,15.199999809265137,14.800000190734863,15.0600004196167,29288000,2024-04-25,3,25,4,2.635043547356777,0.7968119669025627,2.569437153571605,2.9262205013297544,14.676000022888184,14.4,14.934000015258789
15.079999923706055,15.079999923706055,15.229999542236328,14.90999984741211,15.180000305175781,20459000,2024-04-26,4,26,4,2.122013902143149,-0.658764028058882,2.6255676521459757,2.7832685203218834,14.868000030517578,14.472000026702881,14.871000003814697
15.130000114440918,15.130000114440918,15.279999732971191,14.850000381469727,15.079999923706055,19562500,2024-04-29,0,29,4,2.8420313830073893,0.3315662532349354,2.717783229943921,2.4700320231188337,15.038000106811523,14.578999996185303,14.814499998092652
14.819999694824219,14.819999694824219,15.140000343322754,14.770000457763672,14.949999809265137,22986100,2024-04-30,1,30,4,2.4966254600416886,-0.8695659939764782,2.3922271072793957,2.5182559067809405,15.044000053405762,14.671000003814697,14.781500005722046
14.470000267028809,14.470000267028809,14.800000190734863,14.210000038146973,14.630000114440918,33933600,2024-05-01,2,1,5,4.077402499654812,-1.0936421473720797,2.834623358440763,2.720613745837468,14.936000061035156,14.70600004196167,14.738000011444091
14.460000038146973,14.460000038146973,14.680000305175781,14.359999656677246,14.609999656677246,19596400,2024-05-02,3,2,5,2.213005862063212,-1.0266914582829487,2.7502158213820502,2.6598264874768276,14.792000007629394,14.73400001525879,14.707999992370606
14.4399995803833,14.4399995803833,14.869999885559082,14.369999885559082,14.760000228881836,23570400,2024-05-03,4,3,5,3.4626039787372886,-2.168026040218952,3.018333836700878,2.821950744423427,14.663999938964844,14.76599998474121,14.673999977111816
14.600000381469727,14.600000381469727,14.710000038146973,14.4399995803833,14.59000015258789,29357200,2024-05-06,0,6,5,1.849318155541664,0.06854166399759876,2.819791191207733,2.768787210575827,14.557999992370606,14.798000049591064,14.621000003814697
14.119999885559082,14.119999885559082,14.59000015258789,14.119999885559082,14.529999732971191,25935000,2024-05-07,1,7,5,3.3286138161338865,-2.8217471090639163,2.9861888624261725,2.6892079848527843,14.418000030517579,14.73100004196167,14.55199999809265
14.300000190734863,14.300000190734863,14.329999923706055,13.979999542236328,14.020000457763672,23651400,2024-05-08,2,8,5,2.447555082527173,1.9971449631168852,2.6602193790006448,2.747421368720704,14.384000015258788,14.660000038146972,14.519500017166138
14.5600004196167,14.5600004196167,14.699999809265137,14.270000457763672,14.3100004196167,24245800,2024-05-09,3,9,5,2.9532921642098744,1.747029997688123,2.808276639429977,2.779246230406014,14.404000091552735,14.598000049591064,14.499000024795532
14.430000305175781,14.430000305175781,14.630000114440918,14.34000015258789,14.630000114440918,16374000,2024-05-10,4,10,5,2.0097017028406405,-1.3670526842150996,2.5176961842506476,2.768015010475763,14.402000236511231,14.533000087738037,14.502500057220459
14.5600004196167,14.5600004196167,14.6899995803833,14.449999809265137,14.460000038146973,24898100,2024-05-13,0,13,5,1.6483500288558521,0.6915655685056379,2.477502558913485,2.648646875060609,14.394000244140624,14.476000118255616,14.52750005722046
14.520000457763672,14.520000457763672,14.760000228881836,14.40999984741211,14.680000305175781,24220000,2024-05-14,1,14,5,2.4104708707676763,-1.089917194045954,2.2938739698402433,2.640031416133208,14.474000358581543,14.44600019454956,14.55850009918213
14.859999656677246,14.859999656677246,15.020000457763672,14.579999923706055,14.609999656677246,35205300,2024-05-15,2,15,5,2.9609727067517513,1.7111567821683131,2.396557494685159,2.528388436842902,14.58600025177002,14.485000133514404,14.595500087738037
14.899999618530273,14.899999618530273,15.079999923706055,14.819999694824219,14.9399995803833,29313600,2024-05-16,3,16,5,1.7449680237473872,-0.2677373693206028,2.1548926665926613,2.481584653011319,14.654000091552735,14.529000091552735,14.631500053405762
15.0,15.0,15.119999885559082,14.930000305175781,14.989999771118164,22775900,2024-05-17,4,17,5,1.2666638692220051,0.06671266867597811,2.0062850998689346,2.261990642059791,14.768000030517578,14.585000133514404,14.675500059127808
16.09000015258789,16.09000015258789,16.239999771118164,15.3100004196167,15.390000343322754,53286300,2024-05-20,0,20,5,5.779983484660721,4.54840671637051,2.8326117910299082,2.6550571749716965,15.073999977111816,14.734000110626221,14.766000080108643
16.200000762939453,16.200000762939453,16.200000762939453,15.850000381469727,15.960000038146973,29685600,2024-05-21,1,21,5,2.160496080163269,1.5037639362082709,2.7826168329090266,2.5382454013746347,15.410000038146972,14.942000198364259,14.836500120162963
15.649999618530273,15.649999618530273,16.190000534057617,15.59000015258789,16.139999389648438,29002500,2024-05-22,2,22,5,3.8338683456535056,-3.035934260520671,2.957195960689378,2.6768767276872683,15.568000030517577,15.077000141143799,14.868500089645385
14.779999732971191,14.779999732971191,15.739999771118164,14.770000457763672,15.649999618530273,33957700,2024-05-23,3,23,5,6.562918341538396,-5.55910483556156,3.9207860242475787,3.0378393454201205,15.544000053405762,15.099000072479248,14.848500061035157
15.130000114440918,15.130000114440918,15.140000343322754,14.800000190734863,14.8100004196167,21930800,2024-05-24,4,24,5,2.247192002750717,2.160700106398111,4.116891650953322,3.061588375411128,15.570000076293946,15.169000053405762,14.8510000705719
15.649999618530273,15.649999618530273,15.699999809265137,15.180000305175781,15.199999809265137,27374300,2024-05-28,1,28,5,3.322680618302723,2.9605250981045406,3.6254310776817222,3.229021434355815,15.481999969482422,15.277999973297119,14.877000045776366
15.220000267028809,15.220000267028809,15.300000190734863,14.739999771118164,15.210000038146973,37684800,2024-05-29,2,29,5,3.679371943440973,0.0657477242390215,3.9292062503372627,3.355911541623145,15.285999870300293,15.347999954223633,14.897000074386597
15.199999809265137,15.199999809265137,15.449999809265137,15.079999923706055,15.229999542236328,27430100,2024-05-30,3,30,5,2.434209803960321,-0.1969778980491442,3.6492745419986257,3.3032352513440015,15.195999908447266,15.381999969482422,14.933500051498413
15.079999923706055,15.079999923706055,15.430000305175781,14.960000038146973,15.300000190734863,27997800,2024-05-31,4,31,5,3.1167126618479553,-1.437910224092892,2.9600334060605378,3.4404097151540585,15.255999946594239,15.4,14.964500045776367
16.010000228881836,16.010000228881836,16.040000915527344,15.199999809265137,15.210000038146973,43854800,2024-06-03,0,3,6,5.2467276343123075,5.2596988082080705,3.559940532372856,3.838416091663089,15.431999969482423,15.501000022888183,15.043000078201294
16.940000534057617,16.940000534057617,16.959999084472656,16.139999389648438,16.170000076293945,51622200,2024-06-04,1,4,6,4.8406119774059135,4.761907570381106,3.8635268041934943,3.744478940937608,15.69000015258789,15.586000061035156,15.160000085830688
16.950000762939453,16.950000762939453,17.059999465942383,16.559999465942383,17.0,29171100,2024-06-05,2,5,6,2.9498523745983034,-0.2941131591796875,3.71762289042496,3.823414570381111,16.03600025177002,15.661000061035157,15.301500129699708
16.6200008392334,16.6200008392334,17.06999969482422,16.56999969482422,16.889999389648438,23698600,2024-06-06,3,6,6,3.008423434129397,-1.5985705161156847,3.832465616458775,3.7408700792287006,16.320000457763673,15.75800018310547,15.417500162124634
16.700000762939453,16.700000762939453,16.75,16.40999984741211,16.440000534057617,17319800,2024-06-07,4,7,6,2.03592896440111,1.581509856664611,3.6163088769694065,3.2881711415149724,16.644000625610353,15.950000286102295,15.524500179290772
16.530000686645508,16.530000686645508,16.84000015258789,16.360000610351562,16.59000015258789,16632000,2024-06-10,0,10,6,2.9038083623560706,-0.3616604303226811,3.147725022578159,3.3538327774755077,16.748000717163087,16.090000343322753,15.629500198364259
16.34000015258789,16.34000015258789,16.5,16.229999542236328,16.489999771118164,13762600,2024-06-11,1,11,6,1.6523895669664963,-0.9096399066844995,2.510080540490275,3.1868036723418847,16.62800064086914,16.159000396728516,15.718500185012818
16.739999771118164,16.739999771118164,17.030000686645508,16.700000762939453,16.75,25555900,2024-06-12,2,12,6,1.971325736069661,-0.059702858996035446,2.314375212784547,3.0159990516047537,16.586000442504883,16.31100034713745,15.829500150680541
16.510000228881836,16.510000228881836,16.700000762939453,16.270000457763672,16.68000030517578,21689200,2024-06-13,3,13,6,2.60448394436457,-1.0191850910290123,2.233587314831582,3.0330264656451784,16.56400032043457,16.44200038909912,15.912000179290771
15.34000015258789,15.34000015258789,16.229999542236328,15.039999961853027,16.170000076293945,56577700,2024-06-14,4,14,6,7.7574939279420105,-5.132961779776844,3.377900307539762,3.4971045922545843,16.292000198364256,16.468000411987305,15.934000205993652
15.6899995803833,15.6899995803833,15.779999732971191,14.979999542236328,15.260000228881836,25057400,2024-06-17,0,17,6,5.098790389612741,2.817820085530711,3.8168967129910962,3.4823108677846277,16.123999977111815,16.43600034713745,15.968500185012818
15.949999809265137,15.949999809265137,16.270000457763672,15.8100004196167,16.100000381469727,28003700,2024-06-18,1,18,6,2.884012812838812,-0.9316805506242894,4.063221362165558,3.2866509513279176,16.045999908447264,16.3370002746582,15.96150016784668
16.059999465942383,16.059999465942383,16.149999618530273,15.699999809265137,15.75,21089900,2024-06-20,3,20,6,2.801991433557817,1.9682505774119543,4.22935450166319,3.2718648572238687,15.90999984741211,16.248000144958496,15.954500102996827
16.06999969482422,16.06999969482422,16.100000381469727,15.770000457763672,15.9399995803833,24785100,2024-06-21,4,21,6,2.053515432314166,0.8155590832066504,4.11916079925311,3.1763740570423455,15.821999740600585,16.193000030517577,15.975500106811523
16.389999389648438,16.389999389648438,16.5,16.0,16.290000915527344,38154600,2024-06-24,0,24,6,3.050640748136873,0.613864140583178,3.1777901632920815,3.277845235415922,16.031999588012695,16.161999893188476,16.056000089645387
17.81999969482422,17.81999969482422,18.010000228881836,16.65999984741211,17.020000457763672,105894500,2024-06-25,1,25,6,7.575759846179072,4.7003479174151686,3.673184054605348,3.745040383798222,16.457999610900877,16.290999794006346,16.19050006866455
18.3700008392334,18.3700008392334,18.5,17.790000915527344,17.899999618530273,55127800,2024-06-26,2,26,6,3.8649921177809015,2.6257051995496954,3.869379915593766,3.9663006388796624,16.94199981689453,16.493999862670897,16.326500129699706
18.610000610351562,18.610000610351562,18.65999984741211,18.1299991607666,18.489999771118164,38085600,2024-06-27,3,27,6,2.8479348160295173,0.6490040060511126,3.8785685920881066,4.053961546875648,17.452000045776366,16.680999946594238,16.496000146865846
18.719999313354492,18.719999313354492,18.920000076293945,18.56999969482422,18.6299991607666,34277000,2024-06-28,4,28,6,1.8696602260024813,0.48309262824565385,3.841797550825769,3.980479175039439,17.981999969482423,16.901999855041502,16.672000122070312
17.709999084472656,17.709999084472656,18.739999771118164,17.459999084472656,18.649999618530273,41781100,2024-07-01,0,1,7,7.227559304436983,-5.04021744388483,4.677181262085791,3.9274857126889366,18.245999908447267,17.13899974822998,16.80350008010864
17.559999465942383,17.559999465942383,17.989999771118164,17.510000228881836,17.670000076293945,24523800,2024-07-02,1,2,7,2.733482669901484,-0.6225275035461896,3.7087258268302734,3.6909549407178113,18.1939998626709,17.32599973678589,16.88100004196167
17.450000762939453,17.450000762939453,17.59000015258789,17.31999969482422,17.559999465942383,14095400,2024-07-03,2,3,7,1.5472804926009085,-0.6264163231683018,3.245183501794275,3.5572817086940196,18.00999984741211,17.47599983215332,16.90650005340576
17.209999084472656,17.209999084472656,17.540000915527344,17.010000228881836,17.530000686645508,25550000,2024-07-05,4,5,7,3.0796090345158085,-1.8254511673615124,3.291518345491533,3.585043468789819,17.729999542236328,17.590999794006347,16.919499969482423
17.559999465942383,17.559999465942383,17.8799991607666,17.329999923706055,17.329999923706055,29603500,2024-07-08,0,8,7,3.1321142015252925,1.3271756679104605,3.5440091405960956,3.692903345710932,17.497999572753905,17.739999771118164,16.966499900817873
17.899999618530273,17.899999618530273,18.110000610351562,17.5,17.510000228881836,26254200,2024-07-09,1,9,7,3.4078247114602354,2.227295171619437,2.780062222000746,3.7286217420432686,17.53599967956543,17.890999794006348,17.026499843597414
17.739999771118164,17.739999771118164,18.170000076293945,17.729999542236328,18.1200008392334,22307800,2024-07-10,2,10,7,2.4802736174437032,-2.09713604037179,2.7294204115091896,3.219073119169731,17.571999740600585,17.88299980163574,17.086999797821044
18.1200008392334,18.1200008392334,18.149999618530273,17.309999465942383,17.68000030517578,30702600,2024-07-11,3,11,7,4.635762216793741,2.4886907605358353,3.3471167563477566,3.296150129071015,17.705999755859374,17.857999801635742,17.17599983215332
18.229999542236328,18.229999542236328,18.56999969482422,18.149999618530273,18.149999618530273,22504500,2024-07-12,4,12,7,2.303895155459903,0.4407709387738974,3.191973980536575,3.2417461630140543,17.90999984741211,17.81999969482422,17.25049982070923
18.31999969482422,18.31999969482422,18.34000015258789,17.790000915527344,18.299999237060547,25269100,2024-07-15,0,15,7,3.002179291607374,0.10929212348363172,3.1659869985529916,3.354998069574543,18.061999893188478,17.77999973297119,17.340999794006347
19.18000030517578,19.18000030517578,19.239999771118164,18.3799991607666,18.399999618530273,28752600,2024-07-16,1,16,7,4.483840441438829,4.239134254437618,3.38119014454871,3.0806261832747284,18.318000030517577,17.926999855041505,17.532999801635743
18.399999618530273,18.399999618530273,19.1200008392334,18.399999618530273,18.68000030517578,30846600,2024-07-17,2,17,7,3.9130501936425373,-1.4989329875328017,3.6677454597884767,3.1985829356488336,18.45,18.010999870300292,17.668499803543092
18.25,18.25,18.700000762939453,18.100000381469727,18.459999084472656,20659600,2024-07-18,3,18,7,3.2876733231217896,-1.1375898964658875,3.398127681054087,3.372622218700921,18.47599983215332,18.090999794006347,17.783499813079835
18.43000030517578,18.43000030517578,18.5,18.15999984741211,18.290000915527344,13619900,2024-07-19,4,19,7,1.8448190285292987,0.765442223294722,3.3063124556679653,3.24914321810227,18.51599998474121,18.21299991607666,17.901999855041502
18.420000076293945,18.420000076293945,18.739999771118164,18.200000762939453,18.399999618530273,21676000,2024-07-22,0,22,7,2.9315906945824364,0.1086981422734912,3.292194736262979,3.2290908674079852,18.536000061035157,18.298999977111816,18.01949987411499
19.06999969482422,19.06999969482422,19.479999542236328,18.459999084472656,18.510000228881836,35636000,2024-07-23,1,23,7,5.348717745603897,3.025388757524676,3.465170197095992,3.423180170822351,18.513999938964844,18.415999984741212,18.15349988937378
18.190000534057617,18.190000534057617,19.030000686645508,18.18000030517578,18.8700008392334,28171400,2024-07-24,2,24,7,4.6728991562053475,-3.603605060588893,3.617139989608554,3.6424427246985154,18.472000122070312,18.461000061035158,18.17199993133545
17.100000381469727,17.100000381469727,18.15999984741211,17.079999923706055,18.15999984741211,34773400,2024-07-25,3,25,7,6.315788886627089,-5.837001513485355,4.222763102309614,3.81044539168185,18.24200019836426,18.35900001525879,18.108499908447264
17.270000457763672,17.270000457763672,17.510000228881836,17.1200008392334,17.3799991607666,20816900,2024-07-26,4,26,7,2.2582477088071795,-0.6329039603824574,4.305448838365189,3.805880647016578,18.010000228881836,18.263000106811525,18.041499900817872
17.25,17.25,17.540000915527344,17.030000686645508,17.34000015258789,16795900,2024-07-29,0,29,7,2.9565230659816577,-0.5190320172774545,4.310435312645033,3.8013150244540066,17.776000213623046,18.1560001373291,17.967999935150146
17.1200008392334,17.1200008392334,17.399999618530273,17.06999969482422,17.329999923706055,20316800,2024-07-30,1,30,7,1.927569553325042,-1.211766216948416,3.6262056741892628,3.545687935642628,17.386000442504884,17.950000190734862,17.938500022888185
16.65999984741211,16.65999984741211,17.530000686645508,16.649999618530273,17.43000030517578,38380700,2024-07-31,2,31,7,5.282119304772562,-4.417673231681028,3.748049703902706,3.68259484675563,17.08000030517578,17.776000213623046,17.89350004196167
15.760000228881836,15.760000228881836,16.860000610351562,15.479999542236328,16.790000915527344,41570900,2024-08-01,3,1,8,8.756351827877763,-6.134607686012489,4.236162292152841,4.229462697231227,16.812000274658203,17.52700023651123,17.80900001525879
14.800000190734863,14.800000190734863,15.199999809265137,14.630000114440918,15.15999984741211,44420000,2024-08-02,4,2,8,3.8513492397186018,-2.3746679439360276,4.554782598335125,4.430115718350157,16.31800022125244,17.164000225067138,17.688500070571898
14.399999618530273,14.399999618530273,14.710000038146973,13.779999732971191,13.869999885559082,35572300,2024-08-05,0,5,8,6.458335623697059,3.8211949339884783,5.255145109878205,4.782790211261619,15.748000144958496,16.762000179290773,17.530500078201293
14.539999961853027,14.539999961853027,15.039999961853027,14.4399995803833,14.449999809265137,32738600,2024-08-06,1,6,8,4.12655008971032,0.6228384344350218,5.694941217155262,4.660573445672262,15.231999969482422,16.30900020599365,17.36250009536743
14.010000228881836,14.010000228881836,14.84000015258789,13.949999809265137,14.800000190734863,29573300,2024-08-07,2,7,8,6.352607628713697,-5.337837511296692,5.909038881943489,4.828544292923097,14.702000045776368,15.891000175476075,17.176000118255615
14.489999771118164,14.489999771118164,14.550000190734863,14.079999923706055,14.109999656677246,24132100,2024-08-08,3,8,8,3.243618181179168,2.6931263195395707,4.806492152603769,4.521327222378305,14.447999954223633,15.630000114440918,16.994500064849852
14.770000457763672,14.770000457763672,14.850000381469727,14.489999771118164,14.489999771118164,26030000,2024-08-09,4,9,8,2.43737711031913,1.9323719190362743,4.523697726723875,4.5392401625295005,14.442000007629394,15.380000114440918,16.82150011062622
14.600000381469727,14.600000381469727,14.850000381469727,14.489999771118164,14.789999961853027,19250800,2024-08-12,0,12,8,2.465757540722219,-1.2846489578996314,3.7251821101289067,4.490163610003556,14.482000160217286,15.115000152587891,16.635500144958495
14.869999885559082,14.869999885559082,14.90999984741211,14.5600004196167,14.800000190734863,18842800,2024-08-13,1,13,8,2.3537285170749067,0.47297090487904286,3.3706177956018237,4.532779506378542,14.548000144958497,14.890000057220458,16.420000123977662
14.760000228881836,14.760000228881836,15.079999923706055,14.529999732971191,14.899999618530273,23097000,2024-08-14,2,14,8,3.7262884973310686,-0.9395932431724917,2.8453539693252985,4.377196425634393,14.698000144958495,14.700000095367432,16.23800015449524
15.739999771118164,15.739999771118164,15.789999961853027,15.039999961853027,15.0600004196167,32425400,2024-08-15,3,15,8,4.764930183647139,4.515267812447856,3.149616369818893,3.978054261211331,14.948000144958495,14.698000049591064,16.112500143051147
15.460000038146973,15.460000038146973,15.670000076293945,15.3100004196167,15.649999618530273,23514000,2024-08-16,4,16,8,2.3285876829816323,-1.2140548563230193,3.1278584843513935,3.8257781055376343,15.086000061035156,14.764000034332275,15.964000129699707
15.600000381469727,15.600000381469727,15.670000076293945,15.420000076293945,15.489999771118164,17931300,2024-08-19,0,19,8,1.602564063376303,0.7101395221235821,2.95521978888221,3.340200949505559,15.286000061035157,14.884000110626221,15.823000144958495
15.319999694824219,15.319999694824219,15.529999732971191,15.279999732971191,15.529999732971191,20241900,2024-08-20,1,20,8,1.6318538184074587,-1.3522217756458104,2.8108448491487206,3.090731322375272,15.376000022888183,14.96200008392334,15.635500144958495
15.489999771118164,15.489999771118164,15.609999656677246,15.300000190734863,15.40999984741211,13809500,2024-08-21,2,21,8,2.001287737398108,0.5191429234146913,2.4658446971621286,2.655599333243713,15.521999931335449,15.110000038146973,15.500500106811524
15.449999809265137,15.449999809265137,15.670000076293945,15.319999694824219,15.65999984741211,18683600,2024-08-22,3,22,8,2.265374665311235,-1.3409964252437472,1.9659335934949476,2.5577749816569204,15.463999938964843,15.20600004196167,15.418000078201294
16.610000610351562,16.610000610351562,16.75,15.470000267028809,15.520000457763672,42378900,2024-08-23,4,23,8,7.706199192873475,7.023196652308298,3.041455895473316,3.0846571899123547,15.694000053405762,15.390000057220458,15.385000085830688
16.600000381469727,16.600000381469727,16.709999084472656,16.40999984741211,16.600000381469727,21673600,2024-08-26,0,26,8,1.807224278111647,0.0,3.0823879384203847,3.0188038636512973,15.894000053405762,15.59000005722046,15.352500104904175
17.040000915527344,17.040000915527344,17.3700008392334,16.510000228881836,16.549999237060547,30136600,2024-08-27,1,27,8,5.046951667519601,2.960735353809154,3.765407508242814,3.2881261786957667,16.238000297546385,15.807000160217285,15.348500108718872
16.6299991607666,16.6299991607666,17.020000457763672,16.489999771118164,16.93000030517578,24878400,2024-08-28,2,28,8,3.187015714924883,-1.772009090380609,4.002553103748168,3.234198900455148,16.466000175476076,15.994000053405761,15.347000074386596
16.540000915527344,16.540000915527344,16.8700008392334,16.510000228881836,16.790000915527344,22800000,2024-08-29,3,29,8,2.176545286727299,-1.4889814554375678,3.9847872280313807,2.9753604107631646,16.684000396728514,16.07400016784668,15.386000108718871
16.5,16.5,16.790000915527344,16.25,16.6200008392334,20664200,2024-08-30,4,30,8,3.2727328213778413,-0.7220266737299005,3.0980939537322545,3.0697749246027852,16.662000274658205,16.17800016403198,15.47100009918213
16.34000015258789,16.34000015258789,16.790000915527344,16.200000762939453,16.299999237060547,23606100,2024-09-03,1,3,9,3.610772013943022,0.2454044012247285,3.4588035008985294,3.2705957196594566,16.610000228881837,16.2520001411438,15.56800012588501
16.149999618530273,16.149999618530273,16.520000457763672,15.989999771118164,16.229999542236328,18999300,2024-09-04,2,4,9,3.281738075321022,-0.49291389995339163,3.105760782458814,3.4355841453508136,16.431999969482423,16.335000133514406,15.648500108718872
16.149999618530273,16.149999618530273,16.59000015258789,16.06999969482422,16.299999237060547,15078900,2024-09-05,3,5,9,3.2198171519894707,-0.9202431015409271,3.1123210698717307,3.55743708680995,16.336000061035158,16.401000118255617,15.755500078201294
15.670000076293945,15.670000076293945,16.459999084472656,15.5,16.209999084472656,24505600,2024-09-06,4,6,9,6.126350222071615,-3.3312710590833334,3.9022820569405945,3.943534642485988,16.161999893188476,16.423000144958497,15.814500093460083
16.030000686645508,16.030000686645508,16.200000762939453,15.850000381469727,15.880000114440918,21478400,2024-09-09,0,9,9,2.1834083997345655,0.9445879793677248,3.6844171726119392,3.391255563172096,16.068000030517577,16.36500015258789,15.877500104904176
16.139999389648438,16.139999389648438,16.170000076293945,15.489999771118164,16.1299991607666,17919700,2024-09-10,1,10,9,4.213137118282091,0.06199770243113058,3.8048901934797525,3.6318468471891405,16.027999877929688,16.319000053405762,15.95450005531311
16.540000915527344,16.540000915527344,16.549999237060547,15.880000114440918,16.110000610351562,31864300,2024-09-11,2,11,9,4.05078044458057,2.6691513897242336,3.9586986673316624,3.532229724895238,16.1060001373291,16.26900005340576,16.038000106811523
16.920000076293945,16.920000076293945,17.170000076293945,16.610000610351562,16.639999389648438,27585200,2024-09-12,3,12,9,3.3096895001021873,1.682696495888655,3.9766731369542057,3.5444971034129686,16.260000228881836,16.298000144958497,16.146000099182128
17.260000228881836,17.260000228881836,17.489999771118164,17.0,17.010000228881836,23340800,2024-09-13,4,13,9,2.838932587603494,1.4697236721697207,3.3191896100605818,3.6107358335005886,16.578000259399413,16.370000076293945,16.222000122070312
17.829999923706055,17.829999923706055,17.940000534057617,17.270000457763672,17.3700008392334,27539900,2024-09-16,0,16,9,3.7577121657927774,2.6482387003324845,3.6340503632722245,3.6592337679420814,16.938000106811522,16.50300006866455,16.340500116348267
18.030000686645508,18.030000686645508,18.18000030517578,17.8700008392334,18.040000915527344,24716400,2024-09-17,1,17,9,1.7193536003134695,-0.055433638438613195,3.1352936596785,3.4700919265791264,17.316000366210936,16.672000122070312,16.462000131607056
18.360000610351562,18.360000610351562,18.739999771118164,18.1299991607666,18.1299991607666,30907100,2024-09-18,2,18,9,3.3224433010510777,1.268623608558599,2.9896262309726014,3.474162449152132,17.68000030517578,16.893000221252443,16.614000177383424
18.760000228881836,18.760000228881836,18.989999771118164,18.6200008392334,18.93000030517578,25872300,2024-09-19,3,19,9,1.9722757322525837,-0.898045819087834,2.7221434774026805,3.349408307178443,18.04800033569336,17.154000282287598,16.777500200271607
19.0,19.0,19.09000015258789,18.549999237060547,18.700000762939453,36581200,2024-09-20,4,20,9,2.8421100817228617,1.6042739295235728,2.7227789762265537,3.020984293143568,18.39600028991699,17.487000274658204,16.95500020980835
18.969999313354492,18.969999313354492,19.020000457763672,18.709999084472656,19.0,27346800,2024-09-23,0,23,9,1.634166497163661,-0.1578983507658306,2.298069842500731,2.9660601028864773,18.62400016784668,17.7810001373291,17.073000144958495
18.729999542236328,18.729999542236328,19.010000228881836,18.3700008392334,19.0,32022100,2024-09-24,1,24,9,3.416974934811038,-1.4210550408614309,2.6375941094002444,2.8864438845393723,18.763999938964844,18.04000015258789,17.179500102996826
18.040000915527344,18.040000915527344,18.68000030517578,17.989999771118164,18.670000076293945,32886900,2024-09-25,2,25,9,3.824836469180673,-3.3743929201507448,2.7380727430261635,2.8638494869993822,18.7,18.190000152587892,17.229500102996827
18.68000030517578,18.68000030517578,18.899999618530273,18.3799991607666,18.43000030517578,31889000,2024-09-26,3,26,9,2.7837283151413663,1.3564839710273437,2.90036325960392,2.8112533685033005,18.68400001525879,18.366000175476074,17.332000160217284
18.540000915527344,18.540000915527344,18.8700008392334,18.479999542236328,18.799999237060547,34530800,2024-09-27,4,27,9,2.103566762342726,-1.382969851512903,2.752654595727893,2.7377167859772236,18.592000198364257,18.494000244140626,17.432000160217285
18.479999542236328,18.479999542236328,18.719999313354492,17.329999923706055,18.670000076293945,68527300,2024-09-30,0,30,9,7.521641905193624,-1.017678271457902,3.9301496773338855,3.1141097599173078,18.494000244140626,18.55900020599365,17.5310001373291
18.020000457763672,18.020000457763672,18.81999969482422,17.6200008392334,18.700000762939453,45154300,2024-10-01,1,1,10,6.6592609606389725,-3.6363651199599847,4.578606882499473,3.6081004959498584,18.352000427246093,18.55800018310547,17.61500015258789
17.709999084472656,17.709999084472656,17.860000610351562,17.479999542236328,17.709999084472656,29643700,2024-10-02,2,2,10,2.1456865486142376,0.0,4.242776898386185,3.490424820706174,18.286000061035157,18.493000030517578,17.69300012588501
17.34000015258789,17.34000015258789,17.700000762939453,17.110000610351562,17.43000030517578,31611000,2024-10-03,3,3,10,3.4025383356172383,-0.5163519851526646,4.366538902481359,3.6334510810426393,18.018000030517577,18.351000022888183,17.752500152587892
18.020000457763672,18.020000457763672,18.149999618530273,17.549999237060547,17.68000030517578,31705200,2024-10-04,4,4,10,3.3296357726296537,1.9230777529362166,4.611752704538746,3.6822036501333195,17.913999938964842,18.25300006866455,17.870000171661378
18.010000228881836,18.010000228881836,18.420000076293945,17.829999923706055,17.989999771118164,31436400,2024-10-07,0,7,10,3.2759586068285196,0.11117541977838921,3.7626160448657244,3.846382861099805,17.820000076293944,18.157000160217287,17.969000148773194
18.8700008392334,18.8700008392334,18.989999771118164,18.06999969482422,18.079999923706055,35723400,2024-10-08,1,8,10,4.8754638864728355,4.369474108744402,3.405856630032497,3.992231756265985,17.99000015258789,18.171000289916993,18.10550022125244
20.200000762939453,20.200000762939453,20.450000762939453,19.09000015258789,19.149999618530273,70901700,2024-10-09,2,9,10,6.7326760345807966,5.483034805876227,4.323254527225808,4.283015712805997,18.48800048828125,18.387000274658202,18.288500213623045
20.389999389648438,20.389999389648438,20.5,19.719999313354492,19.860000610351562,38703100,2024-10-10,3,10,10,3.825408092172368,2.668674536800495,4.4078284785368345,4.387183690509097,19.09800033569336,18.55800018310547,18.462000179290772
20.43000030517578,20.43000030517578,20.809999465942383,20.360000610351562,20.459999084472656,28855400,2024-10-11,4,11,10,2.2026375372927265,-0.14662160625237486,4.1824288314694495,4.397090768004097,19.58000030517578,18.74700012207031,18.62050018310547
20.209999084472656,20.209999084472656,20.43000030517578,19.969999313354492,20.329999923706055,27465900,2024-10-14,0,14,10,2.276105950814752,-0.5902648287443913,3.9824583002666953,3.87253717256621,20.020000076293947,18.920000076293945,18.7395001411438
21.549999237060547,21.549999237060547,21.799999237060547,20.760000228881836,20.780000686645508,46916700,2024-10-15,1,15,10,4.82598164732264,3.705478945965035,3.9725618524366566,3.6892092412345767,20.555999755859375,19.272999954223632,18.91550006866455
21.399999618530273,21.399999618530273,21.670000076293945,21.290000915527344,21.56999969482422,22859800,2024-10-16,2,16,10,1.7756970445810663,-0.7881320292032146,2.9811660544367102,3.6522102908312597,20.79599952697754,19.642000007629395,19.067500019073485
21.40999984741211,21.40999984741211,21.780000686645508,21.229999542236328,21.6200008392334,20065300,2024-10-17,3,17,10,2.5688984041523004,-0.9713273990267581,2.7298641168326965,3.568846297684766,20.999999618530275,20.048999977111816,19.2
21.31999969482422,21.31999969482422,21.420000076293945,21.049999237060547,21.360000610351562,17996300,2024-10-18,4,18,10,1.7354636234972471,-0.18727019842854478,2.6364293340736014,3.409429082771525,21.17799949645996,20.37899990081787,19.31599998474121
21.280000686645508,21.280000686645508,21.3799991607666,21.030000686645508,21.25,17595600,2024-10-21,0,21,10,1.6447296185509008,0.14117970186121326,2.5101540676208307,3.2463061839437635,21.391999816894533,20.70599994659424,19.431500053405763
21.450000762939453,21.450000762939453,21.559999465942383,20.780000686645508,21.170000076293945,19644100,2024-10-22,1,22,10,3.6363578161010093,1.3226295967710038,2.2722293013765045,3.1223955769065808,21.37200012207031,20.963999938964843,19.567500114440918
21.0,21.0,21.399999618530273,20.81999969482422,21.280000686645508,15934800,2024-10-23,2,23,10,2.7619043986002607,-1.315792657944909,2.4694707721803435,2.7253184133085275,21.292000198364256,21.043999862670898,19.71550006866455
20.90999984741211,20.90999984741211,21.25,20.610000610351562,21.049999237060547,15605400,2024-10-24,3,24,10,3.0607335931073476,-0.6650802599648323,2.567837809971353,2.648850963402025,21.19200019836426,21.095999908447265,19.827000045776366
20.90999984741211,20.90999984741211,21.059999465942383,20.739999771118164,20.979999542236328,16284000,2024-10-25,4,25,10,1.5303667965536738,-0.3336496489587495,2.5268184445826383,2.5816238893281196,21.110000228881837,21.1439998626709,19.945499992370607
21.920000076293945,21.920000076293945,22.389999389648438,21.549999237060547,21.719999313354492,32073400,2024-10-28,0,28,10,3.8321174710958807,0.920813854798251,2.9642960150916347,2.7372250413562327,21.238000106811523,21.314999961853026,20.117500019073486
22.100000381469727,22.100000381469727,22.350000381469727,21.43000030517578,21.469999313354492,27969800,2024-10-29,1,29,10,4.162896200967224,2.934332036626425,3.0696036920648773,2.670916496720691,21.368000030517578,21.370000076293945,20.32150001525879
22.15999984741211,22.15999984741211,22.299999237060547,21.719999313354492,21.920000076293945,23747300,2024-10-30,2,30,10,2.6173281935910673,1.0948894629691135,3.0406884510630388,2.7550796116216913,21.6,21.44600009918213,20.54400005340576
22.0,22.0,23.049999237060547,21.90999984741211,22.489999771118164,32433300,2024-10-31,3,31,10,5.1818154074928975,-2.1787451138502263,3.464904813940149,3.016371311955751,21.818000030517577,21.505000114440918,20.77700004577637
21.899999618530273,21.899999618530273,22.149999618530273,21.75,22.0,23499000,2024-11-01,4,1,11,1.8264823082089063,-0.4545471884987571,3.5241279162711954,3.025473180426917,22.01599998474121,21.563000106811522,20.971000003814698
21.90999984741211,21.90999984741211,22.209999084472656,21.549999237060547,21.799999237060547,16784900,2024-11-04,0,4,11,3.012322464667041,0.50458997340036,3.3601689149854272,3.1622324650385307,22.013999938964844,21.626000022888185,21.165999984741212
22.450000762939453,22.450000762939453,22.670000076293945,21.940000534057617,21.940000534057617,17652300,2024-11-05,1,5,11,3.2516682290782555,2.3245224086943796,3.1779233206076336,3.1237635063362554,22.084000015258788,21.726000022888183,21.344999980926513
24.229999542236328,24.229999542236328,24.34000015258789,23.510000228881836,23.6299991607666,48011000,2024-11-06,2,6,11,3.4255053214476834,2.539146858988976,3.3395587461789566,3.1901235986209975,22.497999954223634,22.048999977111816,21.546499919891357
23.68000030517578,23.68000030517578,24.190000534057617,23.68000030517578,23.829999923706055,24617800,2024-11-07,3,7,11,2.1537171550220133,-0.6294570667667271,2.7339390956847796,3.099421954812464,22.834000015258788,22.326000022888184,21.710999965667725
24.06999969482422,24.06999969482422,24.40999984741211,23.670000076293945,23.700000762939453,18979500,2024-11-08,4,8,11,3.0743655193202453,1.5611768775271362,2.9835157379070476,3.2538218270891215,23.268000030517577,22.642000007629395,21.892999935150147
24.600000381469727,24.600000381469727,24.729999542236328,24.010000228881836,24.5,20466800,2024-11-11,0,11,11,2.926826431664778,0.40816482232541457,2.966416531306595,3.163292723146011,23.8060001373291,22.910000038146972,22.1125
24.59000015258789,24.59000015258789,24.780000686645508,24.209999084472656,24.219999313354492,18197400,2024-11-12,1,12,11,2.318021954598742,1.5276665967095477,2.7796872764106926,2.978805298509163,24.23400001525879,23.15900001525879,22.264500045776366
24.549999237060547,24.549999237060547,24.829999923706055,24.31999969482422,24.579999923706055,17563900,2024-11-13,2,13,11,2.0773940722244193,-0.12205324141019953,2.5100650265660396,2.924811886372498,24.297999954223634,23.397999954223632,22.422000026702882
24.309999465942383,24.309999465942383,24.989999771118164,24.260000228881836,24.56999969482422,20945300,2024-11-14,3,14,11,3.0028776564106336,-1.0582020028946364,2.6798971268437635,2.7069181112642715,24.423999786376953,23.62899990081787,22.567000007629396
24.309999465942383,24.309999465942383,24.40999984741211,23.920000076293945,24.010000228881836,18241900,2024-11-15,4,15,11,2.0156305301636874,1.2494761940888082,2.468150129012452,2.72583293345975,24.471999740600587,23.869999885559082,22.716499996185302
24.510000228881836,24.510000228881836,24.639999389648438,23.950000762939453,24.219999313354492,24142300,2024-11-18,0,18,11,2.81517184930872,1.1973613697315104,2.445819212541241,2.706117871923918,24.453999710083007,24.129999923706055,22.87799997329712
25.1299991607666,25.1299991607666,25.219999313354492,23.860000610351562,24.0,27670700,2024-11-19,1,19,11,5.411853356231638,4.708329836527506,3.0645854928678196,2.9221363846392565,24.56199951171875,24.39799976348877,23.061999893188478
25.079999923706055,25.079999923706055,25.450000762939453,24.889999389648438,25.18000030517578,14496000,2024-11-20,2,20,11,2.2328603468682333,-0.3971420979259137,3.0956787477965824,2.802871887181311,24.66799964904785,24.482999801635742,23.26599988937378
25.350000381469727,25.350000381469727,25.600000381469727,25.0,25.1299991607666,19109500,2024-11-21,3,21,11,2.366865374520125,0.875452558894609,2.968476291418481,2.824186709131122,24.87599983215332,24.649999809265136,23.48799991607666
24.899999618530273,24.899999618530273,25.579999923706055,24.850000381469727,25.350000381469727,32540400,2024-11-22,4,22,11,2.9317251141364333,-1.7751509119044964,3.15169520821303,2.809922668612741,24.993999862670897,24.732999801635742,23.687499904632567
25.190000534057617,25.190000534057617,25.440000534057617,25.049999237060547,25.200000762939453,24680900,2024-11-25,0,25,11,1.5482385419951745,-0.03968344674236217,2.8983085467503207,2.6720638796457807,25.129999923706055,24.79199981689453,23.850999927520753
25.34000015258789,25.34000015258789,25.799999237060547,24.969999313354492,25.079999923706055,20993100,2024-11-26,1,26,11,3.275453507135396,1.0366835313906009,2.4710285769310723,2.767807034899446,25.172000122070312,24.86699981689453,24.01299991607666
25.139999389648438,25.139999389648438,25.520000457763672,25.139999389648438,25.350000381469727,9131300,2024-11-27,2,27,11,1.5115396871159128,-0.8284062669079683,2.3267644449806086,2.7112215963885955,25.18400001525879,24.92599983215332,24.161999893188476
25.43000030517578,25.43000030517578,25.579999923706055,25.260000228881836,25.270000457763672,8047700,2024-11-29,4,29,11,1.2583550569564446,0.6331612366985645,2.105062381467872,2.5367693364431765,25.2,25.03799991607666,24.333499908447266
25.989999771118164,25.989999771118164,26.65999984741211,25.6299991607666,25.670000076293945,21179700,2024-12-02,0,2,12,3.9630653932906683,1.2465901592253446,2.3113304372987193,2.731512822755875,25.41800003051758,25.20599994659424,24.53799991607666
26.110000610351562,26.110000610351562,26.56999969482422,25.93000030517578,26.09000015258789,19172800,2024-12-03,1,3,12,2.451165739899307,0.07665947737331849,2.4919158768795455,2.695112211814933,25.602000045776368,25.36599998474121,24.747999954223634
26.780000686645508,26.780000686645508,26.790000915527344,26.260000228881836,26.260000228881836,19191500,2024-12-04,2,4,12,1.9790913855719405,1.9801997457401157,2.2326434525668546,2.351836014748964,25.89000015258789,25.5310001373291,24.964499950408936
26.450000762939453,26.450000762939453,27.170000076293945,26.420000076293945,26.989999771118164,21657700,2024-12-05,3,5,12,2.8355386705729937,-2.000737357384347,2.4974432492582705,2.4121038471194396,26.152000427246094,25.66800022125244,25.075500011444092
26.610000610351562,26.610000610351562,26.649999618530273,25.889999389648438,26.489999771118164,18633200,2024-12-06,4,6,12,2.8560699415624518,0.45300430453092866,2.8169862261794725,2.4610243038236725,26.38800048828125,25.794000244140626,25.22200002670288
25.389999389648438,25.389999389648438,26.600000381469727,25.329999923706055,26.559999465942383,19616000,2024-12-09,0,9,12,5.001971202415445,-4.40512085775538,3.0247673880044275,2.6680489126515736,26.268000411987305,25.843000221252442,25.28800001144409
25.829999923706055,25.829999923706055,26.360000610351562,25.639999389648438,25.959999084472656,18652700,2024-12-10,1,10,12,2.787461180138556,-0.5007672008908406,3.0920264760522778,2.7919711764659114,26.2120002746582,25.907000160217287,25.34949998855591
26.610000610351562,26.610000610351562,26.6200008392334,25.93000030517578,25.93000030517578,15172100,2024-12-11,2,11,12,2.5930120940666193,2.622446190407677,3.2148106177512132,2.723727035159034,26.178000259399415,26.034000205993653,25.450500011444092
26.18000030517578,26.18000030517578,26.780000686645508,26.18000030517578,26.5,15743800,2024-12-12,3,12,12,2.2918272516257634,-1.2075460182045992,3.1060683339617667,2.801755791610019,26.12400016784668,26.138000297546387,25.532000064849854
25.899999618530273,25.899999618530273,26.40999984741211,25.780000686645508,26.290000915527344,13799100,2024-12-13,4,13,12,2.4324292279752227,-1.4834586664724252,3.021340191244321,2.919163208711897,25.981999969482423,26.185000228881837,25.61150007247925
25.90999984741211,25.90999984741211,26.459999084472656,25.850000381469727,26.280000686645508,15710900,2024-12-16,0,16,12,2.354298365863774,-1.4079179207229575,2.491805623933987,2.758286505969207,26.086000061035158,26.17700023651123,25.691500091552733
25.719999313354492,25.719999313354492,25.989999771118164,25.399999618530273,25.8700008392334,17328000,2024-12-17,1,17,12,2.2939353356885483,-0.5798280673088344,2.393100455043985,2.7425634655481312,26.063999938964844,26.138000106811525,25.752000045776366
24.81999969482422,24.81999969482422,26.190000534057617,24.549999237060547,26.110000610351562,21896700,2024-12-18,2,18,12,6.607579843520563,-4.940639162665934,3.1960140049347743,3.205412311342994,25.705999755859374,25.942000007629396,25.73650007247925
25.18000030517578,25.18000030517578,25.450000762939453,24.770000457763672,25.0,21381700,2024-12-19,3,19,12,2.700557176069638,0.720001220703125,3.2777599898235494,3.191914161892658,25.505999755859374,25.814999961853026,25.741500091552734
26.799999237060547,26.799999237060547,27.139999389648438,25.440000534057617,25.780000686645508,61015000,2024-12-20,4,20,12,6.343279492485829,3.9565497410689217,4.059930042725671,3.5406351169849954,25.68599967956543,25.833999824523925,25.814000034332274
25.729999542236328,25.729999542236328,26.540000915527344,25.260000228881836,26.520000457763672,35169600,2024-12-23,0,23,12,4.97474041748178,-2.97888726203273,4.584018453049272,3.537912038491629,25.649999618530273,25.867999839782716,25.85550003051758
25.790000915527344,25.790000915527344,26.049999237060547,25.420000076293945,26.0,10234900,2024-12-24,1,24,12,2.442803948825372,-0.8076887864332933,4.613792175676637,3.5034463153603106,25.663999938964842,25.863999938964845,25.885500049591066
25.65999984741211,25.65999984741211,25.829999923706055,25.3700008392334,25.479999542236328,12363700,2024-12-26,3,26,12,1.7926698644117434,0.7064376311208638,3.650810179854872,3.4234120923948232,25.83199996948242,25.7689998626709,25.901500034332276
25.079999923706055,25.079999923706055,25.540000915527344,24.889999389648438,25.40999984741211,14967400,2024-12-27,4,27,12,2.591712631005686,-1.298701006248387,3.6290412708420825,3.4534006303328155,25.811999893188478,25.658999824523924,25.898500061035158
25.049999237060547,25.049999237060547,25.350000381469727,24.309999465942383,24.540000915527344,15497600,2024-12-30,0,30,12,4.15170038803315,2.078232691550182,3.1907254499515463,3.625327746338608,25.461999893188477,25.57399978637695,25.879500007629396
24.920000076293945,24.920000076293945,25.3799991607666,24.860000610351562,24.860000610351562,10363500,2024-12-31,1,31,12,2.086671544233688,0.24134941459896578,2.6131116753019277,3.5985650641755997,25.3,25.474999809265135,25.826000022888184
25.010000228881836,25.010000228881836,25.399999618530273,24.600000381469727,25.1299991607666,26418700,2025-01-02,3,2,1,3.198717431984261,-0.47751267764509153,2.7642943719337056,3.6890432738051713,25.1439998626709,25.403999900817873,25.7710000038147
24.3799991607666,24.3799991607666,25.100000381469727,23.93000030517578,25.030000686645508,20575500,2025-01-03,4,3,1,4.799016064679618,-2.59688976447255,3.365563611987281,3.5081868959210767,24.887999725341796,25.35999984741211,25.65099992752075
24.1299991607666,24.1299991607666,24.739999771118164,24.059999465942383,24.649999618530273,20057300,2025-01-06,0,6,1,2.818070156759085,-2.1095353582592726,3.4108351171379603,3.519938193990021,24.697999572753908,25.254999732971193,25.53499984741211
23.84000015258789,23.84000015258789,24.170000076293945,23.270000457763672,24.079999923706055,23142500,2025-01-07,1,7,1,3.775166160947261,-0.9966767935156483,3.335528271720783,3.2631268608361643,24.455999755859374,24.958999824523925,25.396499824523925
24.18000030517578,24.18000030517578,24.270000457763672,23.399999618530273,23.510000228881836,18531000,2025-01-08,2,8,1,3.5980183137018935,2.849851423952161,3.6377976256144238,3.1254546504581757,24.30799980163574,24.80399990081787,25.33599987030029
24.270000457763672,24.270000457763672,24.520000457763672,23.34000015258789,23.549999237060547,20698600,2025-01-10,4,10,1,4.861970675399447,3.057330123264131,3.9704482742974605,3.367371323115583,24.15999984741211,24.651999855041502,25.257999897003174
23.889999389648438,23.889999389648438,24.18000030517578,23.559999465942383,23.729999542236328,16174100,2025-01-13,0,13,1,2.595231708134934,0.6742513716754623,3.5296914029885245,3.4476275074879026,24.061999893188478,24.474999809265135,25.12199983596802
24.510000228881836,24.510000228881836,24.59000015258789,23.829999923706055,24.079999923706055,16470100,2025-01-14,1,14,1,3.100776098672879,1.7857155587133478,3.586232591371283,3.498533854254622,24.138000106811525,24.417999839782716,25.03849983215332
24.940000534057617,24.940000534057617,25.280000686645508,24.670000076293945,25.219999313354492,27603600,2025-01-15,2,15,1,2.4458724831162555,-1.1102251662180262,3.3203738558050815,3.3279510637629324,24.358000183105467,24.40699996948242,24.990499877929686
25.049999237060547,25.049999237060547,25.110000610351562,24.59000015258789,24.90999984741211,14694700,2025-01-16,3,16,1,2.075850194016575,0.5620208370373876,3.015940231868018,3.326868928741221,24.53199996948242,24.419999885559083,24.94749984741211
25.850000381469727,25.850000381469727,26.110000610351562,25.170000076293945,25.200000762939453,21345400,2025-01-17,4,17,1,3.636365648688523,2.579363487505126,2.770819226525833,3.370633750411647,24.84799995422363,24.50399990081787,24.95399990081787
25.600000381469727,25.600000381469727,26.770000457763672,25.530000686645508,26.440000534057617,30257400,2025-01-21,1,21,1,4.843749033752844,-3.177005051516086,3.2205226916494154,3.375107047318969,25.190000152587892,24.626000022888185,24.992999935150145
25.25,25.25,25.920000076293945,25.110000610351562,25.8700008392334,16706300,2025-01-22,2,22,1,3.2079186769995363,-2.396601542792106,3.2419512073147465,3.4140918993430147,25.338000106811524,24.738000106811523,24.996499919891356
25.610000610351562,25.610000610351562,25.649999618530273,24.950000762939453,25.25,15381900,2025-01-23,3,23,1,2.7333027680908404,1.4257449914913365,3.299437264309664,3.3099055600573726,25.472000122070312,24.91500015258789,24.936999988555907
25.420000076293945,25.420000076293945,25.739999771118164,25.350000381469727,25.520000457763672,17631700,2025-01-24,4,24,1,1.5342226139965325,-0.39185101753908685,3.191111748305655,3.1035259900868364,25.546000289916993,25.03900012969971,24.92150001525879
25.68000030517578,25.68000030517578,25.8700008392334,24.8799991607666,25.010000228881836,17600300,2025-01-27,0,27,1,3.855146677187784,2.67892870916579,3.2348679540055074,3.0028435902656705,25.512000274658202,25.18000011444092,24.915999984741212
27.770000457763672,27.770000457763672,27.81999969482422,25.760000228881836,25.790000915527344,37778500,2025-01-28,1,28,1,7.418075016150991,7.677392291383104,3.749733150485137,3.4851279210672756,25.94600028991699,25.56800022125244,25.021500015258788
27.90999984741211,27.90999984741211,28.1200008392334,27.3700008392334,27.770000457763672,39258100,2025-01-29,2,29,1,2.6872089003953974,0.5041389533333545,3.6455911951643087,3.443771201239528,26.478000259399415,25.908000183105468,25.16300001144409
28.489999771118164,28.489999771118164,28.5,28.010000228881836,28.15999984741211,19956000,2025-01-30,3,30,1,1.7199009303429447,1.1718747354197216,3.4429108276147296,3.3711740459621966,27.054000091552734,26.263000106811525,25.335000038146973
27.670000076293945,27.670000076293945,28.719999313354492,27.600000381469727,28.530000686645508,18005900,2025-01-31,4,31,1,4.047701224418557,-3.0143729044987957,3.9456065496991344,3.568359149002395,27.504000091552733,26.525000190734865,25.472500038146972
27.049999237060547,27.049999237060547,27.530000686645508,26.270000457763672,26.520000457763672,18261600,2025-02-03,0,3,2,4.658041642957018,1.998487066925065,4.106185542852981,3.670526748429244,27.777999877929688,26.645000076293947,25.574499988555907
27.09000015258789,27.09000015258789,27.34000015258789,26.610000610351562,27.18000030517578,18287100,2025-02-04,1,4,2,2.69471959440573,-0.3311263854943822,3.1615144585039294,3.4556238044945333,27.641999816894533,26.79400005340576,25.710000038146973
27.190000534057617,27.190000534057617,27.59000015258789,26.739999771118164,27.290000915527344,13072200,2025-02-05,2,5,2,3.1261506611779364,-0.3664359769692378,3.249302810660437,3.447447002912373,27.497999954223634,26.988000106811523,25.863000106811523
27.440000534057617,27.440000534057617,27.56999969482422,26.940000534057617,27.280000686645508,14071200,2025-02-06,3,6,2,2.295915264231382,0.5865096898272248,3.3645056774381246,3.4037082525264273,27.288000106811523,27.17100009918213,26.04300012588501
26.75,26.75,27.81999969482422,26.670000076293945,27.540000915527344,15149200,2025-02-07,4,7,2,4.299063994505695,-2.868558058333008,3.4147782314555526,3.6801923905773437,27.104000091552734,27.304000091552734,26.17150011062622
26.100000381469727,26.100000381469727,26.93000030517578,26.010000228881836,26.75,14713100,2025-02-10,0,10,2,3.5249044553544135,-2.4299051160010223,3.1881507939350313,3.647168168394007,26.91400032043457,27.346000099182127,26.263000106811525
25.610000610351562,25.610000610351562,25.850000381469727,25.329999923706055,25.799999237060547,14040800,2025-02-11,1,11,2,2.0304585918419997,-0.7364288074708926,3.0552985934222856,3.1084065259631073,26.618000411987303,27.130000114440918,26.34900016784668
25.889999389648438,25.889999389648438,25.899999618530273,25.059999465942383,25.200000762939453,13942600,2025-02-12,2,12,2,3.244496610238418,2.738089705631023,3.078967783234382,3.1641352969474097,26.358000183105467,26.928000068664552,26.41800012588501
25.860000610351562,25.860000610351562,26.34000015258789,25.3799991607666,25.989999771118164,14560100,2025-02-13,3,13,2,3.712300731489573,-0.5001891570274862,3.3622448766860202,3.3633752770620724,26.042000198364256,26.66500015258789,26.464000129699706
26.229999542236328,26.229999542236328,26.25,25.479999542236328,25.979999542236328,12164800,2025-02-14,4,14,2,2.9355717544859052,0.9622786928597471,3.0895464286820618,3.252162330068807,25.938000106811522,26.521000099182128,26.523000144958495
25.729999542236328,25.729999542236328,26.389999389648438,25.3799991607666,26.149999618530273,22472200,2025-02-18,1,18,2,3.925379894484256,-1.6061188620298377,3.1696415165080305,3.1788961552215307,25.863999938964845,26.389000129699706,26.517000102996825
26.09000015258789,26.09000015258789,26.100000381469727,25.200000762939453,25.530000686645508,13325400,2025-02-19,2,19,2,3.4495960646477872,2.193495694793745,3.4534690110691875,3.2543838022457363,25.95999984741211,26.28900012969971,26.541500091552734
24.559999465942383,24.559999465942383,25.68000030517578,23.420000076293945,25.59000015258789,52245800,2025-02-20,3,20,2,9.201955529420115,-4.025012428698031,4.644960794905527,3.8619642890699546,25.6939998626709,26.026000022888184,26.507000064849855
23.219999313354492,23.219999313354492,24.700000762939453,22.81999969482422,24.700000762939453,31226400,2025-02-21,4,21,2,8.096473400987533,-5.991908517693631,5.521795328805119,4.442020102745569,25.165999603271484,25.603999900817872,26.3875
23.6299991607666,23.6299991607666,24.049999237060547,23.260000228881836,23.719999313354492,21830700,2025-02-24,0,24,2,3.3432037081506265,-0.3794272984536725,5.603321719538064,4.346434074110062,24.64599952697754,25.29199981689453,26.297999954223634
23.739999771118164,23.739999771118164,24.110000610351562,23.309999465942383,24.079999923706055,19622200,2025-02-25,1,25,2,3.3698447856872047,-1.411960771034598,5.492214697778652,4.330928107143341,24.247999572753905,25.055999755859375,26.20099992752075
24.1200008392334,24.1200008392334,24.600000381469727,23.81999969482422,24.079999923706055,12983300,2025-02-26,2,26,2,3.2338335800418587,0.16611675936080056,5.449062200857467,4.451265605963327,23.85399971008301,24.906999778747558,26.01849994659424
23.5,23.5,24.56999969482422,23.229999542236328,24.40999984741211,18890600,2025-02-27,3,27,2,5.702128308884641,-3.7279797341276324,4.749096756750373,4.69702877582795,23.641999816894533,24.667999839782716,25.797999954223634
23.93000030517578,23.93000030517578,23.950000762939453,23.280000686645508,23.549999237060547,16216900,2025-02-28,4,28,2,2.799833128915724,1.6135926981994466,3.6897687023360106,4.605782015570565,23.78400001525879,24.474999809265135,25.569999980926514
23.260000228881836,23.260000228881836,24.469999313354492,23.020000457763672,23.81999969482422,18349000,2025-03-03,0,3,3,6.233872920561554,-2.350963363211392,4.267902544818196,4.9356121321781306,23.710000228881835,24.177999877929686,25.34949998855591
21.90999984741211,21.90999984741211,22.649999618530273,21.440000534057617,22.530000686645508,44502500,2025-03-04,1,4,3,5.522588283429745,-2.7518900148143333,4.698451244366705,5.095332971072679,23.344000244140624,23.795999908447264,25.092500019073487
22.34000015258789,22.34000015258789,22.3700008392334,21.729999542236328,22.049999237060547,28569300,2025-03-05,2,5,3,2.864822258843771,1.315196941321996,4.624648980127087,5.036855590492277,22.988000106811523,23.420999908447264,24.855000019073486
20.8700008392334,20.8700008392334,21.8700008392334,20.799999237060547,21.559999465942383,26983500,2025-03-06,3,6,3,5.126983992072303,-3.20036476716501,4.50962011676462,4.629358436757496,22.4620002746582,23.052000045776367,24.539000034332275
20.639999389648438,20.639999389648438,20.860000610351562,19.829999923706055,20.860000610351562,34604900,2025-03-07,4,7,3,4.990313551860293,-1.0546558689646042,4.947716201353534,4.318742451844773,21.804000091552734,22.79400005340576,24.198999977111818
19.079999923706055,19.079999923706055,20.0,18.65999984741211,19.959999084472656,41514100,2025-03-10,0,10,3,7.023061624455249,-4.408813632918316,5.105553942132272,4.686728243475234,20.96800003051758,22.339000129699706,23.81549997329712
19.100000381469727,19.100000381469727,19.200000762939453,18.15999984741211,18.889999389648438,46610200,2025-03-11,1,11,3,5.4450308625979025,1.1117045982350209,5.090042457965903,4.894246851166304,20.4060001373291,21.875000190734863,23.46549997329712
19.5,19.5,19.950000762939453,19.219999313354492,19.440000534057617,30901500,2025-03-12,2,12,3,3.743597177358774,0.30863921961970964,5.265797441668904,4.945223210897995,19.838000106811524,21.413000106811523,23.159999942779542
19.1200008392334,19.1200008392334,19.790000915527344,18.780000686645508,19.520000457763672,28369700,2025-03-13,3,13,3,5.282427743462019,-2.0491783255629072,5.2968861919468475,4.903253154355734,19.488000106811523,20.975000190734864,22.82150001525879
19.920000076293945,19.920000076293945,19.940000534057617,19.25,19.40999984741211,22467900,2025-03-14,4,14,3,3.4638580894322453,2.627512791814025,4.991595099461238,4.969655650407385,19.344000244140624,20.57400016784668,22.52449998855591
20.889999389648438,20.889999389648438,21.020000457763672,20.25,20.270000457763672,27688100,2025-03-17,0,17,3,3.6859764493110903,3.0587021109182957,4.324178064432407,4.7148660032823395,19.706000137329102,20.33700008392334,22.257499980926514
20.1200008392334,20.1200008392334,20.739999771118164,19.860000610351562,20.59000015258789,26922300,2025-03-18,1,18,3,4.373753101692866,-2.2826581343925803,4.1099225122514,4.599982485108651,19.910000228881835,20.158000183105468,21.977000045776368
21.049999237060547,21.049999237060547,21.3700008392334,20.270000457763672,20.299999237060547,31084000,2025-03-19,2,19,3,5.225655208258013,3.6945814196424593,4.406334118431246,4.836065780050076,20.220000076293946,20.029000091552735,21.725
21.200000762939453,21.200000762939453,21.559999465942383,20.729999542236328,20.739999771118164,29910600,2025-03-20,3,20,3,3.9150938388502787,2.217941161512794,4.132867337508898,4.714876764727873,20.636000061035155,20.06200008392334,21.557000064849852
20.940000534057617,20.940000534057617,21.530000686645508,19.81999969482422,20.389999389648438,59554700,2025-03-21,4,21,3,8.166193639967096,2.6974063799550843,5.073334447615869,5.032464773538553,20.84000015258789,20.092000198364257,21.44300012588501
21.440000534057617,21.440000534057617,21.75,21.049999237060547,21.530000686645508,21696800,2025-03-24,0,24,3,3.2649288502931526,-0.418022060926897,4.989124927812282,4.656651496122344,20.950000381469728,20.328000259399413,21.33350019454956
21.260000228881836,21.260000228881836,21.780000686645508,21.049999237060547,21.56999969482422,18816800,2025-03-25,1,25,3,3.433685050450986,-1.437178814688477,4.8011113175639055,4.455516914907652,21.178000259399415,20.544000244140626,21.209500217437743
20.93000030517578,20.93000030517578,21.389999389648438,20.75,21.170000076293945,15994700,2025-03-26,2,26,3,3.0578087927221484,-1.1336786502278502,4.367542034456733,4.38693807644399,21.15400047302246,20.687000274658203,21.050000190734863
20.780000686645508,20.780000686645508,21.170000076293945,20.530000686645508,20.75,14326900,2025-03-27,3,27,3,3.0798814653540414,0.14458162238798947,4.200499559757485,4.166683448633192,21.070000457763673,20.853000259399415,20.914000225067138
19.8700008392334,19.8700008392334,20.700000762939453,19.65999984741211,20.700000762939453,18880900,2025-03-28,4,28,3,5.234025523913707,-4.009661319395008,3.614065936546807,4.343700192081338,20.85600051879883,20.84800033569336,20.71100025177002
19.530000686645508,19.530000686645508,19.68000030517578,18.770000457763672,19.15999984741211,25028400,2025-03-31,0,31,3,4.659497262764367,1.9311108673279738,3.89297961904105,4.441052273426665,20.474000549316408,20.712000465393068,20.5245002746582
19.389999389648438,19.389999389648438,19.670000076293945,18.860000610351562,19.600000381469727,20870100,2025-04-01,1,1,4,4.177408413817743,-1.0714336108882359,4.041724291714401,4.4214178046391535,20.100000381469727,20.63900032043457,20.39850025177002
20.020000457763672,20.020000457763672,20.049999237060547,19.030000686645508,19.030000686645508,20897000,2025-04-02,2,2,4,5.094897737724516,5.202310748274992,4.449142080714875,4.408342057585804,19.918000411987304,20.536000442504882,20.28250026702881
17.280000686645508,17.280000686645508,18.450000762939453,17.25,18.40999984741211,46293300,2025-04-03,3,3,4,6.944448583655722,-6.137963987682734,5.222055504375211,4.711277532066348,19.218000411987305,20.144000434875487,20.103000259399415
16.5,16.5,16.739999771118164,15.609999656677246,16.489999771118164,39839300,2025-04-04,4,4,4,6.84848554206617,0.06064420267216193,5.544947508005704,4.579506722276255,18.544000244140626,19.700000381469728,19.89600028991699
16.43000030517578,16.43000030517578,17.450000762939453,15.069999694824219,15.329999923706055,41421800,2025-04-07,0,7,4,14.485703127865957,7.175475452995303,7.5101886810260226,5.701584150033535,17.92400016784668,19.199000358581543,19.76350030899048
16.690000534057617,16.690000534057617,18.0,16.34000015258789,17.780000686645508,42041100,2025-04-08,1,8,4,9.946074261799534,-6.130484310985351,8.66392185062238,6.35282307116839,17.384000396728517,18.742000389099122,19.643000316619872
19.610000610351562,19.610000610351562,19.979999542236328,16.610000610351562,16.770000457763672,66939000,2025-04-09,2,9,4,17.185103656273416,16.93500342913296,11.081963034332158,7.765552557523518,17.302000427246092,18.6100004196167,19.64850034713745
17.600000381469727,17.600000381469727,18.600000381469727,17.079999923706055,18.31999969482422,47116900,2025-04-10,3,10,4,8.636366050105398,-3.930127321770136,11.420346527622096,8.321201015998652,17.366000366210937,18.292000389099123,19.57250032424927
17.639999389648438,17.639999389648438,17.81999969482422,17.100000381469727,17.520000457763672,18749000,2025-04-11,4,11,4,4.081628901739104,0.6849253924053995,10.86697519955668,8.205961353781193,17.594000244140624,18.069000244140625,19.45850028991699
17.81999969482422,17.81999969482422,18.3799991607666,17.420000076293945,18.280000686645508,21774700,2025-04-14,0,14,4,5.387200341824282,-2.5164167097506933,9.047274642348347,8.278731661687186,17.87200012207031,17.898000144958495,19.30500030517578
18.0,18.0,18.030000686645508,17.59000015258789,17.920000076293945,22760900,2025-04-15,1,15,4,2.4444474114312067,0.44642814378045226,7.546949272274681,8.10543556144853,18.13400001525879,17.75900020599365,19.19900026321411
17.8700008392334,17.8700008392334,18.25,17.520000457763672,17.850000381469727,21109300,2025-04-16,2,16,4,4.085056004214739,0.11204738003498622,4.926939741862946,8.004451388097554,17.786000061035157,17.544000244140626,19.040000343322752
17.989999771118164,17.989999771118164,18.219999313354492,17.690000534057617,17.889999389648438,17701900,2025-04-17,3,17,4,2.94607440822626,0.5589736438313635,3.7888814134871183,7.604613970554607,17.863999938964845,17.61500015258789,18.879500293731688
17.239999771118164,17.239999771118164,17.84000015258789,17.049999237060547,17.59000015258789,18735400,2025-04-21,0,21,4,4.582371960647104,-1.9897690644319497,3.889030025268718,7.3780026124127005,17.78400001525879,17.689000129699707,18.694500255584718
17.979999542236328,17.979999542236328,17.989999771118164,17.469999313354492,17.549999237060547,18510400,2025-04-22,1,22,4,2.892104955521011,2.4501442955492805,3.3900109480080642,6.218642795178206,17.81599998474121,17.84400005340576,18.521500205993654
18.479999542236328,18.479999542236328,19.520000457763672,18.399999618530273,18.8799991607666,21605300,2025-04-23,2,23,4,6.060610752038272,-2.1186421414757723,4.113243616129478,5.83009644420208,17.911999893188476,18.022999954223632,18.382500171661377
18.700000762939453,18.700000762939453,18.799999237060547,18.309999465942383,18.43000030517578,17254700,2025-04-24,3,24,4,2.6203195247417788,1.4650051725058648,3.8202963202348856,4.373618031048915,18.077999877929688,17.931999969482423,18.27100019454956
18.600000381469727,18.600000381469727,18.8799991607666,18.389999389648438,18.700000762939453,14859300,2025-04-25,4,25,4,2.6344073175736433,-0.5347613764161553,3.7579629021043623,3.77342215779574,18.2,18.03199996948242,18.16200017929077
18.860000610351562,18.860000610351562,19.329999923706055,18.729999542236328,18.84000015258789,18025400,2025-04-28,0,28,4,3.181338080871579,0.10615954141021905,3.477756126149257,3.683393075708987,18.52400016784668,18.154000091552735,18.11150016784668
18.709999084472656,18.709999084472656,19.219999313354492,18.309999465942383,19.170000076293945,30363300,2025-04-29,1,29,4,4.863708668843892,-2.399587845542769,3.8720768688138336,3.6310439084109483,18.670000076293945,18.243000030517578,18.070500087738036
18.34000015258789,18.34000015258789,18.350000381469727,17.329999923706055,17.790000915527344,31787800,2025-04-30,2,30,4,5.5616164082732755,3.0916200604604827,3.772278000060834,3.942760808095156,18.642000198364258,18.27700004577637,18.01800012588501
18.6299991607666,18.6299991607666,18.799999237060547,18.510000228881836,18.68000030517578,20649000,2025-05-01,3,1,5,1.5566238391970912,-0.26767207490529626,3.5595388629518965,3.689917591593391,18.62799987792969,18.352999877929687,17.948500061035155
19.56999969482422,19.56999969482422,19.639999389648438,19.020000457763672,19.040000915527344,27621700,2025-05-02,4,2,5,3.1681090523917583,2.7836069002741213,3.666279209915519,3.71212105600994,18.821999740600585,18.510999870300292,18.063000011444093
19.559999465942383,19.559999465942383,19.889999389648438,19.059999465942383,19.1200008392334,16771300,2025-05-05,0,5,5,4.243353509038892,2.3012479466325475,3.8786822955489817,3.6782192108491194,18.96199951171875,18.742999839782716,18.21599998474121
19.530000686645508,19.530000686645508,19.719999313354492,19.219999313354492,19.219999313354492,15400400,2025-05-06,1,6,5,2.5601637604749135,1.6129104285431457,3.4179733138751858,3.645025091344509,19.12599983215332,18.897999954223632,18.371000003814697
19.690000534057617,19.690000534057617,20.010000228881836,19.440000534057617,19.709999084472656,23037000,2025-05-07,2,7,5,2.894868864215089,-0.10146398449502579,2.8846238050635487,3.3284509025621913,19.395999908447266,19.01900005340576,18.5210000038147
20.25,20.25,20.5,19.899999618530273,19.979999542236328,30449300,2025-05-08,3,8,5,2.9629648467640815,1.3513536734218121,3.165892006576947,3.3627154347644215,19.720000076293946,19.173999977111816,18.55299997329712
20.190000534057617,20.190000534057617,20.3700008392334,19.920000076293945,20.229999542236328,17379300,2025-05-09,4,9,5,2.228829871402761,-0.19772125103216506,2.9780361703791476,3.3221576901473333,19.844000244140624,19.332999992370606,18.682499980926515
22.1299991607666,22.1299991607666,22.360000610351562,21.549999237060547,21.59000015258789,43025800,2025-05-12,0,12,5,3.6601961319864618,2.5011533319233616,2.8614046949686616,3.370043495258822,20.358000183105467,19.65999984741211,18.90699996948242
22.739999771118164,22.739999771118164,22.780000686645508,21.979999542236328,22.219999313354492,27784500,2025-05-13,1,13,5,3.5180349712459225,2.340236155863179,3.0529789371228633,3.235476125499025,21.0,20.06299991607666,19.15299997329712
22.989999771118164,22.989999771118164,23.229999542236328,22.700000762939453,22.719999313354492,28264100,2025-05-14,2,14,5,2.305344865477993,1.1883823324104128,2.9350741373754436,2.909848971219496,21.65999984741211,20.527999877929688,19.402499961853028
23.0,23.0,23.110000610351562,22.5,22.75,25853400,2025-05-15,3,15,5,2.652176566745924,1.098901098901099,2.8729164813718127,3.0194042439743796,22.20999984741211,20.964999961853028,19.658999919891357
23.389999389648438,23.389999389648438,23.459999084472656,23.049999237060547,23.260000228881836,18741000,2025-05-16,4,16,5,1.7528852420302345,0.5588957845545599,2.7777275554973073,2.877881862938227,22.849999618530273,21.34699993133545,19.92899990081787
23.389999389648438,23.389999389648438,23.40999984741211,22.75,22.979999542236328,19197100,2025-05-19,0,19,5,2.821718104465626,1.7841595107891361,2.6100319499931404,2.7357183224809005,23.10199966430664,21.729999923706053,20.236499881744386
22.899999618530273,22.899999618530273,23.09000015258789,22.600000381469727,22.969999313354492,18785200,2025-05-20,1,20,5,2.139737027426258,-0.30474400050818345,2.334372361229207,2.6936756491760354,23.133999633789063,22.06699981689453,20.482499885559083
22.040000915527344,22.040000915527344,22.600000381469727,21.84000015258789,22.530000686645508,22318800,2025-05-21,2,21,5,3.4482767573136086,-2.1748768583420763,2.56295873959633,2.7490164384858873,22.9439998626709,22.301999855041505,20.66049995422363
22.43000030517578,22.43000030517578,22.540000915527344,22.030000686645508,22.049999237060547,15231000,2025-05-22,3,22,5,2.27374151557257,1.7233609127593412,2.4872717293616597,2.6800941053667358,22.829999923706055,22.51999988555908,20.84699993133545
22.25,22.25,22.299999237060547,21.6200008392334,21.729999542236328,15876600,2025-05-23,4,23,5,3.056172574504038,2.3930072191347884,2.74792919585642,2.7628283756768637,22.602000045776368,22.72599983215332,21.02949991226196
23.600000381469727,23.600000381469727,23.670000076293945,22.59000015258789,22.59000015258789,27592600,2025-05-27,1,27,5,4.576270789190538,4.4710058524109,3.0988397328014026,2.854435841397271,22.644000244140624,22.872999954223634,21.26649990081787
23.0,23.0,23.450000762939453,22.959999084472656,23.440000534057617,18060800,2025-05-28,2,28,5,2.1304420802904214,-1.8771353414361474,3.0969807433742353,2.715676552301721,22.66400032043457,22.898999977111817,21.48099994659424
23.15999984741211,23.15999984741211,23.34000015258789,22.920000076293945,23.049999237060547,14925700,2025-05-29,3,29,5,1.8134718439597746,0.4772260910737901,2.7700197607034687,2.666489250149899,22.888000106811525,22.915999984741212,21.72199993133545
23.219999313354492,23.219999313354492,23.34000015258789,22.899999618530273,23.049999237060547,22350600,2025-05-30,4,30,5,1.8949205300129366,0.7375274703723791,2.6942555635915415,2.5907636464766006,23.045999908447264,22.93799991607666,21.951499938964844
23.540000915527344,23.540000915527344,23.59000015258789,22.899999618530273,23.06999969482422,19914900,2025-06-02,0,2,6,2.9311831232873162,2.037283168272301,2.669257673348197,2.708593434602309,23.304000091552734,22.95300006866455,22.15
23.93000030517578,23.93000030517578,24.030000686645508,23.479999542236328,23.610000610351562,21199700,2025-06-03,1,3,6,2.2983749995616205,1.3553565715873728,2.213678515422414,2.6562591241119082,23.370000076293945,23.007000160217284,22.36850004196167
23.829999923706055,23.829999923706055,24.010000228881836,23.59000015258789,23.920000076293945,21135600,2025-06-04,2,4,6,1.762484589335352,-0.37625481731116633,2.1400870172313997,2.6185338803028175,23.536000061035157,23.100000190734864,22.5835000038147
24.020000457763672,24.020000457763672,24.399999618530273,23.68000030517578,23.770000457763672,23975700,2025-06-05,3,5,6,2.9974991658327643,1.0517458779364302,2.376892481605998,2.573456121154733,23.70800018310547,23.298000144958497,22.8
24.280000686645508,24.280000686645508,24.31999969482422,24.0,24.290000915527344,16655100,2025-06-06,4,6,6,1.3179558722180147,-0.041170146170901575,2.261499550047014,2.4778775568192772,23.92000045776367,23.483000183105467,23.001500034332274
24.209999084472656,24.209999084472656,24.65999984741211,24.15999984741211,24.459999084472656,17924500,2025-06-09,0,9,6,2.0652623664107463,-1.0220768984357869,2.0883153986717,2.3787865360099483,24.054000091552734,23.679000091552734,23.20249996185303
24.510000228881836,24.510000228881836,24.520000457763672,24.1200008392334,24.260000228881836,14021800,2025-06-10,1,10,6,1.6319853724804378,1.030502875685763,1.955037473255463,2.084357994338938,24.170000076293945,23.770000076293947,23.32150001525879
23.8700008392334,23.8700008392334,24.6299991607666,23.780000686645508,24.610000610351562,21334500,2025-06-11,2,11,6,3.5609486562062145,-3.0069067564626644,2.3147302866296355,2.227408651930518,24.178000259399415,23.857000160217286,23.37800006866455
23.56999969482422,23.56999969482422,23.739999771118164,23.239999771118164,23.579999923706055,22811700,2025-06-12,3,12,6,2.12134071478073,-0.04240979183287549,2.139498596419229,2.2581955390126134,24.088000106811524,23.898000144958495,23.407000064849854
22.40999984741211,22.40999984741211,22.829999923706055,22.110000610351562,22.280000686645508,36875900,2025-06-13,4,13,6,3.2128483634846488,0.5834791596057815,2.518477094672556,2.3899883223597844,23.713999938964843,23.81700019836426,23.37750005722046
23.84000015258789,23.84000015258789,23.850000381469727,22.889999389648438,23.110000610351562,32993500,2025-06-16,0,16,6,4.026849772134245,3.1588036475833867,2.9107945758172553,2.499554987244477,23.64000015258789,23.847000122070312,23.40000009536743
23.280000686645508,23.280000686645508,23.950000762939453,23.200000762939453,23.639999389648438,25124100,2025-06-17,1,17,6,3.2216493895132694,-1.5228371924601958,3.228727379223822,2.5918824262396423,23.394000244140624,23.782000160217287,23.394500160217284
23.610000610351562,23.610000610351562,23.809999465942383,23.190000534057617,23.190000534057617,19275500,2025-06-18,2,18,6,2.626001337809934,1.8111257724083234,3.041737915544565,2.6782341010871002,23.342000198364257,23.760000228881836,23.430000209808348
23.770000457763672,23.770000457763672,23.899999618530273,23.6299991607666,23.780000686645508,23641100,2025-06-20,4,20,6,1.1358874739755644,-0.04205310594230519,2.8446472673835324,2.4920729319013804,23.382000350952147,23.735000228881837,23.516500186920165
24.040000915527344,24.040000915527344,24.100000381469727,22.579999923706055,23.350000381469727,43972100,2025-06-23,0,23,6,6.322797004478938,2.955034358822508,3.4666369955823897,2.992557045127473,23.708000564575194,23.71100025177002,23.597000217437746
25.700000762939453,25.700000762939453,26.530000686645508,24.950000762939453,25.06999969482422,70082400,2025-06-24,1,24,6,6.147859442807819,2.5129679927570963,3.8908389297171047,3.40081675276718,24.08000068664551,23.8600004196167,23.769500255584717
25.479999542236328,25.479999542236328,25.799999237060547,25.229999542236328,25.780000686645508,27543700,2025-06-25,2,25,6,2.2370475081028633,-1.1636971932455593,3.693918553435023,3.4613229663294227,24.520000457763672,23.95700035095215,23.86350021362305
26.170000076293945,26.170000076293945,26.270000457763672,25.530000686645508,25.709999084472656,29096500,2025-06-26,3,26,6,2.8276643827314762,1.7891910081751148,3.734251162419332,3.387994538981949,25.03200035095215,24.187000274658203,24.022000217437743
27.260000228881836,27.260000228881836,27.350000381469727,26.209999084472656,26.360000610351562,46846200,2025-06-27,4,27,6,4.181956300166294,3.4142625102096695,4.343464927657478,3.594056097520505,25.730000305175782,24.556000328063966,24.22700023651123
28.1200008392334,28.1200008392334,28.18000030517578,27.18000030517578,27.360000610351562,32239400,2025-06-30,0,30,6,3.5561876605806737,2.777778552367036,3.7901430588778253,3.6283900272301084,26.546000289916993,25.127000427246095,24.472000312805175
28.639999389648438,28.639999389648438,28.829999923706055,28.06999969482422,28.079999923706055,35589200,2025-07-01,1,1,7,2.653632140636596,1.994300097805958,3.091297598443581,3.4910682640803428,27.13400001525879,25.60700035095215,24.72700023651123
29.649999618530273,29.649999618530273,29.719999313354492,28.6200008392334,28.6299991607666,33758000,2025-07-02,2,2,7,3.7099443112087966,3.562698175560688,3.3858769590647677,3.5398977562498954,27.96800003051758,26.244000244140626,25.013000202178954
29.959999084472656,29.959999084472656,30.239999771118164,29.65999984741211,29.790000915527344,20052800,2025-07-03,3,3,7,1.93591435724259,0.5706551316576326,3.2075269539669895,3.470889058193161,28.72599983215332,26.879000091552733,25.319500160217284
29.309999465942383,29.309999465942383,30.459999084472656,28.959999084472656,29.780000686645508,45731600,2025-07-07,0,7,7,5.117707360394084,-1.5782444924989258,3.394677166012548,3.869071046835013,29.13599967956543,27.432999992370604,25.58400011062622
28.84000015258789,28.84000015258789,29.739999771118164,28.799999237060547,29.6200008392334,26835500,2025-07-08,1,8,7,3.259363831776084,-2.6333580842183903,3.33531240025163,3.5627277295647284,29.27999954223633,27.91299991607666,25.81200008392334
28.829999923706055,28.829999923706055,29.290000915527344,28.729999542236328,29.200000762939453,23875300,2025-07-09,2,9,7,1.9424258576932671,-1.2671261286506619,3.1930711436629644,3.142184371053273,29.317999649047852,28.22599983215332,26.04300012588501
29.100000381469727,29.100000381469727,29.40999984741211,28.940000534057617,29.059999465942383,22868400,2025-07-10,3,10,7,1.6151178941350737,0.1376494021420195,2.77410586024822,3.0799914096564938,29.207999801635744,28.58799991607666,26.272500133514406
28.65999984741211,28.65999984741211,29.190000534057617,28.649999618530273,29.059999465942383,14579200,2025-07-11,4,11,7,1.884162311243361,-1.3764612039964534,2.763755451048374,2.985641202507682,28.947999954223633,28.836999893188477,26.51200008392334
29.31999969482422,29.31999969482422,29.3799991607666,28.59000015258789,28.65999984741211,16150000,2025-07-14,0,14,7,2.6944031937291166,2.3028606103489038,2.279094617715381,2.836885891863964,28.95,29.042999839782716,26.79950008392334
28.969999313354492,28.969999313354492,29.290000915527344,28.610000610351562,29.229999542236328,18347500,2025-07-15,1,15,7,2.347256890897878,-0.8894978889963535,2.0966732295397392,2.7159928148956847,28.97599983215332,29.127999687194823,27.12750005722046
29.040000915527344,29.040000915527344,29.510000228881836,28.829999923706055,29.270000457763672,17907800,2025-07-16,2,16,7,2.341598773201805,-0.7857859195055881,2.176507812641447,2.6847894781522053,29.018000030517577,29.167999839782716,27.387500095367432
29.450000762939453,29.450000762939453,29.510000228881836,28.8799991607666,29.350000381469727,18769900,2025-07-17,3,17,7,2.1392225867377292,0.3407167978534757,2.281328751161978,2.527717305705099,29.088000106811524,29.147999954223632,27.69600009918213
29.549999237060547,29.549999237060547,29.639999389648438,29.260000228881836,29.549999237060547,17147500,2025-07-18,4,18,7,1.2859531999243514,0.0,2.161686928898176,2.462721189973275,29.26599998474121,29.106999969482423,27.993000030517578
29.790000915527344,29.790000915527344,30.229999542236328,29.65999984741211,29.719999313354492,17523800,2025-07-21,0,21,7,1.9133926730667525,0.23553702486593525,2.0054848247657033,2.142289721240542,29.360000228881837,29.155000114440917,28.29400005340576
29.889999389648438,29.889999389648438,30.06999969482422,29.25,29.959999084472656,12900600,2025-07-22,1,22,7,2.7433914739663816,-0.23364384834209637,2.0847117413794036,2.0906924854595714,29.544000244140626,29.260000038146973,28.586499977111817
30.739999771118164,30.739999771118164,31.010000228881836,30.290000915527344,30.299999237060547,22087400,2025-07-23,2,23,7,2.3422228975777974,1.45214701365221,2.0848365662546025,2.1306721894480245,29.88400001525879,29.451000022888184,28.83849992752075
29.780000686645508,29.780000686645508,30.520000457763672,29.739999771118164,30.450000762939453,16342100,2025-07-24,3,24,7,2.619209767161926,-2.200328602649492,2.180834002339442,2.23108137675071,29.95,29.51900005340576,29.05349998474121
29.75,29.75,29.959999084472656,29.3799991607666,29.899999618530273,13068100,2025-07-25,4,25,7,1.949579575482537,-0.5016709713846031,2.3135592774510787,2.2376231031746276,29.99000015258789,29.62800006866455,29.232499980926512
29.729999542236328,29.729999542236328,29.8799991607666,29.479999542236328,29.829999923706055,15433000,2025-07-28,0,28,7,1.3454410517632485,-0.3352342665956755,2.1999689531903783,2.102726888978041,29.977999877929687,29.66900005340576,29.35599994659424
29.700000762939453,29.700000762939453,29.889999389648438,29.0,29.520000457763672,22569600,2025-07-29,1,29,7,2.9966308645991866,0.6097571218988301,2.250616831316939,2.1676642863481717,29.940000152587892,29.74200019836426,29.43499994277954
30.139999389648438,30.139999389648438,30.43000030517578,29.670000076293945,29.940000534057617,25730700,2025-07-30,2,30,7,2.5215668356743812,0.6679988377532453,2.286485618936256,2.185661092595429,29.820000076293944,29.852000045776368,29.50999994277954
29.770000457763672,29.770000457763672,30.920000076293945,29.709999084472656,30.639999389648438,23139600,2025-07-31,3,31,7,4.064497726622422,-2.8394221580131305,2.575543210828355,2.3781886065838984,29.818000030517577,29.88400001525879,29.51599998474121
29.06999969482422,29.06999969482422,29.190000534057617,28.06999969482422,29.040000915527344,26986600,2025-08-01,4,1,8,3.852772105232631,0.1033015783440799,2.956181716778374,2.6348704971147265,29.681999969482423,29.836000061035158,29.47150001525879
29.719999313354492,29.719999313354492,29.8700008392334,29.360000610351562,29.459999084472656,15609400,2025-08-04,0,4,8,1.7160169605140958,0.8825534180646768,3.030296898528543,2.6151329258594607,29.679999923706056,29.82899990081787,29.492000007629393
29.280000686645508,29.280000686645508,30.0,28.93000030517578,29.979999542236328,12020000,2025-08-05,1,5,8,3.654370456733771,-2.334886145026954,3.1618448169554605,2.7062308241362,29.595999908447265,29.768000030517577,29.514000034332277
29.239999771118164,29.239999771118164,29.459999084472656,29.079999923706055,29.43000030517578,11524300,2025-08-06,2,6,8,1.2995867433006825,-0.6456015361447422,2.9174487984807205,2.601967208708488,29.415999984741212,29.618000030517578,29.53450002670288
29.010000228881836,29.010000228881836,29.709999084472656,28.639999389648438,29.610000610351562,15559200,2025-08-07,3,7,8,3.6883822350299265,-2.026343698419136,2.8422257001622215,2.708884455495288,29.263999938964844,29.540999984741212,29.530000019073487
28.3700008392334,28.3700008392334,29.139999389648438,28.31999969482422,29.100000381469727,18063000,2025-08-08,4,8,8,2.8903759977695382,-2.5085894593361466,2.649746478669603,2.8029640977239882,29.12400016784668,29.40300006866455,29.51550006866455
28.610000610351562,28.610000610351562,28.850000381469727,28.1200008392334,28.200000762939453,13503900,2025-08-11,0,11,8,2.5515537457632997,1.4539001287933748,2.8168538357194435,2.9235753671239935,28.902000427246094,29.291000175476075,29.48000011444092
29.639999389648438,29.639999389648438,29.649999618530273,28.860000610351562,28.989999771118164,14826800,2025-08-12,1,12,8,2.665313847660242,2.2421511682033466,2.6190425139047377,2.890443665430099,28.97400016784668,29.285000038146972,29.513500118255614
30.639999389648438,30.639999389648438,30.65999984741211,29.700000762939453,29.719999313354492,22097800,2025-08-13,2,13,8,3.133156343328737,3.0955588746617133,2.985756433910349,2.9516026161955344,29.254000091552733,29.335000038146973,29.59350004196167
30.25,30.25,30.299999237060547,29.850000381469727,30.25,15950600,2025-08-14,3,14,8,1.4875995226142822,0.0,2.5455998914272198,2.693912795794721,29.502000045776366,29.382999992370607,29.633500003814696
29.760000228881836,29.760000228881836,30.290000915527344,29.579999923706055,30.270000457763672,10998200,2025-08-15,4,15,8,2.385756002556206,-1.6848372024091947,2.444675892384553,2.547211185527078,29.779999923706054,29.452000045776366,29.64400005340576
29.969999313354492,29.969999313354492,30.1200008392334,29.239999771118164,29.600000381469727,18898100,2025-08-18,0,18,8,2.936273234157566,1.24999637539327,2.521619790063407,2.669236812891425,30.051999664306642,29.477000045776368,29.65299997329712
29.56999969482422,29.56999969482422,29.920000076293945,29.399999618530273,29.920000076293945,13672900,2025-08-19,1,19,8,1.7585406260747782,-1.1697873682394706,2.340265145746314,2.479653829825526,30.0379997253418,29.505999946594237,29.636999988555907
29.260000228881836,29.260000228881836,29.3799991607666,28.649999618530273,29.299999237060547,12257300,2025-08-20,2,20,8,2.49487196352023,-0.13651538983017306,2.212608269784613,2.599182351847481,29.761999893188477,29.507999992370607,29.563000011444093
29.270000457763672,29.270000457763672,29.479999542236328,28.8799991607666,29.100000381469727,10453200,2025-08-21,3,21,8,2.0498816948620187,0.5841926943829108,2.3250647042341597,2.4353322978306897,29.56599998474121,29.53400001525879,29.5375
31.299999237060547,31.299999237060547,31.3799991607666,29.389999389648438,29.5,27206100,2025-08-22,4,22,8,6.357826899758893,6.101692329018802,3.1194788836746974,2.7820773880296255,29.873999786376952,29.826999855041503,29.614999961853027
31.25,31.25,31.3799991607666,30.969999313354492,31.110000610351562,15569700,2025-08-25,0,25,8,1.31199951171875,0.4500141012593038,2.7946241391869338,2.6581219646251704,30.129999923706055,30.090999794006347,29.69099998474121
31.8700008392334,31.8700008392334,31.90999984741211,31.110000610351562,31.190000534057617,17354700,2025-08-26,1,26,8,2.510195218055068,2.1801868981478902,2.944955057582992,2.6426101016646526,30.59000015258789,30.313999938964844,29.799499988555908
32.34000015258789,32.34000015258789,32.400001525878906,31.770000457763672,31.770000457763672,21174600,2025-08-27,2,27,8,1.9480552416287507,1.794144433778021,2.835591713204696,2.524099991494654,31.206000137329102,30.48400001525879,29.90950002670288
32.4900016784668,32.4900016784668,32.77000045776367,32.279998779296875,32.459999084472656,13455100,2025-08-28,3,28,8,1.508161443991406,0.0924294357373918,2.7272476630305733,2.5261561836323665,31.850000381469727,30.70800018310547,30.045500087738038
31.889999389648438,31.889999389648438,32.619998931884766,31.75,32.290000915527344,14832500,2025-08-29,4,29,8,2.7281246426337944,-1.2387783045449121,2.001307211605554,2.560393047640125,31.968000411987305,30.92100009918213,30.186500072479248
31.15999984741211,31.15999984741211,31.200000762939453,30.540000915527344,30.700000762939453,15255600,2025-09-02,1,2,9,2.1180996490502983,1.4983683160945056,2.1625272390718635,2.478575689129399,31.950000381469728,31.04000015258789,30.25850009918213
31.329999923706055,31.329999923706055,31.75,31.0,31.219999313354492,12020500,2025-09-03,2,3,9,2.3938716943069873,0.35234020746601763,2.1392625343222473,2.5421087959526196,31.842000198364257,31.216000175476076,30.361000061035156
31.760000228881836,31.760000228881836,31.920000076293945,31.18000030517578,31.40999984741211,10765900,2025-09-04,3,4,9,2.3299740736312238,1.1142960304680272,2.215646300722742,2.525619006963719,31.726000213623045,31.466000175476076,30.48700008392334
31.56999969482422,31.56999969482422,32.2400016784668,31.360000610351562,32.0,12091700,2025-09-05,4,5,9,2.7874598562619157,-1.3437509536743164,2.4715059831768436,2.5993768231037087,31.54199981689453,31.69600009918213,30.61500005722046
31.559999465942383,31.559999465942383,32.09000015258789,31.5,31.700000762939453,20390300,2025-09-08,0,8,9,1.8694555214570985,-0.44164445939302993,2.2997721589415048,2.1505396852735292,31.47599983215332,31.722000122070312,30.77449998855591
31.56999969482422,31.56999969482422,32.06999969482422,31.079999923706055,31.459999084472656,13089300,2025-09-09,1,9,9,3.135887807057758,0.3496522999133023,2.5033297905429968,2.33292851480743,31.55799980163574,31.754000091552733,30.92249994277954
31.360000610351562,31.360000610351562,31.8799991607666,30.559999465942383,31.56999969482422,19089800,2025-09-10,2,10,9,4.209182618410098,-0.6651855765050413,2.8663919753636184,2.5028272548429333,31.563999938964844,31.70300006866455,31.008500003814696
32.470001220703125,32.470001220703125,32.79999923706055,31.489999771118164,31.510000228881836,22241400,2025-09-11,3,11,9,4.034491582054875,3.0466549820629933,3.207295477048349,2.7114708888855454,31.706000137329102,31.716000175476076,31.10000009536743
31.510000228881836,31.510000228881836,32.41999816894531,31.510000228881836,32.400001525878906,13004100,2025-09-12,4,12,9,2.887965513974764,-2.7469174539581367,3.2273966085909187,2.8494512958838816,31.694000244140625,31.618000030517578,31.163000106811523
31.239999771118164,31.239999771118164,31.540000915527344,30.709999084472656,31.520000457763672,25356700,2025-09-15,0,15,9,2.656856072777684,-0.8883270386391794,3.3848767188550353,2.8423244388982702,31.63000030517578,31.553000068664552,31.23700008392334
31.200000762939453,31.200000762939453,31.25,30.549999237060547,31.25,19976900,2025-09-16,1,16,9,2.243592134045524,-0.15999755859374998,3.206417584252589,2.8548736873977925,31.55600051879883,31.557000160217285,31.29850015640259
31.190000534057617,31.190000534057617,31.579999923706055,30.760000228881836,31.389999389648438,18048300,2025-09-17,2,17,9,2.629046748264169,-0.6371419543791851,2.890390410223403,2.8783911927935106,31.52200050354004,31.54300022125244,31.37950019836426
31.450000762939453,31.450000762939453,31.59000015258789,31.040000915527344,31.360000610351562,15543800,2025-09-18,3,18,9,1.748805162856033,0.28699027690127865,2.4332531263836352,2.8202743017159917,31.318000411987306,31.512000274658202,31.489000225067137
30.520000457763672,30.520000457763672,31.719999313354492,30.280000686645508,31.610000610351562,33360000,2025-09-19,4,19,9,4.718212991843773,-3.4482762782071577,2.7993026219574366,3.0133496152741777,31.120000457763673,31.40700035095215,31.551500225067137
30.709999084472656,30.709999084472656,30.889999389648438,30.360000610351562,30.56999969482422,17155200,2025-09-22,0,22,9,1.7258182842631495,0.45796333348390805,2.6130950642545296,2.9989858915547827,31.01400032043457,31.322000312805176,31.522000217437743
30.709999084472656,30.709999084472656,31.670000076293945,30.600000381469727,31.309999465942383,21772600,2025-09-23,1,23,9,3.4842062088019516,-1.9163219153752469,2.861217879205815,3.033817731729202,30.915999984741212,31.23600025177002,31.495000171661378
30.3700008392334,30.3700008392334,30.850000381469727,30.18000030517578,30.709999084472656,15228900,2025-09-24,2,24,9,2.2061246551840976,-1.107125546647004,2.776633460589801,2.833511935406602,30.752000045776366,31.137000274658202,31.42000017166138
30.479999542236328,30.479999542236328,30.729999542236328,29.920000076293945,30.06999969482422,24816900,2025-09-25,3,25,9,2.6574786027144177,1.3634847075927319,2.958368148561478,2.695810637472557,30.55799980163574,30.938000106811522,31.3270001411438
30.6200008392334,30.6200008392334,30.75,30.239999771118164,30.549999237060547,22456400,2025-09-26,4,26,9,1.665578755400858,0.22913781970878688,2.347841301272895,2.5735719616151655,30.577999877929688,30.84900016784668,31.23350009918213
29.399999618530273,29.399999618530273,32.5,28.81999969482422,32.209999084472656,102357500,2025-09-29,0,29,9,12.517008003144142,-8.723997348068812,4.506079245049094,3.559587154651811,30.31599998474121,30.66500015258789,31.10900011062622
28.90999984741211,28.90999984741211,30.149999618530273,28.59000015258789,29.780000686645508,38967500,2025-09-30,1,30,9,5.39605490894538,-2.921426525095885,4.888448985077779,3.874833432141797,29.956000137329102,30.436000061035156,30.996500110626222
28.360000610351562,28.360000610351562,29.110000610351562,28.31999969482422,28.8799991607666,29096900,2025-10-01,2,1,10,2.7856167084812715,-1.800549049604737,5.004347395737214,3.890490428163507,29.554000091552734,30.15300006866455,30.848000144958498
28.850000381469727,28.850000381469727,29.0,28.34000015258789,28.5,20949000,2025-10-02,3,2,10,2.287694414853545,1.2280715139288652,4.93039055816504,3.9443793533632587,29.228000259399415,29.893000030517577,30.70250015258789
28.56999969482422,28.56999969482422,29.239999771118164,28.469999313354492,29.0,23869100,2025-10-03,4,3,10,2.6951363877794026,-1.4827596730199355,5.136302084640748,3.7420716929568214,28.818000030517577,29.697999954223633,30.55250015258789
29.09000015258789,29.09000015258789,29.149999618530273,28.020000457763672,28.65999984741211,21702900,2025-10-06,0,6,10,3.8844934851816255,1.500349991155386,3.409799181048245,3.9579392130486695,28.756000137329103,29.536000061035157,30.429000186920167
28.709999084472656,28.709999084472656,29.030000686645508,27.940000534057617,29.020000457763672,24053600,2025-10-07,1,7,10,3.7965872077557803,-1.0682335230910773,3.0899056408103247,3.9891773129440518,28.71599998474121,29.336000061035158,30.286000156402586
28.920000076293945,28.920000076293945,29.260000228881836,28.469999313354492,28.790000915527344,15208900,2025-10-08,2,8,10,2.7316767408134157,0.4515427462056417,3.079117647276754,4.041732521506984,28.827999877929688,29.19099998474121,30.16400012969971
28.450000762939453,28.450000762939453,29.229999542236328,28.309999465942383,29.170000076293945,13514400,2025-10-09,3,9,10,3.233743590940034,-2.468286977961394,3.268327482494052,4.099359020329546,28.747999954223634,28.988000106811523,29.963000106811524
27.690000534057617,27.690000534057617,28.790000915527344,27.610000610351562,28.399999618530273,17265700,2025-10-10,4,10,10,4.261467253221707,-2.4999968098922087,3.5815936555825125,4.35894787011163,28.572000122070314,28.695000076293944,29.772000122070313
28.09000015258789,28.09000015258789,28.520000457763672,27.8700008392334,28.209999084472656,13933500,2025-10-13,0,13,10,2.313989373440391,-0.42537729804754026,3.267492833234266,3.338646007141256,28.37200012207031,28.564000129699707,29.6145001411438
28.959999084472656,28.959999084472656,29.270000457763672,27.469999313354492,27.639999389648438,18603400,2025-10-14,1,14,10,6.215473761441787,4.775686410899766,3.7512701439714666,3.420587892390896,28.422000122070312,28.569000053405762,29.50250005722046
28.84000015258789,28.84000015258789,29.399999618530273,28.729999542236328,29.1299991607666,13077100,2025-10-15,2,15,10,2.3231625268692118,-0.9955338706953781,3.6695673011826258,3.37434247422969,28.4060001373291,28.617000007629393,29.385000038146973
28.209999084472656,28.209999084472656,29.1200008392334,28.030000686645508,28.950000762939453,18101200,2025-10-16,3,16,10,3.8638787237247674,-2.55613699124359,3.7955943277395727,3.5319609051168124,28.357999801635742,28.552999877929686,29.22299995422363
28.309999465942383,28.309999465942383,28.56999969482422,27.719999313354492,27.979999542236328,16897400,2025-10-17,4,17,10,3.0024740286282863,1.1794136136704139,3.543795682820889,3.5626946692017007,28.481999588012695,28.526999855041502,29.112499904632568
28.860000610351562,28.860000610351562,29.059999465942383,28.40999984741211,28.450000762939453,15392300,2025-10-20,0,20,10,2.2522508828261434,1.4411242053328797,3.531447984698039,3.3994704089661525,28.63599967956543,28.50399990081787,29.019999980926514
29.969999313354492,29.969999313354492,30.020000457763672,28.809999465942383,28.989999771118164,19411400,2025-10-21,1,21,10,4.037374105918375,3.3804744738655406,3.095828053593357,3.423549098782412,28.837999725341795,28.629999923706055,28.982999992370605
30.0,30.0,30.3700008392334,29.6299991607666,30.0,19819600,2025-10-22,2,22,10,2.4666722615559897,0.0,3.1245300005307124,3.3970486508566693,29.06999969482422,28.73799991607666,28.964499950408936
29.440000534057617,29.440000534057617,30.100000381469727,29.25,29.760000228881836,19081400,2025-10-23,3,23,10,2.887229504246798,-1.0752677834782465,2.929200156635118,3.3623972421873463,29.31599998474121,28.836999893188477,28.9125
29.399999618530273,29.399999618530273,30.149999618530273,29.3700008392334,29.889999389648438,19776100,2025-10-24,4,24,10,2.653057106862193,-1.6393435300231611,2.8593167722819,3.2015562275513942,29.53400001525879,29.00799980163574,28.851499938964842
29.420000076293945,29.420000076293945,29.889999389648438,29.049999237060547,29.700000762939453,19687500,2025-10-27,0,27,10,2.855201055097026,-0.9427632304807918,2.9799068067360763,3.2556773957170577,29.645999908447266,29.140999794006348,28.852499961853027
27.860000610351562,27.860000610351562,28.489999771118164,27.780000686645508,28.3700008392334,36340400,2025-10-28,1,28,10,2.548453226554674,-1.7976743524679322,2.6821226308633364,2.8889753422283464,29.22400016784668,29.03099994659424,28.8
27.8700008392334,27.8700008392334,28.40999984741211,27.65999984741211,27.799999237060547,32133800,2025-10-29,2,29,10,2.6910655809676314,0.2518043312732595,2.7270012947456643,2.925765647638188,28.79800033569336,28.93400001525879,28.77550001144409
28.329999923706055,28.329999923706055,28.93000030517578,27.549999237060547,27.6200008392334,23362400,2025-10-30,3,30,10,4.8711650964759565,2.570597620924484,3.1237884131914964,3.026494284913307,28.576000213623047,28.94600009918213,28.749499988555907
28.829999923706055,28.829999923706055,28.979999542236328,28.020000457763672,28.25,44832700,2025-10-31,4,31,10,3.329861557451055,2.0530970750656805,3.259149303309268,3.0592330377955843,28.4620002746582,28.998000144958496,28.7625
28.709999084472656,28.709999084472656,28.959999084472656,28.1299991607666,28.809999465942383,21219900,2025-11-03,0,3,11,2.8909785794975758,-0.34710303132057185,3.2663048081893784,3.1231058074627276,28.320000076293944,28.982999992370605,28.743499946594238
26.110000610351562,26.110000610351562,27.309999465942383,25.90999984741211,27.0,39919000,2025-11-04,1,4,11,5.361928708554798,-3.2962940357349533,3.8289999045894034,3.2555612677263697,27.970000076293946,28.597000122070312,28.613500022888182
26.899999618530273,26.899999618530273,27.280000686645508,26.510000228881836,26.530000686645508,21405900,2025-11-05,2,5,11,2.8624552739147666,1.394643506628378,3.8632778431788304,3.2951395689622474,27.77599983215332,28.28700008392334,28.5125
26.3700008392334,26.3700008392334,27.030000686645508,26.290000915527344,26.68000030517578,16602400,2025-11-06,3,6,11,2.806218231200013,-1.1619170254741134,3.450288470123642,3.287038441657569,27.38400001525879,27.98000011444092,28.408500003814698
26.729999542236328,26.729999542236328,27.1299991607666,26.010000228881836,26.1299991607666,18927700,2025-11-07,4,7,11,4.190044710307775,2.296212785075818,3.6223251006949853,3.440737202002127,26.963999938964843,27.713000106811524,28.360499954223634
26.889999389648438,26.889999389648438,27.43000030517578,26.670000076293945,27.09000015258789,21167200,2025-11-10,0,10,11,2.8263304058474814,-0.7382826202027436,3.6093954659649667,3.437850137077173,26.6,27.460000038146973,28.30049991607666
26.790000915527344,26.790000915527344,27.190000534057617,26.690000534057617,26.739999771118164,16090300,2025-11-11,1,11,11,1.8663679839973528,0.18699007044564697,2.9102833210534778,3.369641612821441,26.736000061035156,27.35300006866455,28.192000007629396
27.1299991607666,27.1299991607666,27.81999969482422,26.8799991607666,26.920000076293945,17427300,2025-11-12,2,12,11,3.464801191062978,0.7800857499164118,3.03075250448312,3.4470151738309753,26.78199996948242,27.278999900817873,28.10649995803833
26.139999389648438,26.139999389648438,27.40999984741211,25.969999313354492,27.110000610351562,18128500,2025-11-13,3,13,11,5.508800947515953,-3.5780199146611014,3.5712690477463083,3.5107787589349746,26.73599967956543,27.059999847412108,28.00299997329712
26.020000457763672,26.020000457763672,26.170000076293945,25.290000915527344,25.719999313354492,14243700,2025-11-14,4,14,11,3.3820105506725056,1.1664119456387827,3.409662215819254,3.51599365825712,26.5939998626709,26.778999900817873,27.888500022888184
25.360000610351562,25.360000610351562,26.059999465942383,25.1200008392334,25.940000534057617,16530000,2025-11-17,0,17,11,3.7066191012838203,-2.235928726927167,3.5857199549065215,3.597557710435744,26.288000106811523,26.444000053405762,27.713500022888184
25.760000228881836,25.760000228881836,26.010000228881836,25.299999237060547,25.3799991607666,17925300,2025-11-18,1,18,11,2.7562150058727237,1.4972461807747217,3.763689359281596,3.336986340167537,26.08199996948242,26.40900001525879,27.50300006866455
26.079999923706055,26.079999923706055,26.389999389648438,25.850000381469727,26.100000381469727,12727100,2025-11-19,2,19,11,2.070548350300667,-0.07663010525421925,3.484838791129134,3.2577956478061267,25.87200012207031,26.327000045776366,27.307000064849852
25.31999969482422,25.31999969482422,26.6299991607666,25.290000915527344,26.360000610351562,21939900,2025-11-20,3,20,11,5.292252217179818,-3.9453751572332503,3.4415290450619067,3.5063990464041077,25.70800018310547,26.22199993133545,27.101000022888183
26.559999465942383,26.559999465942383,26.81999969482422,25.579999923706055,25.790000915527344,18027600,2025-11-21,4,21,11,4.668673930917066,2.985647627299801,3.698861721110819,3.554261968465037,25.81599998474121,26.204999923706055,26.959000015258788
24.760000228881836,24.760000228881836,26.860000610351562,24.600000381469727,26.729999542236328,42975800,2025-11-24,0,24,11,9.12762604196429,-7.36999381628001,4.783063109246912,4.184391532076717,25.695999908447266,25.992000007629393,26.726000022888183
25.719999313354492,25.719999313354492,26.360000610351562,24.649999618530273,24.690000534057617,32096800,2025-11-25,1,25,11,6.648526584265545,4.171724410763318,5.5615254249254775,4.662607392103537,25.687999725341797,25.88499984741211,26.61899995803833
25.43000030517578,25.43000030517578,25.950000762939453,25.43000030517578,25.93000030517578,30084200,2025-11-26,2,26,11,2.0448307177481078,-1.928268392269155,5.556381898414965,4.52061034477205,25.55799980163574,25.714999961853028,26.49699993133545
25.780000686645508,25.780000686645508,26.010000228881836,25.510000228881836,25.670000076293945,12260700,2025-11-28,4,28,11,1.9394879235166536,0.4285181535825053,4.885829039682333,4.163679042372119,25.65,25.679000091552734,26.369499969482423
25.93000030517578,25.93000030517578,25.979999542236328,25.40999984741211,25.639999389648438,17335300,2025-12-01,0,1,12,2.198224790265211,1.1310488394333775,4.391739211551961,4.04530046633139,25.52400016784668,25.670000076293945,26.22449998855591
25.84000015258789,25.84000015258789,26.149999618530273,25.40999984741211,26.1200008392334,17932900,2025-12-02,1,2,12,2.863776187106766,-1.0719780920716295,3.138969240580457,3.9610161749136843,25.74000015258789,25.71800003051758,26.08100004196167
26.040000915527344,26.040000915527344,26.149999618530273,25.530000686645508,25.829999923706055,20048800,2025-12-03,2,3,12,2.3809481954167966,0.8130119722863646,2.285453562810707,3.9234894938680918,25.804000473022462,25.74600009918213,26.07750005722046
25.81999969482422,25.81999969482422,26.06999969482422,25.600000381469727,26.0,15680500,2025-12-04,3,4,12,1.820291707628124,-0.6923088660606971,2.24054576078671,3.898463829600838,25.882000350952147,25.720000076293946,26.023500061035158
25.8700008392334,25.8700008392334,26.040000915527344,25.65999984741211,25.93000030517578,10879900,2025-12-05,4,5,12,1.4688869570461711,-0.23139014745945283,2.146425567492614,3.516127303587473,25.900000381469727,25.775000190734865,25.998500061035156
26.010000228881836,26.010000228881836,26.149999618530273,25.549999237060547,25.93000030517578,15756300,2025-12-08,0,8,12,2.306806521298983,0.30852264853265826,2.168141913699368,3.279940562625664,25.916000366210938,25.72000026702881,25.96250009536743
25.510000228881836,25.510000228881836,25.860000610351562,25.270000457763672,25.68000030517578,17038500,2025-12-09,1,9,12,2.3128190799461694,-0.6619940586982078,2.0579504922672487,2.5984598664238527,25.850000381469727,25.795000267028808,25.893500137329102
26.280000686645508,26.280000686645508,26.559999465942383,25.549999237060547,25.790000915527344,17622000,2025-12-10,2,10,12,3.843227558951623,1.8999602703509433,2.3504063649742144,2.3179299638924604,25.89800033569336,25.85100040435791,25.86800012588501
27.84000015258789,27.84000015258789,28.09000015258789,26.3700008392334,26.3700008392334,24096700,2025-12-11,3,11,12,6.178158419279348,5.5745137147186625,3.2219797073044587,2.731262734045585,26.302000427246092,26.09200038909912,25.903500175476076
27.6200008392334,27.6200008392334,28.15999984741211,27.610000610351562,28.059999465942383,16421300,2025-12-12,4,12,12,1.9913078216829347,-1.568063560525115,3.326463880231812,2.7364447238622125,26.652000427246094,26.27600040435791,25.977500247955323
28.600000381469727,28.600000381469727,28.809999465942383,27.920000076293945,28.110000610351562,21363700,2025-12-15,0,15,12,3.111885936285087,1.7431510511519543,3.4874797632290324,2.8278108384642002,27.17000045776367,26.543000411987304,26.106500244140626
28.200000762939453,28.200000762939453,29.040000915527344,28.170000076293945,28.670000076293945,22716600,2025-12-16,1,16,12,3.0851092755173144,-1.6393418629360783,3.6419378023432616,2.849944147305255,27.708000564575194,26.77900047302246,26.248500251770018
28.030000686645508,28.030000686645508,28.899999618530273,28.010000228881836,28.260000228881836,18753700,2025-12-17,2,17,12,3.1751672060160345,-0.813869569616166,3.508325731756144,2.929366048365179,28.058000564575195,26.978000450134278,26.362000274658204
28.34000015258789,28.34000015258789,28.510000228881836,27.979999542236328,28.389999389648438,22533800,2025-12-18,3,18,12,1.8701506132388301,-0.17611566796573302,2.64672417054804,2.934351938926249,28.158000564575197,27.230000495910645,26.475000286102294
31.1200008392334,31.1200008392334,31.489999771118164,27.959999084472656,28.549999237060547,84281000,2025-12-19,4,19,12,11.3431895612136,9.001757165852219,4.517100518454173,3.921782199342992,28.858000564575196,27.755000495910643,26.765000343322754
32.20000076293945,32.20000076293945,32.36000061035156,31.020000457763672,31.25,29981700,2025-12-22,0,22,12,4.161491058503831,3.04000244140625,4.727021542897922,4.107250653063478,29.578000640869142,28.374000549316406,27.047000408172607
31.65999984741211,31.65999984741211,32.88999938964844,31.31999969482422,32.52000045776367,24490100,2025-12-23,1,23,12,4.958937783925955,-2.6445282848889073,5.10178724457965,4.371862523461456,30.270000457763672,28.989000511169433,27.39200038909912
31.25,31.25,31.6200008392334,31.1200008392334,31.479999542236328,7559200,2025-12-24,2,24,12,1.6,-0.7306211740179366,4.786753803376444,4.147539767566294,30.91400032043457,29.48600044250488,27.668500423431396
30.700000762939453,30.700000762939453,31.450000762939453,30.610000610351562,31.25,10287000,2025-12-26,4,26,12,2.7361567808230327,-1.75999755859375,4.959955036893284,3.803339603720662,31.386000442504884,29.77200050354004,27.93200044631958
30.719999313354492,30.719999313354492,30.719999313354492,30.270000457763672,30.440000534057617,14914700,2025-12-29,0,29,12,1.4648400574514282,0.9198382864139573,2.984285136140849,3.750692827297511,31.3060001373291,30.08200035095215,28.17900037765503
30.81999969482422,30.81999969482422,31.010000228881836,30.700000762939453,30.719999313354492,9327600,2025-12-30,1,30,12,1.0058386405319881,0.3255220823727517,2.353154652546481,3.540088097722202,31.029999923706054,30.304000282287596,28.423500347137452
30.540000915527344,30.540000915527344,30.899999618530273,30.530000686645508,30.81999969482422,8289900,2025-12-31,2,31,12,1.211522333965119,-0.908497021639805,1.6036715625543139,3.3527294035669817,30.8060001373291,30.538000297546386,28.658500385284423
30.920000076293945,30.920000076293945,31.219999313354492,30.3700008392334,30.690000534057617,15892000,2026-01-02,4,2,1,2.7490248124959713,0.7494282770738003,1.8334765250535079,3.310115164214976,30.74000015258789,30.827000236511232,28.902500343322753
31.489999771118164,31.489999771118164,31.790000915527344,30.40999984741211,30.510000228881836,21182300,2026-01-05,0,5,1,4.382347024914673,3.212060094672258,2.162714573871836,3.5613348053825598,30.897999954223632,31.142000198364258,29.18600034713745
32.29999923706055,32.29999923706055,32.79999923706055,31.469999313354492,31.600000381469727,23312500,2026-01-06,1,6,1,4.1176469198799,2.21518622512834,2.69327594635753,2.83878054124919,31.213999938964843,31.260000038146973,29.50750026702881
32.11000061035156,32.11000061035156,32.189998626708984,31.479999542236328,31.479999542236328,18236300,2026-01-07,2,7,1,2.2111462814602625,2.001274070128145,2.9343374745431854,2.6437460635448327,31.472000122070312,31.251000022888185,29.812500286102296
31.690000534057617,31.690000534057617,32.470001220703125,31.489999771118164,32.09000015258789,20601600,2026-01-08,3,8,1,3.092462710853355,-1.2464930402875538,3.3105255499208326,2.4570985562375727,31.702000045776366,31.254000091552733,30.121500301361085
32.130001068115234,32.130001068115234,32.18000030517578,31.350000381469727,31.770000457763672,14978600,2026-01-09,4,9,1,2.5832552011015015,1.1331463807504878,3.2773716276419385,2.555424076347723,31.944000244140625,31.342000198364257,30.41400032043457
31.610000610351562,31.610000610351562,32.0,31.399999618530273,31.899999618530273,14816100,2026-01-12,0,12,1,1.8981346722063648,-0.9090878108044067,2.780529157100277,2.4716218654860564,31.968000411987305,31.43300018310547,30.602500343322752
30.989999771118164,30.989999771118164,31.530000686645508,30.309999465942383,31.290000915527344,19716400,2026-01-13,1,13,1,3.9367577596439123,-0.9587764002279309,2.744351325053079,2.7188136357053048,31.706000518798827,31.460000228881835,30.77100028991699
30.18000030517578,30.18000030517578,30.760000228881836,29.59000015258789,30.739999771118164,23791600,2026-01-14,2,14,1,3.8767397762195968,-1.8217289203382871,3.0774700240049464,3.005903749274066,31.320000457763673,31.39600028991699,30.850000286102294
29.440000534057617,29.440000534057617,30.559999465942383,29.3700008392334,30.459999084472656,19752000,2026-01-15,3,15,1,4.0421148271798995,-3.348649314093366,3.267400447270255,3.2889629985955438,30.870000457763673,31.28600025177002,30.912000274658205
28.920000076293945,28.920000076293945,29.489999771118164,28.799999237060547,29.440000534057617,16310400,2026-01-16,4,16,1,2.3858939565605968,-1.7663058706881143,3.2279281983620742,3.2526499130020063,30.228000259399415,31.08600025177002,30.956500244140624
28.020000457763672,28.020000457763672,28.690000534057617,27.760000228881836,27.940000534057617,20008700,2026-01-20,1,20,1,3.3190588507578003,0.2863275668464585,3.512113034072361,3.146321095586319,29.510000228881836,30.73900032043457,30.940500259399414
28.25,28.25,28.530000686645508,28.030000686645508,28.329999923706055,15394100,2026-01-21,2,21,1,1.7699115044247788,-0.2823858945340559,3.0787437830285347,2.9115475540408067,28.9620002746582,30.334000396728516,30.797000217437745
28.489999771118164,28.489999771118164,28.969999313354492,28.40999984741211,28.8700008392334,16454800,2026-01-22,3,22,1,1.965600106849015,-1.3162488987489922,2.6965158491544186,2.886992936579682,28.62400016784668,29.972000312805175,30.61150016784668
28.549999237060547,28.549999237060547,28.8700008392334,28.190000534057617,28.350000381469727,18889900,2026-01-23,4,23,1,2.381787472320062,0.7054633259248371,2.364450378182451,2.815925412726353,28.445999908447266,29.658000183105468,30.456000137329102
28.670000076293945,28.670000076293945,28.889999389648438,28.31999969482422,28.40999984741211,15455200,2026-01-26,0,26,1,1.9881398441136673,0.9151715250907317,2.2848995556930647,2.7564138770275695,28.395999908447266,29.31200008392334,30.3270001411438
28.690000534057617,28.690000534057617,28.719999313354492,28.34000015258789,28.670000076293945,10045400,2026-01-27,1,27,1,1.3245003614256063,0.06976092678914723,1.8859878578266263,2.699050445949493,28.529999923706054,29.020000076293947,30.22650012969971
28.719999313354492,28.719999313354492,29.309999465942383,28.6200008392334,28.75,19948900,2026-01-28,2,28,1,2.4025022395740185,-0.10435021441915762,2.0125060048564736,2.545624893942504,28.623999786376952,28.79300003051758,30.126500129699707
31.149999618530273,31.149999618530273,31.440000534057617,29.229999542236328,29.290000915527344,40745500,2026-01-29,3,29,1,7.094706320659537,6.350285574818466,3.038327247618578,2.867421548386498,29.155999755859376,28.88999996185303,30.14300012588501
30.020000457763672,30.020000457763672,31.0,29.579999923706055,31.0,22778800,2026-01-30,4,30,1,4.730180062094934,-3.161288845923639,3.508005765573553,2.9362280718780016,29.45,28.947999954223633,30.117000102996826
32.45000076293945,32.45000076293945,32.689998626708984,30.1200008392334,30.18000030517578,30352500,2026-02-02,0,2,2,7.919869728973112,7.521538882736106,4.694351742545441,3.489625649119253,30.206000137329102,29.301000022888182,30.193500137329103
31.940000534057617,31.940000534057617,33.150001525878906,31.639999389648438,31.93000030517578,29019700,2026-02-03,1,3,2,4.727620885980743,0.031319225763411354,5.374975847456469,3.630481852641547,30.8560001373291,29.693000030517577,30.216000175476076
32.09000015258789,32.09000015258789,32.43000030517578,31.139999389648438,32.43000030517578,23860000,2026-02-04,2,4,2,4.019946741643477,-1.0484124248794013,5.698464747870361,3.855485376363417,31.530000305175783,30.077000045776366,30.205500221252443
31.450000762939453,31.450000762939453,32.61000061035156,31.25,31.84000015258789,17165700,2026-02-05,3,5,2,4.324326160125826,-1.2248724490560001,5.144388715763619,4.0913579816910985,31.590000534057616,30.373000144958496,30.172500228881837
33.9900016784668,33.9900016784668,34.029998779296875,31.729999542236328,31.809999465942383,27375400,2026-02-06,4,6,2,6.766693508337285,6.853197890991636,5.551691405012089,4.52984858529282,32.38400077819824,30.917000389099123,30.287500286102294
32.810001373291016,32.810001373291016,33.619998931884766,32.779998779296875,33.470001220703125,18347600,2026-02-09,0,9,2,2.560195420386946,-1.9719146200803288,4.479756543294855,4.587054142920148,32.456000900268556,31.331000518798827,30.321500301361084
33.349998474121094,33.349998474121094,33.650001525878906,32.5,32.54999923706055,21443400,2026-02-10,1,10,2,3.448280595188883,2.457755010174284,4.2238884851364835,4.799432166296476,32.73800048828125,31.797000312805174,30.40850019454956
33.09000015258789,33.09000015258789,33.560001373291016,32.540000915527344,33.279998779296875,18955400,2026-02-11,2,11,2,3.082503635721199,-0.5709093560038844,4.036399863952028,4.867432305911195,32.93800048828125,32.23400039672852,30.513500213623047
