Adj Close,Close,High,Low,Open,Volume,date,day_of_week,day,month,hl_pct,oc_pct,volatility_5d,volatility_10d,ma_5,ma_10,ma_20
CMCSA,CMCSA,CMCSA,CMCSA,CMCSA,CMCSA,,,,,,,,,,,
37.98202133178711,40.805999755859375,40.93720626831055,39.9625129699707,40.04685974121094,27018681,2024-03-11,0,11,3,2.3886029117565895,1.895629319137927,2.1289026341481803,1.9199888636883304,39.75070419311523,39.7366455078125,39.50421772003174
37.67670440673828,40.47797775268555,40.90909194946289,40.112464904785156,40.90909194946289,20077846,2024-03-12,1,12,3,1.9680505027820503,-1.0538346764331052,2.1183277573345243,2.019798527337898,39.9625129699707,39.822868728637694,39.53139686584473
37.75521469116211,40.56232452392578,40.93720626831055,40.48734664916992,40.68416213989258,15441624,2024-03-13,2,13,3,1.1090577880349886,-0.29947185724965397,1.9890115909427535,2.009707329448324,40.17432174682617,39.92877311706543,39.59840717315674
37.35393142700195,40.13121032714844,40.440486907958984,39.3720703125,40.39362716674805,26745209,2024-03-14,3,14,3,2.6623084296468607,-0.649649110530065,2.1093996545026212,2.156918756075306,40.37675857543945,39.92596168518067,39.635895538330075
37.3103141784668,40.0843505859375,40.59043884277344,40.00937271118164,40.14995193481445,48338941,2024-03-15,4,15,3,1.4496084459346288,-0.1633908528295634,1.9155256156310236,2.0915981825140557,40.41237258911133,39.9231502532959,39.68135013580322
37.615638732910156,40.41237258911133,40.75913619995117,40.243675231933594,40.34676742553711,23076863,2024-03-18,0,18,3,1.2755028596278541,0.1626032709938853,1.6929056052052764,1.9109041196767282,40.33364715576172,40.042175674438475,39.76944770812988
37.50223159790039,40.29053497314453,40.53420639038086,39.95314025878906,40.243675231933594,24630308,2024-03-19,1,19,3,1.4421901619799882,0.11644001433982853,1.5877335370448642,1.8530306471896947,40.29615859985351,40.12933578491211,39.831772041320804
37.59819030761719,40.39362716674805,40.5060920715332,40.00937271118164,40.20618438720703,29404173,2024-03-20,2,20,3,1.229697343843538,0.46620384997452513,1.6118614482065738,1.8004365195746637,40.26241912841797,40.21837043762207,39.890347480773926
37.41499328613281,40.19681167602539,40.30927658081055,39.78444290161133,40.29990768432617,20008597,2024-03-21,3,21,3,1.3056599698235412,-0.25582194656212165,1.34053175624191,1.7249657053722658,40.27553939819336,40.326148986816406,39.936270523071286
37.28414535522461,40.05623245239258,40.4217414855957,39.80318832397461,40.384254455566406,16045439,2024-03-22,4,22,3,1.5442120333115534,-0.8122522195741931,1.3594524737172948,1.6374890446741592,40.26991577148438,40.34114418029785,39.975633239746095
37.19691467285156,39.9625129699707,40.187442779541016,39.64385986328125,40.178070068359375,19047230,2024-03-25,0,25,3,1.3602320671581232,-0.5365043617623266,1.3763983152233488,1.5346519602143127,40.17994384765625,40.256795501708986,39.996720504760745
37.05732727050781,39.812557220458984,39.98125457763672,39.4939079284668,39.98125457763672,20592353,2024-03-26,1,26,3,1.2241028539595613,-0.42194112956148766,1.3327808536192634,1.4602571953320638,40.08434829711914,40.19025344848633,40.00656108856201
37.572017669677734,40.36551284790039,40.384254455566406,40.00937271118164,40.05623245239258,15051742,2024-03-27,2,27,3,0.9287179028229913,0.7721155400109004,1.272584965415154,1.4422232068108642,40.07872543334961,40.17057228088379,40.04967269897461
37.816280364990234,40.6279296875,40.85285949707031,40.41237258911133,40.47797775268555,22574732,2024-03-28,3,28,3,1.0841972784414586,0.3704531281938966,1.2282924271387377,1.2844120916903239,40.16494903564453,40.22024421691894,40.073102951049805
36.88286590576172,39.625118255615234,40.34676742553711,39.22211837768555,40.32802200317383,19529941,2024-04-01,0,1,4,2.8382225652845583,-1.7429660882035698,1.4870945335333385,1.4232735036253168,40.07872619628906,40.174320983886716,40.04873561859131
36.74225997924805,39.18463134765625,39.98125457763672,38.997188568115234,39.531394958496094,17927201,2024-04-02,1,2,4,2.511357069537275,-0.8771853641995431,1.7173195340091687,1.546858924616259,39.92314987182617,40.05154685974121,40.046861267089845
36.49619674682617,38.922210693359375,39.31583786010742,38.80974578857422,39.11902618408203,20079553,2024-04-03,2,3,4,1.3002654847134592,-0.5031196068033582,1.7325520601599487,1.532666456889606,39.74508056640625,39.9147144317627,40.0220251083374
36.12710189819336,38.52858352661133,39.3720703125,38.378631591796875,39.18463134765625,26096793,2024-04-04,3,4,4,2.578445999752278,-1.6742477815455115,2.062497679545806,1.66754132248048,39.37769470214844,39.728210067749025,39.973290252685544
35.94255828857422,38.33177185058594,38.60356140136719,38.088096618652344,38.303653717041016,24362811,2024-04-05,4,5,4,1.3447455148279674,0.07340848931184944,2.1146073268231076,1.6714498769809225,38.918463134765624,39.54170608520508,39.93392753601074
35.77559280395508,38.15370178222656,38.43486404418945,38.031864166259766,38.19118881225586,29999665,2024-04-08,0,8,4,1.0562536768514035,-0.09815622711714851,1.7582135491364768,1.6226540413349073,38.62417984008789,39.35145301818848,39.84629859924316
35.2834587097168,37.62886428833008,38.21930694580078,37.44142532348633,37.750701904296875,34832535,2024-04-09,1,9,4,2.0672471439848885,-0.3227426506550042,1.6693915640259995,1.6933555490175842,38.313026428222656,39.11808815002441,39.6874418258667
34.90558624267578,37.225868225097656,37.62886428833008,36.9072151184082,37.62886428833008,23867083,2024-04-10,2,10,4,1.9385690766383241,-1.070975887405148,1.7970522824109725,1.7648021712854605,37.973757934570315,38.85941925048828,39.5248363494873
35.27467727661133,37.6194953918457,37.73196029663086,37.1508903503418,37.5351448059082,26205840,2024-04-11,3,11,4,1.5445979278473088,0.22472428539618378,1.5902826680299786,1.826390173787892,37.79194030761719,38.584817504882814,39.3776948928833
34.59800720214844,36.89784240722656,37.44142532348633,36.76663589477539,37.36644744873047,24992981,2024-04-12,4,12,4,1.8288045714531476,-1.2540797252585145,1.6870944793550144,1.900850903089061,37.50515441894531,38.21180877685547,39.21602649688721
34.650733947753906,36.954078674316406,37.413307189941406,36.654170989990234,37.25398254394531,22720271,2024-04-15,0,15,4,2.05426904738064,-0.8050249910197803,1.886697553460862,1.8224555512986693,37.26522979736328,37.94470481872558,39.05951290130615
34.37831115722656,36.663543701171875,37.1134033203125,36.56045150756836,36.925960540771484,20195322,2024-04-16,1,16,4,1.5081788526799351,-0.7106567730577085,1.774883895199871,1.7221377296129354,37.07216567993164,37.69259605407715,38.87207145690918
34.26406478881836,36.54170608520508,36.944705963134766,36.43861389160156,36.84161376953125,21820257,2024-04-17,2,17,4,1.3849711076793663,-0.8140460029853565,1.6641643014080796,1.730608291909526,36.935333251953125,37.45454559326172,38.68463001251221
34.81770706176758,37.132144927978516,37.197750091552734,36.672916412353516,36.87910079956055,16735575,2024-04-18,3,18,4,1.413421390596169,0.6861450602965461,1.6379289939578516,1.6141058309939151,36.83786315917969,37.314901733398436,38.52155590057373
35.362552642822266,37.71321487426758,37.769447326660156,37.08528518676758,37.216495513916016,25850743,2024-04-19,4,19,4,1.8141177891450315,1.3346752656112633,1.6349916374962283,1.6610430584256215,37.00093765258789,37.2530460357666,38.39737606048584
35.65255355834961,38.022491455078125,38.14432907104492,37.45079803466797,37.93814468383789,26295895,2024-04-22,0,22,4,1.8240020835992008,0.222327085162304,1.5889382447399405,1.737817899100401,37.214620208740236,37.23992500305176,38.295689010620116
35.4680061340332,37.825679779052734,38.53795623779297,37.7788200378418,37.91002655029297,16351668,2024-04-23,1,23,4,2.0069333965322933,-0.22249198672635206,1.6886891535104123,1.7317865243551416,37.44704742431641,37.259606552124026,38.188847351074216
35.3361930847168,37.685096740722656,37.80693435668945,37.31958770751953,37.45079803466797,20893140,2024-04-24,2,24,4,1.2932079026436285,0.6256173922857362,1.6703365125032648,1.6672504069556724,37.67572555541992,37.30552940368652,38.082474327087404
33.279823303222656,35.492034912109375,36.77600860595703,34.854732513427734,36.22305679321289,40370372,2024-04-25,3,25,4,5.413259897008004,-2.018112069549269,2.470304213785632,2.0541166038717416,37.347703552246095,37.09278335571289,37.83880043029785
33.89497375488281,36.14807891845703,36.288658142089844,34.1424560546875,34.7703857421875,31778674,2024-04-26,4,26,4,5.937250751952142,3.9622602593043785,3.294930806347054,2.464961221921641,37.03467636108398,37.01780700683594,37.6148078918457
34.14104080200195,36.41049575805664,36.504215240478516,36.044986724853516,36.14807891845703,15933511,2024-04-29,0,29,4,1.2612531251332533,0.7259496146159531,3.1823810146538642,2.385659629696902,36.712277221679685,36.963448715209964,37.45407676696777
33.490726470947266,35.71696472167969,36.307403564453125,35.46391677856445,36.19493865966797,21560549,2024-04-30,1,30,4,2.3615858527213747,-1.3205546291500911,3.2533115058916806,2.471000329701046,36.29053421020508,36.868790817260745,37.280693435668944
33.56981658935547,35.80131149291992,36.26991653442383,35.63261413574219,35.66073226928711,21059379,2024-05-01,2,1,5,1.780109085689986,0.39421294709050797,3.3506917425009517,2.510514127502108,35.91377716064453,36.79475135803223,37.12464847564697
33.71042251586914,35.951263427734375,36.316776275634766,35.679473876953125,36.119964599609375,18104536,2024-05-02,3,2,5,1.7726842895596202,-0.4670579657124704,2.6225766210112753,2.5464404173984536,36.00562286376953,36.67666320800781,36.995782470703126
34.000431060791016,36.26054382324219,36.401126861572266,35.970008850097656,36.035614013671875,23771373,2024-05-03,4,3,5,1.1889452446608715,0.6241875314930789,1.6729155195530212,2.4839231629500373,36.028115844726564,36.531396102905276,36.89222106933594
33.82467269897461,36.07310104370117,36.6073112487793,36.00749969482422,36.34489059448242,34321549,2024-05-06,0,6,5,1.662766816826836,-0.7478067655058805,1.753218257891738,2.467799636272801,35.960636901855466,36.336457061767575,36.78819103240967
33.82467269897461,36.07310104370117,36.288658142089844,35.960636138916016,36.21368408203125,32621818,2024-05-07,1,7,5,0.9093257681851142,-0.38820418826107106,1.4627662409844855,2.358038873438083,36.031864166259766,36.16119918823242,36.71040287017822
34.316795349121094,36.597938537597656,37.30084228515625,35.951263427734375,36.044986724853516,23894718,2024-05-08,2,8,5,3.6875816271329893,1.534060248003567,1.844260749273086,2.5974762458870186,36.19118957519531,36.05248336791992,36.67900638580322
33.868614196777344,36.119964599609375,36.654170989990234,35.98875427246094,36.56045150756836,25173944,2024-05-09,3,9,5,1.8422407798718972,-1.2048180200066716,1.8581720473355419,2.240374334173408,36.22492980957031,36.11527633666992,36.60402984619141
34.54528045654297,36.84161376953125,36.97282028198242,35.92314910888672,35.960636138916016,16247636,2024-05-10,4,10,5,2.849145478974111,2.449838838256409,2.1902120941981895,1.9315638068756056,36.34114379882813,36.18462982177734,36.60121841430664
34.88800811767578,37.207122802734375,37.24460983276367,36.850982666015625,37.08528518676758,19638562,2024-05-13,0,13,5,1.0579349788345338,0.32853358239852454,2.0692457265997293,1.9112319922457335,36.56794815063476,36.264292526245114,36.61387062072754
34.88800811767578,37.207122802734375,37.544517517089844,37.10403060913086,37.497657775878906,17175179,2024-05-14,1,14,5,1.1838779104054042,-0.7748083223785339,2.1241561550437873,1.7934611980141362,36.794752502441405,36.41330833435059,36.64104957580567
34.492557525634766,36.78538131713867,37.44142532348633,36.56045150756836,37.37582015991211,20089583,2024-05-15,2,15,5,2.394901953911551,-1.579734813168648,1.8656202203994994,1.8549404848362925,36.83224105834961,36.51171531677246,36.65323333740234
34.59800720214844,36.89784240722656,36.954078674316406,36.4479866027832,36.70103073120117,16713275,2024-05-16,3,16,5,1.3716034285898606,0.5362565358636434,1.7714927501430922,1.8148323987393167,36.987816619873044,36.60637321472168,36.64151821136475
34.5101318359375,36.80412292480469,36.916587829589844,36.46672821044922,36.81349563598633,14653538,2024-05-17,4,17,5,1.2223076747671533,-0.025459986941523995,1.4461251893017006,1.818168641749945,36.98031845092773,36.66073112487793,36.5960636138916
34.4573974609375,36.74789047241211,36.84161376953125,36.241798400878906,36.71040344238281,13373138,2024-05-20,0,20,5,1.6322443572717338,0.10211554903811662,1.5609870649891406,1.8151163957944347,36.88847198486328,36.728210067749025,36.532333564758304
34.4573974609375,36.74789047241211,37.141517639160156,36.51359176635742,36.55107879638672,14374624,2024-05-21,1,21,5,1.708739916034472,0.5384565449401909,1.6659594661149542,1.8950578105793707,36.79662551879883,36.795689010620116,36.47844409942627
34.17618942260742,36.4479866027832,36.729148864746094,36.232425689697266,36.729148864746094,18944798,2024-05-22,2,22,5,1.3628274737428099,-0.7655017081889416,1.459544570081206,1.6625823952403525,36.729146575927736,36.78069381713867,36.416588592529294
33.99164581298828,36.25117111206055,36.68228530883789,36.08247375488281,36.382381439208984,17159281,2024-05-23,3,23,5,1.6545991082630829,-0.3606424922119948,1.5161437060158502,1.6438182280794713,36.59981231689453,36.793814468383786,36.454545402526854
33.868614196777344,36.119964599609375,36.382381439208984,35.84817123413086,36.307403564453125,15338872,2024-05-24,4,24,5,1.4789887282555707,-0.5162554918337997,1.5674799167135338,1.5068025530076175,36.46298065185547,36.7216495513916,36.45313968658447
33.868614196777344,36.119964599609375,36.373008728027344,35.763824462890625,35.829429626464844,18071992,2024-05-28,1,28,5,1.6865583116969802,0.8108836120849999,1.578342707598583,1.5696648862938618,36.33739547729492,36.6129337310791,36.43861312866211
33.34133529663086,35.55763626098633,36.016868591308594,35.473289489746094,35.8575439453125,30445245,2024-05-29,2,29,5,1.5287267622986302,-0.8363865767927964,1.5423400768514148,1.6041497714831845,36.099344635009764,36.447985076904295,36.43064670562744
34.158607482910156,36.42924118041992,36.46672821044922,35.53889465332031,35.670101165771484,19478298,2024-05-30,3,30,5,2.546947251889508,2.1282250115312187,1.7791640324807545,1.6193543012809801,36.09559555053711,36.41237106323242,36.46204319000244
35.17801284790039,37.51639938354492,37.572635650634766,35.7357063293457,36.044986724853516,28850933,2024-05-31,4,31,5,4.89633693923932,4.082156195321462,2.427511598676002,1.971827652345926,36.34864120483398,36.474226760864255,36.54029998779297
34.78255081176758,37.09465789794922,37.553890228271484,36.81349563598633,37.488285064697266,16700044,2024-06-03,0,3,6,1.9959601577187993,-1.0500004629945736,2.5309058845686474,2.049192900641091,36.54357986450195,36.50328025817871,36.58200569152832
34.764976501464844,37.07591247558594,37.282100677490234,36.73851776123047,36.944705963134766,15557820,2024-06-04,1,4,6,1.466134964628878,0.35514293328547847,2.486821215155027,2.0325819613768052,36.73476943969727,36.5360824584961,36.63214626312256
34.395877838134766,36.68228530883789,37.1134033203125,36.6073112487793,37.1134033203125,13482079,2024-06-05,2,5,6,1.3796634186563888,-1.1616234915288801,2.4570085464265787,1.9996743116389968,36.95969924926758,36.52952194213867,36.6626054763794
34.334373474121094,36.61668014526367,37.413307189941406,36.56045150756836,36.71040344238281,21698832,2024-06-06,3,6,6,2.3291452938651043,-0.25530445958252646,2.4134481548216984,2.0963060936512266,36.99718704223633,36.546391296386716,36.66354255676269
34.237701416015625,36.51359176635742,36.87910079956055,36.46672821044922,36.6073112487793,17124603,2024-06-07,4,7,6,1.1293673647610762,-0.2560130182327995,1.6600542399260494,2.0437829193010257,36.79662551879883,36.57263336181641,36.6832239151001
34.08830642700195,36.35426330566406,36.53233337402344,36.101219177246094,36.46672821044922,14060179,2024-06-10,0,10,6,1.1858697098399884,-0.3084041544284481,1.4980361503502873,2.0144710174594676,36.648546600341795,36.596063232421876,36.65885639190674
33.67527389526367,35.91377639770508,36.17619323730469,35.57638168334961,35.754451751708984,17584160,2024-06-11,1,11,6,1.6701433659129388,0.4456078563377171,1.538837830607099,2.0128295228810633,36.41611938476562,36.57544441223145,36.59418907165527
33.24467086791992,35.45454406738281,36.21368408203125,35.126522064208984,36.110591888427734,20169181,2024-06-12,2,12,6,3.066354529213716,-1.8167739345617422,1.8761760527185647,2.1665922995725717,36.17057113647461,36.5651351928711,36.50656013488769
33.02497863769531,35.220245361328125,35.46391677856445,34.96719741821289,35.145267486572266,19755292,2024-06-13,3,13,6,1.4103233956937762,0.21333704398324954,1.6924116730842989,2.0529299139529984,35.8912841796875,36.44423561096191,36.42830333709717
32.90193176269531,35.08903503417969,35.31396484375,34.92033767700195,35.02342987060547,13542898,2024-06-14,4,14,6,1.1217953596176717,0.18731792921652138,1.6908972720556181,1.6754757559908338,35.60637283325195,36.20149917602539,36.337862968444824
32.78770446777344,34.96719741821289,35.117149353027344,34.601688385009766,35.04217529296875,33189569,2024-06-17,0,17,6,1.4741271994223275,-0.21396467008400522,1.748548769972086,1.6232924601611862,35.32895965576172,35.988753128051755,36.24601669311524
32.427391052246094,34.582942962646484,35.417057037353516,34.44236373901367,34.99531555175781,23948708,2024-06-18,1,18,6,2.8184220741208277,-1.1783651114716542,1.9782045116136637,1.7585211711103816,35.06279296875,35.73945617675781,36.137769317626955
33.262245178222656,35.473289489746094,35.59512710571289,34.40487289428711,34.47047805786133,22623921,2024-06-20,3,20,6,3.3553533617733313,2.9091892204148437,2.036004278125587,1.9560901654220757,35.066542053222655,35.618556594848634,36.07403926849365
33.815879821777344,36.06372833251953,36.27928924560547,35.58575439453125,35.8200569152832,52256112,2024-06-21,4,21,6,1.9230813982392434,0.6802652988872326,2.1385558786346803,1.9154837758594898,35.23523864746094,35.56326141357422,36.05482635498047
33.815879821777344,36.06372833251953,36.3636360168457,35.670101165771484,35.88566207885742,20736398,2024-06-24,0,24,6,1.9230813982392434,0.49620445422134146,2.2988130863589946,1.9948551792073066,35.43017730712891,35.51827507019043,36.04545421600342
33.745582580566406,35.98875427246094,36.232425689697266,35.55763626098633,36.232425689697266,19688818,2024-06-25,1,25,6,1.8750007949769327,-0.6725230580010998,2.3789878054699156,2.0637682877210013,35.63448867797852,35.481724166870116,36.038893699645996
33.587398529052734,35.8200569152832,36.026241302490234,35.25773239135742,35.88566207885742,25139160,2024-06-26,2,26,6,2.145470938112652,-0.18281720267569207,2.2443975782682806,2.111301044940972,35.88191146850586,35.47235221862793,36.02389831542969
33.6401252746582,35.87628936767578,35.9793815612793,35.57638168334961,35.87628936767578,13949104,2024-06-27,3,27,6,1.1233042352835598,0.0,1.7979877529703263,1.9169960155479564,35.962511444091795,35.514526748657225,36.03983097076416
34.41345977783203,36.70103073120117,36.78538131713867,36.08247375488281,36.119964599609375,40854256,2024-06-28,4,28,6,1.9152256714640075,1.608711797015662,1.7964166076152792,1.9674862431249796,36.089971923828124,35.66260528564453,36.05342044830322
33.543460845947266,35.773197174072266,36.62605285644531,35.745079040527344,36.45735549926758,18038382,2024-07-01,0,1,7,2.4626644681244256,-1.8765988805991622,1.9043332215923154,2.101573153975655,36.03186569213867,35.73102149963379,35.96626033782959
33.53467559814453,35.763824462890625,35.951263427734375,35.398311614990234,35.951263427734375,16760223,2024-07-02,1,2,7,1.5461204752246123,-0.5213696181234938,1.8385571576418513,2.1087724815558837,35.98687973022461,35.81068420410156,35.89971866607666
33.71187210083008,35.66073226928711,35.90440368652344,35.342079162597656,35.37957000732422,8171086,2024-07-03,2,3,7,1.5768731827475249,0.794702315219447,1.7248376065688258,1.984617592418553,35.95501480102539,35.918463134765624,35.82895965576172
33.54352951049805,35.482662200927734,35.60449981689453,35.31396484375,35.57638168334961,12987737,2024-07-05,4,5,7,0.818808271767542,-0.26343174316048396,1.6639384138656226,1.7309630834179743,35.87628936767578,35.91940040588379,35.76897850036621
33.07395935058594,34.98594284057617,35.60449981689453,34.873477935791016,35.417057037353516,18798086,2024-07-08,0,8,7,2.089473147642851,-1.2172501976170917,1.6987879091013913,1.747602258358335,35.53327178955078,35.811621856689456,35.68744163513183
33.233436584472656,35.154640197753906,35.30459213256836,34.81724548339844,34.929710388183594,19947885,2024-07-09,1,9,7,1.3862939470535651,0.6439498268683161,1.4835138048872192,1.6939235132397674,35.40956039428711,35.72071304321289,35.61949405670166
33.16255569458008,35.07966232299805,35.30459213256836,34.8078727722168,35.220245361328125,20513502,2024-07-10,2,10,7,1.4159753186276136,-0.39915405724128905,1.4574847735678194,1.6480209656048352,35.272727966308594,35.629803848266604,35.55576400756836
33.44607925415039,35.37957000732422,35.79193878173828,35.201499938964844,35.2296142578125,19878210,2024-07-11,3,11,7,1.6688694708590461,0.4256525445164778,1.4758840311901236,1.6003608188794747,35.216495513916016,35.5857551574707,35.529053688049316
33.92450714111328,35.88566207885742,35.93252182006836,35.52952194213867,35.60449981689453,17870756,2024-07-12,4,12,7,1.1230108477422267,0.7896818194577685,1.5367245463850607,1.6003314801253417,35.297095489501956,35.58669242858887,35.55060958862305
34.50040054321289,36.49484634399414,36.96344757080078,35.80131149291992,35.84817123413086,20292526,2024-07-15,0,15,7,3.1843840824174587,1.8039277530776388,1.755706733339982,1.7272473212206865,35.59887619018555,35.566073989868165,35.614339637756345
35.09400939941406,37.122772216796875,37.17900848388672,36.41986846923828,36.49484634399414,19783460,2024-07-16,1,16,7,2.0449443005362373,1.7205877972029617,1.8874368040365166,1.6854753044618676,35.99250259399414,35.70103149414062,35.71602649688721
35.9622802734375,38.041236877441406,38.18181610107422,37.17900848388672,37.188377380371094,33812910,2024-07-17,2,17,7,2.636106760719362,2.293349581636955,2.131463092454866,1.7944739330113428,36.584817504882814,35.9287727355957,35.86972846984863
35.56358337402344,37.6194953918457,38.61293411254883,37.61012268066406,37.70384216308594,18947679,2024-07-18,3,18,7,2.66566954564237,-0.22370868962212648,2.3308231074115313,1.9033535693008274,37.03280258178711,36.12464904785156,36.0215560913086
35.51042175292969,37.56325912475586,37.760074615478516,37.36644744873047,37.656982421875,20598648,2024-07-19,4,19,7,1.0479047237108057,-0.24888690248503986,2.3158018826052467,1.9262632144951535,37.3683219909668,36.332708740234374,36.12605457305908
35.023136138916016,37.04779815673828,37.66635513305664,36.34489059448242,37.59137725830078,24768698,2024-07-22,0,22,7,3.5669178853315193,-1.4460207132806473,2.3923086431880587,2.0740076882640204,37.478912353515625,36.53889427185059,36.17525806427002
34.11942672729492,36.09184646606445,37.08528518676758,34.6485481262207,36.935333251953125,32839593,2024-07-23,1,23,7,6.751489045699088,-2.283685326824738,3.3336175922206293,2.610527198128573,37.27272720336914,36.63261489868164,36.17666397094727
33.747310638427734,35.698219299316406,36.41049575805664,35.03280258178711,36.288658142089844,25018909,2024-07-24,2,24,7,3.859277026447964,-1.6270616578368595,3.5782516453663495,2.854857368910608,36.80412368774414,36.69447059631348,36.16213722229004
33.88020324707031,35.83879852294922,36.89784240722656,35.829429626464844,36.119964599609375,19617115,2024-07-25,3,25,7,2.9811623848873317,-0.7784229020623042,3.641350213215342,2.9860866603134366,36.447984313964845,36.740393447875974,36.16307430267334
35.16489028930664,37.197750091552734,37.59137725830078,36.119964599609375,36.14807891845703,26209681,2024-07-26,4,26,7,3.955649616092104,2.903809011437524,4.222899191691601,3.269350537148424,36.374882507324216,36.87160224914551,36.229147338867186
36.04201889038086,38.125587463378906,38.21930694580078,37.141517639160156,37.23523712158203,23469625,2024-07-29,0,29,7,2.826944785246609,2.3911499177235433,4.074904571674619,3.2336066074313394,36.590440368652345,37.03467636108398,36.30037517547608
36.157196044921875,38.24742126464844,38.47235107421875,37.844425201416016,38.20993423461914,26916249,2024-07-30,1,30,7,1.641746951926188,0.09810807262613057,3.0529561529200393,3.1932868725703343,37.02155532836914,37.14714126586914,36.42408638000488
36.564754486083984,38.67853927612305,39.015933990478516,38.125587463378906,38.2005615234375,26539704,2024-07-31,2,31,7,2.301913525594893,1.251232268908637,2.741483452749425,3.1598675490578874,37.617619323730466,37.2108715057373,36.5698221206665
35.66990280151367,37.73196029663086,38.81911849975586,37.685096740722656,38.659793853759766,23257399,2024-08-01,3,1,8,3.0054673812811723,-2.399996131998702,2.7463444520281937,3.1938473326217673,37.9962516784668,37.22211799621582,36.67338352203369
35.35094451904297,37.39456558227539,38.55670166015625,37.33833312988281,38.303653717041016,27690464,2024-08-02,4,2,8,3.258143292486678,-2.373371849801311,2.606843187307108,3.4148711894993546,38.035614776611325,37.20524864196777,36.768978691101076
34.71303939819336,36.71977615356445,37.97563171386719,36.18556594848633,37.656982421875,22823984,2024-08-05,0,5,8,4.874936486253864,-2.4887981140148985,3.016441527508559,3.5456730495915894,37.754452514648435,37.17244644165039,36.85567035675049
34.48268127441406,36.47610092163086,36.97282028198242,36.298030853271484,36.45735549926758,16916005,2024-08-06,1,6,8,1.8499494509041057,0.05141739466993935,3.0580820273041427,3.055519090112091,37.40018844604492,37.210871887207034,36.921743392944336
34.11942672729492,36.09184646606445,37.1134033203125,36.054359436035156,36.729148864746094,17866061,2024-08-07,2,7,8,2.934302309174221,-1.735140667235405,3.184559784020008,2.9630216183847167,36.882849884033206,37.250234603881836,36.97235260009766
34.86365509033203,36.87910079956055,36.96344757080078,36.026241302490234,36.044986724853516,14583863,2024-08-08,3,8,8,2.5412937083371476,2.3140917794593,3.091725049431203,2.919034750729698,36.71227798461914,37.35426483154297,37.047329139709475
34.62443923950195,36.62605285644531,36.89784240722656,36.26991653442383,36.61668014526367,14937467,2024-08-09,4,9,8,1.7144240884046953,0.025596834951879095,2.7829812086148067,2.6949121979609574,36.55857543945312,37.297095108032224,37.08434867858887
34.13714599609375,36.110591888427734,36.644798278808594,36.054359436035156,36.55107879638672,13027430,2024-08-12,0,12,8,1.635084920783738,-1.2051269687901223,2.1350108955207814,2.57572621151467,36.43673858642578,37.09559555053711,37.06513595581055
34.65988540649414,36.663543701171875,36.79475021362305,36.25117111206055,36.45735549926758,14962114,2024-08-13,1,13,8,1.4826147357521406,0.5655599510184965,2.0615439524903882,2.5598129898972655,36.47422714233399,36.937207794189455,37.0421745300293
34.562416076660156,36.56045150756836,36.663543701171875,36.33552169799805,36.34489059448242,19143687,2024-08-14,2,14,8,0.8972044645179627,0.5930982582697942,1.6541243835591366,2.419342083789572,36.56794815063476,36.725399017333984,36.96813526153564
35.01427459716797,37.03842544555664,37.05717086791992,36.47610092163086,36.81349563598633,18449497,2024-08-15,3,15,8,1.5688300442014909,0.6109982376963862,1.4596316507320055,2.2756783500816042,36.599813079833986,36.656045532226564,36.93908176422119
35.102867126464844,37.132144927978516,37.32896041870117,37.01968002319336,37.1508903503418,15119603,2024-08-16,4,16,8,0.8329182063349493,-0.05045753193667076,1.2833304743180562,2.0331558414664315,36.70103149414062,36.62980346679687,36.91752605438232
35.66990280151367,37.73196029663086,37.7788200378418,36.9915657043457,36.9915657043457,14170507,2024-08-19,0,19,8,2.086438995766644,2.0015227206189223,1.3736012893146374,1.7543060924177094,37.02530517578125,36.731021881103516,36.951734161376955
35.466121673583984,37.51639938354492,37.750701904296875,37.46017074584961,37.5351448059082,14460731,2024-08-20,1,20,8,0.774411092805179,-0.04994098853278071,1.2319605607252453,1.646752256607817,37.19587631225586,36.835051727294925,37.02296180725098
35.386390686035156,37.43205261230469,37.769447326660156,37.30084228515625,37.70384216308594,13602223,2024-08-21,2,21,8,1.2518817665635202,-0.7208537252135709,1.3028960211343565,1.4785102023467467,37.37019653320313,36.969072341918945,37.10965347290039
34.916812896728516,36.935333251953125,37.58200454711914,36.71977615356445,37.58200454711914,9883728,2024-08-22,3,22,8,2.3344270042807675,-1.7206939942632369,1.456015413150212,1.4578235319411088,37.349578094482425,36.9746955871582,37.164480209350586
35.280067443847656,37.31958770751953,37.43205261230469,37.01030731201172,37.141517639160156,12464907,2024-08-23,4,23,8,1.1300909956408527,0.47943670500859353,1.5154499710113927,1.3993902226647246,37.38706665039062,37.04404907226562,37.17057209014892
35.66104507446289,37.72258758544922,37.91939926147461,37.35707473754883,37.50703048706055,11867601,2024-08-26,0,26,8,1.4906838579193529,0.5747111823822906,1.3962989434419344,1.384950116378286,37.3851921081543,37.20524864196777,37.15042209625244
35.652183532714844,37.71321487426758,37.99437713623047,37.6194953918457,37.64760971069336,13943129,2024-08-27,1,27,8,0.9940328493197602,0.17426116579078427,1.4402232947448508,1.336091927735048,37.42455520629883,37.31021575927734,37.1237117767334
35.377525329589844,37.42267990112305,37.816307067871094,37.403934478759766,37.72258758544922,11971313,2024-08-28,2,28,8,1.1019322779685612,-0.7950347617241815,1.4102333970258587,1.3565647090801078,37.4226806640625,37.39643859863281,37.0609188079834
34.96110916137695,36.98219299316406,37.56325912475586,36.925960540771484,37.50703048706055,24142369,2024-08-29,3,29,8,1.7232579585049912,-1.39930430930155,1.2879995878707036,1.3720075005104577,37.43205261230469,37.390815353393556,37.02343044281006
35.05856704711914,37.08528518676758,37.23523712158203,36.71040344238281,37.23523712158203,27608518,2024-08-30,4,30,8,1.415207343171477,-0.402715133315316,1.3450228573768286,1.4302364141941104,37.3851921081543,37.38612937927246,37.00796642303467
34.99655532836914,37.01968002319336,37.38519287109375,36.935333251953125,37.188377380371094,19580517,2024-09-03,1,3,9,1.2151904577748416,-0.4536292494083833,1.2899241773479262,1.3431115603949304,37.24461059570312,37.31490135192871,37.02296161651611
34.26118087768555,36.241798400878906,37.64760971069336,35.98875427246094,37.207122802734375,26178525,2024-09-04,2,4,9,4.577188526583142,-2.5944612997179304,2.006555312800603,1.7233893037727266,36.95032730102539,37.18744125366211,37.01124649047851
35.26234436035156,37.30084228515625,37.32896041870117,36.43861389160156,36.46672821044922,20308958,2024-09-05,3,5,9,2.3869341080641493,2.287329068550831,2.26355567881972,1.8368945379227894,36.925959777832034,37.174320220947266,37.071696281433105
35.09400939941406,37.122772216796875,37.816307067871094,37.01030731201172,37.30084228515625,19791996,2024-09-06,4,6,9,2.171173400392457,-0.47738886698072613,2.3531387671972133,1.8205691775339587,36.95407562255859,37.19306411743164,37.08387985229492
35.191463470458984,37.225868225097656,37.51639938354492,36.504215240478516,37.24460983276367,14501384,2024-09-09,0,9,9,2.7190343471532312,-0.05032032218935702,2.6139041679935646,1.9794635126851965,36.98219223022461,37.183692169189456,37.11387062072754
34.67759323120117,36.68228530883789,37.45079803466797,36.46672821044922,37.31958770751953,14673811,2024-09-10,1,10,9,2.6826840692546967,-1.7076887442495259,2.9074028902895352,2.0986635338187307,36.914713287353514,37.07966194152832,37.14245529174805
34.27004623413086,36.25117111206055,36.68228530883789,35.745079040527344,36.68228530883789,18014588,2024-09-11,2,11,9,2.5853130797165997,-1.1752653716846673,2.509027800916227,2.2577915568584146,36.916587829589844,36.93345756530762,37.12183666229248
34.82821273803711,36.84161376953125,36.860355377197266,36.09184646606445,36.42924118041992,18198325,2024-09-12,3,12,9,2.085980586899222,1.1319823739094823,2.448837096683241,2.356196387751481,36.82474212646484,36.87535095214844,37.135894775390625
35.04085159301758,37.06654357910156,37.38519287109375,36.76663589477539,36.84161376953125,13978234,2024-09-13,4,13,9,1.6687743625146294,0.6105319136599113,2.3483572891076756,2.3507480281524447,36.81349639892578,36.883786010742185,37.137300682067874
34.87251663208008,36.88847351074219,37.5351448059082,36.729148864746094,37.29146957397461,17851870,2024-09-16,0,16,9,2.1849533592855166,-1.0806655458643262,2.241541091534133,2.4277226297638483,36.74601745605469,36.86410484313965,37.12511711120605
34.8016357421875,36.81349563598633,37.31958770751953,36.75726318359375,37.06654357910156,13991784,2024-09-17,1,17,9,1.5274955942409656,-0.6826855667705283,2.0105033965313868,2.458953143410461,36.77225952148437,36.84348640441895,37.079193878173825
35.280067443847656,37.31958770751953,37.59137725830078,36.08247375488281,36.88847351074219,18436800,2024-09-18,2,18,9,4.043194461963307,1.168696223365817,2.302079672980728,2.4055537369484776,36.98594284057617,36.95126533508301,37.06935329437256
35.67876434326172,37.741329193115234,38.49109649658203,37.62886428833008,37.825679779052734,17997516,2024-09-19,3,19,9,2.2845835763761104,-0.22299820235937182,2.3418002708761056,2.3953186837796734,37.16588592529297,36.995314025878905,37.08481712341309
35.53700256347656,37.59137725830078,38.088096618652344,37.43205261230469,37.6944694519043,63664049,2024-09-20,4,20,9,1.7451981124282727,-0.2734942157364878,2.3570850208588348,2.3527211549832554,37.270852661132814,37.0421745300293,37.117619323730466
36.08631896972656,38.172447204589844,38.35051345825195,37.60074996948242,37.685096740722656,23449779,2024-09-23,0,23,9,1.9641483417373877,1.293218025205584,2.3129240173492085,2.277232554441671,37.52764739990234,37.13683242797852,37.16026229858399
36.635623931884766,38.75351333618164,38.87535095214844,38.06935119628906,38.26616668701172,25816599,2024-09-24,1,24,9,2.0798108002942417,1.2735706012991805,2.4233870585598636,2.216945227545625,37.91565093994141,37.34395523071289,37.211808586120604
35.9622802734375,38.041236877441406,38.716026306152344,37.98500442504883,38.7066535949707,25666578,2024-09-25,2,25,9,1.9216564473407391,-1.7191274773899774,1.9990794556353504,2.150579564308039,38.05998077392578,37.52296180725098,37.2282096862793
36.343257904052734,38.444236755371094,38.50046920776367,38.106842041015625,38.15370178222656,20610919,2024-09-26,3,26,9,1.0238912252382086,0.7614856739271193,1.74694098540777,2.044370628141938,38.20056228637695,37.68322410583496,37.2792875289917
36.89257049560547,39.025306701660156,39.43767547607422,38.60356140136719,38.641048431396484,18663110,2024-09-27,4,27,9,2.137367122015591,0.9944302389876558,1.8253747873252337,2.0912299040920344,38.48734817504883,37.87910041809082,37.38144321441651
37.00774383544922,39.14714050292969,39.268978118896484,38.7066535949707,39.12839889526367,23877753,2024-09-30,0,30,9,1.4364383112061483,0.04789771162418868,1.719832781218986,2.0163783992840973,38.6822868347168,38.10496711730957,37.48453598022461
36.94572830200195,39.08153533935547,39.3345832824707,38.584815979003906,39.015933990478516,19447462,2024-10-01,1,1,10,1.9184694177349124,0.1681398909813681,1.68756450470712,2.055475781633492,38.74789123535156,38.33177108764649,37.58762874603271
36.86539077758789,38.7066535949707,39.23149108886719,38.659793853759766,38.7910041809082,11869735,2024-10-02,2,2,10,1.476999900558969,-0.2174488330957281,1.5986331953507658,1.7988563254930583,38.88097457885742,38.4704776763916,37.7108715057373
36.42800521850586,38.24742126464844,38.53795623779297,37.98500442504883,38.453609466552734,11158259,2024-10-03,3,3,10,1.4457231218754776,-0.5361998646281595,1.6829995746782198,1.714970280042995,38.84161148071289,38.521086883544925,37.75820045471191
36.7672004699707,38.60356140136719,38.76288604736328,38.106842041015625,38.3223991394043,14614592,2024-10-04,4,4,10,1.6994390738374252,0.7336760439765649,1.5954139650425865,1.7103943761839102,38.7572624206543,38.62230529785156,37.83223991394043
36.20484924316406,38.01312255859375,38.60356140136719,37.97563171386719,38.369258880615234,18206328,2024-10-07,0,7,10,1.6518761028697493,-0.9281813941978696,1.6385015233753066,1.6791671522971463,38.53045883178711,38.60637283325195,37.871602630615236
36.552974700927734,38.378631591796875,38.453609466552734,37.844425201416016,38.022491455078125,19391125,2024-10-08,1,8,10,1.587300640669343,0.9366564974825851,1.5722677679621928,1.6299161363346564,38.38987808227539,38.568884658813474,37.956419944763184
36.95465850830078,38.800376892089844,38.83786392211914,38.2005615234375,38.388004302978516,12159959,2024-10-09,2,9,10,1.6425160004349497,1.0742225249759394,1.605370987937389,1.6020020916440774,38.40862274169922,38.64479866027832,38.083880233764646
36.686866760253906,38.51921463012695,39.31583786010742,38.47235107421875,38.912841796875,12778179,2024-10-10,3,10,10,2.189781889345577,-1.0115610903022205,1.7541827414314088,1.7185911580548143,38.462981414794925,38.652296447753905,38.16776027679443
36.82968521118164,38.669166564941406,38.87535095214844,38.50046920776367,38.584815979003906,11147803,2024-10-11,4,11,10,0.9694590747260747,0.2186108286311375,1.6081867416091389,1.601800353325863,38.47610244750977,38.61668243408203,38.247891426086426
37.46344757080078,39.3345832824707,39.40956115722656,38.7066535949707,38.76288604736328,12933107,2024-10-14,0,14,10,1.786996336552286,1.474857249815922,1.6352107883456461,1.6368561558604764,38.740394592285156,38.635426712036136,38.37019691467285
37.588417053222656,39.46579360961914,40.0843505859375,39.2502326965332,39.2502326965332,15836094,2024-10-15,1,15,10,2.113521135936297,0.5491965226106215,1.7404548873990369,1.6563613276806148,38.95782699584961,38.6738525390625,38.50281181335449
37.713382720947266,39.59700012207031,39.93439483642578,39.559513092041016,39.58762741088867,12556456,2024-10-16,2,16,10,0.9467427916990522,0.023675859844691373,1.6013002456518575,1.603335616794623,39.1171516418457,38.762887191772464,38.61668243408203
37.695533752441406,39.5782585144043,40.06560516357422,39.03467559814453,39.906280517578125,17379403,2024-10-17,3,17,10,2.6047875882524902,-0.8219808985438753,1.68430138543324,1.7192420634323244,39.32896041870117,38.89597091674805,38.70852890014648
37.42774963378906,39.297096252441406,39.70946502685547,39.24086380004883,39.31583786010742,15138809,2024-10-18,4,18,10,1.1924576406266352,-0.04766935842166589,1.7289010986133522,1.6685439201112455,39.45454635620117,38.96532440185547,38.79381484985352
36.178070068359375,37.98500442504883,39.343955993652344,37.91939926147461,39.32521057128906,17427845,2024-10-21,0,21,10,3.750313455902416,-3.4080075523326134,2.1215645224833777,1.878387655414512,39.1846305847168,38.96251258850098,38.78444271087646
37.08855056762695,38.940956115722656,39.64385986328125,38.022491455078125,38.116214752197266,19840545,2024-10-22,1,22,10,4.163658445839976,2.163754635362493,2.5315919844641144,2.1360234359315755,39.0796630859375,39.018745040893556,38.79381484985352
37.08855056762695,38.940956115722656,39.287723541259766,38.63167953491211,38.922210693359375,17511284,2024-10-23,2,23,10,1.6847146854793695,0.04816124785655985,2.6791863632201776,2.140243304436017,38.94845428466797,39.032802963256835,38.83880081176758
37.17780685424805,39.03467559814453,39.36269760131836,38.744140625,39.16588592529297,17672508,2024-10-24,3,24,10,1.5846346020300006,-0.3350117686568226,2.4751557659756793,2.07972857570446,38.83973770141601,39.08434906005859,38.86832275390625
37.186737060546875,39.04404830932617,39.92502212524414,39.006561279296875,39.4189338684082,20660534,2024-10-25,4,25,10,2.352370939280596,-0.951029168707372,2.7071384257064715,2.2180197621599116,38.789128112792966,39.12183723449707,38.86925983428955
37.347412109375,39.212745666503906,39.32521057128906,39.006561279296875,39.006561279296875,20339688,2024-10-28,0,28,10,0.8126166290476883,0.5285889871980736,2.1195990603355264,2.1205817914094522,39.03467636108398,39.10965347290039,38.87254009246826
37.55270767211914,39.42830276489258,39.821929931640625,39.11902618408203,39.14714050292969,22504631,2024-10-29,1,29,10,1.782739043447915,0.7182191556030741,1.643415179857114,2.087503582160614,39.132145690917966,39.10590438842773,38.88987846374512
37.70446014404297,39.58762741088867,39.80318832397461,39.18463134765625,39.194000244140625,29374937,2024-10-30,2,30,10,1.5625007528191088,1.0043046494262675,1.618972393325062,2.14907937827262,39.26147994995117,39.10496711730957,38.93392715454102
38.98091125488281,40.927833557128906,42.4648551940918,40.14995193481445,42.37113571166992,37556693,2024-10-31,3,31,10,5.656061066721496,-3.4063334161314427,2.433257686263361,2.45420672611952,39.64011154174805,39.239924621582034,39.06794776916504
38.88271713256836,40.82474136352539,41.874412536621094,40.75913619995117,41.56513595581055,26758760,2024-11-01,4,1,11,2.731863814491568,-1.7812875508750832,2.509156261305555,2.608147343506013,39.99625015258789,39.39268913269043,39.17900676727295
37.963321685791016,39.85942077636719,41.02155685424805,39.821929931640625,40.94657897949219,23210238,2024-11-04,0,4,11,3.0096446442058826,-2.6550647947158073,2.9485618643371945,2.53408046233636,40.12558517456055,39.58013076782227,39.27132167816162
37.99009704589844,39.887535095214844,40.35614013671875,39.66260528564453,40.05623245239258,17907674,2024-11-05,1,5,11,1.7387257683852706,-0.42115133363636653,2.9397592093246656,2.2915871945908894,40.217431640625,39.67478866577149,39.34676685333252
40.29307174682617,42.3055305480957,42.3805046081543,40.702903747558594,41.077789306640625,33154358,2024-11-06,2,6,11,3.9654410164848217,2.9888201438742024,3.4203472620578075,2.5196598276914353,40.76101226806641,40.01124610900879,39.52202453613281
39.445072174072266,41.415184020996094,42.174320220947266,41.37769317626953,42.14620590209961,18300757,2024-11-07,3,7,11,1.92351443923048,-1.734490366230328,2.6738379365596048,2.553547811411483,40.858482360839844,40.24929695129394,39.66682300567627
39.19514465332031,41.15276336669922,41.602622985839844,40.91846466064453,41.38706588745117,24562020,2024-11-08,4,8,11,1.6624845313521104,-0.5661249854945508,2.459962079931713,2.4845591706186343,40.92408676147461,40.46016845703125,39.79100284576416
39.45400619506836,41.424556732177734,41.827552795410156,41.15276336669922,41.199623107910156,11831536,2024-11-11,0,11,11,1.6289599260497944,0.5459603930803721,2.1838251363004955,2.5661935003188447,41.23711395263672,40.68134956359863,39.89550151824951
39.311180114746094,41.274600982666016,41.424556732177734,41.09653091430664,41.143394470214844,14310497,2024-11-12,1,12,11,0.7947401308830433,0.3189005529093058,1.9950280088000496,2.467393609062358,41.51452713012695,40.86597938537598,39.985941886901855
39.19514465332031,41.15276336669922,41.415184020996094,40.77788162231445,40.91846466064453,12369731,2024-11-13,2,13,11,1.5486260132833394,0.5725989672335787,1.5116650081597536,2.4660061351087808,41.283973693847656,41.02249298095703,40.0637300491333
38.811317443847656,40.7497673034668,41.2933464050293,40.47797775268555,41.15276336669922,21530780,2024-11-14,3,14,11,2.0009160942481805,-0.9792685357273625,1.5271453391632934,2.1004916378614493,41.1508903503418,41.00468635559082,40.12230548858643
38.27574157714844,40.187442779541016,41.068416595458984,39.906280517578125,40.7497673034668,19494837,2024-11-15,4,15,11,2.8917890701731586,-1.37994536198969,1.7730062469275034,2.1164841634296083,40.95782623291016,40.94095649719238,40.166822814941405
38.38285827636719,40.29990768432617,40.5060920715332,40.06560516357422,40.159324645996094,20380660,2024-11-18,0,18,11,1.0930221265253737,0.3500632532277764,1.6658186870226188,1.9248219116615572,40.732896423339845,40.98500518798828,40.28256797790527
37.7758674621582,39.66260528564453,40.0843505859375,39.65323257446289,39.92502212524414,31241013,2024-11-19,1,19,11,1.086963421514441,-0.6572741244235559,1.7242633451488985,1.8596456769744745,40.41049728393555,40.96251220703125,40.31865043640137
38.373924255371094,40.29053497314453,40.31864929199219,39.353328704833984,40.06560516357422,22480196,2024-11-20,2,20,11,2.3958991554756794,0.5614037493056717,1.8937179735873666,1.7026914908735602,40.23805160522461,40.761012649536134,40.38612937927246
38.82916259765625,40.76850891113281,40.984066009521484,39.840675354003906,40.39362716674805,16695562,2024-11-21,3,21,11,2.8045927752961015,0.928071507015759,2.0544533097969504,1.7907993244801221,40.241799926757814,40.6963451385498,40.47282104492187
38.80238723754883,40.740394592285156,40.974693298339844,40.449859619140625,40.5435791015625,11349999,2024-11-22,4,22,11,1.288239067028095,0.4854418260154818,1.733743309167938,1.7533747780477207,40.35239028930664,40.655108261108396,40.55763835906983
38.561378479003906,40.48734664916992,41.265228271484375,40.4217414855957,41.16213607788086,25102242,2024-11-25,0,25,11,2.0833343147863834,-1.6393450219254937,1.9318057468201402,1.7988122169213796,40.38987808227539,40.56138725280762,40.621368408203125
38.06150817871094,39.9625129699707,40.5435791015625,39.77507019042969,40.29990768432617,19624904,2024-11-26,1,26,11,1.923074536654635,-0.837209645734974,2.099027969848179,1.9116456574985388,40.449859619140625,40.43017845153808,40.64807891845703
37.99009704589844,39.887535095214844,40.33739471435547,39.85942077636719,39.93439483642578,17323599,2024-11-27,2,27,11,1.1983040236688427,-0.11734180874125788,1.8595089434868115,1.8766134585370893,40.369259643554685,40.30365562438965,40.66307430267334
38.552452087402344,40.47797775268555,40.55295181274414,39.756324768066406,39.79381561279297,10197319,2024-11-29,4,29,11,1.9680505027820503,1.7192675026433826,1.692200488984001,1.873326899390476,40.311153411865234,40.27647666931152,40.64058151245117
38.64171600341797,40.57169723510742,40.59043884277344,40.0,40.30927658081055,17342378,2024-12-02,0,2,12,1.4552973698682738,0.6510180200599328,1.7256121495520371,1.7296777293599876,40.27741394042969,40.31490211486816,40.627929306030275
38.25788497924805,40.168697357177734,40.721649169921875,40.14057922363281,40.5060920715332,15313797,2024-12-03,1,3,12,1.4465740353047103,-0.832948075463894,1.5982600936557023,1.7650329202379216,40.21368408203125,40.30178108215332,40.6433931350708
37.981170654296875,39.8781623840332,40.27178955078125,39.71883773803711,40.028114318847656,15600607,2024-12-04,2,4,12,1.3866030420838467,-0.37461653481849555,1.4909657947415447,1.7949968822948617,40.19681396484375,40.32333679199219,40.64292449951172
38.19540023803711,40.103092193603516,40.28116226196289,39.79381561279297,39.93439483642578,14527205,2024-12-05,3,5,12,1.2152345929266128,0.4224362429147384,1.494351908593099,1.6769304260399551,40.239925384521484,40.304592514038085,40.53280258178711
38.516746520996094,40.440486907958984,40.47797775268555,40.04685974121094,40.06560516357422,16654376,2024-12-06,4,6,12,1.0660554420519655,0.9356697418003576,1.313952896447082,1.5030766927155415,40.23242721557617,40.2717903137207,40.48406772613525
34.85698318481445,36.597938537597656,40.5810661315918,36.326148986816406,40.49671936035156,48285911,2024-12-09,0,9,12,11.626111510090235,-9.627399167970676,3.348115724491474,2.5368639370217556,39.43767547607422,39.85754470825195,40.25632648468017
35.28544998168945,37.04779815673828,37.29146957397461,36.110591888427734,36.61668014526367,30599533,2024-12-10,1,10,12,3.1874436384881246,1.177381482330735,3.6962896451281564,2.6472748693919295,38.81349563598633,39.51358985900879,40.037488555908205
35.44611740112305,37.216495513916016,37.33833312988281,36.944705963134766,36.9915657043457,25525734,2024-12-11,2,11,12,1.0576685453923558,0.6080570132339334,3.630502745789858,2.560734270265702,38.28116226196289,39.23898811340332,39.8345832824707
35.919212341308594,37.71321487426758,37.835052490234375,37.32896041870117,37.413307189941406,23970689,2024-12-12,3,12,12,1.3419488983383359,0.8016069865291199,3.655845606872204,2.575098757732651,37.8031867980957,39.0215560913086,39.66260585784912
35.63356399536133,37.413307189941406,37.67572784423828,37.16963577270508,37.25398254394531,19240784,2024-12-13,4,13,12,1.3527060544630665,0.4276714464236198,3.713175729354423,2.5135643129007526,37.197750854492185,38.71508903503418,39.49578285217285
34.68738555908203,36.41986846923828,37.24460983276367,36.35426330566406,36.63542556762695,21535048,2024-12-16,0,16,12,2.4446725496870827,-0.5883843166793995,1.8768879372737932,2.6125018308826333,37.16213684082031,38.299906158447264,39.307404136657716
34.633827209472656,36.3636360168457,36.663543701171875,36.13870620727539,36.42924118041992,20479038,2024-12-17,1,17,12,1.4433031219797432,-0.18008929488622008,1.5280598339721168,2.6121747395501367,37.0253044128418,37.91940002441406,39.11059055328369
33.79476547241211,35.482662200927734,36.49484634399414,35.417057037353516,36.12933349609375,24161788,2024-12-18,2,18,12,3.0375097013223686,-1.789878839685578,1.9240280651581194,2.7772654054739894,36.67853775024414,37.47985000610352,38.901593399047854
33.384151458740234,35.051544189453125,35.65135955810547,34.91096496582031,35.56700897216797,24163816,2024-12-19,3,19,12,2.1123023518830824,-1.4492778493637382,2.0780987558670687,2.866972181369636,36.14620361328125,36.97469520568848,38.639643859863284
34.116111755371094,35.8200569152832,35.90440368652344,34.96719741821289,35.2296142578125,64062787,2024-12-20,4,20,12,2.6164287525480527,1.6759838843247252,2.3308432954840663,3.0220095124192445,35.82755355834961,36.512652206420896,38.3922212600708
33.90187454223633,35.59512710571289,35.81068420410156,35.30459213256836,35.64198684692383,17799054,2024-12-23,0,23,12,1.4218015573597353,-0.13147342602473872,2.1262690970185965,2.001578517146195,35.66260528564453,36.41237106323242,38.13495788574219
34.27677917480469,35.98875427246094,36.00749969482422,35.342079162597656,35.473289489746094,7995138,2024-12-24,1,24,12,1.8489679503459526,1.4531068026940213,2.2074020626918385,1.8677309483319775,35.58762893676758,36.30646667480469,37.910028266906735
34.14288330078125,35.84817123413086,36.044986724853516,35.698219299316406,35.84817123413086,11549742,2024-12-26,3,26,12,0.9673224981891234,0.0,1.7933646220651895,1.8586963436116544,35.6607307434082,36.16963424682617,37.70431118011474
33.85725021362305,35.54826736450195,35.84817123413086,35.32333755493164,35.46391677856445,16425611,2024-12-27,4,27,12,1.4763973552289387,0.23784904093978768,1.6661836227343607,1.8721411893007147,35.760075378417966,35.95313949584961,37.487347793579104
33.37523651123047,35.04217529296875,35.501407623291016,34.779754638671875,35.407684326171875,25318096,2024-12-30,0,30,12,2.0593840952674562,-1.032287313217363,1.5547746912782412,1.9428089933811539,35.60449905395508,35.716026306152344,37.21555767059326
33.50019454956055,35.17338180541992,35.23898696899414,34.90159225463867,34.96719741821289,14623555,2024-12-31,1,31,12,0.9592330820560423,0.589650879768931,1.4622609962175026,1.7942650466180496,35.52014999389648,35.591377639770506,36.945641899108885
33.40201187133789,35.070289611816406,35.56700897216797,34.864105224609375,35.426429748535156,30710501,2025-01-02,3,2,1,2.0042712944171437,-1.0052950276014647,1.493321665031741,1.8503618638617898,35.336457061767575,35.46204299926758,36.69072151184082
33.62516403198242,35.30459213256836,35.37019729614258,35.02342987060547,35.25773239135742,21696378,2025-01-03,4,3,1,0.9822162064215372,0.13290628192079657,1.4963004066782237,1.6448325143717064,35.22774124145508,35.44423599243164,36.46204299926758
33.46449279785156,35.135894775390625,35.763824462890625,34.948455810546875,34.99531555175781,33522793,2025-01-06,0,6,1,2.3206144529862343,0.4017086899099306,1.665143826229683,1.6656637244820218,35.145266723632815,35.45267105102539,36.213683128356934
33.187774658203125,34.845359802246094,35.398311614990234,34.68603515625,35.08903503417969,17634949,2025-01-07,1,7,1,2.044107056958332,-0.6944483702565017,1.662088418567858,1.6084315549230497,35.10590362548828,35.35520133972168,35.93392677307129
33.45781707763672,34.83599090576172,34.90159225463867,33.964385986328125,34.47047805786133,29122271,2025-01-08,2,8,1,2.6903390543586836,1.0603648933642562,2.0083096130283864,1.7352853046229444,35.03842544555664,35.27928771972656,35.84582939147949
32.72871017456055,34.07685089111328,34.83599090576172,34.039363861083984,34.47985076904297,29541602,2025-01-10,4,10,1,2.3377366858904276,-1.1687982080581183,2.075002691323043,1.784162178177392,34.83973770141601,35.088097381591794,35.697282028198245
32.809722900390625,34.16120147705078,34.41424560546875,33.973758697509766,34.217430114746094,21311511,2025-01-13,0,13,1,1.2894362285673704,-0.16432747142831342,2.13644669575221,1.8163735512152166,34.6110595703125,34.91940040588379,35.54451732635498
32.7467155456543,34.09559631347656,34.33926773071289,33.880035400390625,34.329898834228516,26781807,2025-01-14,1,14,1,1.3468963149964042,-0.6825027999160387,1.9417030681542435,1.8034234471919632,34.40299987792969,34.77413330078125,35.36363639831543
32.854732513427734,34.20806121826172,34.53608322143555,34.00187301635742,34.46110534667969,23760490,2025-01-15,2,15,1,1.5616500498804675,-0.7342890655199179,1.8452116667386709,1.7536500426532644,34.27554016113281,34.690721893310545,35.20337409973145
32.6837043762207,34.029991149902344,34.33926773071289,33.99250030517578,34.226802825927734,22528745,2025-01-16,3,16,1,1.0190053356452444,-0.5750220872990813,1.5109449229959826,1.7596272680121843,34.114340209960936,34.57638282775879,35.083880233764646
32.92674255371094,34.28303527832031,34.592315673828125,34.16120147705078,34.44236373901367,23517000,2025-01-17,4,17,1,1.257514666590706,-0.4625944429966179,1.2949005191360385,1.6849516052295406,34.15557708740234,34.49765739440918,34.97985019683838
33.27779006958008,34.6485481262207,34.91096496582031,34.245548248291016,34.28303527832031,22541335,2025-01-21,1,21,1,1.9204750372375192,1.0661624472076172,1.4211082808700684,1.778777488311139,34.25304641723633,34.43205299377441,34.938144493103025
33.403804779052734,34.779754638671875,34.864105224609375,34.217430114746094,34.54545593261719,22536214,2025-01-22,2,22,1,1.859343507686044,0.6782330692398445,1.5235977194079964,1.73265039378112,34.38987808227539,34.39643898010254,34.92455501556397
33.72785568237305,35.117149353027344,35.17338180541992,34.592315673828125,34.929710388183594,18639636,2025-01-23,3,23,1,1.654650625967466,0.5366175750118986,1.5421978346253957,1.6937047506820335,34.571695709228514,34.423617935180665,34.88940963745117
33.86287307739258,35.25773239135742,35.2764778137207,34.939083099365234,35.01405715942383,19479365,2025-01-24,4,24,1,0.9569382131851817,0.6959354376561016,1.5297844101333835,1.520364666564683,34.81724395751953,34.46579208374023,34.8725399017334
34.41195297241211,35.829429626464844,35.98875427246094,35.201499938964844,35.210872650146484,26139259,2025-01-27,0,27,1,2.1972282051473147,1.7567215174253457,1.717727117844705,1.5063138184903717,35.126522827148435,34.64104995727539,34.8645736694336
33.79986572265625,35.1921272277832,35.773197174072266,35.117149353027344,35.56700897216797,19094605,2025-01-28,1,28,1,1.8641891602590888,-1.054015378909482,1.706469942449019,1.5637891116595435,35.23523864746094,34.74414253234863,34.83177146911621
33.62883758544922,35.01405715942383,35.45454406738281,34.91096496582031,35.32333755493164,22981259,2025-01-29,2,29,1,1.5524596281073897,-0.8755695721754713,1.6450931665332882,1.5843454429706423,35.28209915161133,34.83598861694336,34.805060958862306
29.929309844970703,31.16213607788086,32.502342224121094,30.459230422973633,32.258670806884766,82541199,2025-01-30,3,30,1,6.556392013825003,-3.3991937720195207,2.6254414441047955,2.0838196393650956,34.49109649658203,34.531396102905276,34.61105899810791
30.298362731933594,31.5463924407959,31.874414443969727,31.20899772644043,31.368322372436523,41793430,2025-01-31,4,31,1,2.1093274572618887,0.5676748225332124,2.855919292920137,2.1928518515267603,33.74882850646973,34.28303623199463,34.42970952987671
29.87529945373535,31.10590362548828,31.658857345581055,30.965322494506836,31.030927658081055,48476371,2025-02-03,0,3,2,2.229592361065293,0.24161690631153712,2.8623921241037324,2.2900596209742186,32.80412330627441,33.96532306671143,34.231490230560304
30.1993465423584,31.44329833984375,31.499530792236328,30.56232452392578,30.6279296875,43224917,2025-02-04,1,4,2,2.9806232736180696,2.662173580333514,3.085678946775529,2.3960744446122737,32.05435752868652,33.64479808807373,34.038425540924074
30.550397872924805,31.808809280395508,31.81818199157715,31.218368530273438,31.44329833984375,35732656,2025-02-05,2,5,2,1.8856834784865388,1.162444653869522,3.1523237168513587,2.3987084416923237,31.41330795288086,33.347703552246095,33.872071266174316
31.027467727661133,32.3055305480957,32.314903259277344,31.630739212036133,31.958763122558594,31837466,2025-02-06,3,6,2,2.117792327300255,1.0850464525403931,2.2646037795464093,2.4450226118256024,31.641986846923828,33.06654167175293,33.745079803466794
30.937454223632812,32.21180725097656,32.49296951293945,31.958763122558594,32.446109771728516,25697628,2025-02-07,4,7,2,1.6584179404111636,-0.7221282378700127,2.174421876176264,2.5151705845482004,31.775069808959962,32.761949157714845,33.61387062072754
31.027467727661133,32.3055305480957,32.596065521240234,32.230552673339844,32.54920196533203,28800891,2025-02-10,0,10,2,1.131424996584482,-0.7486248587472625,1.954788403280102,2.4085902636919174,32.01499519348145,32.40955924987793,33.52530460357666
31.711565017700195,33.01780700683594,33.130271911621094,31.940019607543945,31.940019607543945,34827414,2025-02-11,1,11,2,3.604879948055669,3.3744105749936,2.0796397381676215,2.582659342471575,32.32989692687988,32.1921272277832,33.46813488006592
31.414527893066406,32.70853042602539,33.01780700683594,32.69915771484375,32.727272033691406,25011120,2025-02-12,2,12,2,0.9742085255491819,-0.05726602463756189,1.8973447475801506,2.524834232215755,32.50984115600586,31.96157455444336,33.39878158569336
31.846580505371094,33.15838623046875,33.270851135253906,32.74601745605469,32.83973693847656,21941575,2025-02-13,3,13,2,1.5828082692304153,0.9703162135225364,1.7903479359661822,2.0274758577562957,32.68041229248047,32.16119956970215,33.34629783630371
31.855581283569336,33.16775894165039,33.38331985473633,33.074039459228516,33.17713165283203,19134938,2025-02-14,4,14,2,0.9324729959956198,-0.02825051689132554,1.6451589470830736,1.909790411629669,32.871602630615236,32.3233362197876,33.30318622589111
32.71971130371094,34.06747817993164,34.09559631347656,32.89596939086914,33.045921325683594,25624325,2025-02-18,1,18,2,3.5213258705896644,3.0913250811805435,2.12313912188411,2.0389637625821058,33.22399215698242,32.619493675231936,33.29240837097168
32.83673095703125,34.18931579589844,34.44236373901367,34.00187301635742,34.15182876586914,24222287,2025-02-19,2,19,2,1.2883870659649002,0.10976580576780381,1.6598405454659564,1.869740141816789,33.45829391479492,32.8940954208374,33.269446754455565
32.77371597290039,34.12371063232422,34.41424560546875,33.82380676269531,34.10496520996094,27582057,2025-02-20,3,20,2,1.7302890917558509,0.054963909940615716,1.8110566587072903,1.8542007031437202,33.741329956054685,33.12558555603027,33.23664455413818
32.620697021484375,33.964385986328125,34.34864044189453,33.91752624511719,34.2642936706543,22850125,2025-02-21,4,21,2,1.2693124997192133,-0.8752775913283403,1.7483575048050497,1.769352720385616,33.902529907226565,33.29147109985352,33.17900638580322
32.67470169067383,34.0206184387207,34.47985076904297,33.945640563964844,34.10496520996094,30006174,2025-02-24,0,24,2,1.5702542446145291,-0.24731522439905454,1.8759137545288318,1.7605363508059526,34.07310180664062,33.47235221862793,33.117150688171385
32.2696418762207,33.598873138427734,34.657920837402344,33.50515365600586,34.16120147705078,36571425,2025-02-25,1,25,2,3.4309697728464603,-1.6461023450852996,1.8578425349801908,1.9904908284321503,33.97938079833985,33.60168647766113,33.00562286376953
31.59455108642578,32.89596939086914,33.58013153076172,32.802249908447266,33.53327178955078,33249000,2025-02-26,2,26,2,2.364671528817655,-1.9005076590236831,2.0730994275507415,1.8664699865083492,33.72071151733398,33.58950271606445,32.89081497192383
31.855581283569336,33.16775894165039,33.25210952758789,32.802249908447266,32.8865966796875,24810097,2025-02-27,3,27,2,1.3563159932874274,0.8549448418192549,1.9983048078570569,1.9046807332821736,33.52952117919922,33.63542556762695,32.798500061035156
32.296653747558594,33.626991271972656,33.82380676269531,33.29896926879883,33.411434173583984,28571699,2025-02-28,4,28,2,1.560762572100599,0.6451596697968067,2.056594822333334,1.902476163569192,33.462042236328124,33.68228607177734,32.921742820739745
32.38665771484375,33.72071075439453,33.964385986328125,33.50515365600586,33.617618560791016,21175362,2025-03-03,0,3,3,1.3618702573237365,0.30666120331246294,2.0149180248751755,1.9454158897020037,33.40206069946289,33.73758125305176,33.030458736419675
31.954599380493164,33.270851135253906,34.039363861083984,33.055294036865234,33.93627166748047,33088097,2025-03-04,1,4,3,2.9577536811976124,-1.9607944524566137,1.920274806545406,1.889058670762798,33.336456298828125,33.657918548583986,33.13870611190796
32.008609771728516,33.327083587646484,33.44892120361328,32.774131774902344,33.10215759277344,26180019,2025-03-05,2,5,3,2.024747910918509,0.6794904357598451,1.8522900829655768,1.962694755258159,33.4226791381836,33.57169532775879,33.232895374298096
32.647701263427734,33.99250030517578,34.05810546875,33.130271911621094,33.29896926879883,31067092,2025-03-06,3,6,3,2.7295243032994314,2.082740251743445,2.1269317449679774,2.0626182764125174,33.58762741088867,33.55857429504395,33.34207992553711
33.835872650146484,35.2296142578125,35.25773239135742,33.80506134033203,33.81443405151367,46225748,2025-03-07,4,7,3,4.123437288852083,4.18513645428136,2.6394666883182745,2.348030755325804,33.90815200805664,33.68509712219238,33.48828411102295
32.50367736816406,33.84254837036133,35.59512710571289,33.767574310302734,35.060916900634766,46334688,2025-03-10,0,10,3,5.400163059265043,-3.475004757366683,3.4471252487065356,2.7310216367908557,33.93251953125,33.667290115356444,33.569821166992185
32.359657287597656,33.692596435546875,34.039363861083984,33.25210952758789,33.80506134033203,34393145,2025-03-11,1,11,3,2.3365795954671893,-0.3326865869371371,3.322890431560451,2.621582619052929,34.016868591308594,33.67666244506836,33.639174461364746
31.675559997558594,32.98031997680664,33.626991271972656,32.70853042602539,33.5145263671875,25026485,2025-03-12,2,12,3,2.7848754851170994,-1.593954766145452,3.474915946400169,2.663603014682873,33.947515869140624,33.68509750366211,33.63730010986328
31.2344970703125,32.521087646484375,33.66447830200195,32.48360061645508,32.96157455444336,34203539,2025-03-13,3,13,3,3.6311137511248996,-1.3363648852133032,3.6552338359652623,2.89108279046662,33.65323333740234,33.620430374145506,33.62792797088623
31.89159393310547,33.20524978637695,33.355201721191406,32.47422790527344,32.877227783203125,29242949,2025-03-14,4,14,3,2.653116063229869,0.9977179503601991,3.36116959084082,3.000318139579547,33.24836044311523,33.57825622558594,33.63027114868164
32.17963409423828,33.50515365600586,33.66447830200195,33.12089920043945,33.26148223876953,18031446,2025-03-17,0,17,3,1.6223745968855225,0.732593380797399,2.605611898364916,3.0263685735357257,33.18088150024414,33.55670051574707,33.64714088439941
32.41366958618164,33.74882888793945,33.86129379272461,33.336456298828125,33.57075881958008,19081161,2025-03-18,1,18,3,1.555128018335597,0.5304320623682656,2.4493215829385977,2.8861060072495244,33.19212799072265,33.604498291015624,33.631208419799805
32.48567581176758,33.82380676269531,33.945640563964844,33.673851013183594,33.78631591796875,23197220,2025-03-19,2,19,3,0.8035451263309901,0.11096458346505768,2.053055511181376,2.7639857287907725,33.36082534790039,33.65417060852051,33.612932968139646
32.854732513427734,34.20806121826172,34.38612747192383,33.608245849609375,33.64573669433594,18212410,2025-03-20,3,20,3,2.2739716739608347,1.6713098869980914,1.7816270957485627,2.7184304658569127,33.69822006225586,33.6757266998291,33.617150497436526
33.07976531982422,34.44236373901367,34.5641975402832,33.81443405151367,33.964385986328125,58220322,2025-03-21,4,21,3,2.176864208423235,1.4072910161777985,1.686376724787236,2.523773157814028,33.9456428527832,33.59700164794922,33.6410493850708
32.94474411010742,34.301780700683594,34.5641975402832,34.18931579589844,34.47985076904297,37273831,2025-03-24,0,24,3,1.0928929540305021,-0.5164467490075437,1.5804803962162317,2.093046147290574,34.10496826171875,33.64292488098145,33.655107498168945
33.250789642333984,34.62042999267578,34.62980270385742,33.66447830200195,34.1799430847168,33540505,2025-03-25,1,25,3,2.7883085278250173,1.2887292025829717,1.827116498114116,2.1382190405263564,34.27928848266602,33.735708236694336,33.70618534088135
33.637840270996094,35.02342987060547,35.3514518737793,34.54545593261719,34.67666244506836,27680327,2025-03-26,2,26,3,2.301304995369877,1.0000023101601172,2.126668471921893,2.0898619915516345,34.519213104248045,33.94001922607422,33.81255836486817
33.637840270996094,35.02342987060547,35.2764778137207,34.71415328979492,34.939083099365234,19053099,2025-03-27,3,27,3,1.6055666906505066,0.24141094659054393,1.9929874752598278,1.887307285504195,34.6822868347168,34.19025344848633,33.905341911315915
32.962745666503906,34.320526123046875,35.126522064208984,34.29240798950195,34.95782470703125,24894924,2025-03-28,4,28,3,2.430365058264384,-1.8230498874725227,2.0436876452280575,1.8650321850076466,34.657919311523436,34.30178108215332,33.94001865386963
33.214778900146484,34.582942962646484,34.70478057861328,34.06747817993164,34.517337799072266,29669322,2025-03-31,0,31,3,1.842822918136261,0.19006437853379887,2.1936736380492095,1.8870770171327205,34.714151763916014,34.40956001281738,33.983130264282224
33.052757263183594,34.41424560546875,34.8078727722168,34.226802825927734,34.62042999267578,22127766,2025-04-01,1,1,4,1.6884576025595777,-0.5955569796523358,1.9737034529961215,1.9004099755551185,34.67291488647461,34.47610168457031,34.04029998779297
33.25258255004883,34.311153411865234,34.34864044189453,33.84254837036133,34.029991149902344,20089049,2025-04-02,2,2,4,1.4750074573657148,0.8262190275759078,1.808443945395289,1.9675562086585914,34.530459594726565,34.5248363494873,34.08950347900391
32.4442024230957,33.4770393371582,34.35801315307617,33.36457443237305,34.311153411865234,28631985,2025-04-03,3,3,4,2.967522637524421,-2.431028956370158,2.0808351347700715,2.036911305014949,34.22118148803711,34.451734161376955,34.06373043060303
30.318798065185547,31.283973693847656,33.130271911621094,31.246484756469727,32.73664474487305,39814678,2025-04-04,4,4,4,6.0215724945512115,-4.437446361245975,2.7990766220274375,2.4213821336277475,33.613871002197264,34.13589515686035,33.866448402404785
30.400543212890625,31.368322372436523,32.27741241455078,30.34676742553711,30.89971923828125,49231060,2025-04-07,0,7,4,6.154760098710723,1.5165287766586801,3.6614640581423297,2.9275688480957696,32.970946884155275,33.842549324035645,33.74273710250854
29.828319549560547,30.777881622314453,32.14620590209961,30.459230422973633,31.368322372436523,36247484,2025-04-08,1,8,4,5.481129272727115,-1.8822834804863302,4.419998392175837,3.196850922585979,32.24367408752441,33.45829448699951,33.59700136184692
31.95372200012207,32.970947265625,33.03655242919922,30.178068161010742,30.459230422973633,48117325,2025-04-09,2,9,4,8.66970622699909,8.246159892329139,5.858938146102512,3.8336910457489006,31.975632858276366,33.25304622650147,33.59653272628784
30.591285705566406,31.565135955810547,32.70853042602539,31.012184143066406,32.596065521240234,33907980,2025-04-10,3,10,4,5.374113659240296,-3.1627423400468797,6.340256350445687,4.210545742607879,31.593252182006836,32.90721683502197,33.54873514175415
30.62761688232422,31.602624893188477,31.865041732788086,31.134021759033203,31.82755470275879,28608297,2025-04-11,4,11,4,2.3131622016386504,-0.7067140773803013,5.598574291863175,4.198825456945306,31.656982421875,32.635426712036136,33.468603897094724
31.0181827545166,32.00562286376953,32.28678512573242,31.16213607788086,31.283973693847656,21801798,2025-04-14,0,14,4,3.5139108294769947,2.30676952034324,5.070404438016429,4.3659342480793795,31.784442520141603,32.37769470214844,33.39362735748291
31.245256423950195,32.239925384521484,32.57732009887695,32.10871505737305,32.27741241455078,19195223,2025-04-15,1,15,4,1.4534929467575175,-0.11614013399784667,4.264877172822509,4.342437782499173,32.076851272583006,32.16026268005371,33.318182182312015
30.47320556640625,31.44329833984375,32.29615783691406,31.265230178833008,32.14620590209961,22073029,2025-04-16,2,16,4,3.27868802737753,-2.1865957195587717,3.1866735328981974,4.522805839500355,31.771321487426757,31.873477172851562,33.199156761169434
30.891023635864258,31.874414443969727,32.14620590209961,31.602624893188477,31.658857345581055,23021592,2025-04-17,3,17,4,1.705383513371403,0.680874537055139,2.452927503724419,4.396591927085053,31.833177185058595,31.713214683532716,33.08247442245484
30.518619537353516,31.490158081054688,31.874414443969727,31.16213607788086,31.630739212036133,24482742,2025-04-21,0,21,4,2.2619078769166063,-0.4444446588461371,2.44267663878001,4.020625465321593,31.810683822631837,31.73383312225342,32.934864139556886
31.063594818115234,32.05248260498047,32.099342346191406,31.611995697021484,31.72446060180664,24656770,2025-04-22,1,22,4,1.5204645929491765,1.0339718846319739,2.0439873914744466,3.5571959147454377,31.820055770874024,31.802249145507812,32.82239923477173
31.308837890625,32.3055305480957,32.83036422729492,32.230552673339844,32.36176300048828,30051628,2025-04-23,2,23,4,1.8566838054620183,-0.1737620178224829,2.124625563215347,3.1947513680189283,31.833176803588866,31.955014038085938,32.70665426254273
30.14621925354004,31.10590362548828,31.255857467651367,29.465791702270508,29.97188377380371,47249214,2025-04-24,3,24,4,5.754746066640783,3.783612202165739,2.619837171067997,2.9032553519830975,31.765697860717772,31.768509674072266,32.510777950286865
30.791107177734375,31.771320343017578,31.808809280395508,31.049671173095703,31.41518211364746,31336510,2025-04-25,4,25,4,2.3893816785195123,1.133650055192272,2.756636804097619,2.604782153911019,31.745079040527344,31.78912811279297,32.34817247390747
30.673030853271484,31.649484634399414,32.08997344970703,31.50890350341797,31.771320343017578,29764712,2025-04-28,0,28,4,1.8359538962524058,-0.3834770078887831,2.671446007964779,2.5570613233723947,31.77694435119629,31.79381408691406,32.214620399475095
30.82744026184082,31.808809280395508,31.921274185180664,31.490158081054688,31.537019729614258,24265287,2025-04-29,1,29,4,1.355335562314441,0.8618111448433126,2.638420201837832,2.3412037966561394,31.728209686279296,31.77413272857666,32.075913715362546
31.063594818115234,32.05248260498047,32.11808776855469,31.077787399291992,31.649484634399414,30062512,2025-04-30,2,30,4,3.2456155801830104,1.2733160594439552,2.9162065567820306,2.5204160599986887,31.67760009765625,31.755388450622558,31.957825565338133
30.71844482421875,31.69634437561035,32.08060073852539,31.555763244628906,31.72446060180664,21636306,2025-05-01,3,1,5,1.6558297312681123,-0.0886263333179821,2.096423289707496,2.3581302303877467,31.795688247680665,31.78069305419922,31.827085113525392
31.29975128173828,32.29615783691406,32.36176300048828,31.855670928955078,31.865041732788086,26487101,2025-05-02,4,2,5,1.567034921270873,1.3529437925774697,1.9319539382577688,2.344295371177694,31.90065574645996,31.822867393493652,31.768041038513182
31.29067039489746,32.28678512573242,32.502342224121094,31.846298217773438,31.930646896362305,21687949,2025-05-05,0,5,5,2.031927315751212,1.1153492459017178,1.9711486221575298,2.3212973150611544,32.028115844726564,31.902530097961424,31.818181610107423
31.326997756958008,32.32427215576172,32.427364349365234,31.930646896362305,32.099342346191406,17182861,2025-05-06,1,6,5,1.5366701858262601,0.7007302739864403,2.0074155468598938,2.322917874348863,32.131208419799805,31.929709053039552,31.86597909927368
31.23617172241211,32.230552673339844,32.68978500366211,32.06185531616211,32.455482482910156,26839425,2025-05-07,2,7,5,1.9482436241914174,-0.6930410283955942,1.7479411556615752,2.332073856221803,32.16682243347168,31.922211265563966,31.93861265182495
31.081764221191406,32.07122802734375,32.53982925415039,32.00562286376953,32.32427215576172,37632450,2025-05-08,3,8,5,1.6656873566718369,-0.782830088790922,1.74991268074232,1.923167985224908,32.24179916381836,32.018743705749515,31.89362668991089
31.109010696411133,32.099342346191406,32.28678512573242,32.00562286376953,32.183692932128906,18053320,2025-05-09,4,9,5,0.8759128424830503,-0.26209107238061236,1.6116882649847555,1.7718211016212622,32.20243606567383,32.05154590606689,31.920337009429932
31.535905838012695,32.53982925415039,33.18650436401367,32.36176300048828,32.62417984008789,24640338,2025-05-12,0,12,5,2.5345595918275956,-0.25855235702769086,1.712214720200032,1.841681671178781,32.25304489135742,32.140580368041995,31.967197227478028
31.599489212036133,32.60543441772461,32.90534210205078,32.32427215576172,32.66166687011719,20349291,2025-05-13,1,13,5,1.7821260678348378,-0.17216651133021726,1.7613058966017476,1.8843607217308207,32.30927734375,32.2202428817749,31.99718780517578
31.390581130981445,32.38987731933594,32.63355255126953,32.19306564331055,32.48360061645508,19372772,2025-05-14,2,14,5,1.3599523814683447,-0.28852496441439324,1.643647648057133,1.695794401859354,32.34114227294922,32.253982353210446,32.004685401916504
32.0899658203125,33.11152648925781,33.149017333984375,32.343017578125,32.4648551940918,19370318,2025-05-15,3,15,5,2.434196913636286,1.991911842205604,1.7973495594500228,1.7736311200961716,32.54920196533203,32.395500564575194,32.08809680938721
32.22621154785156,33.25210952758789,33.420806884765625,32.98969268798828,33.10215759277344,22184637,2025-05-16,4,16,5,1.2965017946294994,0.45299746517788697,1.8814673498793126,1.746577807432034,32.779755401611325,32.49109573364258,32.15698156356812
32.189876556396484,33.21461868286133,33.29896926879883,33.02717971801758,33.130271911621094,15132728,2025-05-19,0,19,5,0.8182829174597533,0.25459124351662227,1.5382120150057443,1.625213367602888,32.914713287353514,32.58387908935547,32.24320459365845
32.32612228393555,33.355201721191406,33.53327178955078,33.130271911621094,33.15838623046875,15010556,2025-05-20,1,20,5,1.2082069876185202,0.5935617293154195,1.4234281989624809,1.5923670477821141,33.064666748046875,32.686972045898436,32.308340549468994
31.881059646606445,32.89596939086914,33.38331985473633,32.76476287841797,33.19587707519531,18449390,2025-05-21,2,21,5,1.8803427525380993,-0.9034485928683882,1.5275062731764317,1.5855769606167824,33.16588516235352,32.753513717651366,32.337862491607666
31.41783332824707,32.41799545288086,33.01780700683594,32.39925003051758,32.999061584472656,15394996,2025-05-22,3,22,5,1.908066700846522,-1.7608565325542807,1.422280230618479,1.6098148950342508,33.02717895507813,32.78819046020508,32.40346708297729
31.354249954223633,32.35239028930664,32.502342224121094,32.08060073852539,32.08997344970703,14863310,2025-05-23,4,23,5,1.3035867885628851,0.8177533708804148,1.4236972294051562,1.6525822896422344,32.847235107421874,32.8134952545166,32.43252058029175
31.74481773376465,32.75539016723633,32.90534210205078,32.40862274169922,32.62417984008789,23493740,2025-05-27,1,27,5,1.516450751511449,0.4021873585530235,1.5633307962154952,1.5507714056106199,32.75538940429688,32.83505134582519,32.487815856933594
31.454160690307617,32.455482482910156,32.91471481323242,32.39925003051758,32.774131774902344,21086267,2025-05-28,2,28,5,1.5882209823448727,-0.9722585305408504,1.6393335951607653,1.5313808970616232,32.575445556640624,32.82005615234375,32.52014951705932
31.136260986328125,32.12746047973633,32.62417984008789,31.715089797973633,32.455482482910156,24132339,2025-05-29,3,29,5,2.8296355470973062,-1.0106828741386058,1.8291921540726068,1.6783492136245193,32.42174377441406,32.793814468383786,32.523898410797116
31.3996639251709,32.39925003051758,32.57732009887695,31.958763122558594,32.20243835449219,33772791,2025-05-30,4,30,5,1.9091706620854705,0.611170104135719,1.8294129463203965,1.6258465884694377,32.41799468994141,32.72258682250977,32.55904369354248
31.18167495727539,32.174320220947266,32.258670806884766,31.705717086791992,32.164947509765625,26976748,2025-06-02,0,2,6,1.7186181908290015,0.029139519592857935,1.9124192267736198,1.668058228089388,32.382380676269534,32.6148078918457,32.55295181274414
31.481412887573242,32.48360061645508,32.502342224121094,31.968135833740234,32.19306564331055,23528310,2025-06-03,1,3,6,1.6445418003023002,0.9024768761185128,1.9380374365317903,1.7506841163736424,32.32802276611328,32.54170608520508,32.56279258728027
31.281585693359375,32.27741241455078,32.70853042602539,32.26803970336914,32.55857467651367,20493549,2025-06-04,2,4,6,1.3647027122213649,-0.863558263088552,1.8933337825070886,1.766333688833927,32.2924087524414,32.43392715454102,32.56044960021973
31.081764221191406,32.07122802734375,32.41799545288086,31.949390411376953,32.33364486694336,20115297,2025-06-05,3,5,6,1.461138441921763,-0.8115906532637586,1.6196343614719801,1.7244132577722937,32.28116226196289,32.35145301818848,32.55248336791992
31.517744064331055,32.521087646484375,32.61480712890625,32.239925384521484,32.33364486694336,14674558,2025-06-06,4,6,6,1.152734337977443,0.5797143511421742,1.4683470966503747,1.6488800214853856,32.30552978515625,32.36176223754883,32.57497634887695
31.426912307739258,32.427364349365234,32.70853042602539,32.38987731933594,32.521087646484375,16065072,2025-06-09,0,9,6,0.9826673030109855,-0.28819238193367247,1.3211569190867714,1.6167880729301956,32.35613861083984,32.369259643554685,32.59137744903565
32.35337448120117,33.38331985473633,33.402061462402344,32.35239028930664,32.4648551940918,22664040,2025-06-10,1,10,6,3.1442983431942246,2.8291044427996725,1.6211082276651563,1.7795728320984732,32.5360824584961,32.43205261230469,32.63355197906494
31.95372200012207,32.970947265625,33.52389907836914,32.91471481323242,33.420806884765625,20289859,2025-06-11,2,11,6,1.8476395604558344,-1.3460465532496966,1.7176955973120502,1.8055146899095693,32.67478942871094,32.48359909057617,32.65182762145996
32.03546905517578,33.055294036865234,33.16775894165039,32.867855072021484,32.970947265625,15181916,2025-06-12,3,12,6,0.9072793885736898,0.25582149812290356,1.6069237866424355,1.6132790740572076,32.871602630615236,32.57638244628906,32.68509845733642
31.79931640625,32.811622619628906,33.23336410522461,32.75539016723633,33.045921325683594,18342264,2025-06-13,4,13,6,1.4567214292606874,-0.7090094530745868,1.6677212048990842,1.5680341507747295,32.92970962524414,32.6176197052002,32.67010326385498
31.8901424407959,32.90534210205078,33.26148223876953,32.586692810058594,32.970947265625,19551175,2025-06-16,0,16,6,2.050698718214761,-0.19897870402594614,1.8813274879398396,1.6012422035133054,33.02530517578125,32.690721893310545,32.652764892578126
31.363332748413086,32.36176300048828,32.83036422729492,32.29615783691406,32.76476287841797,17498160,2025-06-17,1,17,6,1.6507332754794573,-1.22997953449296,1.5826144743968862,1.6018613510310211,32.82099380493164,32.678538131713864,32.61012210845947
31.118091583251953,32.10871505737305,32.530460357666016,32.06185531616211,32.3805046081543,17338217,2025-06-18,2,18,6,1.4594325580035992,-0.8393616902214858,1.504973073906439,1.6113343356092447,32.64854736328125,32.661668395996095,32.547797775268556
31.363332748413086,32.36176300048828,32.70853042602539,32.2211799621582,32.33364486694336,45554391,2025-06-20,4,20,6,1.5059453462403587,0.08696246173492413,1.6247062654397726,1.6158150260411042,32.50984115600586,32.690721893310545,32.52108745574951
31.41783332824707,32.41799545288086,32.455482482910156,32.01499557495117,32.230552673339844,30696630,2025-06-23,0,23,6,1.3587728106113977,0.5815686173326551,1.605116541709915,1.6364188733044998,32.43111572265625,32.680412673950194,32.52108745574951
31.980972290039062,32.999061584472656,33.064666748046875,32.427364349365234,32.596065521240234,25948907,2025-06-24,1,24,6,1.9312743092716196,1.2363334555510135,1.5812316599212866,1.731279573930563,32.449859619140625,32.73758239746094,32.55342102050781
31.64490509033203,32.65229415893555,32.98031997680664,32.61480712890625,32.94282913208008,23071741,2025-06-25,2,25,6,1.1194093931692861,-0.8819369216276728,1.4749668834592522,1.5287906789280692,32.507965850830075,32.66447982788086,32.54826622009277
31.980972290039062,32.999061584472656,33.01780700683594,32.63355255126953,32.66166687011719,17958250,2025-06-26,3,26,6,1.1644405541132508,1.0329990679813037,1.4159684826811825,1.4604707782938107,32.68603515625,32.667291259765626,32.5754451751709
32.08088684082031,33.10215759277344,33.327083587646484,32.98031997680664,33.083412170410156,28744873,2025-06-27,4,27,6,1.0475559179729905,0.056661091264483224,1.324290597027709,1.4744984312337408,32.83411407470703,32.67197761535645,32.62418003082276
32.416954040527344,33.44892120361328,33.52389907836914,33.064666748046875,33.149017333984375,19729257,2025-06-30,0,30,6,1.3729361480054478,0.9047142079878331,1.327123264506519,1.4661199031082168,33.04029922485351,32.735707473754886,32.67666358947754
32.99826431274414,34.048736572265625,34.35801315307617,33.336456298828125,33.355201721191406,24388953,2025-07-01,1,1,7,3.0002782983735004,2.079240464115072,1.5409240623268952,1.5610778611240907,33.25023422241211,32.850046920776364,32.77038440704346
32.84243392944336,33.58013153076172,33.84254837036133,33.4770393371582,33.65510940551758,25762502,2025-07-02,2,2,7,1.0884681403594072,-0.2227830367521169,1.5347358117649192,1.5048513476120857,33.43580169677735,32.97188377380371,32.82521095275879
32.98908996582031,33.73008346557617,34.11433792114258,33.53327178955078,33.5520133972168,10841680,2025-07-03,3,3,7,1.7226940223400697,0.5307284133778578,1.6463865054102833,1.531177494045733,33.58200607299805,33.13402061462402,32.89784450531006
32.48495101928711,33.21461868286133,33.87066650390625,33.149017333984375,33.66447830200195,16088760,2025-07-07,0,7,7,2.1726853973917346,-1.3363035514911656,1.8714124012940316,1.5978514991608705,33.604498291015624,33.21930618286133,32.955014038085935
32.99825668334961,33.73945617675781,33.79568862915039,33.16775894165039,33.345829010009766,13563597,2025-07-08,1,8,7,1.861113837195051,1.1804389887259594,1.9690479391319529,1.6480856018192358,33.66260528564453,33.35145225524902,33.01593246459961
32.64994812011719,33.38331985473633,33.767574310302734,33.16775894165039,33.66447830200195,15908437,2025-07-09,2,9,7,1.7967517049304,-0.835178388161462,1.7283426204433325,1.6346333413851137,33.52952194213867,33.38987808227539,33.063730239868164
32.46662139892578,33.19587707519531,33.711341857910156,33.15838623046875,33.327083587646484,16146591,2025-07-10,3,10,7,1.6657358568621365,-0.3936933518533462,1.8437961637438782,1.6892659877543987,33.45267105102539,33.44423637390137,33.054358100891115
32.072471618652344,32.792877197265625,33.130271911621094,32.76476287841797,33.02717971801758,17994315,2025-07-11,4,11,7,1.1145988532948927,-0.709423337845987,1.722177129934843,1.684281817672563,33.26522979736328,33.423617935180665,33.045454597473146
32.66827392578125,33.402061462402344,33.430179595947266,32.61480712890625,32.70853042602539,19787835,2025-07-14,0,14,7,2.4410842664869836,2.1203368887069507,1.7758569037538927,1.8236346525239626,33.30271835327149,33.45360832214355,33.06279296875
31.82498550415039,32.53982925415039,33.43954849243164,32.521087646484375,33.38331985473633,18142094,2025-07-15,1,15,7,2.8225742636007154,-2.5266827992431242,1.9681489890350257,1.9685984640834893,33.06279296875,33.36269912719727,33.04920330047607
31.53167152404785,32.239925384521484,32.68041229248047,32.12746047973633,32.586692810058594,22516794,2025-07-16,2,16,7,1.7151150511335085,-1.0641381362580988,1.9518216582756474,1.84008213935949,32.83411407470703,33.18181800842285,33.01593246459961
31.806655883789062,32.521087646484375,32.82099151611328,32.12746047973633,32.14620590209961,18721155,2025-07-17,3,17,7,2.1325579387623153,1.1661772637382395,2.045186074655683,1.9444911191997807,32.69915618896484,33.07591361999512,33.023898696899415
31.65999984741211,32.37113571166992,32.73664474487305,32.26803970336914,32.67103958129883,15778903,2025-07-18,4,18,7,1.4476014857117672,-0.917950189135009,2.111786601139058,1.9169818655369508,32.6148078918457,32.940018844604495,33.03701972961426
32.0908088684082,32.811622619628906,32.89596939086914,32.49296951293945,32.56794738769531,16874712,2025-07-21,0,21,7,1.2282229458795517,0.7482056791385573,1.8692143370175713,1.8225356203857324,32.49672012329101,32.89971923828125,33.05951271057129
32.32912826538086,33.055294036865234,33.5145263671875,32.83973693847656,32.90534210205078,15528478,2025-07-22,1,22,7,2.0413959348187074,0.45570696195590554,1.71297867126117,1.8405638301480978,32.599813079833986,32.83130302429199,33.091377639770506
32.80577087402344,33.54264450073242,33.64573669433594,33.11152648925781,33.149017333984375,17531237,2025-07-23,2,23,7,1.5926299581610515,1.1874474672421143,1.6884816526666786,1.8201516554711628,32.86035690307617,32.8472354888916,33.11855678558349
32.42079162597656,33.149017333984375,33.758201599121094,33.149017333984375,33.57075881958008,17215618,2025-07-24,3,24,7,1.8377144003969705,-1.2562762964706156,1.6295129449936094,1.8373495098246466,32.98594284057617,32.84254951477051,33.143392944335936
30.871706008911133,31.565135955810547,32.27741241455078,31.115276336669922,31.99625015258789,35130548,2025-07-25,4,25,7,3.6817078168387614,-1.347389755741345,2.0763342112190086,2.0940604061790333,32.8247428894043,32.719775390625,33.07169666290283
30.73421287536621,31.4245548248291,31.630739212036133,31.218368530273438,31.555763244628906,20947237,2025-07-28,0,28,7,1.312256240578065,-0.41579859369155847,2.0931408701587113,1.9811776035881414,32.547329330444335,32.52202472686768,32.98781652450562
30.092578887939453,30.768510818481445,31.537019729614258,30.534208297729492,31.45267105102539,35116571,2025-07-29,1,29,7,3.2592134140025255,-2.175205506184318,2.3367043659954745,2.0248415186283224,32.08997268676758,32.34489288330078,32.85379600524902
29.79009437561035,30.459230422973633,31.059043884277344,30.356138229370117,30.768510818481445,38032682,2025-07-30,2,30,7,2.30769341557975,-1.0051848051158843,2.4797170574792142,2.0840993550729463,31.47328987121582,32.166823387145996,32.674320697784424
30.459226608276367,31.14339256286621,31.958763122558594,30.83411407470703,31.855670928955078,43303235,2025-07-31,3,31,7,3.6111963254527915,-2.2359546834766073,2.8344134424903786,2.2319631937419944,31.072164916992186,32.02905387878418,32.55248374938965
29.808427810668945,30.477975845336914,31.368322372436523,30.431114196777344,31.255857467651367,23900587,2025-08-01,4,1,8,3.0750341834218995,-2.488754701801194,2.7130787158070064,2.3947064635130073,30.85473289489746,31.83973789215088,32.38987836837769
29.845094680786133,30.515464782714844,30.8809757232666,30.449859619140625,30.57169532775879,31347180,2025-08-04,0,4,8,1.4127790849516328,-0.18393008448206188,2.7331832846817194,2.4131620774202154,30.672914886474608,31.61012210845947,32.254920673370364
29.79926109313965,30.468603134155273,30.768510818481445,30.421743392944336,30.64667320251465,29278587,2025-08-05,1,5,8,1.138113959508644,-0.5810420830433362,2.3089633937829435,2.322833879889209,30.612933349609374,31.351453018188476,32.09137802124023
29.478445053100586,30.140581130981445,30.702905654907227,30.112464904785156,30.60918426513672,23014230,2025-08-06,2,6,8,1.9589560916433606,-1.5309233009812795,2.239215928995666,2.3594664932374405,30.54920349121094,31.01124668121338,31.92924108505249
29.02930450439453,29.681350708007812,30.440486907958984,29.634489059448242,30.328022003173828,26822993,2025-08-07,3,7,8,2.715502594338774,-2.1322567462472213,2.0600771827728623,2.4472453126316203,30.256795120239257,30.664480018615723,31.753514766693115
29.02930450439453,29.681350708007812,30.02811622619629,29.606372833251953,29.70009422302246,17371507,2025-08-08,4,8,8,1.4209036411222102,-0.06310927795009866,1.7292510743129241,2.221164895059965,30.097470092773438,30.47610149383545,31.597938442230223
28.79098129272461,29.43767547607422,30.07497787475586,29.0815372467041,29.70009422302246,21291665,2025-08-11,0,11,8,3.3747251166593886,-0.8835620014458556,2.121640280654476,2.4274117826680977,29.881912231445312,30.27741355895996,31.399719142913817
29.42344856262207,30.084348678588867,30.328022003173828,29.540769577026367,29.540769577026367,21284089,2025-08-12,1,12,8,2.6168172512498207,1.8400979708573244,2.417380939002711,2.3631721663928276,29.80506134033203,30.208997344970705,31.276945114135742
30.193408966064453,30.87160301208496,30.92783546447754,30.07497787475586,30.149953842163086,31729166,2025-08-13,2,13,8,2.7625957401299215,2.3935332495026493,2.578108868700023,2.408662398847844,29.951265716552733,30.250234603881836,31.208528995513916
30.156742095947266,30.83411407470703,30.946578979492188,30.55295181274414,30.674789428710938,15556647,2025-08-14,3,14,8,1.276596323780666,0.5193993144317051,2.2903276145884015,2.1752023986806317,30.181818389892577,30.21930675506592,31.12418031692505
30.660884857177734,31.349578857421875,31.433927536010742,30.92783546447754,30.955951690673828,22090314,2025-08-15,4,15,8,1.6143504633185466,1.2715718472536441,2.329016979027669,2.0291340266702966,30.51546401977539,30.306467056274414,31.073102474212646
30.642549514770508,31.330833435058594,31.490158081054688,31.124649047851562,31.16213607788086,26802933,2025-08-18,0,18,8,1.1666112679726148,0.5413536374917416,1.887394209290314,2.0045172449723947,30.894095611572265,30.38800392150879,30.99906301498413
31.06419563293457,31.76194953918457,31.855670928955078,31.349578857421875,31.4245548248291,17918344,2025-08-19,1,19,8,1.5933910823352944,1.0736658521853972,1.6827089755074087,2.05004495725506,31.229615783691408,30.51733856201172,30.934395790100098
30.514223098754883,31.19962501525879,31.883785247802734,30.984067916870117,31.808809280395508,21651244,2025-08-20,2,20,8,2.8837440529897163,-1.9151432540801607,1.7069386380793674,2.1425237533896953,31.295220184326173,30.623242950439455,30.817244815826417
30.798372268676758,31.490158081054688,31.499530792236328,31.040300369262695,31.14339256286621,17252536,2025-08-21,3,21,8,1.458330002001222,1.1134481174088338,1.7432853737234786,2.01680649415594,31.426428985595702,30.80412368774414,30.734301853179932
31.302515029907227,32.00562286376953,32.239925384521484,31.593252182006836,31.593252182006836,26961169,2025-08-22,4,22,8,2.020498726949272,1.3052492329281344,1.824515026449624,2.0767660027386463,31.557637786865236,31.03655090332031,30.75632619857788
31.174190521240234,31.874414443969727,32.03373718261719,31.69634437561035,31.911903381347656,18296276,2025-08-25,0,25,8,1.0585066828440726,-0.1174763439520871,1.8028941094239155,1.8451441593571147,31.66635398864746,31.280224800109863,30.778819179534914
30.871706008911133,31.565135955810547,31.846298217773438,31.41518211364746,31.846298217773438,23766145,2025-08-26,1,26,8,1.3657983438738086,-0.8828726655771055,1.757375561731618,1.7200422686195131,31.626991271972656,31.428303527832032,30.818650436401366
30.99086570739746,31.686973571777344,31.72446060180664,31.349578857421875,31.48078727722168,18694587,2025-08-27,2,27,8,1.183078414022669,0.6549591429844982,1.4172424339382088,1.5620905360087882,31.724460983276366,31.50984058380127,30.880037593841553
30.770875930786133,31.46204376220703,31.76194953918457,31.1715087890625,31.72446060180664,22818329,2025-08-28,3,28,8,1.8766763996155966,-0.8271751028121981,1.5009117134610839,1.6220985435922812,31.718838119506835,31.57263355255127,30.895970153808594
31.137523651123047,31.836925506591797,31.855670928955078,31.358949661254883,31.45267105102539,17850910,2025-08-29,4,29,8,1.5602048872380903,1.2216910129605008,1.4088529455188474,1.6166839859842355,31.68509864807129,31.621368217468262,30.963917636871336
31.284183502197266,31.986879348754883,32.01499557495117,31.537019729614258,31.583879470825195,21662341,2025-09-02,1,2,9,1.4942872048426934,1.2759669954476252,1.4960090499185716,1.6494515796712435,31.70759162902832,31.68697280883789,31.03748836517334
31.06419563293457,31.76194953918457,32.03373718261719,31.37769317626953,32.00562286376953,19108583,2025-09-03,2,3,9,2.0655029551580193,-0.7613453599142417,1.6359499721754136,1.6966627669535161,31.746954345703124,31.68697280883789,31.102155685424805
31.119192123413086,31.81818199157715,32.28678512573242,31.602624893188477,31.893157958984375,29809633,2025-09-04,3,4,9,2.150217861991785,-0.23508480252613448,1.829377861769237,1.6233101478537229,31.773196029663087,31.748828506469728,31.18603572845459
31.08252716064453,31.78069305419922,32.2211799621582,31.48078727722168,31.949390411376953,22531732,2025-09-05,4,5,9,2.329693325673697,-0.5280143220437233,1.919981246980857,1.7104464802209705,31.836925888061522,31.77788200378418,31.29100284576416
31.165021896362305,31.865041732788086,31.968135833740234,30.477975845336914,30.52483558654785,29665908,2025-09-08,0,8,9,4.6764727342879775,4.390543373903894,2.5432348163908345,1.976043880954841,31.842549133300782,31.763823890686034,31.400187397003172
30.862537384033203,31.555763244628906,31.902530670166016,31.555763244628906,31.855670928955078,18289981,2025-09-09,1,9,9,1.0989036229257823,-0.9414577548689206,2.4641581000074524,1.9800835749630121,31.756325912475585,31.73195877075195,31.506091785430907
30.68838119506836,31.37769317626953,31.621368408203125,30.83411407470703,31.4245548248291,18866267,2025-09-10,2,10,9,2.5089617935695863,-0.14912430365614626,2.5528498676897655,2.0943999199325893,31.67947463989258,31.713214492797853,31.57075901031494
30.61505126953125,31.302717208862305,31.45267105102539,31.096532821655273,31.358949661254883,23239900,2025-09-11,3,11,9,1.1377230513052352,-0.17931867297856394,2.350350905552456,2.0898643836608466,31.57638168334961,31.674788856506346,31.59231472015381
30.303401947021484,30.984067916870117,31.283973693847656,30.412370681762695,31.18088150024414,25474412,2025-09-12,4,12,9,2.8130683628226656,-0.6311995489046146,2.4470259129822494,2.1835035799815534,31.41705665588379,31.626991271972656,31.59981241226196
29.900089263916016,30.57169532775879,31.068416595458984,30.477975845336914,30.955951690673828,22823023,2025-09-15,0,15,9,1.9313313958940186,-1.2413004347425858,1.8979976453034575,2.2206162308471464,31.15838737487793,31.500468254089355,31.560918235778807
29.597606658935547,30.262418746948242,30.702905654907227,29.97188377380371,30.57169532775879,23070781,2025-09-16,1,16,9,2.4156095625278935,-1.0116435398652126,2.16133883322388,2.3127484666156657,30.899718475341796,31.32802219390869,31.50749750137329
29.725933074951172,30.393627166748047,30.740394592285156,30.178068161010742,30.30927848815918,17270569,2025-09-17,2,17,9,1.8501458486324518,0.278293258025985,2.029575644236453,2.2912127559631097,30.7029052734375,31.19118995666504,31.439081382751464
29.00180435180664,29.65323257446289,30.384254455566406,29.362699508666992,30.29990577697754,41634233,2025-09-18,3,18,9,3.445003657979496,-2.1342416285861967,2.491031765571305,2.42069133556188,30.37300834655762,30.974695014953614,31.36176176071167
28.95597267150879,29.606372833251953,29.878162384033203,29.42830467224121,29.65323257446289,57393503,2025-09-19,4,19,9,1.5194624290036005,-0.1580257433764328,2.2323105788074917,2.3396682458948708,30.097469329833984,30.757262992858887,31.267572498321535
28.86431121826172,29.512651443481445,29.597000122070312,29.334583282470703,29.362699508666992,38791959,2025-09-22,0,22,9,0.8891672783184319,0.5106885174852257,2.023877755292375,1.9609377002979158,29.885660552978514,30.522023963928223,31.14292392730713
28.983470916748047,29.634489059448242,30.159324645996094,29.606372833251953,29.606372833251953,28049830,2025-09-23,1,23,9,1.865906348629437,0.094966804460122,1.9139371125126832,2.037637972868281,29.760074615478516,30.329896545410158,31.030927658081055
28.97430419921875,29.6251163482666,29.793813705444336,29.484535217285156,29.793813705444336,24464496,2025-09-24,2,24,9,1.0439739190333202,-0.5662160569491232,1.7527027265928574,1.891139185414655,29.606372451782228,30.154638862609865,30.93392667770386
28.983470916748047,29.634489059448242,29.906278610229492,29.540769577026367,29.71883773803711,20702681,2025-09-25,3,25,9,1.2333907038852465,-0.2838222656362816,1.310380135774007,1.9007059506726562,29.602623748779298,29.987816047668456,30.831302452087403
29.07513427734375,29.72821044921875,29.887535095214844,29.578256607055664,29.681350708007812,16608282,2025-09-26,4,26,9,1.0403535345239978,0.15787604031879549,1.2145583568780867,1.7234344678427895,29.626991271972656,29.86223030090332,30.74461078643799
28.86431121826172,29.512651443481445,29.868791580200195,29.43767547607422,29.831302642822266,23759956,2025-09-29,0,29,9,1.4607840469758895,-1.0681772873149782,1.328881710609578,1.6763797329509764,29.626991271972656,29.756325912475585,30.628397083282472
28.800148010253906,29.44704818725586,29.812559127807617,29.268978118896484,29.47516441345215,40287999,2025-09-30,1,30,9,1.845960944725131,-0.09538954830547822,1.324892629828717,1.6194148711707002,29.58950309753418,29.674788856506346,30.50140552520752
28.661195755004883,28.997188568115234,29.40018653869629,28.959699630737305,29.09090805053711,32274829,2025-10-01,2,1,10,1.519067639692958,-0.32216073234656095,1.4199113739606446,1.586307050276751,29.463917541503907,29.535144996643066,30.363167476654052
28.160966873168945,28.49109649658203,28.865978240966797,28.47235107421875,28.79100227355957,26690578,2025-10-02,3,2,10,1.381579563971042,-1.0416649414562402,1.4495491459778036,1.3799646408759054,29.235239028930664,29.41893138885498,30.1968132019043
28.624141693115234,28.959699630737305,29.240861892700195,28.500469207763672,28.51921272277832,34826773,2025-10-03,4,3,10,2.556631092094215,1.5445268852290832,1.752804657491847,1.4836815071849667,29.081536865234376,29.354264068603516,30.055763530731202
28.800148010253906,29.13776969909668,29.156513214111328,28.509841918945312,28.865978240966797,29735156,2025-10-06,0,6,10,2.219357561831726,0.9415633028648047,1.9045193604630142,1.6167005355362964,29.00656051635742,29.31677589416504,29.91939992904663
28.346237182617188,28.678537368774414,29.17525863647461,28.397375106811523,29.13776969909668,32197579,2025-10-07,1,7,10,2.712423997292331,-1.576072345497681,2.0778119709764544,1.7013523004025857,28.852858352661134,29.221180725097657,29.775538635253906
28.50371742248535,28.83786392211914,29.044048309326172,28.54732894897461,28.687910079956055,25357468,2025-10-08,2,8,10,1.72245545541454,0.522707446255756,2.1184895341207706,1.7692004540407076,28.820993423461914,29.14245548248291,29.648547172546387
27.86453628540039,28.191190719604492,29.025304794311523,28.17244529724121,28.922212600708008,24066185,2025-10-09,3,9,10,3.0252695090215673,-2.5275448016228896,2.4472275231308758,1.9483883345543398,28.761012268066406,28.998125648498537,29.492970848083495
27.29020118713379,27.610122680664062,28.47235107421875,27.582006454467773,28.294282913208008,24430886,2025-10-10,4,10,10,3.2247035989249815,-2.4180158042619047,2.5808420244970294,2.166823340994438,28.491096878051756,28.786316871643066,29.324273586273193
27.24388313293457,27.563261032104492,27.90065574645996,27.544517517089844,27.67572593688965,17972655,2025-10-13,0,13,10,1.2920758140892794,-0.4063665937493948,2.39538567494854,2.1499525177057768,28.17619514465332,28.591377830505373,29.173851871490477
27.781166076660156,28.106842041015625,28.21930694580078,27.563261032104492,27.600749969482422,24966413,2025-10-14,1,14,10,2.334114635642586,1.83361710132072,2.319723802618591,2.1987678867975227,28.061856079101563,28.45735721588135,29.06607303619385
27.531051635742188,27.853796005249023,28.228679656982422,27.600749969482422,28.050609588623047,21912552,2025-10-15,2,15,10,2.2543774190838017,-0.7016374555148648,2.4261081953524433,2.2722988647366074,27.86504249572754,28.343017959594725,28.939081478118897
27.104930877685547,27.422679901123047,27.95688819885254,27.31958770751953,27.797563552856445,21743966,2025-10-16,3,16,10,2.323990556834339,-1.348620540143979,2.2858524049149977,2.3665399640229365,27.71134033203125,28.23617630004883,28.827553844451906
27.364309310913086,27.68509864807129,27.778818130493164,27.328960418701172,27.460168838500977,22066520,2025-10-17,4,17,10,1.6249091885512643,0.8191129883183603,1.965893522840254,2.2733677736686415,27.726335525512695,28.108716201782226,28.73149013519287
27.392099380493164,27.713214874267578,27.769447326660156,27.478912353515625,27.694469451904297,18012454,2025-10-20,0,20,10,1.0483625752647714,0.06768651912915521,1.9171508750753528,2.1562682750119464,27.756326293945314,27.966260719299317,28.641518306732177
27.762638092041016,28.088096618652344,28.106842041015625,27.63823890686035,27.788190841674805,32098561,2025-10-21,1,21,10,1.6683335311659748,1.0792562160173491,1.7839946541800302,2.0518592283993105,27.752577209472655,27.90721664428711,28.564198684692382
27.234619140625,27.55388832092285,28.116214752197266,27.535144805908203,28.059980392456055,23490859,2025-10-22,2,22,10,2.108849174103065,-1.8036080726174217,1.7548890051838828,2.0904986002681634,27.69259567260742,27.77881908416748,28.460637283325195
27.141984939575195,27.460168838500977,27.788190841674805,27.413307189941406,27.760074615478516,22618373,2025-10-23,3,23,10,1.3651906291551519,-1.0803493186949757,1.5631290196480454,1.9244907122815214,27.700093460083007,27.70571689605713,28.35192127227783
27.123458862304688,27.441425323486328,27.760074615478516,27.413307189941406,27.61949348449707,19207601,2025-10-24,4,24,10,1.2636640460520143,-0.6447191405254862,1.4908799911481956,1.7283867569942246,27.651358795166015,27.688847160339357,28.23758201599121
27.25314712524414,27.572633743286133,27.853796005249023,27.450796127319336,27.563261032104492,25722596,2025-10-27,0,27,10,1.4615937007752007,0.03400436244000192,1.5735262162502814,1.745338545662817,27.623242568969726,27.689784431457518,28.140581130981445
27.123458862304688,27.441425323486328,27.572633743286133,27.30084228515625,27.469541549682617,28876008,2025-10-28,1,28,10,0.990442205264259,-0.10235418798466957,1.4379479510699382,1.6109713026249843,27.493908309936522,27.62324275970459,28.04029998779297
26.42869758605957,26.7385196685791,27.422679901123047,26.672914505004883,27.31958770751953,45729166,2025-10-29,2,29,10,2.8040647179104172,-2.126928287356601,1.5769910598314085,1.6659400325076459,27.330834579467773,27.511715126037597,27.927366542816163
25.307817459106445,25.60449981689453,26.335519790649414,24.13308334350586,24.45173454284668,68328653,2025-10-30,3,30,10,8.601755405861624,4.714451942163307,3.024304015172703,2.2937165174103744,26.959700775146484,27.329897117614745,27.783036708831787
25.789518356323242,26.091846466064453,26.18556785583496,24.69540786743164,25.051546096801758,52397489,2025-10-31,4,31,10,5.711209401532584,4.152639382986053,3.913813086268817,2.7023465387085066,26.68978500366211,27.170571899414064,27.639644050598143
24.99285888671875,25.28584861755371,26.016870498657227,25.02342987060547,25.90440559387207,42307297,2025-11-03,0,3,11,3.928840368687885,-2.3878447010754216,4.407262419851354,2.9903943180508175,26.232427978515624,26.927835273742676,27.447047996520997
25.418977737426758,25.716962814331055,25.810684204101562,25.201499938964844,25.33270835876465,48614334,2025-11-04,1,4,11,2.368803305175852,1.5168313238543296,4.682934639833673,3.060441295451805,25.88753547668457,26.690721893310545,27.298969268798828
25.882152557373047,26.18556785583496,26.2324275970459,25.660730361938477,25.726335525512695,42945896,2025-11-05,2,5,11,2.1832531501891026,1.7850670176747363,4.558772326289409,3.067881693060409,25.776945114135742,26.55388984680176,27.16635446548462
25.298553466796875,25.59512710571289,26.298032760620117,25.5670108795166,26.17619514465332,35022568,2025-11-06,3,6,11,2.8560978739595706,-2.2198338441831074,3.4096408199089994,3.216972417540851,25.775070571899413,26.36738567352295,27.03655128479004
25.335607528686523,25.632614135742188,26.035614013671875,25.31396484375,25.83880043029785,38966093,2025-11-07,4,7,11,2.815355336370493,-0.7979716206712747,2.8304700068765802,3.372141546572699,25.68322410583496,26.186504554748534,26.937675857543944
25.122547149658203,25.417057037353516,25.754451751708984,25.07029151916504,25.538894653320312,59186383,2025-11-10,0,10,11,2.6917366221372014,-0.477066911550758,2.5830492575664437,3.495155838708899,25.709465789794923,25.970946884155275,26.830365657806396
25.428241729736328,25.726335525512695,25.913776397705078,25.35145378112793,25.65135955810547,56995939,2025-11-11,1,11,11,2.1857859080610043,0.29228847397889757,2.5464457781434744,3.6146902089885726,25.71134033203125,25.79943790435791,26.71134033203125
25.835834503173828,26.13870620727539,26.20431137084961,25.698219299316406,25.716962814331055,33011806,2025-11-12,2,12,11,1.9361787363153367,1.639942461282072,2.4970308953687215,3.5279016108290655,25.701968002319337,25.739456558227538,26.62558584213257
25.909942626953125,26.213682174682617,26.50421714782715,26.016870498657227,26.016870498657227,34101960,2025-11-13,3,13,11,1.859130838324595,0.7564771329263003,2.297637488241726,2.8536391540753625,25.82567901611328,25.80037479400635,26.565135955810547
25.483823776245117,25.782567977905273,26.45735740661621,25.538894653320312,26.260543823242188,40374320,2025-11-14,4,14,11,3.5623400821942472,-1.8201292728518295,2.4470344374064767,2.638752222141529,25.8556697845459,25.76944694519043,26.470009422302248
25.21518325805664,25.510778427124023,25.88566017150879,25.445173263549805,25.782567977905273,28365982,2025-11-17,0,17,11,1.7266698043625437,-1.0541601248338173,2.2540210738515456,2.418535165708995,25.8744140625,25.79193992614746,26.35988759994507
25.344871520996094,25.641986846923828,25.820056915283203,25.370197296142578,25.641986846923828,31200787,2025-11-18,1,18,11,1.7543867478997361,0.0,2.167741241819292,2.3570935099813832,25.857544326782225,25.784442329406737,26.23758211135864
24.890960693359375,25.182754516601562,25.65135955810547,25.089035034179688,25.57638168334961,29309743,2025-11-19,2,19,11,2.2329746476108183,-1.5390260108774523,2.227100424078388,2.3620656597235548,25.66635398864746,25.6841609954834,26.119025421142577
24.668638229370117,24.957826614379883,25.435800552368164,24.882848739624023,25.28584861755371,26345084,2025-11-20,3,20,11,2.2155447318699935,-1.2972552676998614,2.2983832027874675,2.298010345514597,25.415182876586915,25.620430946350098,25.993908309936522
25.335607528686523,25.632614135742188,25.698219299316406,24.920337677001953,24.920337677001953,33688178,2025-11-21,4,21,11,3.0347338675448357,2.858213512080808,2.1928619598575856,2.319948198632031,25.385192108154296,25.620430946350098,25.903467750549318
24.511157989501953,24.798500061035156,25.62324333190918,24.770383834838867,25.58575439453125,55123888,2025-11-24,0,24,11,3.4391575900607587,-3.076924453180724,2.5353595169972287,2.394690295424387,25.242736434936525,25.558575248718263,25.76476106643677
24.714954376220703,25.00468635559082,25.388940811157227,24.854732513427734,24.882848739624023,32485455,2025-11-25,1,25,11,2.1364327075834253,0.4896449648579821,2.6117687089339663,2.389754975376629,25.115276336669922,25.486410331726074,25.642924118041993
24.613056182861328,24.901592254638672,25.117151260375977,24.835988998413086,25.089035034179688,25848609,2025-11-26,2,26,11,1.12909350971529,-0.7471103583125283,2.3909924813548606,2.3090464527166246,25.059043884277344,25.3626989364624,25.55107774734497
24.72421646118164,25.014057159423828,25.192127227783203,24.789127349853516,24.817245483398438,14547478,2025-11-28,4,28,11,1.6110936157266307,0.7930439990088679,2.270102258126188,2.2842427304568282,25.07028999328613,25.242736434936525,25.521555614471435
24.6223201751709,24.910964965820312,25.154638290405273,24.789127349853516,24.835988998413086,30211892,2025-12-01,0,1,12,1.4672692970877117,0.3018843639044018,1.9566093440347632,2.0747356519461744,24.92596015930176,25.155576133728026,25.46251153945923
25.0299129486084,25.323335647583008,25.55763816833496,24.742267608642578,25.042173385620117,48848754,2025-12-02,1,2,12,3.2198386936051455,1.1227550326136688,1.9127455647436407,2.224052540870434,25.03092727661133,25.136831855773927,25.464385890960692
25.409713745117188,25.707590103149414,25.782567977905273,25.164011001586914,25.26710319519043,29501163,2025-12-03,2,3,12,2.4061258711394364,1.7433217593492498,1.9666841974548426,2.289226453194405,25.171508026123046,25.143392181396486,25.46391725540161
25.196657180786133,25.492034912109375,25.791940689086914,25.34208106994629,25.754451751708984,43540215,2025-12-04,3,4,12,1.764706586553944,-1.0189183684804946,2.0938068128225735,2.242399647088717,25.289596557617188,25.174320220947266,25.42924060821533
25.298553466796875,25.59512710571289,26.316776275634766,25.501405715942383,25.52014923095703,50881282,2025-12-05,4,5,12,3.1856476286472133,0.2937987316504717,2.4087176154066903,2.339409936766439,25.405810546875,25.238050270080567,25.42924060821533
24.687164306640625,24.97657012939453,25.62324333190918,24.910964965820312,25.61387062072754,42823191,2025-12-08,0,8,12,2.8517861435690004,-2.4881069353777576,2.6856209847029477,2.3211151643688557,25.418931579589845,25.172445869445802,25.39643840789795
24.816852569580078,25.107778549194336,25.238988876342773,24.789127349853516,24.97657012939453,29309316,2025-12-09,1,9,12,1.7917217391727118,0.5253260120187102,2.399997593816461,2.1563715792800506,25.37582015991211,25.20337371826172,25.38097448348999
25.54866600036621,25.84817123413086,25.960636138916016,25.089035034179688,25.192127227783203,39408045,2025-12-10,2,10,12,3.372002981725201,2.604162802195348,2.593173015933614,2.279928606694228,25.4039363861084,25.287722206115724,25.387066268920897
25.56719398498535,25.86691665649414,25.988754272460938,25.435800552368164,25.913776397705078,49189234,2025-12-11,3,11,12,2.137687020976847,-0.1808294572422389,2.6677691028181947,2.380787957820384,25.47891273498535,25.38425464630127,25.373476791381837
25.224445343017578,25.52014923095703,26.10121726989746,25.473289489746094,25.820056915283203,30849211,2025-12-12,4,12,12,2.4605176657417975,-1.1615299118440476,2.522743110237111,2.4657303628219007,25.46391716003418,25.43486385345459,25.338800144195556
26.132266998291016,26.438613891601562,26.52296257019043,25.745080947875977,25.820056915283203,42691310,2025-12-15,0,15,12,2.9422178693019663,2.395645285941365,2.540829455383705,2.6132252200433266,25.756325912475585,25.587628746032713,25.37160243988037
27.540315628051758,27.863168716430664,27.97563362121582,26.129335403442383,26.438613891601562,98031159,2025-12-16,1,16,12,6.626303837024436,5.388160024840118,3.5077458749540495,2.953871734385255,26.30740394592285,25.84161205291748,25.4892219543457
28.08686065673828,28.416120529174805,28.669166564941406,27.582006454467773,27.703842163085938,76466448,2025-12-17,2,17,12,3.8258569087833316,2.5710454235764617,3.598516660365676,3.095844838149645,26.82099380493164,26.11246509552002,25.62792863845825
28.040544509887695,28.369260787963867,28.51921272277832,27.872539520263672,28.041236877441406,49457691,2025-12-18,3,18,12,2.2794855577943376,1.1697911613390684,3.6268763677291735,3.147322735273684,27.321462631225586,26.400187683105468,25.78725395202637
27.392099380493164,27.713214874267578,28.462980270385742,27.62886619567871,28.24742317199707,97603932,2025-12-19,4,19,12,3.0098062548547095,-1.8911753276634333,3.736734085551756,3.129738597894434,27.760075759887695,26.611996459960938,25.925023365020753
27.104930877685547,27.422679901123047,27.92877197265625,27.35707664489746,27.62886619567871,32785176,2025-12-22,0,22,12,2.0847536776862436,-0.7462712841539354,3.5652412472286117,3.0530353513061583,27.956888961791993,26.85660743713379,26.014526653289796
27.216093063354492,27.535144805908203,27.563261032104492,27.179006576538086,27.441425323486328,22459603,2025-12-23,1,23,12,1.3955054831742049,0.34152556333020784,2.5190815764585652,3.0134137257063074,27.8912841796875,27.099344062805176,26.151358890533448
27.586631774902344,27.9100284576416,27.985004425048828,27.525772094726562,27.535144805908203,11046544,2025-12-24,2,24,12,1.645402587171245,1.3614733257293776,2.0829907121361484,2.840753686250912,27.79006576538086,27.30552978515625,26.296625995635985
27.47547149658203,27.797563552856445,27.985004425048828,27.656982421875,27.872539520263672,13253527,2025-12-26,4,26,12,1.18003868414619,-0.2689958241972108,1.8631013374065186,2.744988852567846,27.675726318359374,27.49859447479248,26.441424560546874
27.67000389099121,27.99437713623047,28.022493362426758,27.666353225708008,27.797563552856445,25635529,2025-12-29,0,29,12,1.2721845354359809,0.7080245828012474,1.515576993522773,2.6261555395372644,27.73195877075195,27.746017265319825,26.590440559387208
27.762638092041016,28.088096618652344,28.20993423461914,27.90065574645996,27.92877197265625,24549536,2025-12-30,1,30,12,1.1011016245002463,0.5704677819421528,1.3188465828855733,2.4420439150570923,27.86504211425781,27.910965538024904,26.74929714202881
27.68852996826172,28.013120651245117,28.2005615234375,27.872539520263672,27.99437713623047,18388891,2025-12-31,2,31,12,1.1709584492838299,0.06695457063908196,1.2739371761074985,1.896509376283032,27.960637283325195,27.925960731506347,26.883786392211913
27.364309310913086,27.68509864807129,28.069353103637695,27.535144805908203,28.013120651245117,25911241,2026-01-02,4,2,1,1.929587842616224,-1.1709584492838299,1.330774227196494,1.7068824696663214,27.915651321411133,27.852858543395996,26.98266181945801
27.804054260253906,28.1299991607666,28.93000030517578,27.709999084472656,27.729999542236328,47571600,2026-01-05,0,5,1,4.3370112232519435,1.4424797155911342,1.9621687350176447,1.9126350362120816,27.982138442993165,27.82893238067627,27.114560031890868
27.10228157043457,27.420000076293945,27.940000534057617,27.100000381469727,27.84000015258789,34552600,2026-01-06,1,6,1,3.0634578783758486,-1.5086209554309353,2.320423403605618,1.918000198564196,27.86726303100586,27.799610900878907,27.205803680419923
27.576719284057617,27.899999618530273,27.90999984741211,27.34000015258789,27.450000762939453,36361700,2026-01-07,2,7,1,2.0430096868017285,1.639340047663564,2.508805016065915,1.9138257994757442,27.829643630981444,27.847342872619627,27.35197515487671
27.883127212524414,28.209999084472656,28.5,27.5,27.65999984741211,30813300,2026-01-08,3,8,1,3.5448423695639883,1.9884281999083424,2.9835818001219465,2.1287594881147225,27.869019317626954,27.914828300476074,27.507086181640624
28.041275024414062,28.3700008392334,28.549999237060547,27.780000686645508,28.1299991607666,22315300,2026-01-09,4,9,1,2.7141294594189573,0.85318764886965,3.1404901234824933,2.235632175339494,28.005999755859374,27.960825538635255,27.63317766189575
28.723278045654297,29.059999465942383,29.31999969482422,28.489999771118164,28.739999771118164,40310200,2026-01-12,0,12,1,2.8561594595994215,1.1134297055416045,2.844319770751989,2.403244252884817,28.19199981689453,28.08706912994385,27.792831802368163
28.149999618530273,28.479999542236328,29.25,28.399999618530273,28.899999618530273,35155000,2026-01-13,1,13,1,2.9845519491991617,-1.4532874804076024,2.8285385849166516,2.5744809942611346,28.403999710083006,28.135631370544434,27.94082431793213
28.420000076293945,28.420000076293945,28.540000915527344,28.030000686645508,28.049999237060547,27336300,2026-01-14,2,14,1,1.7945117083488111,1.3190761115762941,2.778838989226068,2.6438220026459915,28.50799980163574,28.168821716308592,28.039893627166748
28.350000381469727,28.350000381469727,28.549999237060547,28.190000534057617,28.40999984741211,31081600,2026-01-15,3,15,1,1.269836677809126,-0.21119136312789602,2.3238378508750954,2.653709825498521,28.536000061035157,28.202509689331055,28.0642352104187
27.81999969482422,27.81999969482422,28.3799991607666,27.559999465942383,28.25,38596900,2026-01-16,4,16,1,2.9475187053175125,-1.522124974073562,2.3705157000548063,2.75550291176865,28.42599983215332,28.215999794006347,28.034429168701173
28.15999984741211,28.15999984741211,28.579999923706055,27.690000534057617,27.829999923706055,50568300,2026-01-20,1,20,1,3.160509213320283,1.1857704800960323,2.431385650798979,2.637852710775484,28.245999908447267,28.2189998626709,28.023966121673585
28.889999389648438,28.889999389648438,29.010000228881836,28.09000015258789,28.09000015258789,44865500,2026-01-21,2,21,1,3.1844932354813067,2.847985876521414,2.4713739080554076,2.64995624648603,28.327999877929688,28.36599979400635,28.082805347442626
29.229999542236328,29.229999542236328,29.440000534057617,28.8700008392334,28.8799991607666,35617700,2026-01-22,3,22,1,1.950050303629287,1.211912713436644,2.5024816271115027,2.6406603081687856,28.489999771118164,28.498999786376952,28.17317132949829
29.299999237060547,29.299999237060547,29.329999923706055,28.760000228881836,28.979999542236328,29380200,2026-01-23,4,23,1,1.9453915005678433,1.1042087642473613,2.6375925916632466,2.480715221269171,28.679999542236327,28.607999801635742,28.261414051055908
29.43000030517578,29.43000030517578,29.5,29.15999984741211,29.290000915527344,43266700,2026-01-26,0,26,1,1.155284230588661,0.47797673360337933,2.2791456967174764,2.3248306983861413,29.00199966430664,28.71399974822998,28.337412643432618
28.700000762939453,28.700000762939453,29.420000076293945,28.6299991607666,29.34000015258789,40826400,2026-01-27,1,27,1,2.7526163572353575,-2.1813203351056814,2.197567125500491,2.314476388149735,29.10999984741211,28.677999877929686,28.382534503936768
28.40999984741211,28.40999984741211,29.100000381469727,28.239999771118164,28.829999923706055,46428800,2026-01-28,2,28,1,3.0271052973268517,-1.456816085346541,2.1660895378696,2.318731722962504,29.013999938964844,28.670999908447264,28.40331563949585
29.239999771118164,29.239999771118164,30.110000610351562,27.579999923706055,27.6299991607666,65923400,2026-01-29,3,29,1,8.652533195792014,5.827002024081468,3.5065861163021452,3.0045338717068244,29.01599998474121,28.75299987792969,28.46091079711914
29.75,29.75,29.850000381469727,28.899999618530273,29.639999389648438,51300200,2026-01-30,4,30,1,3.1932798754267333,0.3711221748202176,3.7561637912739236,3.196878191468585,29.1060001373291,28.892999839782714,28.547754764556885
29.59000015258789,29.59000015258789,29.93000030517578,29.399999618530273,29.6200008392334,31343400,2026-02-02,0,2,2,1.7911479686124805,-0.10128523226025765,3.8833365388786873,3.081241117798082,29.138000106811525,29.06999988555908,28.642999839782714
29.760000228881836,29.760000228881836,30.280000686645508,29.530000686645508,29.639999389648438,37200800,2026-02-03,1,3,2,2.5201612709402172,0.40486113935382834,3.8368455216196593,3.0172063235600755,29.35,29.229999923706053,28.724499893188476
30.5,30.5,31.1299991607666,29.920000076293945,30.010000228881836,41031100,2026-02-04,2,4,2,3.9672101130251027,1.6327882951716368,4.024866484759309,3.095478011314455,29.768000030517577,29.39099998474121,28.878499889373778
30.850000381469727,30.850000381469727,30.940000534057617,30.350000381469727,30.530000686645508,30243800,2026-02-05,3,5,2,1.912480211644595,1.0481483381171153,2.676855887929826,3.0917210021159853,30.09000015258789,29.553000068664552,29.02599992752075
31.3700008392334,31.3700008392334,31.43000030517578,30.770000457763672,30.809999465942383,30791600,2026-02-06,4,6,2,2.1039204008776116,1.817596179805344,2.4589839930200013,3.107573892146962,30.41400032043457,29.760000228881836,29.18400001525879
31.610000610351562,31.610000610351562,31.68000030517578,30.760000228881836,31.100000381469727,24316900,2026-02-09,0,9,2,2.9104715549820837,1.6398720984765927,2.6828487102939222,3.283092624586305,30.818000411987306,29.978000259399415,29.346000003814698
32.310001373291016,32.310001373291016,32.38999938964844,31.530000686645508,31.59000015258789,32111400,2026-02-10,1,10,2,2.6617105120702518,2.279206132400546,2.711158558519929,3.2740020400697945,31.328000640869142,30.33900032043457,29.50850009918213
32.47999954223633,32.47999954223633,32.84000015258789,32.279998779296875,32.290000915527344,27354000,2026-02-11,2,11,2,1.724142183446774,0.5884131970328296,2.262544972604263,3.1437057286817867,31.724000549316408,30.746000289916992,29.708500099182128
