Adj Close,Close,High,Low,Open,Volume,date,day_of_week,day,month,hl_pct,oc_pct,volatility_5d,volatility_10d,ma_5,ma_10,ma_20
CSCO,CSCO,CSCO,CSCO,CSCO,CSCO,,,,,,,,,,,
47.528751373291016,50.220001220703125,50.29999923706055,49.58000183105469,49.720001220703125,17715100,2024-03-11,0,11,3,1.4336865561624905,1.0056315119151744,1.3116031906806558,1.324379795840414,49.34800033569336,48.901000595092775,48.950500297546384
47.38679122924805,50.06999969482422,50.54999923706055,49.88999938964844,50.540000915527344,17590400,2024-03-12,1,12,3,1.318154286867979,-0.9299588685973432,1.3709439593077952,1.3671866770313896,49.572000122070314,49.07700042724609,48.95450019836426
47.42464065551758,50.11000061035156,50.150001525878906,49.83000183105469,50.029998779296875,16669900,2024-03-13,2,13,3,0.6385944740102723,0.15990772138054377,1.3196924888081574,1.333251449594075,49.76000061035156,49.282000350952146,48.978000259399415
47.12179183959961,49.790000915527344,50.349998474121094,49.599998474121094,50.27000045776367,17239400,2024-03-14,3,14,3,1.5063265439027287,-0.954842923941524,1.3551100712496158,1.4115255177015644,49.93800048828125,49.4240005493164,48.95350036621094
46.30788040161133,48.93000030517578,49.959999084472656,48.900001525878906,49.790000915527344,57049200,2024-03-15,4,15,3,2.1663551031730206,-1.7272556628601419,1.412623392823298,1.4711365863715162,49.82400054931641,49.4770004272461,48.94700031280517
46.62965774536133,49.27000045776367,49.65999984741211,48.97999954223633,49.220001220703125,17406700,2024-03-18,0,18,3,1.3801507993869542,0.10158316907866306,1.401916241468191,1.3567597160744234,49.63400039672852,49.49100036621094,48.98850040435791
46.50662612915039,49.13999938964844,49.599998474121094,48.970001220703125,49.119998931884766,19601100,2024-03-19,1,19,3,1.2820457086751216,0.040717545192553294,1.3946945258296195,1.3828192425687074,49.44800033569336,49.510000228881836,49.03150043487549
46.8946533203125,49.54999923706055,49.58000183105469,48.939998626708984,49.040000915527344,18554100,2024-03-20,2,20,3,1.2916311083755123,1.039963931509072,1.5253018527026676,1.4224971707554126,49.33600006103516,49.54800033569336,49.0850004196167
47.20697021484375,49.880001068115234,50.189998626708984,49.560001373291016,49.709999084472656,26102900,2024-03-21,3,21,3,1.2630257416347201,0.3419875010532432,1.4766416922490657,1.4158758817493406,49.354000091552734,49.64600028991699,49.15050048828125
47.112327575683594,49.779998779296875,50.099998474121094,49.720001220703125,50.04999923706055,15022900,2024-03-22,4,22,3,0.7633532799040701,-0.5394614622965759,1.1960413275952757,1.304332360209287,49.523999786376955,49.67400016784668,49.19650039672852
47.0176887512207,49.68000030517578,49.7599983215332,49.290000915527344,49.560001373291016,16191200,2024-03-25,0,25,3,0.9460495231858804,0.24212858869982942,1.1092210723550608,1.2555686569116258,49.60599975585937,49.62000007629395,49.26050033569336
46.8946533203125,49.54999923706055,49.810001373291016,49.47999954223633,49.54999923706055,13842900,2024-03-26,1,26,3,0.6659976511318796,0.0,0.9860114608464124,1.190352993338016,49.6879997253418,49.56800003051758,49.322500228881836
47.102867126464844,49.77000045776367,49.900001525878906,49.40999984741211,49.77000045776367,17231000,2024-03-27,2,27,3,0.9845321960216319,0.0,0.9245916783756364,1.224946765539152,49.73199996948242,49.53400001525879,49.40800018310547
47.2353630065918,49.90999984741211,50.20000076293945,49.810001373291016,49.88999938964844,18139700,2024-03-28,3,28,3,0.7814053112417699,0.04008911206325195,0.8282675922970464,1.1524546422730562,49.737999725341794,49.545999908447264,49.48500022888184
47.358394622802734,50.040000915527344,50.20000076293945,49.869998931884766,49.959999084472656,15138100,2024-04-01,0,1,4,0.6594760691786646,0.16013177045784158,0.8074921501519652,1.0017667388736204,49.79000015258789,49.65699996948242,49.567000198364255
46.71483612060547,49.36000061035156,50.09000015258789,49.150001525878906,49.959999084472656,16414400,2024-04-02,1,2,4,1.9043732072236887,-1.2009577364215176,0.999156886959527,1.0541889796572939,49.726000213623045,49.66599998474121,49.57850017547607
46.504920959472656,48.7400016784668,49.220001220703125,48.65999984741211,48.79999923706055,22210000,2024-04-03,2,3,4,1.1489564095325477,-0.12294581871260689,1.0957486386396604,1.0408800497430366,49.5640007019043,49.626000213623044,49.56800022125244
45.90381622314453,48.11000061035156,49.54999923706055,48.040000915527344,49.09000015258789,17374000,2024-04-04,3,4,4,3.138637086627484,-1.9963323267267605,1.526569616760831,1.2255806475682338,49.232000732421874,49.48200035095215,49.515000343322754
46.32363510131836,48.54999923706055,48.66999816894531,47.88999938964844,47.959999084472656,18661300,2024-04-05,4,5,4,1.606588654076568,1.2301921681622943,1.6916062853277904,1.2599369388124184,48.960000610351564,49.34900016784668,49.49750022888183
46.027854919433594,48.2400016784668,48.65999984741211,48.15999984741211,48.189998626708984,15375700,2024-04-08,0,8,4,1.0364842093759465,0.10376230168659653,1.767007913367247,1.287250031759606,48.60000076293945,49.19500045776367,49.43450031280518
47.71669387817383,50.0099983215332,50.20000076293945,48.52000045776367,48.84000015258789,26686600,2024-04-09,1,9,4,3.359328857350531,2.395573639004826,2.0579990433926154,1.5285779651760714,48.73000030517578,49.228000259399415,49.42400016784668
46.953372955322266,49.209999084472656,49.77000045776367,48.810001373291016,49.72999954223633,20026400,2024-04-10,2,10,4,1.9508211792988366,-1.045647421174876,2.218371997345873,1.657060317992767,48.82399978637695,49.194000244140625,49.3810001373291
47.258697509765625,49.529998779296875,49.59000015258789,49.0,49.31999969482422,15703900,2024-04-11,3,11,4,1.1911975916189719,0.4257889005921753,1.828884098344171,1.677726857552501,49.10799942016602,49.170000076293945,49.352000045776364
46.26639175415039,48.4900016784668,49.22999954223633,48.439998626708984,49.209999084472656,16418100,2024-04-12,4,12,4,1.6292037289785524,-1.463112008536984,1.833407113324568,1.7625066993261793,49.09599990844727,49.02800025939941,49.28700008392334
46.027854919433594,48.2400016784668,49.790000915527344,48.20000076293945,49.720001220703125,20310800,2024-04-15,0,15,4,3.296020102125389,-2.9766683545857693,2.285314291874456,2.0261611026208515,49.09599990844727,48.84800033569336,49.25250015258789
45.72252655029297,47.91999816894531,48.5099983215332,47.84000015258789,48.470001220703125,14233400,2024-04-16,1,16,4,1.3981598383689144,-1.1347287763691827,1.8930804880781331,1.975539765735374,48.677999877929686,48.704000091552736,49.185000038146974
45.598487854003906,47.790000915527344,48.279998779296875,47.709999084472656,48.0,14407600,2024-04-17,2,17,4,1.1927174804447878,-0.4374980926513672,1.741459748307323,1.9799158728265982,48.39400024414063,48.609000015258786,49.117500114440915
45.90381622314453,48.11000061035156,48.40999984741211,47.880001068115234,48.40999984741211,13080900,2024-04-18,3,18,4,1.1016395189627957,-0.6197050981329101,1.723548133776088,1.776216116060129,48.11000061035156,48.609000015258786,49.04550018310547
46.104183197021484,48.31999969482422,48.43000030517578,48.029998779296875,48.38999938964844,20964400,2024-04-19,4,19,4,0.8278177326266669,-0.14465735835324903,1.5632709345057108,1.698339023915139,48.07600021362305,48.58600006103516,48.96750011444092
45.932437896728516,48.13999938964844,48.59000015258789,48.0,48.4900016784668,20135700,2024-04-22,0,22,4,1.2255923557713184,-0.7218030041310283,1.1491853852348968,1.7172498385546764,48.055999755859375,48.57599983215332,48.8855001449585
46.104183197021484,48.31999969482422,48.459999084472656,48.060001373291016,48.13999938964844,16261700,2024-04-23,1,23,4,0.82780983797168,0.3739100695013444,1.0351153851554498,1.4640979366167914,48.136000061035155,48.40699996948242,48.81750011444092
46.1328125,48.349998474121094,48.380001068115234,47.91999816894531,48.04999923706055,14828500,2024-04-24,2,24,4,0.9514020965608393,0.6243480579062322,0.98685230837866,1.3641560283429917,48.247999572753905,48.32099990844726,48.757500076293944
45.89426803588867,48.099998474121094,48.93000030517578,47.849998474121094,48.779998779296875,18790900,2024-04-25,3,25,4,2.2453261233173496,-1.3940146006407566,1.2155896292495707,1.4695688815128294,48.24599914550781,48.177999877929686,48.67399997711182
45.665279388427734,47.86000061035156,48.279998779296875,47.61000061035156,47.63999938964844,14658900,2024-04-26,4,26,4,1.3999125791912332,0.46179937766944734,1.3300085985624843,1.4466397665340973,48.15399932861328,48.114999771118164,48.57150001525879
45.58894348144531,47.779998779296875,48.310001373291016,47.58000183105469,47.9900016784668,11599500,2024-04-29,0,29,4,1.527834995576931,-0.4375971907168126,1.3904571265236068,1.2698212558792517,48.08199920654297,48.068999481201175,48.458499908447266
44.825626373291016,46.97999954223633,47.689998626708984,46.970001220703125,47.61000061035156,18535400,2024-04-30,1,30,4,1.5325615432553625,-1.3232536442737557,1.5314074675803433,1.2832614263678965,47.81399917602539,47.974999618530276,48.3394998550415
44.69205093383789,46.84000015258789,47.56999969482422,46.68000030517578,46.70000076293945,18266400,2024-05-01,2,1,5,1.9000840878504253,0.29978455537743653,1.7211438658382605,1.3539980871084603,47.51199951171875,47.87999954223633,48.24449977874756
44.64435577392578,46.790000915527344,47.119998931884766,46.599998474121094,47.029998779296875,15441700,2024-05-02,3,2,5,1.1113495353472174,-0.5103080374205345,1.494348548244234,1.3549690887469024,47.25,47.747999572753905,48.17849979400635
44.95920944213867,47.119998931884766,47.400001525878906,46.84000015258789,47.099998474121094,17935300,2024-05-03,4,3,5,1.188457949883523,0.0424638182836907,1.452057622382692,1.3910331104725882,47.10199966430664,47.627999496459964,48.10699977874756
44.949676513671875,47.11000061035156,47.439998626708984,46.970001220703125,47.220001220703125,14163000,2024-05-06,0,6,5,0.9976595200947335,-0.2329534254720304,1.3460225272862525,1.3682398269049294,46.96800003051758,47.52499961853027,48.050499725341794
45.11187744140625,47.279998779296875,47.459999084472656,47.0099983215332,47.209999084472656,14308200,2024-05-07,1,7,5,0.951778287981896,0.14827302728595396,1.229865876231559,1.380636671905951,47.02799987792969,47.42099952697754,47.91399974822998
45.798858642578125,48.0,48.13999938964844,47.25,47.439998626708984,15130200,2024-05-08,2,8,5,1.8541653951009114,1.1804413775335392,1.2206821376816563,1.4709130017599583,47.25999984741211,47.38599967956543,47.853499794006346
45.598487854003906,47.790000915527344,48.09000015258789,47.650001525878906,48.0,12449300,2024-05-09,3,9,5,0.9206918147725446,-0.4374980926513672,1.1825505935667218,1.3384495709054778,47.45999984741211,47.35499992370605,47.76649990081787
45.85610580444336,48.060001373291016,48.099998474121094,47.70000076293945,48.0,12096900,2024-05-10,4,10,5,0.832288180923641,0.12500286102294922,1.1113166397747454,1.2816871310787186,47.64800033569336,47.375,47.74499988555908
46.44767379760742,48.68000030517578,48.81999969482422,48.22999954223633,48.310001373291016,15149100,2024-05-13,0,13,5,1.211997019082106,0.7658847471888619,1.1541841395722199,1.250103333429236,47.9620002746582,47.46500015258789,47.76699981689453
46.70529556274414,48.95000076293945,49.18000030517578,48.349998474121094,48.97999954223633,17379700,2024-05-14,1,14,5,1.6956114772588329,-0.06124699791188548,1.3029507774276072,1.266408326829583,48.29600067138672,47.662000274658205,47.81849994659424
47.39228057861328,49.66999816894531,49.72999954223633,48.72999954223633,49.189998626708984,37342100,2024-05-15,2,15,5,2.013287773030804,0.9758071877149839,1.3347752530135857,1.277728695347621,48.630000305175784,47.945000076293944,47.912499809265135
46.12326431274414,48.34000015258789,50.11000061035156,48.16999816894531,50.08000183105469,47829400,2024-05-16,3,16,5,4.013244590985778,-3.4744441191050814,1.9532858082562323,1.5679182009114772,48.74000015258789,48.1,47.92399978637695
45.9610595703125,48.16999816894531,48.560001373291016,48.11000061035156,48.2599983215332,22020300,2024-05-17,4,17,5,0.9341930247976714,-0.18649016932877371,1.9736667770310388,1.5424917084028917,48.76199951171875,48.204999923706055,47.91649971008301
44.968753814697266,47.130001068115234,48.06999969482422,47.0099983215332,48.0,22040700,2024-05-20,0,20,5,2.2491011017781117,-1.8124977747599285,2.1810875935702394,1.6676358665712296,48.45199966430664,48.206999969482425,47.86599979400635
44.7874641418457,46.939998626708984,47.150001525878906,46.61000061035156,47.119998931884766,25172200,2024-05-21,1,21,5,1.1504067561264941,-0.3820040519015805,2.072046649343772,1.6874987133856894,48.04999923706055,48.172999954223634,47.79699974060058
45.25499725341797,47.43000030517578,47.84000015258789,47.040000915527344,47.099998474121094,19940600,2024-05-22,2,22,5,1.686694564438464,0.7006408529630965,2.006728007625304,1.670751630319445,47.60199966430664,48.11599998474121,47.75099983215332
44.46306228637695,46.599998474121094,47.189998626708984,46.5099983215332,47.150001525878906,18837500,2024-05-23,3,23,5,1.459228170476043,-1.1664963604633947,1.4959247235233568,1.7246052658897946,47.25399932861328,47.996999740600586,47.67599983215332
44.29131317138672,46.41999816894531,46.79999923706055,46.380001068115234,46.630001068115234,11941100,2024-05-24,4,24,5,0.9047785125211156,-0.4503600565291819,1.4900418210680457,1.731854299049542,46.90399932861328,47.83299942016602,47.60399971008301
44.15773010253906,46.279998779296875,46.88999938964844,45.97999954223633,46.150001525878906,18178800,2024-05-28,1,28,5,1.9662918569894026,0.28168418010792906,1.433479972110304,1.807283782840272,46.73399887084961,47.59299926757812,47.528999710083006
43.9669075012207,46.08000183105469,46.33000183105469,45.849998474121094,45.900001525878906,16001100,2024-05-29,2,29,5,1.0416739102864037,0.3921575145793736,1.4117334029422857,1.7418900261430288,46.56199951171875,47.30599937438965,47.48399982452393
44.005069732666016,46.119998931884766,46.459999084472656,46.0,46.099998474121094,19894200,2024-05-30,3,30,5,0.9973961299349443,0.04338494235504026,1.273873716041582,1.640300861833443,46.29999923706055,46.9509994506836,47.44799976348877
44.367645263671875,46.5,46.56999969482422,46.0099983215332,46.13999938964844,39269100,2024-05-31,4,31,5,1.2043040285828293,0.7802354033674501,1.2228888876629391,1.359406805593148,46.279999542236325,46.76699943542481,47.4334997177124
44.51076889038086,46.650001525878906,46.77000045776367,46.279998779296875,46.720001220703125,23295000,2024-06-03,0,3,6,1.0503786976190566,-0.1498281100069827,1.2520089246825272,1.3710253728752866,46.32600021362305,46.614999771118164,47.40999984741211
45.24545669555664,47.41999816894531,47.599998474121094,46.5099983215332,46.650001525878906,23330300,2024-06-04,1,4,6,2.2986085927386566,1.6505822462604929,1.3184722718323783,1.375976121971341,46.55400009155274,46.64399948120117,47.425499725341794
43.9096565246582,46.02000045776367,47.630001068115234,45.63999938964844,47.52000045776367,28746400,2024-06-05,2,5,6,4.3242104708216695,-3.1565656261582267,1.9749795839394313,1.6933564934408587,46.54199981689453,46.55199966430664,47.36249980926514
44.11002731323242,46.22999954223633,46.38999938964844,45.779998779296875,45.939998626708984,15456100,2024-06-06,3,6,6,1.319490842292261,0.63126017456766,2.0393985264108947,1.6566361212262382,46.56399993896484,46.431999588012694,47.273999786376955
43.73790740966797,45.84000015258789,46.290000915527344,45.790000915527344,45.95000076293945,15734600,2024-06-07,4,7,6,1.0907504326693869,-0.23939196632240858,2.016687807228206,1.6197883474455725,46.43199996948242,46.35599975585937,47.17649974822998
43.74745178222656,45.849998474121094,45.86000061035156,45.27000045776367,45.79999923706055,13400400,2024-06-10,0,10,6,1.2868051738778177,0.1091686416887282,2.0639731024799586,1.657991013581243,46.27199935913086,46.29899978637695,47.065999603271486
43.67112350463867,45.77000045776367,45.93000030517578,45.36000061035156,45.689998626708984,17450700,2024-06-11,1,11,6,1.2453565416723376,0.17509703098988685,1.8533226922666945,1.5858974820495362,45.94199981689453,46.24799995422363,46.920499610900876
43.52799606323242,45.619998931884766,46.08000183105469,45.38999938964844,45.9900016784668,16803100,2024-06-12,2,12,6,1.5124999069738974,-0.8045286650973793,1.29098057949714,1.6329800817182858,45.86199951171875,46.20199966430664,46.75399951934814
43.43258285522461,45.52000045776367,45.54999923706055,45.119998931884766,45.41999816894531,16149000,2024-06-13,3,13,6,0.9446403797266273,0.22017237527484804,1.2160104869840134,1.627704506697454,45.71999969482422,46.14199981689453,46.54649963378906
43.585243225097656,45.68000030517578,45.709999084472656,44.970001220703125,45.31999969482422,15274200,2024-06-14,4,14,6,1.619960286396245,0.7943526318970308,1.3218524577293849,1.6692701324787957,45.6879997253418,46.05999984741211,46.413499641418454
43.594791412353516,45.689998626708984,45.709999084472656,44.95000076293945,45.400001525878906,16382000,2024-06-17,0,17,6,1.6633800489740687,0.6387601125184412,1.3971674327486352,1.7305702676142967,45.655999755859376,45.963999557495114,46.28949966430664
43.86195373535156,45.970001220703125,45.9900016784668,45.5,45.5,17627000,2024-06-18,1,18,6,1.0659161745815202,1.032969715831044,1.361279359330472,1.6073010257985831,45.69599990844726,45.8189998626709,46.231499671936035
44.57755661010742,46.720001220703125,46.869998931884766,45.86000061035156,45.90999984741211,25613200,2024-06-20,3,20,6,2.1618114194004785,1.7643244957158812,1.491141661815788,1.3910611206564643,45.91600036621094,45.888999938964844,46.22049980163574
45.12141799926758,47.290000915527344,47.84000015258789,47.04999923706055,47.099998474121094,64967000,2024-06-21,4,21,6,1.6705453589195267,0.4034022241224617,1.6363226576543677,1.4261665723191905,46.27000045776367,45.99500007629395,46.21349983215332
45.11187744140625,47.279998779296875,47.779998779296875,47.02000045776367,47.4900016784668,19136200,2024-06-24,0,24,6,1.6074414999054394,-0.4422044467207139,1.6338189003562067,1.4778356790427958,46.59000015258789,46.138999938964844,46.24749984741211
45.20729064941406,47.380001068115234,47.81999969482422,46.9900016784668,47.27000045776367,17615800,2024-06-25,1,25,6,1.7517897797515583,0.23270702197231713,1.6515008465117045,1.5243341396301697,46.92800064086914,46.292000198364256,46.29549999237061
44.71113586425781,46.86000061035156,47.40999984741211,46.79999923706055,47.060001373291016,13981300,2024-06-26,2,26,6,1.3017511788440117,-0.4249909840694648,1.698667847364203,1.5299736033473372,47.10600051879883,46.40100021362305,46.32450008392334
45.274078369140625,47.45000076293945,47.5099983215332,46.77000045776367,46.779998779296875,16541900,2024-06-27,3,27,6,1.559531826915169,1.4322402760281743,1.578211928867141,1.5346767953414644,47.252000427246095,46.58400039672851,46.39300003051758
45.33132553100586,47.5099983215332,47.86000061035156,47.34000015258789,47.54999923706055,23921100,2024-06-28,4,28,6,1.0945074218787951,-0.08412390361547466,1.4630043414589946,1.5496634995566811,47.295999908447264,46.78300018310547,46.4625
45.34086990356445,47.52000045776367,47.84000015258789,47.349998474121094,47.47999954223633,17776000,2024-07-01,0,1,7,1.0311483033387512,0.08424792736520673,1.3477457021456571,1.4907823012509318,47.344000244140624,46.96700019836426,46.51350002288818
45.11187744140625,47.279998779296875,47.790000915527344,46.959999084472656,47.400001525878906,19794200,2024-07-02,1,2,7,1.7555030720900346,-0.2531703432889417,1.3484883606133524,1.4999946035625285,47.32399978637695,47.126000213623044,46.54499988555908
44.93059158325195,47.09000015258789,47.52000045776367,47.040000915527344,47.150001525878906,8118300,2024-07-03,2,3,7,1.019323721981235,-0.1272563549294544,1.292002869240797,1.4953353583025,47.369999694824216,47.238000106811526,46.52849998474121
44.89209747314453,46.650001525878906,46.7599983215332,46.310001373291016,46.43000030517578,14692600,2024-07-05,4,5,7,0.9646236517110367,0.47383420042450525,1.1730212341999704,1.3756165815335557,47.20999984741211,47.231000137329104,46.560000038146974
44.3243293762207,46.060001373291016,46.779998779296875,45.95000076293945,46.349998474121094,19320900,2024-07-08,0,8,7,1.8019930343265596,-0.6256679835534281,1.3145183566895233,1.3887613490742592,46.92000045776367,47.10800018310547,46.551500129699704
44.07413101196289,45.79999923706055,46.099998474121094,45.650001525878906,46.0,17343400,2024-07-09,1,9,7,0.9825261042320236,-0.4347842672596807,1.304793916868178,1.3262698095069174,46.57600021362305,46.96000022888184,46.54950008392334
44.52642059326172,46.27000045776367,46.290000915527344,45.83000183105469,46.060001373291016,18737300,2024-07-10,2,10,7,0.99416269704288,0.4559250503940046,1.152525841858747,1.2505071012360496,46.374000549316406,46.84900016784668,46.570500183105466
44.99795150756836,46.7599983215332,46.90999984741211,46.18000030517578,46.18000030517578,19741200,2024-07-11,3,11,7,1.561162464584948,1.2559506550986674,1.2608935903794896,1.2764482298101434,46.30800018310547,46.83899993896485,46.62000007629395
45.59458923339844,47.380001068115234,47.86000061035156,46.650001525878906,46.779998779296875,20936100,2024-07-12,4,12,7,2.5538181874101626,1.2826043276510273,1.5787324975193147,1.3758768658596428,46.454000091552736,46.831999969482425,46.70800018310547
45.61383056640625,47.400001525878906,47.4900016784668,46.790000915527344,47.40999984741211,15925900,2024-07-15,0,15,7,1.4767948109817566,-0.021089056244215296,1.5136928528503542,1.4141056047699387,46.72200012207031,46.821000289916995,46.80200023651123
45.633079528808594,47.41999816894531,47.970001220703125,47.220001220703125,47.45000076293945,17037300,2024-07-16,1,16,7,1.581611195614015,-0.06322991256424589,1.6335098711267524,1.4691518939974653,47.045999908447264,46.81100006103516,46.88900012969971
46.69163131713867,48.52000045776367,48.7400016784668,47.349998474121094,47.459999084472656,26638700,2024-07-17,2,17,7,2.8648045985813444,2.2334626922439473,2.0076382514344453,1.5800820466465961,47.49599990844727,46.93500022888183,47.03050022125244
46.22971725463867,48.040000915527344,48.63999938964844,47.97999954223633,48.150001525878906,18462500,2024-07-18,3,18,7,1.3738547769235914,-0.22845401218199568,1.970176713902174,1.6155351521408317,47.752000427246095,47.03000030517578,47.13400020599365
45.536842346191406,47.31999969482422,48.099998474121094,47.13999938964844,48.09000015258789,18289200,2024-07-19,4,19,7,2.0287385686049766,-1.6011654300696347,1.8651607901411367,1.721946643830226,47.74000015258789,47.09700012207031,47.16400012969971
45.05569076538086,46.81999969482422,47.380001068115234,46.77000045776367,47.31999969482422,19899400,2024-07-22,0,22,7,1.30286333688079,-1.0566356788347342,1.8303744953209435,1.672033674085649,47.623999786376956,47.172999954223634,47.14050006866455
44.61302185058594,46.36000061035156,46.779998779296875,46.34000015258789,46.75,16372000,2024-07-23,1,23,7,0.9490910718640901,-0.8342232933656417,1.7038704705709584,1.6686901708488555,47.412000274658205,47.229000091552734,47.09450016021729
45.084556579589844,46.849998474121094,47.040000915527344,46.2400016784668,46.540000915527344,25318200,2024-07-24,2,24,7,1.7075758017419123,0.6660884239267907,1.4724247112030722,1.7400314813187585,47.077999877929685,47.28699989318848,47.06800003051758
45.459861755371094,47.2400016784668,48.189998626708984,47.060001373291016,47.369998931884766,20631200,2024-07-25,3,25,7,2.3920347444294237,-0.27442950464258414,1.6760607047042384,1.8231187093032062,46.918000030517575,47.33500022888184,47.08700008392334
46.075748443603516,47.880001068115234,48.0099983215332,47.2400016784668,47.31999969482422,16104900,2024-07-26,4,26,7,1.608180087487865,1.1834348624314712,1.591949008480816,1.7285548993109763,47.03000030517578,47.385000228881836,47.10850009918213
46.181602478027344,47.9900016784668,48.209999084472656,47.439998626708984,47.81999969482422,11475700,2024-07-29,0,29,7,1.6045018354503882,0.35550394129546226,1.6522767081947358,1.7413256017578398,47.264000701904294,47.444000244140625,47.13250026702881
46.32594680786133,48.13999938964844,48.54999923706055,47.88999938964844,48.189998626708984,20166000,2024-07-30,1,30,7,1.3710009467802973,-0.10375438573437754,1.7366586831779771,1.7202645768744678,47.62000045776367,47.51600036621094,47.163500213623045
46.624263763427734,48.45000076293945,48.77000045776367,48.2400016784668,48.40999984741211,19953600,2024-07-31,2,31,7,1.0939087119731967,0.08262944774514827,1.6139252652242342,1.5431749882136532,47.94000091552734,47.50900039672852,47.22200031280518
45.60421371459961,47.38999938964844,48.720001220703125,47.20000076293945,48.619998931884766,18837500,2024-08-01,3,1,8,3.207428734628114,-2.5298222321220583,1.777004063263972,1.7265323839841051,47.970000457763675,47.444000244140625,47.2370002746582
44.90171813964844,46.65999984741211,47.75,46.349998474121094,47.68000030517578,24000200,2024-08-02,4,2,8,3.00043191268153,-2.1392626913489097,2.0554544283027054,1.8237017183917608,47.726000213623045,47.378000259399414,47.23750019073486
43.054073333740234,44.7400016784668,46.68000030517578,44.689998626708984,46.54999923706055,29669600,2024-08-05,0,5,8,4.447924907934408,-3.888286978000054,2.6241390427995093,2.1382078754971223,47.07600021362305,47.17000045776367,47.17150020599365
43.458248138427734,45.15999984741211,45.7400016784668,44.63999938964844,44.75,20524000,2024-08-06,1,6,8,2.4357889560121313,0.9162007763399092,2.837096644645876,2.286877663911927,46.48000030517578,47.05000038146973,47.13950023651123
43.41975021362305,45.119998931884766,46.209999084472656,45.09000015258789,45.41999816894531,18301100,2024-08-07,2,7,8,2.4822671950315596,-0.6605003283898483,3.1147683412575486,2.3643468032408914,45.81399993896484,46.877000427246095,47.082000160217284
44.102996826171875,45.83000183105469,46.27000045776367,45.279998779296875,45.279998779296875,18369100,2024-08-08,3,8,8,2.1601606784051355,1.2146710834481897,2.905314730012953,2.3411593966384627,45.502000427246095,46.73600044250488,47.03550033569336
43.75656509399414,45.470001220703125,46.060001373291016,45.2400016784668,45.70000076293945,21217600,2024-08-09,4,9,8,1.8033861288986759,-0.5032812656380674,2.6659055732563823,2.360680000779544,45.264000701904294,46.49500045776367,46.94000034332275
43.16954803466797,44.86000061035156,45.7400016784668,44.5,45.529998779296875,20289500,2024-08-12,0,12,8,2.7641588533118817,-1.4715532328324374,2.329152362331877,2.476645702565693,45.28800048828125,46.18200035095215,46.81300029754639
43.66033172607422,45.369998931884766,45.38999938964844,44.88999938964844,44.97999954223633,20976900,2024-08-13,1,13,8,1.1020498385963462,0.8670506750055146,2.0624045388487198,2.4497505917472977,45.33000030517578,45.90500030517578,46.71050033569336
43.727691650390625,45.439998626708984,45.7400016784668,45.040000915527344,45.13999938964844,30675600,2024-08-14,2,14,8,1.5404946833075004,0.6645973440782613,1.874050036503908,2.494409188880728,45.39400024414063,45.604000091552734,46.55650024414062
46.70124816894531,48.529998779296875,50.279998779296875,48.15999984741211,48.75,45976400,2024-08-15,3,15,8,4.36842980673877,-0.45128455528846156,2.315703862170635,2.610509296091794,45.933999633789064,45.71800003051758,46.5810001373291
47.59621047973633,49.459999084472656,49.72999954223633,48.5,48.63999938964844,27424900,2024-08-16,4,16,8,2.4868571876348273,1.6858546568952693,2.4523980739178652,2.5591518235871233,46.731999206542966,45.99799995422363,46.68800010681152
48.096614837646484,49.97999954223633,49.9900016784668,49.29999923706055,49.33000183105469,16436600,2024-08-19,0,19,8,1.3805571182991976,1.317651909699399,2.1756777269153282,2.2524150446236026,47.75599899291992,46.521999740600585,46.84600009918213
48.34681701660156,50.2400016784668,50.369998931884766,49.599998474121094,49.97999954223633,18697300,2024-08-20,1,20,8,1.5326441720516488,0.5202123621684913,2.261796593606389,2.1621005662275543,48.72999954223633,47.02999992370606,47.04000015258789
48.54890441894531,50.45000076293945,50.54999923706055,50.029998779296875,50.290000915527344,21177600,2024-08-21,2,21,8,1.0307243803763506,0.3181543935162436,2.159842533020159,2.0169462847620334,49.73199996948242,47.56300010681152,47.22000026702881
48.327571868896484,50.220001220703125,50.93000030517578,50.18000030517578,50.720001220703125,19143100,2024-08-22,3,22,8,1.4934288764828096,-0.9858043926779475,1.5848423469689668,1.950273104569801,50.07000045776367,48.00200004577637,47.36900024414062
48.82797622680664,50.7400016784668,50.77000045776367,50.31999969482422,50.5099983215332,16474100,2024-08-23,4,23,8,0.8868757352257358,0.45536203638228934,1.2648460564871484,1.858622065202507,50.3260009765625,48.52900009155273,47.512000274658206
48.876094818115234,50.790000915527344,51.02000045776367,50.720001220703125,50.790000915527344,12016800,2024-08-26,0,26,8,0.5906659414310664,0.0,1.1068678211135223,1.6412727740144253,50.4880012512207,49.12200012207031,47.65200023651123
48.79910659790039,50.709999084472656,50.84000015258789,50.400001525878906,50.66999816894531,10243900,2024-08-27,1,27,8,0.8676762663237978,0.07894398455269643,0.973874239967952,1.6178354167871707,50.582000732421875,49.6560001373291,47.78050022125244
47.97151184082031,49.849998474121094,50.56999969482422,49.40999984741211,50.45000076293945,14571400,2024-08-28,2,28,8,2.32698070796192,-1.1893008518230208,1.233125505485066,1.6964840192526125,50.4620002746582,50.09700012207031,47.85050010681152
48.49116134643555,50.38999938964844,50.81999969482422,49.880001068115234,49.970001220703125,16324100,2024-08-29,3,29,8,1.8654467912180352,0.8405006177412352,1.3075290884321111,1.446185717700539,50.49599990844727,50.28300018310547,48.00050010681152
48.6355094909668,50.540000915527344,50.689998626708984,50.06999969482422,50.54999923706055,15615800,2024-08-30,4,30,8,1.2267489526188038,-0.019779073559061288,1.3755037319107246,1.3201748941989364,50.455999755859374,50.39100036621094,48.19450016021729
48.17359924316406,50.060001373291016,50.5,49.900001525878906,50.310001373291016,14918600,2024-09-03,1,3,9,1.1985586449488526,-0.496919088006072,1.4970822726142818,1.3019750468639022,50.30999984741211,50.399000549316405,48.460500144958495
47.82716751098633,49.70000076293945,50.040000915527344,49.58000183105469,49.81999969482422,16411700,2024-09-04,2,4,9,0.9255514636041428,-0.24086497916464716,1.5086573120703508,1.2412657760191514,50.10800018310547,50.345000457763675,48.687500190734866
47.27864456176758,49.130001068115234,49.650001525878906,48.939998626708984,49.5,16312000,2024-09-05,3,5,9,1.445151401860451,-0.7474725896661932,1.332291450850057,1.2827084781675615,49.9640007019043,50.21300048828125,48.888000297546384
46.67238235473633,48.5,49.22999954223633,48.20000076293945,48.869998931884766,21040500,2024-09-06,4,6,9,2.123708823292526,-0.7571085327840336,1.3839438572649552,1.345736472848533,49.58600082397461,50.04100036621094,49.021500205993654
46.86484909057617,48.70000076293945,49.150001525878906,48.2599983215332,48.470001220703125,18677600,2024-09-09,0,9,9,1.8275219515458259,0.4745193654711273,1.5040984570503595,1.4398010944805422,49.21800079345703,49.8370002746582,49.18300018310547
46.951454162597656,48.790000915527344,48.970001220703125,48.439998626708984,48.790000915527344,11754700,2024-09-10,1,10,9,1.0862934700734308,0.0,1.4816454220752753,1.4893638473447788,48.9640007019043,49.637000274658206,49.379500198364255
47.259395599365234,49.11000061035156,49.209999084472656,47.849998474121094,48.75,15106600,2024-09-11,2,11,9,2.7692946313360403,0.7384627904647435,1.850394055621655,1.6795256838460026,48.84600067138672,49.4770004272461,49.5665002822876
47.74055480957031,49.61000061035156,49.63999938964844,48.86000061035156,49.09000015258789,13229500,2024-09-12,3,12,9,1.5722611765784205,1.059279804740964,1.8758160105652486,1.6040537307076526,48.94200057983399,49.45300064086914,49.775000381469724
47.92340087890625,49.79999923706055,50.060001373291016,49.66999816894531,49.7400016784668,10168900,2024-09-13,4,13,9,0.7831389765473481,0.12062234935493349,1.607702041216213,1.4958229492405841,49.20200042724609,49.39400062561035,49.83850040435791
49.10704803466797,51.029998779296875,51.06999969482422,49.779998779296875,49.880001068115234,16668200,2024-09-16,0,16,9,2.5279266047145263,2.3055286418523213,1.7477829718499531,1.6259407144501565,49.668000030517575,49.443000411987306,49.91700038909912
48.70287322998047,50.61000061035156,51.41999816894531,50.56999969482422,51.02000045776367,13230300,2024-09-17,1,17,9,1.6795069430353624,-0.8036061225666257,1.8664256664423395,1.6740355442588073,50.03199996948242,49.49800033569336,49.94850044250488
48.66437530517578,50.56999969482422,51.13999938964844,50.27000045776367,50.38999938964844,12697700,2024-09-18,2,18,9,1.7203854798002085,0.3572143428379531,1.6566438361351732,1.753518945878414,50.32399978637695,49.58500022888184,49.96500034332276
49.50159454345703,51.439998626708984,51.720001220703125,51.150001525878906,51.40999984741211,16274000,2024-09-19,3,19,9,1.1080865280744003,0.05835203148397809,1.5638089064343692,1.7198124584998091,50.689999389648435,49.81599998474121,50.01450023651123
50.01162338256836,51.970001220703125,52.33000183105469,51.41999816894531,51.45000076293945,44096600,2024-09-20,4,20,9,1.7510172036456673,1.0106908650198494,1.7573845518540332,1.682543296535123,51.123999786376956,50.16300010681152,50.10200023651123
50.223331451416016,52.189998626708984,52.439998626708984,51.88999938964844,52.060001373291016,18343400,2024-09-23,0,23,9,1.0538402980127248,0.24970658853010105,1.4625672905136726,1.605175131181813,51.35599975585937,50.511999893188474,50.17450008392334
50.54090118408203,52.52000045776367,52.56999969482422,52.0099983215332,52.209999084472656,26479300,2024-09-24,1,24,9,1.0662630777038282,0.5937586261770508,1.3399185174473658,1.6031720919448524,51.737999725341794,50.88499984741211,50.261000061035155
50.66600036621094,52.650001525878906,52.72999954223633,52.369998931884766,52.56999969482422,22422200,2024-09-25,2,25,9,0.6837618232064294,0.152181532279073,1.13259378612861,1.3946188111318916,52.15400009155273,51.238999938964845,50.35800018310547
50.85845947265625,52.849998474121094,53.290000915527344,52.7599983215332,53.0,18374000,2024-09-26,3,26,9,1.002843158554991,-0.28302174694133253,1.1115451122247282,1.3376770093295487,52.43600006103516,51.5629997253418,50.508000183105466
51.02206039428711,53.02000045776367,53.220001220703125,52.86000061035156,53.040000915527344,13868300,2024-09-27,4,27,9,0.678990206041856,-0.037708253051362196,0.897139712703966,1.3272621322789993,52.645999908447266,51.88499984741211,50.63950023651123
51.21452331542969,53.220001220703125,53.310001373291016,52.650001525878906,53.02000045776367,17807500,2024-09-30,0,30,9,1.2401349723294681,0.37721758055957766,0.9343986475673146,1.1984829690404937,52.8520004272461,52.104000091552734,50.77350025177002
50.75260925292969,52.7400016784668,53.20000076293945,52.310001373291016,53.11000061035156,16621800,2024-10-01,1,1,10,1.68752249018569,-0.6966652751509287,1.0586505300636868,1.1992845237555263,52.896000671386716,52.317000198364255,50.90750026702881
51.02411651611328,52.619998931884766,52.84000015258789,52.130001068115234,52.400001525878906,11071300,2024-10-02,2,2,10,1.3492951328101161,0.4198423656480406,1.1917571919844243,1.162175489056517,52.89000015258789,52.52200012207031,51.053500175476074
50.839881896972656,52.43000030517578,52.65999984741211,52.15999984741211,52.189998626708984,11029100,2024-10-03,3,3,10,0.9536524834821354,0.45986143855534145,1.181919056969853,1.1467320845972906,52.806000518798825,52.62100028991699,51.2185001373291
51.150177001953125,52.75,52.90999984741211,52.40999984741211,52.79999923706055,11724100,2024-10-04,4,4,10,0.9478672985781991,-0.09469552610419774,1.2356944754771217,1.066417094090544,52.752000427246095,52.69900016784668,51.4310001373291
50.91745376586914,52.5099983215332,52.849998474121094,52.369998931884766,52.58000183105469,10941700,2024-10-07,0,7,10,0.9141107552454268,-0.13313713785407108,1.1704896320603135,1.052444139813814,52.60999984741211,52.731000137329104,51.62150001525879
51.13078308105469,52.72999954223633,52.77000045776367,52.20000076293945,52.63999938964844,12365000,2024-10-08,1,8,10,1.0809780007065113,0.17097293622991377,1.0491807341644779,1.0539156321140823,52.60799942016602,52.75200004577637,51.81849994659424
51.935611724853516,53.560001373291016,53.68000030517578,52.540000915527344,52.650001525878906,10586100,2024-10-09,2,9,10,2.1284528760615857,1.7283947218212705,1.2050122828147718,1.198384737399598,52.795999908447264,52.84300003051758,52.04099998474121
51.91621780395508,53.540000915527344,53.810001373291016,53.41999816894531,53.70000076293945,9377500,2024-10-10,3,10,10,0.7284333165422057,-0.29795129448588714,1.159968449426786,1.1709437531983196,53.01800003051758,52.912000274658205,52.2375
52.604679107666016,54.25,54.33000183105469,53.52000045776367,53.52000045776367,12704500,2024-10-11,4,11,10,1.4930900890156968,1.363975216727476,1.2690130075142854,1.2523537414957036,53.31800003051758,53.035000228881835,52.46000003814697
52.62407302856445,54.27000045776367,54.40999984741211,53.790000915527344,54.310001373291016,11428600,2024-10-14,0,14,10,1.1424339905198413,-0.07365294515903972,1.314677654569168,1.2425836433147408,53.67000045776367,53.14000015258789,52.62200012207031
52.43983459472656,54.08000183105469,54.61000061035156,53.91999816894531,54.41999816894531,20066300,2024-10-15,1,15,10,1.2758920451996467,-0.6247635967114813,1.3536604634677953,1.2014205988161364,53.94000091552734,53.27400016784668,52.79550018310547
54.67008590698242,56.380001068115234,56.40999984741211,54.83000183105469,55.0,32382300,2024-10-16,2,16,10,2.802408631472984,2.509092851118608,1.488451614550075,1.3467319486824232,54.50400085449219,53.650000381469724,53.08600025177002
54.68947219848633,56.400001525878906,56.58000183105469,55.849998474121094,56.380001068115234,18383400,2024-10-17,3,17,10,1.2943321581270433,0.035474383442292624,1.6016313828670423,1.380799916146914,55.0760009765625,54.04700050354004,53.33400039672851
55.03855514526367,56.7599983215332,56.869998931884766,56.209999084472656,56.40999984741211,17679800,2024-10-18,4,18,10,1.1627904632296708,0.6204546624141685,1.5355714577098372,1.402292232612061,55.57800064086914,54.44800033569336,53.57350025177002
54.873714447021484,56.59000015258789,57.060001373291016,56.5099983215332,56.689998626708984,14083600,2024-10-21,0,21,10,0.9719085532334295,-0.1763952664376682,1.501466370252555,1.4080720124108614,56.04200057983398,54.85600051879883,53.79350032806396
54.88340759277344,56.599998474121094,56.900001525878906,55.86000061035156,56.0,14956300,2024-10-22,1,22,10,1.8374574974641698,1.0714258466448103,1.6137794607054594,1.4837199620866275,56.545999908447264,55.2430004119873,53.99750022888183
54.573116302490234,56.279998779296875,56.59000015258789,55.9900016784668,56.15999984741211,18723000,2024-10-23,2,23,10,1.0660953929192494,0.2136733123411774,1.2665168129947124,1.3774842137723937,56.52599945068359,55.51500015258789,54.17900009155274
54.262821197509766,55.959999084472656,56.54999923706055,55.810001373291016,56.380001068115234,14699600,2024-10-24,3,24,10,1.322369327870236,-0.7449485201945184,1.2721242469433511,1.4368778149051968,56.43799896240235,55.75699996948242,54.33450012207031
54.04949188232422,55.7400016784668,56.630001068115234,55.66999816894531,56.25,14680500,2024-10-25,4,25,10,1.7222871730568776,-0.9066636827256944,1.3840235889087924,1.4597975233093148,56.23399963378906,55.9060001373291,54.47050018310547
53.60344314575195,55.279998779296875,55.97999954223633,55.209999084472656,55.900001525878906,12912300,2024-10-28,0,28,10,1.392909686626201,-1.1091283178140898,1.4682238155873466,1.4848450929199508,55.97199935913086,56.00699996948242,54.573500061035155
53.99131774902344,55.68000030517578,56.11000061035156,55.27000045776367,55.369998931884766,18810100,2024-10-29,1,29,10,1.5086209554309353,0.5598724566933333,1.4024565071806996,1.5081179839430798,55.7879997253418,56.16699981689453,54.720499992370605
53.90403747558594,55.59000015258789,56.040000915527344,55.369998931884766,55.56999969482422,13284300,2024-10-30,2,30,10,1.2052563083351375,0.03599146639105473,1.4302886902638776,1.3484027516292951,55.65,56.087999725341795,54.86900005340576
53.10891342163086,54.77000045776367,55.5099983215332,54.709999084472656,55.43000030517578,22023400,2024-10-31,3,31,10,1.460652237309132,-1.190690679737344,1.4579452721516568,1.3650347595475039,55.412000274658205,55.92499961853027,54.986000061035156
53.8167724609375,55.5,55.810001373291016,54.529998779296875,54.7400016784668,19235600,2024-11-01,4,1,11,2.3063109801696227,1.388378330708319,1.5747500335742057,1.4793868112414992,55.363999938964845,55.79899978637695,55.12350006103516
54.13676452636719,55.83000183105469,55.90999984741211,55.119998931884766,55.45000076293945,13269900,2024-11-04,0,4,11,1.4150114447746915,0.6853039907786833,1.5791703852039038,1.5236971003956252,55.47400054931641,55.72299995422363,55.28950023651123
54.456756591796875,56.15999984741211,56.27000045776367,55.5,55.900001525878906,10183600,2024-11-05,1,5,11,1.3710834399141367,0.4651132637497995,1.5516628821005443,1.477059694640622,55.57000045776367,55.67900009155274,55.46100025177002
56.114891052246094,57.869998931884766,58.09000015258789,56.959999084472656,57.189998626708984,20506000,2024-11-06,2,6,11,1.9526543787313517,1.1890196214451494,1.7011424961797867,1.565715593221832,56.02600021362305,55.83800010681152,55.676500129699704
56.31852340698242,58.08000183105469,58.29999923706055,57.540000915527344,57.79999923706055,17880200,2024-11-07,3,7,11,1.308537013727918,0.4844335600174315,1.670719451463544,1.5643323618076004,56.68800048828125,56.05000038146973,55.903500175476076
56.29913330078125,58.060001373291016,58.20000076293945,57.65999984741211,58.09000015258789,17517700,2024-11-08,4,8,11,0.9300738938248753,-0.05164189915316873,1.3954720341945948,1.4851110338844002,57.20000076293945,56.282000350952146,56.094000244140624
56.851844787597656,58.630001068115234,59.380001068115234,58.36000061035156,59.0,17827000,2024-11-11,0,11,11,1.73972444001605,-0.6271168337029926,1.4604146332428662,1.5197925092233853,57.76000061035156,56.617000579833984,56.3120002746582
56.92941665649414,58.709999084472656,59.040000915527344,58.43000030517578,58.7599983215332,16609400,2024-11-12,1,12,11,1.0390063359971888,-0.08509060328244453,1.3939992124594767,1.4728310472800104,58.27000045776367,56.92000045776367,56.543500137329104
57.385162353515625,59.18000030517578,59.279998779296875,57.84000015258789,58.150001525878906,36350600,2024-11-13,2,13,11,2.4332521447841975,1.7712790236789373,1.4901187656700459,1.5956306309249164,58.53200073242188,57.279000473022464,56.683500099182126
56.16337585449219,57.91999816894531,58.9900016784668,57.52000045776367,58.9900016784668,33747700,2024-11-14,3,14,11,2.5379856132165566,-1.8138726548164674,1.7360084855677738,1.703363968515659,58.5,57.594000244140624,56.75949993133545
55.71732711791992,57.459999084472656,58.099998474121094,57.22999954223633,57.45000076293945,28173700,2024-11-15,4,15,11,1.5140949282052187,0.01740351853859846,1.8528126924438422,1.6241423633192185,58.37999954223633,57.79000015258789,56.79449996948242
55.571876525878906,57.310001373291016,57.9900016784668,57.22999954223633,57.54999923706055,23769300,2024-11-18,0,18,11,1.3261247915179135,-0.4170249642939691,1.7700927627442151,1.6152536979935406,58.11599960327148,57.93800010681152,56.83050003051758
55.28097152709961,57.0099983215332,57.040000915527344,56.349998474121094,56.68000030517578,17476200,2024-11-19,1,19,11,1.2103182980547986,0.5822124463314229,1.8043551551557369,1.599177183807607,57.77599945068359,58.022999954223636,56.851000022888186
55.75611114501953,57.5,57.5,56.61000061035156,56.84000015258789,15345000,2024-11-20,2,20,11,1.5478250254755435,1.161153845250403,1.6272697312940063,1.558694248482026,57.439999389648435,57.986000061035156,56.91200008392334
55.814300537109375,57.560001373291016,57.93000030517578,57.099998474121094,57.290000915527344,16162400,2024-11-21,3,21,11,1.4419767394929646,0.47128722892111785,1.4080679565492877,1.5720382210585306,57.36800003051758,57.93400001525879,56.99200019836426
56.77427291870117,58.54999923706055,58.70000076293945,57.459999084472656,57.59000015258789,14952100,2024-11-22,4,22,11,2.1178508874888418,1.6669544746120604,1.5288191484060123,1.6908159204249273,57.58600006103516,57.98299980163574,57.132500076293944
56.95851135253906,58.7400016784668,58.959999084472656,58.2599983215332,58.650001525878906,52408200,2024-11-25,0,25,11,1.1916934677175246,0.1534529415965636,1.5019328836459345,1.6360128231950746,57.87200012207031,57.9939998626709,57.305500221252444
57.78272247314453,59.59000015258789,59.63999938964844,58.939998626708984,59.0,14209700,2024-11-26,1,26,11,1.17469501786711,1.0000002586235435,1.4948082276083967,1.649581691382067,58.38800048828125,58.081999969482425,57.501000213623044
57.491825103759766,59.290000915527344,59.869998931884766,58.93000030517578,59.61000061035156,12703300,2024-11-27,2,27,11,1.5854252187451223,-0.5368221633076938,1.5023282662623125,1.5647989987781594,58.74600067138672,58.09300003051758,57.68600025177002
57.41425323486328,59.209999084472656,59.59000015258789,59.040000915527344,59.06999969482422,11618400,2024-11-29,4,29,11,0.928895871583926,0.23700590887374665,1.399712092680505,1.4038900246148964,59.07600021362305,58.22200012207031,57.90800018310547
57.62757873535156,59.43000030517578,59.70000076293945,59.13999938964844,59.25,15977400,2024-12-02,0,2,12,0.9422873471569625,0.3037979834190401,1.1645993846141292,1.3467092665100706,59.252000427246095,58.419000244140626,58.104500198364256
57.676063537597656,59.47999954223633,59.529998779296875,59.16999816894531,59.43000030517578,11746000,2024-12-03,1,3,12,0.6052464914629473,0.08413130877300773,1.0473099893632136,1.274621436504574,59.4,58.636000061035155,58.28700008392334
57.81181716918945,59.619998931884766,59.84000015258789,59.27000045776367,59.63999938964844,16872100,2024-12-04,2,4,12,0.9560545203555565,-0.03353530846471354,1.003581889860903,1.2491950587346499,59.405999755859376,58.89700012207031,58.46000003814697
58.19968795776367,60.02000045776367,60.22999954223633,59.70000076293945,59.790000915527344,19121700,2024-12-05,3,5,12,0.8830369464422736,0.38467894081700493,0.8631042354003332,1.182716250831323,59.55199966430664,59.14900016784668,58.56750011444092
58.07362365722656,59.88999938964844,60.08000183105469,59.77000045776367,60.0,14622700,2024-12-06,4,6,12,0.517617926949916,-0.1833343505859375,0.7808486464735311,1.090280369577018,59.6879997253418,59.38199996948242,58.657999992370605
57.16213607788086,58.95000076293945,59.880001068115234,58.86000061035156,59.83000183105469,16517500,2024-12-09,0,9,12,1.7302806523539918,-1.4708357699873427,0.9384473075129371,1.0515233460635331,59.59199981689453,59.422000122070315,58.70249996185303
56.939117431640625,58.720001220703125,58.86000061035156,58.130001068115234,58.5,14480200,2024-12-10,1,10,12,1.2431872054848485,0.3760704627403846,1.0660354503173175,1.0566727198402655,59.44000015258789,59.420000076293945,58.706999969482425
56.81306076049805,58.59000015258789,58.959999084472656,58.310001373291016,58.880001068115234,26842900,2024-12-11,2,11,12,1.1094004258215222,-0.49252871988208125,1.0967046314105104,1.0501432606357066,59.23400039672852,59.320000076293944,58.70100002288818
57.06517028808594,58.849998474121094,59.7400016784668,58.630001068115234,58.689998626708984,17704600,2024-12-12,3,12,12,1.8861523179812454,0.27261859116707443,1.2973277057183048,1.0802159705593188,59.0,59.27599983215332,58.68449993133545
56.84214401245117,58.619998931884766,58.939998626708984,58.380001068115234,58.619998931884766,14129700,2024-12-13,4,13,12,0.9553012091393173,0.0,1.3848643621561851,1.0828565043148581,58.74599990844727,59.21699981689453,58.71949996948242
56.58032989501953,58.349998474121094,58.4900016784668,57.849998474121094,58.470001220703125,26883200,2024-12-16,0,16,12,1.0968349975699692,-0.20523814618895636,1.2581752311993806,1.098311269356159,58.625999450683594,59.10899963378906,58.763999938964844
56.74517822265625,58.52000045776367,59.06999969482422,58.16999816894531,58.380001068115234,24912500,2024-12-17,1,17,12,1.537938343880354,0.23980710360914917,1.3171254588784815,1.1915804545978994,58.5859992980957,59.0129997253418,58.824499893188474
55.78520202636719,57.529998779296875,58.709999084472656,57.47999954223633,58.709999084472656,24195100,2024-12-18,2,18,12,2.138014198392377,-2.0098796177427674,1.5228482133926524,1.3097764224015815,58.3739990234375,58.803999710083005,58.85049991607666
55.88216781616211,57.630001068115234,58.13999938964844,57.34000015258789,57.38999938964844,21947800,2024-12-19,3,19,12,1.3881645362369426,0.41819425164532503,1.423250657043792,1.3602891813810483,58.12999954223633,58.56499977111817,58.85699996948242
56.74517822265625,58.52000045776367,58.779998779296875,57.27000045776367,57.56999969482422,69544600,2024-12-20,4,20,12,2.580311534042164,1.6501663504869917,1.748252722024361,1.5665585420902732,58.10999984741211,58.427999877929686,58.90499992370606
57.19123077392578,58.97999954223633,59.02000045776367,58.119998931884766,58.130001068115234,18671200,2024-12-23,0,23,12,1.5259435959039025,1.4622371555181763,1.8340744416911476,1.5461248364452644,58.236000061035156,58.430999755859375,58.926499938964845
58.03484344482422,59.849998474121094,59.849998474121094,58.79999923706055,58.79999923706055,9922300,2024-12-24,1,24,12,1.754384734887775,1.7857130113681223,1.877363719892632,1.5972445893855567,58.50199966430664,58.54399948120117,58.98199977874756
58.1609001159668,59.97999954223633,60.060001373291016,59.400001525878906,59.619998931884766,8524500,2024-12-26,3,26,12,1.1003665429296225,0.6038252546144114,1.6698341888000812,1.596341201096367,58.991999816894534,58.68299942016601,59.00149974822998
57.802120208740234,59.61000061035156,60.02000045776367,59.13999938964844,59.56999969482422,13021400,2024-12-27,4,27,12,1.4762641488086445,0.06714943047216308,1.687454111314422,1.5553523841791068,59.3879997253418,58.75899963378906,59.01749973297119
57.394859313964844,59.189998626708984,59.38999938964844,58.40999984741211,59.09000015258789,12948100,2024-12-30,0,30,12,1.6556843469736313,0.16923079008777805,1.5025286739007153,1.625390697962538,59.52199935913086,58.815999603271486,59.01649971008301
57.40455627441406,59.20000076293945,59.380001068115234,58.77000045776367,59.220001220703125,14173000,2024-12-31,1,31,12,1.0304064231253132,-0.03377314649004056,1.4034212393449974,1.6187478405180726,59.565999603271486,58.90099983215332,59.00499973297119
57.307586669921875,59.099998474121094,59.68000030517578,58.56999969482422,59.27000045776367,16144300,2025-01-02,3,2,1,1.8781736700680514,-0.28682635790381517,1.4281790263810525,1.6527713731368423,59.41599960327149,58.95899963378906,58.98599967956543
57.46379470825195,58.86000061035156,59.16999816894531,58.36000061035156,58.84000015258789,18859000,2025-01-03,4,3,1,1.3761426269018722,0.033991260557113066,1.4833342431755026,1.576584215987792,59.19199981689453,59.09199981689453,58.94799976348877
57.37592697143555,58.77000045776367,59.58000183105469,58.59000015258789,58.90999984741211,18543300,2025-01-06,0,6,1,1.684535767833255,-0.23764961808022753,1.5249885669804246,1.6062213391474232,59.023999786376955,59.205999755859374,58.88549976348877
57.53213119506836,58.93000030517578,59.25,58.650001525878906,58.970001220703125,16863800,2025-01-07,1,7,1,1.0181545410044675,-0.06783265168612591,1.397482605786592,1.4500056398436536,58.97200012207031,59.246999740600586,58.83749980926514
57.79572296142578,59.20000076293945,59.2400016784668,58.27000045776367,58.88999938964844,14400300,2025-01-08,2,8,1,1.6385155543956815,0.5264074995821906,1.5191044320406655,1.4612628356928314,58.97200012207031,59.268999862670896,58.849999809265135
57.346641540527344,58.7400016784668,59.060001373291016,58.540000915527344,58.790000915527344,17274500,2025-01-10,4,10,1,0.8852578190413913,-0.0850471785710439,1.3205212618353337,1.3743501441081931,58.900000762939456,59.15800018310547,58.85099983215332
57.36616516113281,58.7599983215332,58.93000030517578,58.16999816894531,58.91999816894531,19340700,2025-01-13,0,13,1,1.293400541081973,-0.27155439983777824,1.3039728446713537,1.393653543923428,58.880000305175784,59.03600006103515,58.85949974060058
57.922645568847656,59.33000183105469,59.34000015258789,58.75,58.970001220703125,16715500,2025-01-14,1,14,1,0.9944381162635848,0.6104809274197096,1.1659533143574197,1.345470940668922,58.992000579833984,59.008000183105466,58.88349990844726
58.55722427368164,59.97999954223633,60.34000015258789,59.59000015258789,59.86000061035156,19185100,2025-01-15,2,15,1,1.2504168151449715,0.2004659717026703,1.2124057691855203,1.3049441874860561,59.20200042724609,59.0870002746582,58.951499938964844
58.40102005004883,59.81999969482422,60.45000076293945,59.779998779296875,60.18000030517578,18445700,2025-01-16,3,16,1,1.1200300686403188,-0.5982063950248944,1.108708672034448,1.3139065520375568,59.32600021362305,59.14900016784668,59.025
58.80129623413086,60.22999954223633,60.95000076293945,60.20000076293945,60.7599983215332,23876400,2025-01-17,4,17,1,1.2452266407109334,-0.8722824126692653,1.1807024363683563,1.2506118491018448,59.623999786376956,59.262000274658206,59.110499954223634
59.58231735229492,61.029998779296875,61.33000183105469,60.279998779296875,60.470001220703125,18623800,2025-01-21,1,21,1,1.7204703797470886,0.9260749913827082,1.2661164041013795,1.2850446243863667,60.077999877929685,59.479000091552734,59.28549995422363
60.16808319091797,61.630001068115234,61.7599983215332,60.9900016784668,61.040000915527344,19436600,2025-01-22,2,22,1,1.2493860615309482,0.9665795277499849,1.317105993154852,1.241529653756136,60.5379997253418,59.76500015258789,59.485499954223634
60.75385284423828,62.22999954223633,62.31999969482422,61.380001068115234,61.79999923706055,14212000,2025-01-23,3,23,1,1.5105232743429393,0.6957933826606205,1.3691272849944456,1.290766527089983,60.987999725341794,60.09500007629394,59.670999908447264
60.75385284423828,62.22999954223633,62.290000915527344,61.86000061035156,62.060001373291016,17232900,2025-01-24,4,24,1,0.6909855509221631,0.2739254998123078,1.2833183814508147,1.196013526742631,61.46999969482422,60.397999954223636,59.833499908447266
57.6785774230957,59.08000183105469,61.459999084472656,58.7599983215332,61.38999938964844,33730300,2025-01-27,0,27,1,4.570075625015011,-3.7628238826522304,1.9482881783116301,1.5644953073399932,61.24000015258789,60.43199996948242,59.795000076293945
58.020267486572266,59.43000030517578,59.560001373291016,58.91999816894531,59.02000045776367,25473300,2025-01-28,1,28,1,1.076902576239706,0.6946795056457454,1.8195746176101537,1.5428455108557666,60.92000045776367,60.49900016784668,59.76750011444092
58.13742446899414,59.54999923706055,60.540000915527344,59.5099983215332,59.95000076293945,17925300,2025-01-29,2,29,1,1.7296433370113722,-0.6672252223325802,1.9156260727062384,1.6163660329305454,60.50400009155273,60.520999908447266,59.764500045776366
59.03560256958008,60.470001220703125,61.08000183105469,60.25,60.470001220703125,17079000,2025-01-30,3,30,1,1.372584445674725,0.0,1.888038306972596,1.6285827959835206,60.152000427246094,60.570000076293944,59.82850017547607
59.16252136230469,60.599998474121094,61.189998626708984,60.459999084472656,60.529998779296875,16554200,2025-01-31,4,31,1,1.2046197369923541,0.11564463280339732,1.9907651441866339,1.6370417628187242,59.82600021362305,60.647999954223636,59.89850006103516
59.592079162597656,61.040000915527344,61.2599983215332,59.54999923706055,60.189998626708984,20375700,2025-02-03,0,3,2,2.80144013568923,1.4121985516065048,1.6370380463214773,1.792663112316554,60.21800003051758,60.729000091552734,59.99550018310547
59.88496398925781,61.34000015258789,61.59000015258789,60.72999954223633,60.84000015258789,12742700,2025-02-04,1,4,2,1.4020225109426898,0.8218277428435082,1.7020620332620742,1.760818325436114,60.6,60.760000228881836,60.119500160217285
61.085784912109375,62.56999969482422,62.709999084472656,61.29999923706055,61.45000076293945,18997400,2025-02-05,2,5,2,2.253475873883925,1.822618255458571,1.8068285406365845,1.8612273066714118,61.204000091552736,60.854000091552734,60.30950012207031
60.79290771484375,62.27000045776367,62.90999984741211,62.06999969482422,62.81999969482422,15521800,2025-02-06,3,6,2,1.3489644233383997,-0.8755161409302931,1.8021045361693198,1.8450714215709578,61.56399993896484,60.85800018310547,60.47650012969971
60.79290771484375,62.27000045776367,63.25,62.209999084472656,62.7400016784668,23861000,2025-02-07,4,7,2,1.6701475957636338,-0.7491252918860467,1.8952101079235757,1.9429876260551047,61.89800033569336,60.8620002746582,60.63000011444092
61.320091247558594,62.810001373291016,63.150001525878906,62.380001068115234,63.119998931884766,15816200,2025-02-10,0,10,2,1.225920141582902,-0.49112415056958475,1.58010610910231,1.6085720777118937,62.252000427246095,61.23500022888184,60.83350009918213
60.9491081237793,62.43000030517578,62.79999923706055,62.18000030517578,62.529998779296875,17702500,2025-02-11,1,11,2,0.9931105700048577,-0.15992079973333112,1.4983237209147435,1.6001928770884088,62.470000457763675,61.535000228881835,61.01700019836426
61.04673767089844,62.529998779296875,62.560001373291016,61.20000076293945,61.439998626708984,30116300,2025-02-12,2,12,2,2.1749570396630915,1.7740888296733286,1.482619954070577,1.6447242473535808,62.4620002746582,61.83300018310547,61.17700004577637
62.32566452026367,63.84000015258789,66.5,62.720001220703125,66.0999984741211,43257700,2025-02-13,3,13,2,5.921050705297726,-3.4190595668742993,2.3970372104624422,2.099570873315881,62.77600021362305,62.170000076293945,61.37000007629395
63.331233978271484,64.87000274658203,65.06999969482422,63.439998626708984,63.790000915527344,23693300,2025-02-14,4,14,2,2.5127192833379652,1.6930581839697083,2.5655515479773086,2.230380827950442,63.29600067138672,62.59700050354004,61.62250022888183
63.05786895751953,64.58999633789062,66.25,64.43000030517578,65.30000305175781,22047500,2025-02-18,1,18,2,2.8177733364517112,-1.0872996641430859,2.8839221869510703,2.23201414802669,63.65199966430664,62.952000045776366,61.840500068664554
63.30193328857422,64.83999633789062,64.95999908447266,64.29000091552734,64.5199966430664,14164100,2025-02-19,2,19,2,1.0333100042971237,0.4959697945963971,2.8919620738095237,2.195142897362133,64.13399887084961,63.30199966430664,62.030999946594235
63.13597106933594,64.66999816894531,65.2300033569336,64.2699966430664,64.95999908447266,14836600,2025-02-20,3,20,2,1.4844699877047236,-0.44642998709133674,2.7538646634178496,2.1182423087442137,64.5619987487793,63.51199951171875,62.182999801635745
62.462337493896484,63.97999954223633,64.95999908447266,63.880001068115234,64.68000030517578,18905800,2025-02-21,4,21,2,1.6880244202634958,-1.0822522567048258,1.9072594064110038,2.152148308436723,64.58999862670899,63.68299942016601,62.270499801635744
61.73990249633789,63.2400016784668,64.58000183105469,63.150001525878906,64.43000030517578,17287500,2025-02-24,0,24,2,2.2612274940256616,-1.8469635590136566,1.8569610485485435,2.2112562982629256,64.26399841308594,63.779999542236325,62.32099990844726
62.74545669555664,64.2699966430664,64.63999938964844,63.31999969482422,64.5999984741211,22100100,2025-02-25,1,25,2,2.0538350144236754,-0.5108387598288984,1.7041733841429358,2.2940477855470034,64.19999847412109,63.925999069213866,62.58049964904785
62.55997085571289,64.08000183105469,64.77999877929688,63.939998626708984,64.05000305175781,13452300,2025-02-26,2,26,2,1.3108616238846713,0.046836499402870366,1.7596837080604455,2.3258228909349845,64.04799957275391,64.09099922180175,62.8129997253418
62.2963752746582,63.810001373291016,65.29000091552734,63.75,64.7699966430664,24695600,2025-02-27,3,27,2,2.413416208092957,-1.4821604439254785,1.9454729521380922,2.349668807777971,63.876000213623044,64.21899948120117,63.02599983215332
62.58926010131836,64.11000061035156,64.16000366210938,62.83000183105469,63.93000030517578,26711800,2025-02-28,4,28,2,2.0745621874786533,0.2815584300274255,2.0227805055811237,1.9650199559960637,63.902000427246094,64.24599952697754,63.207999801635744
61.97420120239258,63.47999954223633,64.87999725341797,63.189998626708984,64.38999938964844,21810700,2025-03-03,0,3,3,2.6622536844609557,-1.4132627054480205,2.1029857436681825,1.9799733961083628,63.95,64.10699920654297,63.351999855041505
61.75941848754883,63.2599983215332,63.90999984741211,62.61000061035156,63.7400016784668,24588300,2025-03-04,1,4,3,2.0550099139317197,-0.7530645501939995,2.1032207235697915,1.9036970538563636,63.74800033569336,63.973999404907225,63.462999725341795
62.442813873291016,63.959999084472656,64.18000030517578,62.79999923706055,63.22999954223633,14931500,2025-03-05,2,5,3,2.157600199919722,1.1545145461351831,2.2725684387768017,2.0161260734186235,63.72399978637695,63.88599967956543,63.59399967193603
61.905860900878906,63.40999984741211,64.0199966430664,62.7599983215332,63.79999923706055,23155100,2025-03-06,3,6,3,1.9870656435344973,-0.6112843171037096,2.1872983258651097,2.0663856390016013,63.64399948120117,63.75999984741211,63.63599967956543
62.42328643798828,63.939998626708984,64.16999816894531,62.189998626708984,62.900001525878906,21154800,2025-03-07,4,7,3,3.096652462875161,1.6534134747233555,2.3917163809444113,2.2072484432627677,63.609999084472655,63.75599975585938,63.719499588012695
60.587886810302734,62.060001373291016,63.689998626708984,61.68000030517578,63.47999954223633,27417600,2025-03-10,0,10,3,3.2387983839108543,-2.2369221474245893,2.5070253208343907,2.305005532251287,63.3259994506836,63.6379997253418,63.70899963378906
59.23085403442383,60.66999816894531,62.380001068115234,60.529998779296875,62.279998779296875,25787400,2025-03-11,1,11,3,3.0492868710276406,-2.5851005810982115,2.705880712253575,2.4045507179116834,62.80799942016601,63.27799987792969,63.60199947357178
59.025840759277344,60.459999084472656,61.18000030517578,60.25,60.959999084472656,18935300,2025-03-12,2,12,3,1.5382076071096469,-0.8202099860715989,2.5820021936915603,2.4272853162341805,62.10799942016602,62.91599960327149,63.50349941253662
58.25457763671875,59.66999816894531,60.4900016784668,59.22999954223633,60.40999984741211,16463300,2025-03-13,3,13,3,2.111617521192124,-1.2249655360634761,2.6069125692230855,2.397105447544097,61.359999084472655,62.50199928283691,63.36049938201904
59.06488800048828,60.5,60.619998931884766,59.91999816894531,60.31999969482422,16250700,2025-03-14,4,14,3,1.157026054445377,0.29840899550141453,2.218987287537128,2.3053518342407697,60.67199935913086,62.140999221801756,63.193499374389646
59.44563674926758,60.88999938964844,61.209999084472656,60.34000015258789,60.400001525878906,15335800,2025-03-17,0,17,3,1.4288043038355969,0.8112547208456401,1.856988471522077,2.182006896178234,60.43799896240235,61.88199920654297,62.99449920654297
58.86963653564453,60.29999923706055,60.79999923706055,59.66999816894531,60.66999816894531,16669000,2025-03-18,1,18,3,1.8739653108000913,-0.6098548591586314,1.6219241594765674,2.1639024358650714,60.36399917602539,61.5859992980957,62.779999351501466
59.67018127441406,61.119998931884766,61.58000183105469,60.5,60.630001068115234,15488800,2025-03-19,2,19,3,1.767018733521734,0.8081772309702575,1.6676863847589847,2.1248442892252726,60.49599914550781,61.30199928283692,62.59399948120117
59.182044982910156,60.619998931884766,61.02000045776367,60.34000015258789,60.47999954223633,16528600,2025-03-20,3,20,3,1.121742522529337,0.2314804740543502,1.4697113850264274,2.038311977124756,60.6859992980957,61.02299919128418,62.391499519348145
58.86963653564453,60.29999923706055,60.400001525878906,59.43000030517578,60.16999816894531,65935200,2025-03-21,4,21,3,1.6086255936583156,0.21605629395270612,1.560031292869015,1.889509290203072,60.645999145507815,60.65899925231933,62.207499504089355
59.523738861083984,60.970001220703125,61.380001068115234,60.880001068115234,61.040000915527344,28335600,2025-03-24,0,24,3,0.8200754305220823,-0.1146783974022062,1.438285518206312,1.6476369948641945,60.66199951171875,60.54999923706055,62.09399948120117
59.543270111083984,60.9900016784668,61.209999084472656,60.70000076293945,60.84000015258789,20877600,2025-03-25,1,25,3,0.8361998811245546,0.24655083087228724,1.2307324322712048,1.4263282958738859,60.8,60.58199958801269,61.92999973297119
60.33405303955078,61.79999923706055,61.84000015258789,61.0099983215332,61.029998779296875,30621200,2025-03-26,2,26,3,1.3430450506493659,1.2616753615680525,1.145937695696731,1.4068120402278577,60.93600006103516,60.715999603271484,61.815999603271486
59.94354248046875,61.400001525878906,61.97999954223633,61.33000183105469,61.88999938964844,25720200,2025-03-27,3,27,3,1.0586281677984637,-0.7917238141894166,1.1333148247505567,1.3015131048884918,61.092000579833986,60.888999938964844,61.69549961090088
59.416351318359375,60.86000061035156,61.779998779296875,60.5099983215332,61.65999984741211,24931700,2025-03-28,4,28,3,2.0867572215365042,-1.297436326695228,1.2289411503261942,1.3944862215976046,61.204000854492186,60.925,61.53299961090088
60.24618911743164,61.709999084472656,61.900001525878906,60.2400016784668,60.630001068115234,29335700,2025-03-31,0,31,3,2.6900014131256,1.7812930848279056,1.6029263468468975,1.5206059325266048,61.3520004272461,61.00699996948242,61.4444995880127
60.33405303955078,61.79999923706055,62.040000915527344,61.060001373291016,61.380001068115234,17381400,2025-04-01,1,1,4,1.5857597966581154,0.6842589795318313,1.7528383299536099,1.491785381112407,61.513999938964844,61.15699996948242,61.371499633789064
60.35357666015625,61.81999969482422,61.869998931884766,61.099998474121094,61.20000076293945,18610700,2025-04-02,2,2,4,1.2455523480504624,1.0130701375092384,1.7333397894338294,1.4396387425652801,61.51800003051758,61.227000045776364,61.26449966430664
56.3241081237793,57.310001373291016,59.91999816894531,57.2599983215332,59.380001068115234,40006300,2025-04-03,3,3,4,4.641423457811652,-3.486021653064147,2.449898847436467,1.7916068360935113,60.7,60.89600028991699,60.959499740600585
53.60176086425781,54.540000915527344,57.470001220703125,54.439998626708984,56.65999984741211,42924400,2025-04-04,4,4,4,5.555560218429534,-3.741614785728939,3.1436594468150725,2.1863002985706337,59.43600006103516,60.32000045776367,60.4894998550415
53.473995208740234,54.40999984741211,56.119998931884766,52.11000061035156,53.380001068115234,46816200,2025-04-07,0,7,4,7.369965691561989,1.929559308143421,4.079652302502351,2.841289324674624,57.976000213623045,59.66400032043457,60.10699977874756
52.27498245239258,53.189998626708984,55.869998931884766,52.720001220703125,54.7400016784668,37377000,2025-04-08,1,8,4,5.922161670445863,-2.8315728977544787,4.9469326772599,3.3498855036067554,56.25400009155273,58.88400001525879,59.73299980163574
57.1300048828125,58.130001068115234,58.43000030517578,52.66999816894531,53.08000183105469,53380800,2025-04-09,2,9,4,9.908828540156135,9.513939455265849,6.679587915681035,4.206463852557432,55.51600036621094,58.51700019836426,59.61649990081787
55.61649703979492,56.59000015258789,57.939998626708984,55.0,57.81999969482422,31964600,2025-04-10,3,10,4,5.195261740204354,-2.1272908141271265,6.790355572159575,4.620127209798021,55.37200012207031,58.03600006103515,59.4625
56.34376907348633,57.33000183105469,57.79999923706055,56.279998779296875,56.66999816894531,23036900,2025-04-11,4,11,4,2.6513176508225986,1.1646438740685394,6.209507058638187,4.676583252726631,55.93000030517578,57.68300018310547,59.30400009155274
56.42238998413086,57.40999984741211,58.209999084472656,57.099998474121094,57.88999938964844,15657700,2025-04-14,0,14,4,1.933462137783995,-0.8291579673468764,5.122206347882589,4.600929325192469,56.53000030517578,57.253000259399414,59.13000011444092
56.215999603271484,57.20000076293945,57.90999984741211,57.060001373291016,57.869998931884766,18543600,2025-04-15,1,15,4,1.48601129857295,-1.1577642669977,4.234976273508006,4.5909544753839535,57.332000732421875,56.79300041198731,58.97500019073486
54.8007698059082,55.7599983215332,57.08000183105469,55.41999816894531,56.56999969482422,20551300,2025-04-16,2,16,4,2.977051133569207,-1.431856775076358,2.848620792190621,4.764104353935828,56.85800018310547,56.1870002746582,58.707000160217284
54.8007698059082,55.7599983215332,56.40999984741211,55.689998626708984,56.20000076293945,15910400,2025-04-17,3,17,4,1.2912504346777884,-0.7829224829769136,2.067818531085308,4.4290870516224405,56.69199981689453,56.03199996948242,58.464000129699706
53.43468475341797,54.369998931884766,55.33000183105469,53.83000183105469,55.15999984741211,15578800,2025-04-21,0,21,4,2.758874433452194,-1.4321989081086037,2.089329887611227,4.149418473124707,56.099999237060544,56.01499977111816,58.16750011444092
54.093162536621094,55.040000915527344,55.279998779296875,54.59000015258789,55.220001220703125,19961800,2025-04-22,1,22,4,1.2536312049993603,-0.3259693973137679,1.9533637010543,3.5377850244684446,55.625999450683594,56.077999877929685,57.871000099182126
54.673011779785156,55.630001068115234,56.97999954223633,55.5,56.150001525878906,30231500,2025-04-23,2,23,4,2.6604341431239003,-0.9260916182237493,2.1882482699644905,3.2116122717362487,55.31199951171875,56.322000122070314,57.60300006866455
55.321659088134766,56.290000915527344,56.56999969482422,55.15999984741211,55.29999923706055,22782300,2025-04-24,3,24,4,2.5048851030008907,1.7902381412752804,2.093815063850827,2.4712179280207236,55.418000030517575,56.138000106811525,57.32750015258789
55.734432220458984,56.709999084472656,56.779998779296875,56.06999969482422,56.209999084472656,16493500,2025-04-25,4,25,4,1.2519821829216988,0.8895214519548339,2.085961413499609,2.0768899722924585,55.60800018310547,56.15,57.09300003051758
55.8621940612793,56.84000015258789,57.33000183105469,56.41999816894531,56.529998779296875,23140600,2025-04-28,0,28,4,1.600991660215439,0.5483838315675822,1.8543848588522578,1.9718573732317424,56.1020004272461,56.10099983215332,56.89200000762939
56.35359191894531,57.34000015258789,57.4900016784668,56.630001068115234,56.689998626708984,13466000,2025-04-29,1,29,4,1.4998266621259306,1.146589418989091,1.9036239502775723,1.9284938256659359,56.5620002746582,56.0939998626709,56.673500061035156
56.736881256103516,57.72999954223633,57.90999984741211,56.459999084472656,57.099998474121094,19921200,2025-04-30,2,30,4,2.5116937024719808,1.1033293957105164,1.873875862147188,2.0310620660558394,56.98199996948242,56.146999740600585,56.47000007629394
57.120174407958984,58.119998931884766,58.470001220703125,57.68000030517578,57.779998779296875,16420800,2025-05-01,3,1,5,1.3592583104710751,0.588439182711987,1.6447505036412249,1.8692827837460257,57.347999572753906,56.38299980163574,56.285000038146975
58.309364318847656,59.33000183105469,59.41999816894531,58.7400016784668,59.060001373291016,18753200,2025-05-02,4,2,5,1.146125854529453,0.4571629723763865,1.6235792379627756,1.8547703257311923,57.87200012207031,56.74000015258789,56.386000061035155
58.299530029296875,59.31999969482422,59.650001525878906,58.880001068115234,59.0,14758500,2025-05-05,0,5,5,1.2980452827461086,0.5423723641088454,1.5629899624689096,1.7086874106605836,58.36800003051758,57.23500022888184,56.625
58.20125198364258,59.220001220703125,59.5099983215332,58.58000183105469,58.630001068115234,13766500,2025-05-06,1,6,5,1.5704094415881096,1.0063110043311094,1.5771065183613455,1.7403652343194587,58.74400024414062,57.65300025939941,56.86550006866455
58.545230865478516,59.56999969482422,59.900001525878906,59.06999969482422,59.20000076293945,14078300,2025-05-07,2,7,5,1.3933218655477058,0.624998187696635,1.3534321509764904,1.613654006561839,59.1120002746582,58.047000122070315,57.18450012207031
58.682823181152344,59.709999084472656,60.279998779296875,59.43000030517578,59.959999084472656,16196700,2025-05-08,3,8,5,1.423544610875957,-0.41694463611948324,1.3662894110574668,1.5055199573493456,59.43000030517578,58.388999938964844,57.26350002288818
58.741790771484375,59.77000045776367,60.83000183105469,59.439998626708984,60.65999984741211,17480700,2025-05-09,4,9,5,2.3255867386649016,-1.4671931946706176,1.6021815878845564,1.612880412923666,59.51800003051758,58.695000076293944,57.42250003814697
60.60910415649414,61.66999816894531,61.849998474121094,61.119998931884766,61.61000061035156,23700000,2025-05-12,0,12,5,1.1837190917964522,0.09738282421582926,1.5793163496946252,1.5711531560817673,59.987999725341794,59.177999877929686,57.63949985504151
60.71721267700195,61.779998779296875,62.2400016784668,61.61000061035156,61.68000030517578,18591200,2025-05-13,1,13,5,1.0197492401478556,0.16212463298691412,1.4691843094065744,1.52314541388396,60.49999923706055,59.621999740600586,57.85799980163574
60.23564529418945,61.290000915527344,61.869998931884766,60.849998474121094,61.630001068115234,34509200,2025-05-14,2,14,5,1.664220007386658,-0.5516796149526475,1.5233639377743649,1.4383980443754276,60.84399948120117,59.97799987792969,58.062499809265134
63.1545524597168,64.26000213623047,65.75,62.91999816894531,63.06999969482422,60718000,2025-05-15,3,15,5,4.40398651879145,1.886796332906763,2.1194523193574635,1.7428708652074651,61.75400009155273,60.59200019836426,58.4875
62.52555847167969,63.619998931884766,64.02999877929688,62.97999954223633,63.90999984741211,30289900,2025-05-16,4,16,5,1.6504232233400955,-0.4537645379748607,1.9844196162925023,1.7933006020885294,62.523999786376955,61.020999908447266,58.88050003051758
62.82040023803711,63.91999816894531,64.12999725341797,63.18000030517578,63.43000030517578,16249000,2025-05-19,0,19,5,1.4862280592237735,0.7725017521867302,2.0449214097779667,1.8121188797362962,62.97399978637695,61.48099975585937,59.35799999237061
62.32899856567383,63.41999816894531,63.849998474121094,63.06999969482422,63.7400016784668,14995200,2025-05-20,1,20,5,1.2298940425999803,-0.5020450283884927,2.086950370268392,1.778067339837483,63.30199966430664,61.90099945068359,59.7769998550415
62.11278533935547,63.20000076293945,63.90999984741211,62.970001220703125,62.9900016784668,15595900,2025-05-21,2,21,5,1.4873395812681707,0.33338478945372796,2.051574285044694,1.7874691114095296,63.683999633789064,62.26399955749512,60.15549983978271
62.27003479003906,63.36000061035156,63.720001220703125,62.95000076293945,63.40999984741211,15641100,2025-05-22,3,22,5,1.215278488551453,-0.07885071310655026,1.4138326789966946,1.7666424991770788,63.50399932861328,62.62899971008301,60.508999824523926
62.02433395385742,63.11000061035156,63.220001220703125,62.529998779296875,62.709999084472656,15645400,2025-05-23,4,23,5,1.0933329658264541,0.6378592436910892,1.3024146274939663,1.643417121893234,63.40199966430664,62.962999725341795,60.82899990081787
62.6533203125,63.75,63.9900016784668,63.34000015258789,63.7599983215332,17429400,2025-05-27,1,27,5,1.0196102366727942,-0.015681182240286327,1.2090910629837706,1.6270062363808684,63.36800003051758,63.170999908447264,61.174499893188475
62.25037384033203,63.34000015258789,63.9900016784668,63.25,63.88999938964844,13814500,2025-05-28,2,28,5,1.1683007210042808,-0.8608534079116905,1.1967723986646306,1.641861384466511,63.3520004272461,63.327000045776366,61.47449989318848
61.96536636352539,63.04999923706055,63.7400016784668,62.4900016784668,63.72999954223633,13982800,2025-05-29,3,29,5,1.982553552935263,-1.0670018987292145,1.295815192998049,1.6736947390213714,63.322000122070314,63.50299987792969,61.740499877929686
61.955535888671875,63.040000915527344,63.18000030517578,62.29999923706055,62.91999816894531,25829000,2025-05-30,4,30,5,1.3959407603664578,0.19072274328396213,1.33194764736105,1.3728901631788721,63.258000183105466,63.38099975585938,61.98649997711182
62.75160217285156,63.849998474121094,63.880001068115234,62.709999084472656,62.72999954223633,15816000,2025-06-02,0,2,6,1.8324228842648904,1.7854279293126194,1.4797656310487373,1.3910901292713518,63.405999755859376,63.403999710083006,62.21249980926514
63.252830505371094,64.36000061035156,64.45999908447266,63.720001220703125,63.79999923706055,15156900,2025-06-03,1,3,6,1.1497791434925984,0.8777451096985569,1.505799412412698,1.3574452376982342,63.52799987792969,63.44799995422363,62.4644998550415
63.282310485839844,64.38999938964844,64.88999938964844,64.3499984741211,64.66000366210938,14770900,2025-06-04,2,4,6,0.8386409700978444,-0.4175754054575772,1.4398674622314107,1.3183199304480206,63.737999725341794,63.545000076293945,62.72299976348877
63.508358001708984,64.62000274658203,64.91000366210938,64.27999877929688,64.4800033569336,17025200,2025-06-05,3,5,6,0.974937876872534,0.21712063021067327,1.238344327018865,1.267079760008457,64.0520004272461,63.6870002746582,62.97549991607666
64.92357635498047,66.05999755859375,66.16000366210938,65.2300033569336,65.31999969482422,20943800,2025-06-06,4,6,6,1.4078115948322458,1.1328809969791942,1.2407184939120228,1.2863330706365363,64.65599975585937,63.956999969482425,63.292999839782716
64.76634216308594,65.9000015258789,66.36000061035156,65.58999633789062,66.11000061035156,13689800,2025-06-09,0,9,6,1.1684434819907508,-0.3176510097320653,1.1079226134571947,1.2938441222529657,65.06600036621094,64.23600006103516,63.59949989318848
64.02924346923828,65.1500015258789,66.08000183105469,64.80999755859375,66.01000213623047,17214900,2025-06-10,1,10,6,1.949354171475293,-1.302833786577837,1.2678376190537337,1.3868185157332158,65.2240005493164,64.37600021362304,63.77350006103516
63.085758209228516,64.19000244140625,65.1500015258789,63.869998931884766,65.11000061035156,20442600,2025-06-11,2,11,6,1.9940840400536661,-1.4129905702981147,1.498926233044898,1.4693968476381545,65.18400115966797,64.46100044250488,63.89400024414063
63.9801025390625,65.0999984741211,65.20999908447266,64.11000061035156,64.31999969482422,15160800,2025-06-12,3,12,6,1.6897058370260503,1.2126846750586053,1.6418798250756013,1.440112076047233,65.28000030517578,64.66600036621094,64.08450012207031
62.98746871948242,64.08999633789062,64.72000122070312,63.93000030517578,64.58999633789062,14635000,2025-06-13,4,13,6,1.2326430966891593,-0.7741136837728593,1.606846125446984,1.4237823096795033,64.88600006103516,64.77099990844727,64.07599983215331
64.38304138183594,65.51000213623047,65.61000061035156,64.8499984741211,65.19000244140625,16957700,2025-06-16,0,16,6,1.1601314477902418,0.4908723467403445,1.605183718606882,1.3565531660320385,64.80800018310546,64.9370002746582,64.17049999237061
64.20614624023438,65.33000183105469,66.1500015258789,65.0199966430664,65.63999938964844,18845200,2025-06-17,1,17,6,1.729687511313295,-0.472269289269124,1.5612503865744825,1.4145440028141079,64.84400024414063,65.03400039672852,64.24100017547607
64.70735931396484,65.83999633789062,66.33999633789062,65.37999725341797,65.69000244140625,22664200,2025-06-18,2,18,6,1.4580788849773691,0.22833595815157048,1.454049355559223,1.4764877943020607,65.1739990234375,65.17900009155274,64.36200008392333
65.17911529541016,66.31999969482422,66.6500015258789,65.72000122070312,66.48999786376953,50421700,2025-06-20,4,20,6,1.402292384582687,-0.25567479983022334,1.3965666650705504,1.5192232450730758,65.41799926757812,65.34899978637695,64.51800003051758
66.22087097167969,67.37999725341797,67.48999786376953,66.20999908447266,66.3499984741211,34030000,2025-06-23,0,23,6,1.899671759383969,1.552371971340153,1.5299723976095123,1.568409261528248,66.0759994506836,65.48099975585937,64.7189998626709
66.72210693359375,67.88999938964844,68.04000091552734,67.36000061035156,67.77999877929688,23162700,2025-06-24,1,24,6,1.0016207266006614,0.16229066440343717,1.4982702533715961,1.5517269859892393,66.55199890136718,65.67999954223633,64.95799980163574
67.0169448852539,68.19000244140625,68.52999877929688,67.77999877929688,67.8499984741211,19395700,2025-06-25,2,25,6,1.0998679764595316,0.5011112379241075,1.3723063464008436,1.466778366487663,67.1239990234375,65.98399963378907,65.17999992370605
67.76386260986328,68.94999694824219,69.16000366210938,68.41999816894531,68.72000122070312,23154000,2025-06-26,3,26,6,1.0732494937157908,0.3346852785994599,1.2953404681485279,1.3746949118538754,67.74599914550781,66.45999908447266,65.46049976348877
67.46903228759766,68.6500015258789,69.22000122070312,68.33999633789062,68.87000274658203,26224600,2025-06-27,4,27,6,1.2818716143520632,-0.31944418749720976,1.2712563141024031,1.3339114895864768,68.21199951171874,66.81499938964843,65.7404998779297
68.18647766113281,69.37999725341797,69.77999877929688,68.75,68.83000183105469,32561200,2025-06-30,0,30,6,1.484575987419966,0.7990635009908348,1.1882371597096026,1.3591047786595574,68.61199951171875,67.34399948120117,66.05749969482422
67.91129302978516,69.0999984741211,69.55000305175781,68.63999938964844,69.37999725341797,21939500,2025-07-01,1,1,7,1.3169373114388476,-0.40357277368309635,1.25130047667724,1.3747853650244182,68.85399932861328,67.70299911499023,66.31999969482422
67.4100570678711,68.58999633789062,68.94000244140625,68.18000030517578,68.68000030517578,16655200,2025-07-02,2,2,7,1.1080364146493282,-0.13104829191209755,1.2529341643151992,1.3126202553580213,68.93399810791016,68.02899856567383,66.53149948120117
68.58662414550781,69.37000274658203,69.47000122070312,68.18000030517578,68.18000030517578,17973500,2025-07-03,3,3,7,1.8595947303618985,1.7453834498089797,1.4102032116444208,1.3527718398964743,69.01799926757812,68.38199920654297,66.78049964904785
68.15159606933594,68.93000030517578,69.30000305175781,68.61000061035156,69.08000183105469,23985200,2025-07-07,0,7,7,1.0010190604256235,-0.21714175145182693,1.3540327008591326,1.312644507480768,69.0739990234375,68.64299926757812,66.99599952697754
67.8154296875,68.58999633789062,68.91999816894531,68.3499984741211,68.80000305175781,21182600,2025-07-08,1,8,7,0.8310245301898906,-0.3052423031278077,1.2233224094131177,1.20577978456136,68.91599884033204,68.7639991760254,67.12249946594238
68.48774719238281,69.2699966430664,69.31999969482422,68.30999755859375,68.54000091552734,23765900,2025-07-09,2,9,7,1.4580658079641544,1.065065243344177,1.251548108718179,1.2514242926977095,68.94999847412109,68.9019989013672,67.29099922180175
67.98351287841797,68.76000213623047,69.38999938964844,68.55999755859375,69.26000213623047,15005300,2025-07-10,3,10,7,1.2070997749683745,-0.7219173903814334,1.2713607807819884,1.2621474725485937,68.98399963378907,68.95899887084961,67.47149925231933
67.18266296386719,67.94999694824219,68.5,67.69000244140625,68.29000091552734,14699400,2025-07-11,4,11,7,1.1920494407243738,-0.4978825050913835,1.1378517228544833,1.2740274672494523,68.69999847412109,68.8589988708496,67.65949897766113
67.05413055419922,67.81999969482422,68.02999877929688,67.19999694824219,67.83000183105469,16451400,2025-07-14,0,14,7,1.2238304847972896,-0.014745888191749186,1.1824140077288168,1.2682233542939747,68.47799835205078,68.77599868774413,67.79549903869629
66.42135620117188,67.18000030517578,67.87999725341797,67.1500015258789,67.68000030517578,13944600,2025-07-15,1,15,7,1.0866265618084867,-0.7387706822480065,1.2335344140525357,1.2284284117328268,68.19599914550781,68.55599899291992,67.94999923706055
66.60921478271484,67.37000274658203,67.55999755859375,66.9800033569336,67.1500015258789,15156100,2025-07-16,2,16,7,0.8609086804432138,0.3276265312046774,1.1141029885483476,1.1828255486332635,67.81600036621094,68.38299942016602,68.04299926757812
67.5287094116211,68.30000305175781,68.47000122070312,67.51000213623047,67.55000305175781,20400000,2025-07-17,3,17,7,1.4055622863518291,1.1102886248951593,1.1537954908250385,1.2125781358035135,67.7240005493164,68.35400009155273,68.19149932861328
67.28153228759766,68.05000305175781,68.83999633789062,67.95999908447266,68.77999877929688,16145100,2025-07-18,4,18,7,1.2931626950092214,-1.0613488521299521,1.1740181416820081,1.1559349322682457,67.74400177001954,68.22200012207031,68.30199966430663
67.56825256347656,68.33999633789062,68.62000274658203,67.79000091552734,67.9000015258789,14674200,2025-07-21,0,21,7,1.2145184014218315,0.6480041268394116,1.1721557250069163,1.1772848663678666,67.8480010986328,68.16299972534179,68.40299949645996
67.39028930664062,68.16000366210938,68.5999984741211,68.08000183105469,68.33999633789062,14527200,2025-07-22,1,22,7,0.7629058320539323,-0.26337823445485664,1.1074115790560055,1.1704729965542708,68.04400177001953,68.12000045776367,68.44199981689454
67.8450927734375,68.62000274658203,68.83000183105469,68.05999755859375,68.3499984741211,13042300,2025-07-23,2,23,7,1.1221280117178245,0.3950318631874841,1.1596554453109278,1.1368792169296378,68.29400177001953,68.05500106811523,68.4784999847412
67.5188217163086,68.29000091552734,68.58999633789062,67.91999816894531,68.36000061035156,13534000,2025-07-24,3,24,7,0.9811072777317428,-0.10239861644123346,1.0747644435869104,1.1142799672059747,68.29200134277343,68.00800094604492,68.48349990844727
67.914306640625,68.69000244140625,68.81999969482422,68.06999969482422,68.37999725341797,11590000,2025-07-25,4,25,7,1.0918619498372604,0.4533565376427178,1.0345042945525182,1.1042612181172633,68.42000122070313,68.08200149536133,68.47050018310547
67.15299987792969,67.91999816894531,67.95999908447266,67.37000274658203,67.75,20558400,2025-07-28,0,28,7,0.8686636539993103,0.2509198065613468,0.965333345068014,1.0687445350374654,68.33600158691407,68.09200134277344,68.43400001525879
67.19255065917969,67.95999908447266,68.72000122070312,67.83000183105469,68.2300033569336,15261800,2025-07-29,1,29,7,1.3095929982903465,-0.39572659999510235,1.074670778315297,1.0910411786856513,68.29600067138672,68.17000122070313,68.36300010681153
67.5089340209961,68.27999877929688,68.58000183105469,67.3499984741211,67.83999633789062,15518200,2025-07-30,2,30,7,1.801410924023833,0.6485885394432072,1.2105273607764988,1.1850914030437132,68.22799987792969,68.26100082397461,68.3220001220703
67.31119537353516,68.08000183105469,69.1500015258789,67.87999725341797,68.30999755859375,18529200,2025-07-31,3,31,7,1.8654586344056547,-0.3366940942162687,1.387397632111281,1.2310810378490955,68.18600006103516,68.2390007019043,68.29650039672852
66.35214233398438,67.11000061035156,67.61000061035156,66.5199966430664,67.51000213623047,21650000,2025-08-01,4,1,8,1.6242049729873282,-0.5925070555793068,1.4938662367412945,1.2641852656469064,67.86999969482422,68.14500045776367,68.18350028991699
67.71656036376953,68.48999786376953,68.51000213623047,67.61000061035156,67.7699966430664,17052200,2025-08-04,0,4,8,1.314062715652379,1.0624188525421578,1.5829460490719083,1.2741396970699612,67.98399963378907,68.16000061035156,68.16150016784668
66.75751495361328,67.5199966430664,68.87000274658203,67.44000244140625,68.69000244140625,15434500,2025-08-05,1,5,8,2.1178915525355366,-1.7033130830616563,1.7446057599209464,1.4096382691181215,67.89599914550782,68.09599990844727,68.10800018310547
68.42842864990234,69.20999908447266,69.3499984741211,67.7699966430664,67.95999908447266,23107800,2025-08-06,2,6,8,2.2829097701998995,1.8393172702169696,1.8409055291561596,1.5257164449663292,68.08199920654297,68.15499954223633,68.10500030517578
69.11064147949219,69.9000015258789,70.13999938964844,69.20999908447266,69.80000305175781,22579600,2025-08-07,3,7,8,1.3304725105499025,0.1432642833080441,1.7339083043850092,1.560652968248145,68.44599914550781,68.31599960327148,68.1620002746582
70.97930145263672,71.79000091552734,72.0199966430664,70.22000122070312,70.23999786376953,31662400,2025-08-08,4,8,8,2.50730658783703,2.2067242296391343,1.9105286273549495,1.7021974320481221,69.38199920654297,68.6259994506836,68.35400047302247
69.8719482421875,70.66999816894531,72.55000305175781,70.33999633789062,72.30000305175781,28911400,2025-08-11,0,11,8,3.1272205619475115,-2.2545018174419984,2.273160196613976,1.928053122842942,69.81799926757813,68.9009994506836,68.49650039672852
70.57392120361328,71.37999725341797,71.5,70.55999755859375,70.79000091552734,21912100,2025-08-12,1,12,8,1.3168989598990757,0.8334458684280267,2.1129616780866836,1.928783719003815,70.58999938964844,69.24299926757813,68.70650024414063
69.60499572753906,70.4000015258789,72.02999877929688,70.25,71.86000061035156,38096400,2025-08-13,2,13,8,2.528407302154036,-2.031727069401584,2.162061184477511,2.0014833568168355,70.82799987792968,69.45499954223632,68.85800018310547
68.51741790771484,69.30000305175781,70.61000061035156,67.4800033569336,68.0,39317300,2025-08-14,3,14,8,4.516590354376002,1.9117691937614891,2.7992847532427314,2.26659652881387,70.70800018310547,69.57699966430664,68.90800018310547
65.4524154663086,66.19999694824219,68.6500015258789,65.86000061035156,68.44999694824219,40877300,2025-08-15,4,15,8,4.21450308783047,-3.2870710011883797,3.1407240532414193,2.5256263402981842,69.58999938964844,69.4859992980957,68.81549987792968
66.1939468383789,66.94999694824219,67.11000061035156,65.75,66.08000183105469,20903400,2025-08-18,0,18,8,2.03136769580879,1.3165785306904163,2.921553480013675,2.5973568383138255,68.84599914550782,69.33199920654297,68.74599990844726
66.006103515625,66.76000213623047,67.5199966430664,66.4800033569336,66.76000213623047,18746600,2025-08-19,1,19,8,1.557808946756176,0.0,2.969735477385095,2.5413485777358895,67.92200012207032,69.25599975585938,68.67599983215332
66.35214233398438,67.11000061035156,67.19000244140625,66.54000091552734,66.81999969482422,14946400,2025-08-20,2,20,8,0.9685613469934092,0.43400316799134436,2.6577662863529694,2.4099137354152402,67.26399993896484,69.04599990844727,68.60049972534179
66.2631607055664,67.0199966430664,67.22000122070312,66.47000122070312,67.0999984741211,12456600,2025-08-21,3,21,8,1.1190689906989002,-0.1192277688136496,1.9782620136175488,2.38877338343014,66.80799865722656,68.75799942016602,68.53699951171875
66.55977630615234,67.31999969482422,68.04000091552734,67.01000213623047,67.33000183105469,16830600,2025-08-22,4,22,8,1.5300041354219802,-0.014855392779531238,1.4413622231358512,2.291043138188635,67.03199920654296,68.31099929809571,68.46849937438965
66.3818130493164,67.13999938964844,67.5,67.11000061035156,67.27999877929688,11724500,2025-08-25,0,25,8,0.5808748781558183,-0.2080847089603657,1.1512636596052566,2.036408569809466,67.06999969482422,67.95799942016602,68.4294994354248
67.61769104003906,68.38999938964844,68.75,67.11000061035156,67.16999816894531,28307900,2025-08-26,1,26,8,2.398010534120094,1.8162888997474587,1.3193039770780406,2.1445197272315673,67.39599914550782,67.65899963378907,68.4509994506836
67.66712951660156,68.44000244140625,68.75,68.1500015258789,68.31999969482422,13876700,2025-08-27,2,27,8,0.8766780431294875,0.17564804906040188,1.300927316305256,1.9793468013291124,67.66199951171875,67.4629997253418,68.45899963378906
68.64595031738281,69.43000030517578,69.58000183105469,68.3499984741211,68.36000061035156,15256000,2025-08-28,3,28,8,1.771573313448338,1.565242371665795,1.4314281808551437,1.7048450972363463,68.14400024414063,67.47599945068359,68.52649955749511
68.30978393554688,69.08999633789062,69.45999908447266,68.83000183105469,69.11000061035156,14953000,2025-08-29,4,29,8,0.9118501763075982,-0.028945553876816466,1.3077973890322672,1.3745798060840593,68.49799957275391,67.76499938964844,68.62549934387206
67.03436279296875,67.80000305175781,68.31999969482422,67.37999725341797,68.11000061035156,18928800,2025-09-02,1,2,9,1.3864342169552144,-0.45514249862836686,1.4689092567921467,1.3100864581987017,68.63000030517578,67.85,68.59099960327148
66.90582275390625,67.66999816894531,68.12999725341797,67.33000183105469,68.05000305175781,14320100,2025-09-03,2,3,9,1.1822010403576604,-0.558420081955726,1.2257473580396596,1.27252566755885,68.48600006103516,67.94099960327148,68.59849967956544
67.22220611572266,67.98999786376953,68.41000366210938,67.41000366210938,68.0999984741211,14388500,2025-09-04,3,4,9,1.4708045762903008,-0.16152806580952303,1.3445726646718223,1.3227499904885394,68.39599914550782,68.02899932861328,68.53749961853028
66.14452362060547,66.9000015258789,68.0999984741211,66.4800033569336,67.72000122070312,21050800,2025-09-05,4,5,9,2.421517309772912,-1.2108678086874152,1.474561463936737,1.4529948223959404,67.88999938964844,68.01699981689453,68.38749961853027
66.12474060058594,66.87999725341797,67.01000213623047,66.3499984741211,66.72000122070312,14038000,2025-09-08,0,8,9,0.9868476214323482,0.23980220291902093,1.4895609529616871,1.3986791709969773,67.4479995727539,67.9729995727539,68.14199943542481
66.57954406738281,67.33999633789062,67.44000244140625,66.63999938964844,66.73999786376953,11649400,2025-09-09,1,9,9,1.1880057844726517,0.8990088302756882,1.4498752664651744,1.4593922616286605,67.35599822998047,67.99299926757813,67.97549934387207
67.36062622070312,68.12999725341797,68.31999969482422,67.12000274658203,67.58999633789062,14689500,2025-09-10,2,10,9,1.7613342090395956,0.7989361514798926,1.5657019002015615,1.3957246291206107,67.447998046875,67.96699905395508,67.81299934387206
66.92559814453125,67.69000244140625,68.56999969482422,67.51000213623047,68.30999755859375,17560800,2025-09-11,3,11,9,1.5659588127675192,-0.9076198790018861,1.5847327474970054,1.4646527060844137,67.38799896240235,67.89199905395508,67.67749938964843
65.77870178222656,66.52999877929688,67.33999633789062,66.12999725341797,66.87999725341797,18529200,2025-09-12,4,12,9,1.8187270504643231,-0.5233230988256459,1.4641746956352875,1.4693680797860122,67.31399841308594,67.60199890136718,67.53899917602538
66.2631607055664,67.0199966430664,67.19999694824219,66.3499984741211,66.51000213623047,16203100,2025-09-15,0,15,9,1.2682759127070635,0.7667937008802538,1.5204603538902306,1.5050106534259586,67.34199829101563,67.39499893188477,67.5799991607666
66.17417907714844,66.93000030517578,67.37999725341797,66.55000305175781,67.0199966430664,18019300,2025-09-16,1,16,9,1.2400929297410621,-0.13428281467981187,1.5308777829439126,1.4903765247045437,67.25999908447265,67.30799865722656,67.57899932861328
66.95525360107422,67.72000122070312,67.87999725341797,66.37999725341797,67.0,18652100,2025-09-17,2,17,9,2.215002913410204,1.0746286876166045,1.6216115238180344,1.593656712009798,67.1779998779297,67.31299896240235,67.62699928283692
67.9044189453125,68.68000030517578,68.76000213623047,67.4800033569336,67.9000015258789,20279000,2025-09-18,3,18,9,1.8637139976838544,1.148746335446829,1.6811625608013014,1.6329476541491534,67.3759994506836,67.38199920654297,67.70549926757812
67.43972778320312,68.20999908447266,68.91999816894531,67.18000030517578,68.91999816894531,47822500,2025-09-19,4,19,9,2.5509425115439197,-1.030178617724594,1.8276056530172209,1.645890174326254,67.71199951171874,67.51299896240235,67.76499938964844
66.98492431640625,67.75,68.0,67.30000305175781,67.86000061035156,20396700,2025-09-22,0,22,9,1.0332058276637455,-0.16209933593013065,1.7805916360085572,1.650525994949394,67.85800018310547,67.59999923706054,67.78649940490723
66.77729034423828,67.54000091552734,68.22000122070312,67.06999969482422,67.58000183105469,22240000,2025-09-23,1,23,9,1.7026969355792867,-0.05919046233136137,1.8731124371762022,1.7019951100600577,67.98000030517578,67.61999969482422,67.80649948120117
66.55977630615234,67.31999969482422,67.86000061035156,66.88999938964844,67.69999694824219,17433100,2025-09-24,2,24,9,1.440881201872171,-0.5612958206017102,1.7182880948685955,1.669949809343315,67.9,67.53899993896485,67.75299949645996
67.08378601074219,67.8499984741211,68.23999786376953,67.11000061035156,67.31999969482422,22351700,2025-09-25,3,25,9,1.6654344566403565,0.7872828010984424,1.678632186659896,1.6798973737305984,67.73399963378907,67.55499954223633,67.7234992980957
66.46090698242188,67.22000122070312,67.91000366210938,66.8499984741211,67.87000274658203,15077400,2025-09-26,4,26,9,1.5769193227295117,-0.9577154848599747,1.4838275488970143,1.6557166009571176,67.53600006103515,67.62399978637696,67.61299934387208
66.95525360107422,67.72000122070312,67.94999694824219,67.44000244140625,67.72000122070312,14358300,2025-09-29,0,29,9,0.7530928789765345,0.0,1.427804959159572,1.6041982975840647,67.53000030517578,67.69400024414062,67.5444995880127
67.64735412597656,68.41999816894531,68.7699966430664,67.69000244140625,67.70999908447266,20498900,2025-09-30,1,30,9,1.5784773904749205,1.0485882352278368,1.4029610501386989,1.6380367436574503,67.70599975585938,67.84300003051757,67.57549934387207
67.97362518310547,68.75,68.81999969482422,67.69000244140625,67.9000015258789,15530700,2025-10-01,2,1,10,1.6436323686079546,1.2518386671863793,1.4435112834858557,1.5808996891772256,67.99199981689453,67.94599990844726,67.6294994354248
67.53858947753906,68.30999755859375,69.48999786376953,68.26000213623047,69.18000030517578,15708300,2025-10-02,3,2,10,1.80060865392949,-1.2575928631745625,1.4705461229436823,1.5745891548017892,68.08399963378906,67.90899963378907,67.64549942016602
67.55848693847656,67.91999816894531,68.58000183105469,67.6500015258789,67.94999694824219,11113200,2025-10-03,4,3,10,1.3692584367603828,-0.044148315885466784,1.4290139457498565,1.4564207473234354,68.2239990234375,67.87999954223633,67.69649925231934
68.54322814941406,68.91000366210938,68.94999694824219,67.80999755859375,68.44000244140625,21952700,2025-10-06,0,6,10,1.6543307634088456,0.6867346638473728,1.6092615226363187,1.5185332408979455,68.46199951171874,67.99599990844726,67.79799957275391
68.62279510498047,68.98999786376953,69.22000122070312,68.44000244140625,68.91999816894531,16493200,2025-10-07,1,7,10,1.1305969031004937,0.10156659414387496,1.5196854251614333,1.4613232376500662,68.5759994506836,68.14099960327148,67.88049964904785
69.9556655883789,70.33000183105469,70.76000213623047,69.0,69.80999755859375,34246300,2025-10-08,2,8,10,2.502491241871869,0.7448851033470978,1.691457199814216,1.5674842416500359,68.89199981689453,68.44199981689454,67.9904998779297
69.58763122558594,69.95999908447266,70.62000274658203,69.02999877929688,70.30999755859375,21209500,2025-10-09,3,9,10,2.2727329732599317,-0.4977933242415746,1.7858820636803046,1.6282140933119933,69.22200012207031,68.65299987792969,68.103999710083
67.57838439941406,67.94000244140625,70.80999755859375,67.88999938964844,70.41000366210938,20961500,2025-10-10,4,10,10,4.297907070968415,-3.5080259795986035,2.3716117905219107,1.9003128681358838,69.2260009765625,68.725,68.17449989318848
67.10093688964844,67.45999908447266,68.88999938964844,67.12999725341797,68.55000305175781,14127900,2025-10-13,0,13,10,2.608956655968248,-1.590085950050451,2.5625369690337916,2.085899245835055,68.93600006103516,68.69899978637696,68.19650001525879
68.2945556640625,68.66000366210938,69.16000366210938,66.80999755859375,67.11000061035156,15402000,2025-10-14,1,14,10,3.4226711013307107,2.3096454144849585,3.020951808679835,2.270318616920634,68.87000122070313,68.72300033569336,68.28300018310547
69.14997100830078,69.5199966430664,70.30000305175781,68.81999969482422,69.30999755859375,16260500,2025-10-15,2,15,10,2.1288887059824133,0.30298527177861434,2.9462313015019435,2.3188442506580804,68.70800018310547,68.8,68.37299995422363
68.72225952148438,69.08999633789062,70.06999969482422,68.56999969482422,69.77999877929688,13950600,2025-10-16,3,16,10,2.171081313514796,-0.9888255280551363,2.9259009695529166,2.3558915166166106,68.53399963378907,68.87799987792968,68.39349975585938
69.75672149658203,70.12999725341797,70.7699966430664,68.94999694824219,69.05999755859375,16286900,2025-10-17,4,17,10,2.595180045776369,1.5493769659003835,2.5853555645145074,2.4784836775182093,68.97199859619141,69.09899978637695,68.48949966430663
70.27396392822266,70.6500015258789,70.97000122070312,70.12000274658203,70.12000274658203,12183500,2025-10-20,0,20,10,1.2031117562109912,0.7558453487406767,2.3041865845630563,2.4333617767984235,69.60999908447266,69.2729995727539,68.63449974060059
70.34358978271484,70.72000122070312,71.23999786376953,70.37999725341797,70.58000183105469,15763300,2025-10-21,1,21,10,1.216064190479396,0.19835560501053826,1.862865202392793,2.441908505536314,70.02199859619141,69.44599990844726,68.79349975585937
70.2839126586914,70.66000366210938,70.97000122070312,69.8499984741211,70.86000061035156,14967200,2025-10-22,2,22,10,1.5850589987764465,-0.2822423744277685,1.7540992609515995,2.3501652812267717,70.25,69.47900009155273,68.96049995422364
69.89598083496094,70.2699966430664,71.23999786376953,70.2300033569336,70.5999984741211,14614100,2025-10-23,3,23,10,1.4373054718732428,-0.4674246999816181,1.6073440926232891,2.2666225310881027,70.48600006103516,69.5099998474121,69.0814998626709
70.25406646728516,70.62999725341797,70.94000244140625,70.05999755859375,70.63999938964844,13075600,2025-10-24,4,24,10,1.2459364533953938,-0.01415930962187191,1.337495374147094,1.9614254693308006,70.58600006103515,69.77899932861328,69.25199966430664
71.01001739501953,71.38999938964844,71.45999908447266,70.43000030517578,70.54000091552734,15986800,2025-10-27,0,27,10,1.4427774031417417,1.2049878977730366,1.385428503533244,1.8448075440481504,70.73399963378907,70.17199935913087,69.43549957275391
72.23347473144531,72.62000274658203,72.68000030517578,71.02999877929688,71.19999694824219,19896800,2025-10-28,1,28,10,2.27210336473936,1.994390251690736,1.5966363383852369,1.7297507703890151,71.11399993896484,70.56799926757813,69.64549980163574
70.9503402709961,71.33000183105469,72.81999969482422,70.91999816894531,72.68000030517578,18020600,2025-10-29,2,29,10,2.6636779435097524,-1.85745524002833,1.8123601273318983,1.783229694141749,71.24799957275391,70.74899978637696,69.77449989318848
72.52193450927734,72.91000366210938,73.11000061035156,71.33999633789062,71.37000274658203,18101800,2025-10-30,3,30,10,2.4276562660231926,2.1577705706352877,2.010430286161888,1.8088871893925884,71.7760009765625,71.13100051879883,70.00450019836425
72.72086334228516,73.11000061035156,73.4800033569336,72.43000030517578,72.72000122070312,24008000,2025-10-31,4,31,10,1.436196201603018,0.5363027820431417,2.048482235803413,1.6929888049752535,72.27200164794922,71.42900085449219,70.26400032043458
74.0537338256836,74.44999694824219,74.83999633789062,73.62000274658203,74.61000061035156,21733400,2025-11-03,0,3,11,1.6386751394452523,-0.2144533719346676,2.0876617830641147,1.7365451432986796,72.88400115966797,71.80900039672852,70.5409999847412
71.93507385253906,72.31999969482422,73.98999786376953,71.9800033569336,73.9000015258789,22345000,2025-11-04,1,4,11,2.7793065753839987,-2.138026790840308,2.1891024251930427,1.89286938178914,72.82400054931641,71.96900024414063,70.70750007629394
71.71623992919922,72.0999984741211,72.58000183105469,71.33999633789062,72.22000122070312,16113500,2025-11-05,2,5,11,1.7198412197042399,-0.16616275900536867,2.0003350804319404,1.9063476038819194,72.97799987792969,72.1129997253418,70.79599990844727
70.6618881225586,71.04000091552734,72.2300033569336,70.69000244140625,71.70999908447266,16469900,2025-11-06,3,6,11,2.167794053604443,-0.9343162425034628,1.9483626379481904,1.9793964620550395,72.60399932861328,72.19000015258788,70.85
70.69172668457031,71.06999969482422,71.58999633789062,70.54000091552734,71.38999938964844,16913700,2025-11-07,4,7,11,1.477410196808751,-0.4482416270627098,1.9566054369893373,2.002543836396375,72.19599914550781,72.23400039672852,71.00649986267089
71.70629119873047,72.08999633789062,72.5,71.1500015258789,71.76000213623047,22201200,2025-11-10,0,10,11,1.8726571545288486,0.45985812686249555,2.0034018400060565,2.045531811535086,71.7239990234375,72.30400009155274,71.2379997253418
71.32831573486328,71.70999908447266,72.25,71.0999984741211,71.73999786376953,21412900,2025-11-11,1,11,11,1.603683643231165,-0.041815974616895166,1.7682772535754894,1.9786898393842662,71.60199890136718,72.2129997253418,71.39049949645997
73.56634521484375,73.95999908447266,74.20999908447266,71.72000122070312,71.91000366210938,57591600,2025-11-12,2,12,11,3.3666818477453,2.850779193387052,2.0976453791837018,2.0489902298078206,71.9739990234375,72.47599945068359,71.61249961853028
76.9681396484375,77.37999725341797,79.5,76.6500015258789,77.94999694824219,57638500,2025-11-13,3,13,11,3.6831204126143926,-0.7312376101857853,2.4007106509856917,2.174536644466941,73.24199829101562,72.92299880981446,72.02699966430664
77.5848388671875,78.0,78.66999816894531,75.83999633789062,76.58000183105469,38819600,2025-11-14,4,14,11,3.6282074757111378,1.8542676090267152,2.830870106766169,2.393737771877753,74.62799835205078,73.4119987487793,72.42049980163574
77.36601257324219,77.77999877929688,79.38999938964844,77.47000122070312,77.88999938964844,28720100,2025-11-17,0,17,11,2.4684985845697502,-0.14122558892481074,2.950038392774349,2.476720116390203,75.76599884033203,73.74499893188477,72.77699966430664
76.95819854736328,77.37000274658203,78.19999694824219,76.44999694824219,77.55000305175781,26025500,2025-11-18,1,18,11,2.26185852123071,-0.2321087016020449,3.0816733683742585,2.4249753109748737,76.8979995727539,74.24999923706055,73.10949974060058
77.97276306152344,78.38999938964844,78.93000030517578,77.16000366210938,77.30000305175781,24759700,2025-11-19,2,19,11,2.25793679914244,1.410085763076614,2.859924358653686,2.4787848689186935,77.78399963378907,74.87899932861328,73.49599952697754
75.03846740722656,75.44000244140625,80.05999755859375,75.31999969482422,79.12000274658203,27381900,2025-11-20,3,20,11,6.283135883314765,-4.651163014949158,3.379927452793761,2.890319051889726,77.39600067138672,75.31899948120117,73.75449981689454
75.69495391845703,76.0999984741211,76.94000244140625,75.47000122070312,75.63999938964844,24428800,2025-11-21,4,21,11,1.9316704995769745,0.6081426337711057,3.0406200575669278,2.9357450821665485,77.01600036621093,75.82199935913086,74.02799987792969
75.8342056274414,76.23999786376953,76.87999725341797,75.68000030517578,76.48999786376953,26691500,2025-11-24,0,24,11,1.5739729562773839,-0.32684011894634357,2.8617149319084545,2.905876662341402,76.70800018310547,76.23699951171875,74.27049980163574
75.91378021240234,76.31999969482422,77.05999755859375,76.08000183105469,76.48999786376953,18818800,2025-11-25,1,25,11,1.2840614930001404,-0.2222488870349862,2.666155526262341,2.8739144473182994,76.49799957275391,76.6979995727539,74.45549964904785
75.66510772705078,76.06999969482422,76.5999984741211,75.33999633789062,76.45999908447266,15972600,2025-11-26,2,26,11,1.6563719485806687,-0.5100698330084571,2.5458425561499864,2.7028834574018363,76.03399963378907,76.90899963378907,74.69249954223633
76.53048706054688,76.94000244140625,76.95999908447266,75.80999755859375,76.13999938964844,7320900,2025-11-28,4,28,11,1.4946731081204363,1.0507001026671619,1.5881500011111207,2.484038726952441,76.33399963378906,76.8650001525879,74.89399948120118
75.63526916503906,76.04000091552734,76.81999969482422,75.93000030517578,76.66999816894531,15529600,2025-12-01,0,1,12,1.1704357955454732,-0.8216998414813385,1.4359030603048206,2.238261558935874,76.3220001220703,76.66900024414062,75.04049949645996
76.46085357666016,76.87000274658203,77.0,75.76000213623047,76.16000366210938,14619100,2025-12-02,1,2,12,1.6131102113492077,0.9322466522226421,1.4437305113191852,2.1527227216138196,76.44800109863282,76.57800064086913,75.16149978637695
77.33616638183594,77.75,77.81999969482422,75.6500015258789,76.58999633789062,16088400,2025-12-03,2,3,12,2.790994429511656,1.5145628901610193,1.7451170986214883,2.2056363124419147,76.73400115966797,76.61600036621094,75.43299980163575
77.34611511230469,77.76000213623047,77.86000061035156,77.16999816894531,77.69000244140625,12572600,2025-12-04,3,4,12,0.8873487943035425,0.09010129054508972,1.591312467766063,2.0685775119580248,77.07200164794922,76.55300064086914,75.71599998474122
77.55500030517578,77.97000122070312,78.19000244140625,77.4000015258789,77.97000122070312,12579400,2025-12-05,4,5,12,1.013211367396487,0.0,1.4950201196212733,1.5415850603661971,77.27800140380859,76.80600051879883,76.0625
78.44026184082031,78.86000061035156,79.37999725341797,78.12000274658203,78.20999908447266,17454500,2025-12-08,0,8,12,1.5977612187217562,0.8310977285357796,1.5804852042565298,1.5081941322806753,77.84200134277344,77.08200073242188,76.45200004577637
79.08680725097656,79.51000213623047,79.87999725341797,78.51000213623047,78.79000091552734,15737500,2025-12-09,1,9,12,1.7230475165126828,0.9138230896520176,1.6024726652892247,1.5231015883042052,78.37000122070313,77.40900115966797,76.82300033569337
79.82286071777344,80.25,80.81999969482422,78.80000305175781,78.83000183105469,21302700,2025-12-10,2,10,12,2.517129773291472,1.8013423011058607,1.5476997340451881,1.6464084163333381,78.87000122070313,77.80200119018555,77.25000038146973
78.84807586669922,79.2699966430664,80.37000274658203,78.83000183105469,80.23999786376953,18652300,2025-12-11,3,11,12,1.942728624629057,-1.2088749333592717,1.758775700110291,1.675044083938177,79.17200012207032,78.12200088500977,77.51550025939942
77.38591003417969,77.80000305175781,79.55999755859375,77.72000122070312,79.45999908447266,16672300,2025-12-12,4,12,12,2.3650337605597973,-2.0890964659465054,2.0291401787429533,1.7620801491821134,79.13800048828125,78.20800094604492,77.5365005493164
77.83351135253906,78.25,78.70999908447266,77.54000091552734,78.20999908447266,17646000,2025-12-15,0,15,12,1.495205327725639,0.05114552614191922,2.00862900054373,1.7945571024001299,79.01600036621093,78.42900085449219,77.5490005493164
77.13723754882812,77.55000305175781,78.61000061035156,77.37999725341797,78.11000061035156,17737200,2025-12-16,1,16,12,1.5860777672860629,-0.7169345208269479,1.9812350506984058,1.7918538579938155,78.6240005493164,78.49700088500977,77.53750076293946
75.5954818725586,76.0,78.19999694824219,75.91999816894531,77.9000015258789,26094400,2025-12-17,2,17,12,2.9999983938116777,-2.4390263012353253,2.0778087748024467,1.8127542544238175,77.77400054931641,78.32200088500977,77.46900062561035
76.5404281616211,76.94999694824219,77.80999755859375,76.26000213623047,76.33000183105469,19249400,2025-12-18,3,18,12,2.0142891277901325,0.8122561277540234,2.092120875434662,1.9254482877724766,77.31000061035157,78.24100036621094,77.39700050354004
78.00260162353516,78.41999816894531,79.16999816894531,76.79000091552734,76.97000122070312,84881900,2025-12-19,4,19,12,3.034936634773423,1.8838468562375081,2.226101450277387,2.1276208145101703,77.43399963378906,78.28600006103515,77.54600028991699
77.69425201416016,78.11000061035156,79.1500015258789,77.95999908447266,79.0199966430664,18016100,2025-12-22,0,22,12,1.523495624257548,-1.151602216367205,2.2317595095837683,2.1201942550637494,77.40599975585937,78.21100006103515,77.64650039672851
77.60472869873047,78.0199966430664,78.12000274658203,77.58999633789062,77.61000061035156,16712600,2025-12-23,1,23,12,0.6793212400612268,0.5282773218534916,2.050408204138802,2.0158216274186036,77.4999984741211,78.06199951171875,77.73550033569336
77.60472869873047,78.0199966430664,78.29000091552734,77.8499984741211,78.0199966430664,9104400,2025-12-24,2,24,12,0.5639611129685338,0.0,1.5632007479701726,1.8205047613863097,77.90399780273438,77.8389991760254,77.82050018310547
77.74398803710938,78.16000366210938,78.27999877929688,77.93000030517578,78.0999984741211,10158000,2025-12-26,4,26,12,0.447797412643632,0.07683122811860787,1.249902404940873,1.671011640187767,78.14599914550782,77.72799987792969,77.92500038146973
77.37596130371094,77.79000091552734,78.30000305175781,77.5199966430664,78.02999877929688,17941800,2025-12-29,0,29,12,1.0027078024313436,-0.30757127710375937,0.8434566384724569,1.5347790443749219,78.01999969482422,77.72699966430665,77.96750030517578
76.99798583984375,77.41000366210938,77.80999755859375,77.16999816894531,77.80999755859375,13952200,2025-12-30,1,30,12,0.8267657400482779,-0.5140649132949338,0.7041106616306029,1.4679350856071856,77.88000030517578,77.64300003051758,78.03600044250489
76.62000274658203,77.02999877929688,77.81999969482422,76.87999725341797,77.33999633789062,13570500,2025-12-31,2,31,12,1.2203069665098991,-0.4008243771300454,0.8123078069203373,1.4313580055295696,77.68200073242187,77.59099960327148,78.04400024414062
76.04000091552734,76.04000091552734,76.94999694824219,75.61000061035156,76.6500015258789,15749800,2026-01-02,4,2,1,1.7622255678024303,-0.7958259598280784,1.0519606978871168,1.3075807229286447,77.28600158691407,77.59499969482422,77.958500289917
75.58000183105469,75.58000183105469,76.7699966430664,75.20999908447266,76.44999694824219,16328800,2026-01-05,0,5,1,2.0640348250861913,-1.137992350446397,1.3752081803756284,1.3125552926582507,76.77000122070312,77.45800018310547,77.8495002746582
75.2300033569336,75.2300033569336,75.7300033569336,74.80999755859375,75.52999877929688,17017200,2026-01-06,1,6,1,1.222924042651995,-0.39718711401000495,1.4192514284197588,1.1313540334461076,76.25800170898438,77.1390007019043,77.71250038146972
74.72000122070312,74.72000122070312,75.37999725341797,74.19999694824219,75.12000274658203,20347400,2026-01-07,2,7,1,1.579229504681581,-0.5324833749385164,1.5697441813464195,1.1369274214885112,75.72000122070312,76.80000076293945,77.5055004119873
73.95999908447266,73.95999908447266,74.45999908447266,73.55000305175781,74.30999755859375,17192200,2026-01-08,3,8,1,1.2303894591392588,-0.47099782750647845,1.5717606798722912,1.1920342433963143,75.10600128173829,76.39400100708008,77.22800025939941
73.87999725341797,73.87999725341797,74.33000183105469,73.33999633789062,73.44999694824219,19104100,2026-01-09,4,9,1,1.3400183134390427,0.5854327066599995,1.4873192289996138,1.2696399634433653,74.6740005493164,75.98000106811523,76.90950012207031
74.01000213623047,74.01000213623047,74.05000305175781,72.80000305175781,72.91000366210938,20985700,2026-01-12,0,12,1,1.6889609024725072,1.5087071991092935,1.4123044444768769,1.3937563124262526,74.36000061035156,75.56500091552735,76.64650039672851
75.47000122070312,75.47000122070312,75.5,73.86000061035156,73.98999786376953,17809900,2026-01-13,1,13,1,2.173048049717732,2.0002749015597723,1.6023292458900245,1.5107903371548914,74.40800018310547,75.33300094604492,76.53000030517578
74.41000366210938,74.41000366210938,75.11000061035156,73.81999969482422,74.93000030517578,17801300,2026-01-14,2,14,1,1.7336390969487754,-0.6939765660597329,1.633211164343463,1.6014776728449411,74.34600067138672,75.03300094604492,76.33800048828125
75.25,75.25,76.05000305175781,74.91000366210938,75.22000122070312,18213000,2026-01-15,3,15,1,1.514949355014535,0.03988138634677169,1.6901231435185184,1.6309419116954047,74.60400085449218,74.85500106811523,76.22300033569336
75.19000244140625,75.19000244140625,75.98999786376953,74.5999984741211,75.63999938964844,25743300,2026-01-16,4,16,1,1.848649214676686,-0.5949192912127006,1.791849323766047,1.6395842763828306,74.86600189208984,74.77000122070312,76.18250045776367
73.3499984741211,73.3499984741211,74.87000274658203,73.20999908447266,74.5199966430664,23999700,2026-01-20,1,20,1,2.2631270574532425,-1.5700459227733647,1.9066825547621942,1.6594934996195356,74.73400115966797,74.54700088500977,76.00250053405762
73.69000244140625,73.69000244140625,74.36000061035156,73.01000213623047,73.94999694824219,18210200,2026-01-21,2,21,1,1.8319967830025916,-0.3515814977219112,1.838472301419166,1.7204007736545954,74.3780014038086,74.39300079345703,75.76600074768066
74.33000183105469,74.33000183105469,74.77999877929688,73.87999725341797,74.11000061035156,12879800,2026-01-22,3,22,1,1.210818651564852,0.2968576695334632,1.7339082123423815,1.6835596883429222,74.36200103759765,74.35400085449218,75.57700080871582
74.58999633789062,74.58999633789062,75.06999969482422,73.70999908447266,73.94999694824219,13125500,2026-01-23,4,23,1,1.823301618344097,0.8654488384852468,1.7955786650082939,1.7428509042634062,74.23000030517578,74.41700057983398,75.40550079345704
77.01000213623047,77.01000213623047,77.41999816894531,75.63999938964844,76.47000122070312,24714400,2026-01-26,0,26,1,2.311386482171579,0.7061604641130128,1.8881261185072724,1.8399877211366598,74.59400024414063,74.73000106811523,75.35500106811523
78.68000030517578,78.68000030517578,78.91000366210938,77.05000305175781,77.19000244140625,17756700,2026-01-27,1,27,1,2.3640068672307906,1.9302990240226587,1.9083020804627817,1.907492317612488,75.66000061035156,75.19700088500977,75.38100090026856
78.95999908447266,78.95999908447266,79.04000091552734,78.0199966430664,78.93000030517578,14022900,2026-01-28,2,28,1,1.2917987389661958,0.038006815128452304,1.800262471655503,1.819367386537334,76.71399993896485,75.54600067138672,75.43950080871582
78.43000030517578,78.43000030517578,79.4800033569336,77.62999725341797,79.11000061035156,22642900,2026-01-29,3,29,1,2.358799051787762,-0.8595630134362595,2.0298585517000847,1.881883382021233,77.53399963378907,75.94800033569337,75.49050064086914
78.31999969482422,78.31999969482422,78.80000305175781,77.72000122070312,78.08999633789062,26458400,2026-01-30,4,30,1,1.3789604638188724,0.2945362629271787,1.94099032079504,1.868284492901667,78.28000030517578,76.25500030517578,75.55500068664551
80.63999938964844,80.63999938964844,81.16000366210938,78.0,78.12000274658203,28238600,2026-02-02,0,2,2,3.918655364616753,3.225802041048524,2.262444097284075,2.0752851078956733,79.00599975585938,76.8,75.78500061035156
83.11000061035156,83.11000061035156,83.25,80.80999755859375,80.80999755859375,34962100,2026-02-03,1,3,2,2.9358710425786487,2.846186265616609,2.3768169323536465,2.1425595064082144,79.89199981689453,77.77600021362305,76.1615005493164
81.16000366210938,81.16000366210938,84.23999786376953,81.13999938964844,83.9800033569336,39765700,2026-02-04,2,4,2,3.8196135217381335,-3.357941869612217,2.8823798889080336,2.3413211802817684,80.33200073242188,78.52300033569335,76.4580005645752
82.36000061035156,82.36000061035156,83.30999755859375,80.80999755859375,80.86000061035156,24236500,2026-02-05,3,5,2,3.0354540814388766,1.855058111152144,3.017710894838257,2.523784723269171,81.11800079345703,79.32600021362305,76.84000053405762
84.81999969482422,84.81999969482422,85.0,82.80999755859375,83.55999755859375,23936600,2026-02-06,4,6,2,2.581941109745,1.5079011166161571,3.2583070240234826,2.599648672409261,82.41800079345703,80.3490005493164,77.3830005645752
86.77999877929688,86.77999877929688,87.25,84.30999755859375,84.7300033569336,22908400,2026-02-09,0,9,2,3.387880252088281,2.419444519230657,3.1521520015177877,2.7072980494009315,83.64600067138672,81.32600021362305,78.02800064086914
86.29000091552734,86.29000091552734,88.19000244140625,86.12999725341797,86.97000122070312,32113800,2026-02-10,1,10,2,2.3873046310486203,-0.781879148708012,3.042438719211782,2.709627825782714,84.28200073242188,82.08700027465821,78.64200057983399
85.54000091552734,85.54000091552734,87.13999938964844,85.12999725341797,86.05999755859375,34230300,2026-02-11,2,11,2,2.349780353890095,-0.6042257237020809,2.7484720856421747,2.8154259872751046,85.15800018310547,82.74500045776367,79.1455005645752
