Adj Close,Close,High,Low,Open,Volume,date,day_of_week,day,month,hl_pct,oc_pct,volatility_5d,volatility_10d,ma_5,ma_10,ma_20
GOOG,GOOG,GOOG,GOOG,GOOG,GOOG,,,,,,,,,,,
137.90567016601562,138.94000244140625,139.97999572753906,137.07000732421875,137.07000732421875,22536400,2024-03-11,0,11,3,2.094420866695689,1.364262798034514,2.2905392730807286,2.0772539933792995,135.36199951171875,136.63999938964844,140.48699874877929
138.5806427001953,139.6199951171875,140.27999877929688,138.2100067138672,138.25,19019700,2024-03-12,1,12,3,1.4825899855477558,0.9909548768083183,2.2177941152730787,2.0834712070326735,136.52999877929688,136.5919982910156,140.03149871826173
139.72207641601562,140.77000427246094,142.19000244140625,140.00999450683594,140.05999755859375,19637000,2024-03-13,2,13,3,1.5486310068946918,0.5069304057142783,2.1065775592128966,2.046236546655051,138.1720001220703,136.9259994506836,139.7514991760254
143.26547241210938,144.33999633789062,144.72999572753906,141.48500061035156,142.3000030517578,36117900,2024-03-14,3,14,3,2.2481607312717227,1.4335862560669232,2.0888918211494825,2.1007857972891655,139.99199829101562,137.38199920654296,139.6114990234375
141.11163330078125,142.1699981689453,144.33999633789062,141.1300048828125,143.41000366210938,41039500,2024-03-15,4,15,3,2.2578543268064095,-0.8646575981447289,1.9263313834432538,2.1799175603846903,141.16799926757812,137.79099884033204,139.52299880981445
147.3746795654297,148.47999572753906,152.92999267578125,148.13999938964844,149.3699951171875,47676700,2024-03-18,0,18,3,3.2260192779924743,-0.5958354547378761,2.152651065702611,2.22159516939167,143.07599792480468,139.21899871826173,139.8589988708496
146.81883239746094,147.9199981689453,149.6199951171875,147.00999450683594,148.97999572753906,17748400,2024-03-19,1,19,3,1.7644677140751293,-0.7115032816434755,2.2090266114080856,2.2134103633405817,144.73599853515626,140.63299865722655,140.14499893188477
148.56573486328125,149.67999267578125,149.75999450683594,147.6649932861328,148.7899932861328,17730000,2024-03-20,2,20,3,1.3996534762271562,0.5981580951730476,2.1792311052745785,2.1429043322437376,146.51799621582032,142.34499816894532,140.4369987487793
147.6327362060547,148.74000549316406,151.30499267578125,148.00999450683594,150.32000732421875,19843900,2024-03-21,3,21,3,2.2152736636121393,-1.0510921727450755,2.1726536917426618,2.130772756446072,147.397998046875,143.69499816894532,140.60799865722657
150.6401824951172,151.77000427246094,152.55999755859375,150.08999633789062,150.24000549316406,19252900,2024-03-22,4,22,3,1.627463366390188,1.0183697572924344,2.0465754996594177,1.9864534415513355,149.31799926757813,145.2429992675781,140.93199920654297
150.02476501464844,151.14999389648438,151.45599365234375,148.8000030517578,150.9499969482422,15114700,2024-03-25,0,25,3,1.7571886919194337,0.13249218435609678,1.7528093824448092,1.95273022407371,149.85199890136718,146.46399841308593,141.5519989013672
150.57069396972656,151.6999969482422,153.1999969482422,151.02999877929688,151.24000549316406,19312700,2024-03-26,1,26,3,1.4304536668419867,0.3041466796950866,1.6860065729981808,1.9475165922031334,150.60799865722657,147.6719985961914,142.13199844360352
150.8089141845703,151.94000244140625,152.69000244140625,150.1300048828125,152.14500427246094,16622000,2024-03-27,2,27,3,1.6848739748974144,-0.13474108600212117,1.7430506727322324,1.9611408890034057,151.06000061035155,148.78899841308595,142.85749893188478
151.12652587890625,152.25999450683594,152.6699981689453,151.3300018310547,152.0,21105600,2024-03-28,3,28,3,0.8800711849693807,0.17104901765522204,1.4760101770036809,1.8243319343731712,151.76399841308594,149.58099822998048,143.48149871826172
155.33494567871094,156.5,157.0,151.64999389648438,151.8300018310547,24469800,2024-04-01,0,1,4,3.4185342514476837,3.075807226915366,1.83422435401518,1.9403999268372984,152.70999755859376,151.01399841308594,144.402498626709
154.7096405029297,155.8699951171875,155.99000549316406,153.4600067138672,154.75,17598100,2024-04-02,1,2,4,1.6231467623994917,0.7237448253231017,1.8074159681111914,1.7801126752780003,153.65399780273438,151.75299835205078,145.48599853515626
155.2059326171875,156.3699951171875,156.5500030517578,154.1320037841797,154.9199981689453,17266200,2024-04-03,2,3,4,1.5463319965994866,0.9359649918540011,1.8305916340626915,1.7582991035304363,154.58799743652344,152.597998046875,146.6154983520508
150.8089141845703,151.94000244140625,156.17999267578125,151.8800048828125,155.0800018310547,24184800,2024-04-04,3,4,4,2.8300564195574407,-2.02476099598527,2.0596281229946967,1.9013393978634645,154.58799743652344,152.8239990234375,147.5844985961914
152.79403686523438,153.94000244140625,154.83999633789062,151.08099365234375,151.67999267578125,16297300,2024-04-05,4,5,4,2.4418621709309467,1.489985413208591,2.37198632018701,1.9239982485953455,154.9239990234375,153.34399871826173,148.5194984436035
154.97763061523438,156.13999938964844,156.65499877929688,153.99000549316406,154.01499938964844,16641500,2024-04-08,0,8,4,1.7067972950879189,1.3797357454931265,2.0296389289150567,1.9319316414651186,154.85199890136718,153.78099822998047,149.5119987487793
156.96275329589844,158.13999938964844,159.88999938964844,156.63999938964844,157.35000610351562,21521500,2024-04-09,1,9,4,2.055141022223084,0.5020611728563269,2.1160377808797755,1.9617268744954834,155.30599975585938,154.47999877929686,150.4719985961914
156.48634338378906,157.66000366210938,158.16000366210938,156.1999969482422,157.8800048828125,16339200,2024-04-10,2,10,4,1.2431857594446056,-0.13934710786614327,2.055408533448799,1.9430000837557455,155.56400146484376,155.07599945068358,151.3739990234375
159.593017578125,160.7899932861328,161.1199951171875,157.92999267578125,158.33999633789062,17841700,2024-04-11,3,11,4,1.9839558272320474,1.547301379882567,1.8861884149837205,1.9729082689892088,157.33399963378906,155.96099853515625,152.3749984741211
158.0049591064453,159.19000244140625,161.6999969482422,158.60000610351562,159.40499877929688,16989800,2024-04-12,4,12,4,1.9473527213919035,-0.13487427592424298,1.787286525075912,2.0796364226314608,158.38399963378907,156.65399932861328,153.11749877929688
155.1662139892578,156.3300018310547,160.8300018310547,156.14999389648438,160.27999877929688,21140900,2024-04-15,0,15,4,2.993672282834092,-2.464435349591731,2.0446615226251468,2.0371502257701017,158.4220001220703,156.63699951171876,153.82549896240235
154.83868408203125,156.0,157.22999572753906,155.0500030517578,155.63999938964844,15413200,2024-04-16,1,16,4,1.3974312024238782,0.23130340000213725,1.9131195586653054,2.0145786697725407,157.99400024414064,156.65,154.20149917602538
155.71212768554688,156.8800048828125,158.68099975585938,156.13499450683594,157.19000244140625,16237800,2024-04-17,2,17,4,1.622899776759488,-0.19721200698454336,1.9890623621282817,2.0222354477885403,157.83800048828124,156.7010009765625,154.64949951171874
156.28781127929688,157.4600067138672,158.48500061035156,156.2100067138672,156.9250030517578,14016100,2024-04-18,3,18,4,1.4448074428311457,0.34092952155808937,1.8812326852481014,1.8837105501159108,157.17200317382813,157.25300140380858,155.03850021362305
154.56076049804688,155.72000122070312,157.99000549316406,153.91000366210938,157.75,21479900,2024-04-19,4,19,4,2.6200884915689606,-1.286845501931458,2.015779839283513,1.9015331821797126,156.4780029296875,157.43100128173828,155.3875
156.774169921875,157.9499969482422,159.18499755859375,155.66000366210938,156.00999450683594,17243900,2024-04-22,0,22,4,2.2317150772971917,1.2435116400963941,1.863388398176133,1.9540249604006394,156.802001953125,157.61200103759765,155.69649963378907
158.72950744628906,159.9199981689453,160.47999572753906,157.96499633789062,158.58999633789062,16115400,2024-04-23,1,23,4,1.5726609670114557,0.8386416935283836,1.8984343510936483,1.905776954879477,157.58600158691405,157.79000091552734,156.1349998474121
159.90072631835938,161.10000610351562,161.38999938964844,158.82000732421875,159.08999633789062,19485700,2024-04-24,2,24,4,1.5952774475863931,1.2634419585729,1.8929098852590294,1.9409861236936554,158.43000183105468,158.13400115966797,156.6050003051758
156.774169921875,157.9499969482422,158.27999877929688,152.76800537109375,153.36000061035156,36197800,2024-04-25,3,25,4,3.489707828237136,2.9929553466504144,2.3018899623402276,2.0915613237941644,158.5279998779297,157.8500015258789,156.90550003051757
172.39700317382812,173.69000244140625,176.4199981689453,171.39999389648438,175.99000549316406,56500800,2024-04-26,4,26,4,2.89020910927468,-1.3068941303301174,2.355914085881371,2.185846962582442,162.12200012207032,159.3000015258789,157.97700042724608
166.65008544921875,167.89999389648438,171.3800048828125,167.05999755859375,170.77000427246094,35914600,2024-04-29,0,29,4,2.572964551078049,-1.6806290942040996,2.424163980637543,2.143776189406838,164.11199951171875,160.45700073242188,158.5470001220703
163.41436767578125,164.63999938964844,169.8699951171875,164.5,167.3800048828125,29420800,2024-04-30,1,30,4,3.2616588539207276,-1.6369969012023977,2.761963558019397,2.330198954556523,165.05599975585938,161.3210006713867,158.98550033569336
164.33746337890625,165.57000732421875,168.80999755859375,164.89999389648438,166.17999267578125,25223200,2024-05-01,2,1,5,2.361541033487313,-0.3670630511776392,2.915216275199581,2.4040630802293053,165.95,162.19000091552735,159.44550094604492
167.20594787597656,168.4600067138672,168.52999877929688,165.69000244140625,166.6699981689453,17041100,2024-05-02,3,2,5,1.6858579037779677,1.0739836590790803,2.554446290307747,2.428168126323987,168.052001953125,163.29000091552734,160.27150115966796
167.73196411132812,168.99000549316406,169.85000610351562,164.97999572753906,169.5399932861328,22767100,2024-05-03,4,3,5,2.881833373378737,-0.3244000322924014,2.5527711431285587,2.454342614504965,167.11200256347655,164.61700134277345,161.02400131225585
168.56573486328125,169.8300018310547,169.89999389648438,167.88999938964844,169.22000122070312,15147900,2024-05-06,0,6,5,1.183533230386149,0.3604778430157181,2.274884878990179,2.3495244298138607,167.4980041503906,165.80500183105468,161.70850143432617
171.69227600097656,172.97999572753906,173.47000122070312,170.0,170.1199951171875,21102400,2024-05-07,1,7,5,2.0060130109892746,1.681166642628602,2.0237557104038886,2.3928596342116424,169.16600341796874,167.11100158691406,162.45050125122071
169.88583374023438,171.16000366210938,171.90899658203125,170.52200317382812,170.75,14569900,2024-05-08,2,8,5,0.8103490176018098,0.24011927502745242,1.713517307226788,2.3143667912131844,170.28400268554688,168.11700134277345,163.1255012512207
170.3026885986328,171.5800018310547,172.44000244140625,169.92999267578125,171.14999389648438,11937700,2024-05-09,3,9,5,1.4628801368684374,0.25124624592764616,1.6689217538448815,2.1116840220763144,170.9080017089844,169.4800018310547,163.6650016784668
169.02227783203125,170.2899932861328,171.33999633789062,167.91000366210938,169.69000244140625,18740500,2024-05-10,4,10,5,2.01420683012063,0.35358055047099113,1.4953964451932602,2.0240837941609096,171.16799926757812,169.14000091552734,164.22000122070312
169.6277618408203,170.89999389648438,170.9499969482422,165.75999450683594,165.8470001220703,19648600,2024-05-13,0,13,5,3.036865199977643,3.046780328070359,1.866062839111559,2.070473859050869,171.38199768066406,169.44000091552735,164.9485008239746
170.65008544921875,171.92999267578125,172.77999877929688,170.4199981689453,171.58999633789062,18729500,2024-05-14,1,14,5,1.3726520740345507,0.1981446151564179,1.7393906517206144,1.8815731810622514,171.1719970703125,170.16900024414062,165.74500045776367
172.58558654785156,173.8800048828125,174.04600524902344,172.02999877929688,172.3000030517578,20958200,2024-05-15,2,15,5,1.1594239780964248,0.917006269918675,1.8092056438195372,1.7613614755231626,171.71599731445312,171.0,166.59500045776366
174.12403869628906,175.42999267578125,176.33999633789062,174.0500030517578,174.60000610351562,17247300,2024-05-16,3,16,5,1.3053601902412635,0.4753645723090917,1.7777016544941027,1.723311704169492,172.48599548339843,171.6969985961914,167.49349975585938
175.97018432617188,177.2899932861328,177.4949951171875,174.97999572753906,175.5500030517578,16546400,2024-05-17,4,17,5,1.418579437582479,0.991165026560549,1.6585761759864723,1.576986310589866,173.88599548339843,172.5269973754883,168.57199935913087
177.13150024414062,178.4600067138672,179.9499969482422,177.22500610351562,177.30999755859375,17495100,2024-05-20,0,20,5,1.5269476309589411,0.6485867526411793,1.3565926621827318,1.6113277506471455,175.397998046875,173.38999786376954,169.5974998474121
178.20343017578125,179.5399932861328,179.82000732421875,177.30999755859375,178.39999389648438,14706000,2024-05-21,1,21,5,1.3980226464778789,0.6390131326517399,1.3616667766713975,1.5505287141960058,176.9199981689453,174.0459976196289,170.5784996032715
176.67491149902344,178.0,178.8520050048828,176.77999877929688,178.39999389648438,16189400,2024-05-22,2,22,5,1.1640484413404144,-0.2242118330544727,1.3625916693201954,1.5858986565698665,177.7439971923828,174.72999725341796,171.4234992980957
173.7567901611328,175.05999755859375,179.91000366210938,174.5399932861328,178.77999877929688,14928400,2024-05-23,3,23,5,3.0675256774062185,-2.080770358039576,1.7150247667531864,1.7463632106236442,177.6699981689453,175.07799682617187,172.27899932861328
175.017333984375,176.3300018310547,177.3040008544922,175.1999969482422,176.52000427246094,11403600,2024-05-24,4,24,5,1.1932194660020978,-0.10763790890973397,1.6699527724371102,1.6642644742117914,177.47799987792968,175.68199768066407,172.4109992980957
176.69476318359375,178.02000427246094,178.50999450683594,175.67999267578125,175.74000549316406,15655300,2024-05-28,1,28,5,1.5897100118722325,1.2973703812622008,1.6825052486197685,1.51954895540125,177.38999938964844,176.3939987182617,172.91699981689453
176.07936096191406,177.39999389648438,178.22999572753906,176.25999450683594,176.80999755859375,15023800,2024-05-29,2,29,5,1.1104855064722556,0.33368946668024463,1.6249978206186437,1.4933322986450208,176.96199951171874,176.94099884033204,173.55499954223632
172.26797485351562,173.55999755859375,176.69000244140625,173.22999572753906,176.69000244140625,18826300,2024-05-30,3,30,5,1.99355079657632,-1.7714668852588131,1.790898291665825,1.57674498049301,176.0739990234375,176.90899810791015,173.9544990539551
172.6649627685547,173.9600067138672,174.4199981689453,170.97000122070312,173.39999389648438,28085200,2024-05-31,4,31,5,1.9832127012485175,0.3229601136647829,1.5740356964342848,1.6445302315937353,175.8540008544922,176.76199951171876,174.22949905395507
173.12156677246094,174.4199981689453,175.86000061035156,172.4499969482422,173.8800048828125,20742800,2024-06-03,0,3,6,1.9550531463751102,0.3105551362830616,1.7264024325088871,1.6981776024729984,175.4720001220703,176.475,174.50099868774413
173.82626342773438,175.1300048828125,175.19000244140625,173.22000122070312,174.4499969482422,14066600,2024-06-04,1,4,6,1.1248793272297017,0.3898010584500411,1.6334362955803812,1.6579707721000747,174.8940002441406,176.14199981689453,174.76599884033203
175.75181579589844,177.07000732421875,177.97000122070312,175.2899932861328,176.53500366210938,15233900,2024-06-05,2,5,6,1.5135301427209882,0.3030581193593651,1.7140452228301275,1.6695215217243855,174.8280029296875,175.89500122070314,174.97049942016602
177.02230834960938,178.35000610351562,178.7100067138672,177.2100067138672,177.42999267578125,14255800,2024-06-06,3,6,6,0.8410428644052803,0.5185219329944517,1.4835436363959196,1.6372209640308721,175.78600463867187,175.93000183105468,175.32999954223632
174.64016723632812,175.9499969482422,179.4199981689453,175.7899932861328,178.4600067138672,14716300,2024-06-07,4,7,6,2.063088914903653,-1.4064830612997843,1.4995188791269467,1.5367772877806156,176.1840026855469,176.01900177001954,175.5484992980957
175.5146026611328,176.6300048828125,178.47000122070312,174.3800048828125,176.4499969482422,17099800,2024-06-10,0,10,6,2.3155727933111856,0.10201639993403568,1.5716228085141615,1.6490126205115243,176.62600402832032,176.04900207519532,175.8654998779297
177.06475830078125,178.19000244140625,178.38999938964844,175.44000244140625,177.72000122070312,14402400,2024-06-11,1,11,6,1.6555344900521156,0.26446163486092367,1.6777538410786446,1.6555950683295126,177.23800354003907,176.06600189208984,176.2300003051758
178.4261016845703,179.55999755859375,182.0800018310547,177.77999877929688,179.75,18600400,2024-06-12,2,12,6,2.3947444365244226,-0.10570372261821975,1.8539966998393314,1.7840209613347295,177.73600158691406,176.2820022583008,176.61150054931642
175.62393188476562,176.74000549316406,178.50999450683594,176.66000366210938,177.83999633789062,15956900,2024-06-13,3,13,6,1.0467301048025126,-0.6185283779676947,1.8951341479187782,1.689338892157349,177.41400146484375,176.60000305175782,176.75450057983397
177.24359130859375,178.3699951171875,178.72999572753906,175.8520050048828,175.8520050048828,12361600,2024-06-14,4,14,6,1.613494871021012,1.4318802405663622,1.8052153391422496,1.6523671091345982,177.89800109863282,177.04100189208984,176.9015007019043
177.65101623535156,178.77999877929688,179.9199981689453,176.49000549316406,176.97999572753906,15272900,2024-06-17,0,17,6,1.9185550392667587,1.0170658239414356,1.7258117883333643,1.648717298423763,178.3279998779297,177.477001953125,176.9760009765625
175.33572387695312,176.4499969482422,178.91000366210938,175.6199951171875,178.7899932861328,15640300,2024-06-18,1,18,6,1.864555739202947,-1.3087960320831435,1.7676160381635306,1.7226849396210873,177.97999877929686,177.60900115966797,176.87550048828126
176.58778381347656,177.7100067138672,178.74000549316406,176.4600067138672,176.7100067138672,16753200,2024-06-20,3,20,6,1.282988404230903,0.5658989089504266,1.5452648317048268,1.699630765772079,177.61000061035156,177.67300109863282,176.78400115966798
179.12167358398438,180.25999450683594,182.51199340820312,178.05999755859375,178.49000549316406,58903200,2024-06-21,4,21,6,2.4697636665247673,0.9916460077310398,1.8298715440492779,1.8625028459840276,178.31399841308593,177.86399993896484,176.89700088500976
179.64833068847656,180.7899932861328,182.0800018310547,180.22999572753906,181.27999877929688,18198300,2024-06-24,0,24,6,1.0232901002367183,-0.2703031202910752,1.7118305898924189,1.7585229645173341,178.797998046875,178.3479995727539,177.18350067138672
184.40809631347656,185.5800018310547,185.75,181.10499572753906,181.14500427246094,18797000,2024-06-25,1,25,6,2.5029659589558477,2.4483134803557993,1.8287127738302367,1.7772622810818004,180.15799865722656,179.2429992675781,177.64600067138673
184.1994171142578,185.3699951171875,185.92999267578125,183.99000549316406,184.1999969482422,13375700,2024-06-26,2,26,6,1.0465486506544726,0.6351781695599413,1.665111356120542,1.716363697142036,181.94199829101564,179.96099853515625,178.01350021362305
185.68002319335938,186.86000061035156,187.5,185.4499969482422,185.64500427246094,13025700,2024-06-27,3,27,6,1.0970796559251685,0.6544729510240103,1.627929606459395,1.5865972190821107,183.7719970703125,180.69099884033204,178.48650054931642
182.26173400878906,183.4199981689453,186.5800018310547,183.3249969482422,185.72000122070312,23032400,2024-06-28,4,28,6,1.7746183160542643,-1.238425068188843,1.4889005363652943,1.659386040207286,184.40399780273438,181.35899810791017,178.979500579834
183.32496643066406,184.49000549316406,185.33999633789062,182.72999572753906,184.47999572753906,11815900,2024-07-01,0,1,7,1.4147111131438885,0.005425935525163148,1.5671847389467284,1.6395076644195736,185.1440002441406,181.97099914550782,179.50600051879883
185.4315643310547,186.61000061035156,186.9499969482422,183.05999755859375,183.47000122070312,12555500,2024-07-02,1,2,7,2.0845610508146866,1.7114511193964683,1.4835037573184962,1.6561082655743664,185.35,182.75399932861328,180.11550064086913
186.2066650390625,187.38999938964844,187.6199951171875,185.38499450683594,186.3000030517578,7409100,2024-07-03,2,3,7,1.1927000467640887,0.5850758561650707,1.5127340365404194,1.5889226963304806,185.75400085449218,183.8479995727539,180.72850036621094
190.74781799316406,191.9600067138672,192.25999450683594,187.32000732421875,187.32000732421875,14303400,2024-07-05,4,5,7,2.5734460355487805,2.477044206824846,1.8080073124651421,1.7179684594622686,186.7740020751953,185.27299957275392,181.47300033569337
189.2771453857422,190.47999572753906,191.6790008544922,189.32000732421875,191.36500549316406,12097600,2024-07-08,0,8,7,1.2384468622351932,-0.4624721031644494,1.7007730217013275,1.5948367790333111,188.18600158691407,186.2949996948242,182.07949981689453
189.23741149902344,190.44000244140625,192.86000061035156,190.22999572753906,191.75,10198500,2024-07-09,1,9,7,1.3810149386139021,-0.6831799523305084,1.6940337867953303,1.6306092628710291,189.3760009765625,187.26000061035157,182.80400009155272
191.44337463378906,192.66000366210938,193.30999755859375,190.6199951171875,190.75,12052900,2024-07-10,2,10,7,1.3962433251709188,1.001312535837156,1.5563702416665766,1.5199369994925365,190.58600158691405,187.96800079345704,183.6055000305176
186.1172332763672,187.3000030517578,192.41000366210938,186.82000732421875,191.33999633789062,16452000,2024-07-11,3,11,7,2.9845148141006197,-2.111421220578743,1.9147331951338828,1.713733615837151,190.56800231933593,188.16100158691407,184.06100006103514
185.60052490234375,186.77999877929688,188.69000244140625,186.13999938964844,186.9199981689453,14449100,2024-07-12,4,12,7,1.3652441741211,-0.07489802643904415,1.6730928228483468,1.7405500676567445,189.53200073242186,188.1530014038086,184.4220001220703
187.00160217285156,188.19000244140625,189.89999389648438,186.49000549316406,186.49000549316406,12186000,2024-07-15,0,15,7,1.8119923264159725,0.9115753649889308,1.7878019156845029,1.744287468692915,189.07400207519532,188.6300018310547,184.99449996948243
184.32858276367188,185.5,190.33999633789062,185.1199951171875,188.9600067138672,12760100,2024-07-16,1,16,7,2.8140168305677222,-1.8310788478677948,2.074402294075267,1.8842180404352988,188.08600158691405,188.7310012817383,185.35100021362305
181.46676635742188,182.6199951171875,185.22999572753906,181.6199951171875,184.67999267578125,17376600,2024-07-17,2,17,7,1.9767827767353845,-1.115441650579996,2.1905101843881596,1.8734402130273682,186.0779998779297,188.33200073242188,185.5430000305176
178.08827209472656,179.22000122070312,184.0500030517578,178.2100067138672,183.5399932861328,17877200,2024-07-18,3,18,7,3.2585628267566378,-2.353706125887758,2.2453197869193637,2.080026491026623,184.46199951171874,187.51500091552734,185.68150024414064
178.25717163085938,179.38999938964844,181.97000122070312,178.86000061035156,180.3699951171875,14485900,2024-07-19,4,19,7,1.733653281081968,-0.5433252503568308,2.3190016083115372,1.9960472155799418,182.98399963378907,186.25800018310548,185.7654998779297
182.1921844482422,183.35000610351562,184.3000030517578,181.89999389648438,182.35000610351562,16303900,2024-07-22,0,22,7,1.3089768614015982,0.5483959235144333,2.218398515308662,2.0031002154965827,182.01600036621093,185.5450012207031,185.92000045776368
182.4405975341797,183.60000610351562,185.22000122070312,183.3300018310547,183.83999633789062,23772600,2024-07-23,1,23,7,1.0294113980491024,-0.13054299344844822,1.8614774288049383,1.9679398614401022,181.63600158691406,184.86100158691406,186.0605010986328
173.2688751220703,174.3699951171875,177.9499969482422,173.57000732421875,175.38999938964844,31250700,2024-07-24,2,24,7,2.5118941025833097,-0.5815635304239236,1.9684996939745232,2.0795049391813416,179.98600158691406,183.03200073242186,185.50000076293946
168.09178161621094,169.16000366210938,175.1999969482422,169.0500030517578,174.25,28967900,2024-07-25,3,25,7,3.6356075687777545,-2.9210882857335005,2.0439086423787467,2.144614214649055,177.9740020751953,181.21800079345704,184.68950119018555
167.61480712890625,168.67999267578125,169.83999633789062,165.86500549316406,168.77000427246094,25150100,2024-07-26,4,26,7,2.356527755112527,-0.05333388303668791,2.168483537184858,2.2437425727481974,175.83200073242188,179.40800018310546,183.78050079345704
170.04934692382812,171.1300048828125,172.16000366210938,169.72000122070312,170.5,13768900,2024-07-29,0,29,7,1.4258180165875238,0.3695043300953079,2.191851768222043,2.205125141765353,173.38800048828125,177.7020004272461,183.1660011291504
170.7747344970703,171.86000061035156,172.9499969482422,170.1199951171875,171.8300018310547,13681400,2024-07-30,1,30,7,1.6466902251856672,0.017458405969389537,2.3153075336493565,2.0883924812271473,171.03999938964844,176.33800048828124,182.53450088500978
172.05657958984375,173.14999389648438,175.91000366210938,171.72000122070312,174.9199981689453,15650200,2024-07-31,2,31,7,2.419868662491084,-1.0118936033553982,2.2969024456309115,2.1327010698027173,170.7959991455078,175.39100036621093,181.86150054931642
171.3610076904297,172.4499969482422,175.67999267578125,170.50999450683594,171.97999572753906,17177800,2024-08-01,3,1,8,2.9979694174752556,0.2732883081633104,2.1693748153704115,2.106641728874579,171.45399780273436,174.71399993896483,181.1145004272461
167.33656311035156,168.39999389648438,170.2100067138672,166.38999938964844,168.19000244140625,18907800,2024-08-02,4,2,8,2.2684129825841395,0.12485370832388297,2.151751860864734,2.160117699024796,171.397998046875,173.61499938964843,179.93649978637694
159.62559509277344,160.63999938964844,165.94000244140625,156.60000610351562,157.3699951171875,34907800,2024-08-05,0,5,8,5.8142407702800885,2.077908352240774,3.029436411603247,2.610644089912645,169.29999694824218,171.34399871826173,178.44449996948242
159.5261993408203,160.5399932861328,162.35000610351562,158.1300048828125,160.94500732421875,36146500,2024-08-06,1,6,8,2.628629249523983,-0.2516474694179542,3.2258242164709103,2.770565875060133,167.03599548339844,169.03799743652343,176.94949951171876
159.73487854003906,160.75,164.7899932861328,160.24000549316406,163.24000549316406,19334200,2024-08-07,2,7,8,2.8304745212869364,-1.525364744776571,3.30794538823008,2.802423916930496,164.55599670410157,167.67599792480468,175.35399932861327
162.80538940429688,163.83999633789062,165.5,162.02999877929688,162.343994140625,15733600,2024-08-08,3,8,8,2.1179207142722767,0.9215014113609671,3.1319356475894846,2.650655231479948,162.83399658203126,167.1439971923828,174.1809989929199
164.34559631347656,165.38999938964844,165.52000427246094,160.92999267578125,161.64500427246094,13549200,2024-08-09,4,9,8,2.7752655019158134,2.3168022631093,3.2333061514558197,2.6925290061602767,162.23199768066405,166.81499786376952,173.1114990234375
162.9146728515625,163.9499969482422,166.6999969482422,163.5500030517578,165.9949951171875,12435000,2024-08-12,0,12,8,1.9213137878122712,-1.2319637513779287,2.4547207549622563,2.7420785832827517,162.8939971923828,166.0969970703125,171.8994987487793
164.88217163085938,165.92999267578125,166.5399932861328,164.77000427246094,165.18499755859375,12717600,2024-08-13,1,13,8,1.0667083057915534,0.45100652492562976,2.1423365662157705,2.6840803913433406,163.9719970703125,165.50399627685547,170.92099838256837
161.0067901611328,162.02999877929688,164.9600067138672,159.52999877929688,164.2100067138672,22515900,2024-08-14,2,14,8,3.351236175695215,-1.3275731352772764,2.246488897097426,2.7772171426637535,164.22799682617188,164.39199676513672,169.89149856567383
162.13961791992188,163.1699981689453,163.52000427246094,161.49000549316406,162.2100067138672,18392500,2024-08-15,3,15,8,1.2441005099448648,0.5918201191937046,2.0717248562319432,2.601830251910714,164.0939971923828,163.46399688720703,169.08899841308593
163.69969177246094,164.74000549316406,166.9499969482422,163.0800018310547,163.41000366210938,16853100,2024-08-16,4,16,8,2.3491532039241596,0.8139047801533591,1.9865023966336128,2.6099042740447165,163.96399841308593,163.097998046875,168.35649871826172
167.33656311035156,168.39999389648438,168.47000122070312,166.08999633789062,167.0,13100800,2024-08-19,0,19,8,1.4133046134642326,0.8383196984936379,1.884900561764005,2.1698106583631307,164.85399780273437,163.8739974975586,167.60899810791017
167.89305114746094,168.9600067138672,170.41000366210938,168.66000366210938,168.74000549316406,12622500,2024-08-20,1,20,8,1.0357480649036757,0.1303788156579369,1.8787085135864294,2.0105225399011,165.46000061035156,164.71599884033202,166.87699813842772
166.57144165039062,167.6300048828125,168.63999938964844,166.57000732421875,166.99000549316406,15269600,2024-08-21,2,21,8,1.2348577254273698,0.38325610431495954,1.4554328235328606,1.850960860315143,166.5800018310547,165.40399932861328,166.53999862670898
164.44496154785156,165.49000549316406,169.4199981689453,165.02999877929688,169.0399932861328,19123800,2024-08-22,3,22,8,2.652727804658739,-2.1000875141776127,1.7371582824756353,1.9044415693537893,167.04400329589845,165.56900024414062,166.35649871826172
166.37269592285156,167.42999267578125,167.9499969482422,165.66000366210938,166.5500030517578,14281600,2024-08-23,4,23,8,1.367731820049264,0.5283636192729267,1.540874005700656,1.7636882011671347,167.58200073242188,165.77299957275392,166.29399871826172
166.8695526123047,167.92999267578125,169.3800048828125,166.32000732421875,168.15499877929688,11990300,2024-08-26,0,26,8,1.8221864420024243,-0.13380875094349418,1.6226503714082945,1.7537754665861498,167.48800048828124,166.1709991455078,166.13399810791014
165.32933044433594,166.3800048828125,168.2449951171875,166.16000366210938,167.61000061035156,13718200,2024-08-27,1,27,8,1.253150254771696,-0.7338438774894308,1.6661308093818985,1.7724196614841639,166.9720001220703,166.21600036621095,165.8599983215332
163.46121215820312,164.5,167.38999938964844,163.27999877929688,166.77999877929688,15208700,2024-08-28,2,28,8,2.4984806141954787,-1.367069670215096,1.9188553871355203,1.6871441053341905,166.34599914550782,166.46300048828124,165.427498626709
162.36813354492188,163.39999389648438,167.6300048828125,161.98199462890625,166.05999755859375,17133800,2024-08-29,3,29,8,3.4565547520670807,-1.601832892458523,2.079620776617189,1.9083895295464122,165.92799682617186,166.48600006103516,164.9749984741211
164.06735229492188,165.11000061035156,165.27999877929688,163.41000366210938,164.22000122070312,18498800,2024-08-30,4,30,8,1.1325753196504202,0.5419555371043535,2.03258947653742,1.7867317411190382,165.46399841308593,166.52299957275392,164.81049880981445
157.6083984375,158.61000061035156,163.3800048828125,157.85499572753906,163.31500244140625,26533100,2024-09-03,1,3,9,3.4833926826886676,-2.880936693334549,2.3648307246746687,1.9937405480414814,163.6,165.54400024414062,164.7089988708496
156.81346130371094,157.80999755859375,160.39999389648438,157.44000244140625,158.0749969482422,17410700,2024-09-04,2,4,9,1.8756678923203842,-0.16764155923735688,2.4893342521844066,2.0777325307831527,161.88599853515626,164.4289993286133,164.57249908447267
157.59848022460938,158.60000610351562,161.01499938964844,157.52000427246094,157.77999877929688,14139500,2024-09-05,3,5,9,2.2036538352377955,0.5197156360520567,2.43036889639287,2.1746121417641953,160.70599975585938,163.5259994506836,164.46499938964843
151.1693115234375,152.1300048828125,159.22000122070312,151.93499755859375,158.69000244140625,24999100,2024-09-06,4,6,9,4.788669840457245,-4.13384426093,2.6967919140709027,2.388206345344046,158.452001953125,162.18999938964845,163.87949981689454
148.79127502441406,149.5399932861328,154.63999938964844,148.1999969482422,153.6300048828125,28057700,2024-09-09,0,9,9,4.306541882133043,-2.6622479116625097,3.3315852265674275,2.6820873515524233,155.33800048828124,160.4009994506836,163.08699951171874
149.2589111328125,150.00999450683594,152.3000030517578,149.54299926757812,151.4499969482422,20401800,2024-09-10,1,10,9,1.8378800647539864,-0.9508104789849344,3.0024827029804912,2.6836567138275798,153.6179992675781,158.60899963378907,162.38999938964844
151.38821411132812,152.14999389648438,152.47999572753906,148.6999969482422,151.08999633789062,18991500,2024-09-11,2,11,9,2.484389701565553,0.7015670026380971,3.1242270648295247,2.8067806585069652,152.48599853515626,157.18599853515624,161.70099945068358
154.76123046875,155.5399932861328,155.61000061035156,153.5,154.80999755859375,20980800,2024-09-12,3,12,9,1.3565646788154258,0.4715430134043945,2.954809233545051,2.6925890649689603,151.87399597167968,156.28999786376954,161.3764991760254
157.5770721435547,158.3699951171875,159.27499389648438,156.11000061035156,156.36199951171875,16733900,2024-09-13,4,13,9,1.998480383731049,1.2841966793333686,2.3967713421998114,2.5467816281353572,153.1219940185547,155.78699798583983,161.1364990234375
158.19400024414062,158.99000549316406,159.24000549316406,157.61000061035156,158.3300018310547,14157600,2024-09-16,0,16,9,1.0252247477798746,0.41685318921023506,1.7405079153291776,2.536046570948302,155.01199645996093,155.17499847412108,160.8489990234375
159.47750854492188,160.27999877929688,161.58999633789062,159.41000366210938,160.08999633789062,12064800,2024-09-17,1,17,9,1.360115231085737,0.11868476841315262,1.6449549485955277,2.323718825788009,157.0659973144531,155.3419982910156,160.44299926757813
160.00485229492188,160.80999755859375,161.6300048828125,159.66000366210938,160.85000610351562,16756500,2024-09-18,2,18,9,1.2250489712154387,-0.02487320074835891,1.3930868025255052,2.2586569336775146,158.797998046875,155.64199829101562,160.03549880981444
162.4226837158203,163.24000549316406,164.99000549316406,162.52200317382812,164.82000732421875,17548200,2024-09-19,3,19,9,1.5118857120102762,-0.958622594856857,1.4241510091644751,2.1894801213547628,160.33800048828124,156.10599822998046,159.81599884033204
163.815673828125,164.63999938964844,164.75,163.17999267578125,164.52000427246094,46362700,2024-09-20,4,20,9,0.9536001761656121,0.07293649043965289,1.2151749676513877,1.8059731549255997,161.59200134277344,157.35699768066405,159.77349853515625
162.25355529785156,163.07000732421875,166.61000061035156,162.9499969482422,165.33999633789062,15648400,2024-09-23,0,23,9,2.244437050175934,-1.372921896667338,1.4590174281305994,1.5997626717298885,162.4080017089844,158.70999908447266,159.5554992675781
162.82069396972656,163.63999938964844,164.5500030517578,162.02999877929688,164.25,18774100,2024-09-24,1,24,9,1.5399683951724263,-0.3713854553129756,1.4949880609479373,1.5699715047717326,163.0800018310547,160.0729995727539,159.34099960327148
162.17396545410156,162.99000549316406,164.2169952392578,162.77499389648438,162.97000122070312,13607900,2024-09-25,2,25,9,0.8847176478154768,0.012274818869177395,1.426921796267945,1.410004299396725,163.51600341796876,161.15700073242186,159.17149963378907
163.00973510742188,163.8300018310547,165.5,163.5,165.02999877929688,18234500,2024-09-26,3,26,9,1.2207776217096344,-0.727138676070043,1.3687001782078165,1.3964255936861458,163.63400268554688,161.98600158691406,159.13799972534179
164.46241760253906,165.2899932861328,166.97000122070312,163.8300018310547,163.91000366210938,13604300,2024-09-27,4,27,9,1.8996911592904464,0.8419190977923491,1.5579183748327836,1.3865466712420855,163.76400146484374,162.6780014038086,159.2324996948242
166.35292053222656,167.19000244140625,167.36000061035156,164.63999938964844,164.77999877929688,14070100,2024-09-30,0,30,9,1.6268922668724657,1.462558368711537,1.43440941817209,1.4467134231513448,164.58800048828124,163.4980010986328,159.33649978637695
167.57676696777344,168.4199981689453,170.44000244140625,165.89999389648438,168.86000061035156,18629500,2024-10-01,1,1,10,2.6956469506475744,-0.2605723320003806,1.6655451292671195,1.5802665951075283,165.54400024414062,164.31200103759767,159.82699966430664
166.47230529785156,167.30999755859375,168.8800048828125,166.25,167.75999450683594,12745000,2024-10-02,2,2,10,1.5719352825233557,-0.2682385330096389,1.802988656208695,1.6149552262383202,166.40799865722656,164.96200103759764,160.30199966430663
166.37281799316406,167.2100067138672,167.91000366210938,165.3699951171875,165.82000732421875,11004300,2024-10-03,3,3,10,1.5190529531335908,0.8382579473239609,1.8626437224934864,1.6156719503506516,167.08399963378906,165.35900115966797,160.7324996948242
167.71604919433594,168.55999755859375,169.5500030517578,166.9600067138672,169.33999633789062,11422100,2024-10-04,4,4,10,1.5365427001684115,-0.4606110760393034,1.7900140306690797,1.6739662027509314,167.73800048828124,165.7510009765625,161.5539993286133
163.5669403076172,164.38999938964844,169.89999389648438,164.1300048828125,169.13999938964844,14034700,2024-10-07,0,7,10,3.5099391903977395,-2.8083244750742886,2.166623415374134,1.8005164167731125,167.1779998779297,165.88300018310548,162.29649963378907
164.870361328125,165.6999969482422,166.10000610351562,164.30999755859375,165.42999267578125,11723900,2024-10-08,1,8,10,1.080270716891443,0.16321361567736187,1.8435481686229078,1.7545466489450139,166.63399963378907,166.08899993896483,163.08099975585938
162.24359130859375,163.05999755859375,166.25999450683594,161.1199951171875,164.85499572753906,19666400,2024-10-09,2,9,10,3.1522135818758596,-1.0888345609568066,2.1596038284934087,1.981296242351052,165.78399963378905,166.09599914550782,163.62649993896486
162.3629913330078,163.17999267578125,164.31100463867188,161.63999938964844,162.11000061035156,12900500,2024-10-10,3,10,10,1.6368460405133116,0.6600407509722525,2.1831624459693533,2.02290308423142,164.97799682617188,166.03099822998047,164.00849990844728
163.6962890625,164.52000427246094,165.27000427246094,162.5,163.3300018310547,10946000,2024-10-11,4,11,10,1.6836884272586963,0.7285877842805419,2.21259159138741,2.001302811028245,164.1699981689453,165.9539993286133,164.31600036621094
165.5171356201172,166.35000610351562,167.6199951171875,164.77999877929688,164.91000366210938,9981800,2024-10-14,0,14,10,1.707241499061541,0.8732050266378794,1.8520520531201705,2.0093377342471523,164.56199951171874,165.86999969482423,164.68400039672852
166.06434631347656,166.89999389648438,169.08999633789062,166.0500030517578,167.13999938964844,14829300,2024-10-15,1,15,10,1.821446013963484,-0.14359548524620067,2.0002871125345782,1.9219176405787433,164.8019989013672,165.71799926757814,165.0150001525879
165.90518188476562,166.74000549316406,167.27999877929688,165.21600341796875,166.02999877929688,9968500,2024-10-16,2,16,10,1.2378525208893219,0.42763760711159016,1.6174149003372709,1.8885093644153401,165.53800048828126,165.66100006103517,165.3115005493164
163.6863250732422,164.50999450683594,167.92999267578125,164.3699951171875,167.3800048828125,15113400,2024-10-17,3,17,10,2.1640007765277876,-1.7146673988843162,1.722845847540166,1.9530041467547599,165.8040008544922,165.39099884033203,165.375
164.2236328125,165.0500030517578,166.3699951171875,164.75,164.8699951171875,13091300,2024-10-18,4,18,10,0.9815177747555011,0.10918174313183254,1.582411717039527,1.8975016542134686,165.91000061035157,165.03999938964844,165.39550018310547
164.96987915039062,165.8000030517578,166.22000122070312,164.30499267578125,164.5800018310547,11384000,2024-10-21,0,21,10,1.1550111638562917,0.7412815695284081,1.4719656499984772,1.6620088515593239,165.8,165.18099975585938,165.53199996948243
165.9847869873047,166.82000732421875,167.47000122070312,164.6699981689453,164.6999969482422,11958600,2024-10-22,1,22,10,1.6784575763241265,1.2871951519481732,1.4433679624706057,1.7218275375025922,165.78400268554688,165.29300079345703,165.69100036621094
163.65647888183594,164.47999572753906,167.60000610351562,163.63299560546875,166.42999267578125,12754300,2024-10-23,2,23,10,2.4118498304305795,-1.1716619804465986,1.6781674243788571,1.647791162358064,165.33200073242188,165.43500061035155,165.7654998779297
163.70623779296875,164.52999877929688,165.0500030517578,162.77000427246094,164.58999633789062,12764400,2024-10-24,3,24,10,1.3857647822360355,-0.03645273706099344,1.5225202255205068,1.6226830365303364,165.33600158691405,165.57000122070312,165.8004997253418
166.15391540527344,166.99000549316406,167.39999389648438,165.22999572753906,165.36500549316406,14566400,2024-10-25,4,25,10,1.2994778714670705,0.9826746566807179,1.5861122448628209,1.584261980951174,165.7240020751953,165.81700134277344,165.88550033569337
167.4971466064453,168.33999633789062,170.6060028076172,165.7899932861328,170.58999633789062,20858300,2024-10-28,0,28,10,2.860882515298219,-1.3189519012260165,1.9272865151512062,1.6996260825748415,166.23200073242188,166.01600036621093,165.94300003051757
170.2831268310547,171.13999938964844,171.86000061035156,168.66000366210938,169.38499450683594,28916100,2024-10-29,1,29,10,1.8698124106898542,1.0361041058697043,1.9655574820243515,1.7044627222474786,167.09599914550782,166.44000091552735,166.07900009155273
175.25808715820312,176.13999938964844,183.7899932861328,175.7449951171875,182.41000366210938,49698300,2024-10-30,2,30,10,4.567388552754877,-3.4373138241229895,2.396665226489211,2.0374163254340343,169.4279998779297,167.38000030517577,166.52050018310547
171.82537841796875,172.69000244140625,178.4199981689453,172.55999755859375,174.72000122070312,32801900,2024-10-31,3,31,10,3.3933641366064964,-1.1618582675790035,2.7981850973633033,2.160352661441905,171.06000061035155,168.1980010986328,166.79449996948242
171.7855682373047,172.64999389648438,173.82000732421875,170.30999755859375,171.5399932861328,21752900,2024-11-01,4,1,11,2.0330204979500284,0.647079779524099,2.9448936226598947,2.2655029337613577,172.19199829101564,168.95800018310547,166.99899978637694
169.825439453125,170.67999267578125,171.9199981689453,169.48500061035156,171.24000549316406,16194000,2024-11-04,0,4,11,1.4266449865739101,-0.32703387025128794,2.6580461169150333,2.2926663160331198,172.65999755859374,169.4459991455078,167.3134994506836
170.55178833007812,171.41000366210938,172.0970001220703,170.3699951171875,170.8300018310547,12518300,2024-11-05,1,5,11,1.0075287136024789,0.33951988809804645,2.4855893774975586,2.225573429760955,172.71399841308593,169.90499877929688,167.59899978637696
177.4371337890625,178.3300018310547,178.63999938964844,175.0399932861328,175.35000610351562,27061500,2024-11-06,2,6,11,2.018732723911582,1.6994557307171465,1.9758582117288992,2.186261719109055,173.1519989013672,171.28999938964844,168.3625
181.3673553466797,182.27999877929688,182.5800018310547,178.88999938964844,179.11000061035156,16730400,2024-11-07,3,7,11,2.0243594832771943,1.7698610675802233,1.7020572810630388,2.250121189213171,175.06999816894532,173.06499938964845,169.31750030517577
178.95948791503906,179.86000061035156,182.35000610351562,179.57000732421875,182.0,15021500,2024-11-08,4,8,11,1.5456459300917385,-1.1758238404661745,1.6045823674913806,2.274737995075638,176.51199951171876,174.35199890136718,170.08450012207032
181.0589141845703,181.97000122070312,182.0850067138672,179.99000549316406,180.07000732421875,12503400,2024-11-11,0,11,11,1.1512893370606694,1.0551417888618215,1.5495112375887325,2.1037786772518827,178.77000122070314,175.71499938964843,170.8654998779297
182.40216064453125,183.32000732421875,184.02499389648438,180.99000549316406,181.3800048828125,14065800,2024-11-12,1,12,11,1.655568558838561,1.0695789994380378,1.6791192066359488,2.0823542920667535,181.152001953125,176.93300018310546,171.6865005493164
179.58633422851562,180.49000549316406,182.61500549316406,180.1199951171875,182.14999389648438,13969700,2024-11-13,2,13,11,1.3823537592340864,-0.9113304743033271,1.55184341370045,1.7638508127146746,181.58400268554686,177.36800079345704,172.3740005493164
176.46205139160156,177.35000610351562,180.44500732421875,176.02999877929688,179.75,17925800,2024-11-14,3,14,11,2.489432417806021,-1.3351843652207926,1.6448580006062152,1.6734576408346271,180.59800415039064,177.83400115966796,173.0160011291504
173.01937866210938,173.88999938964844,175.8800048828125,172.7449951171875,175.63999938964844,21708900,2024-11-15,4,15,11,1.802869501770569,-0.9963561865641515,1.6963027149419811,1.650442541216681,179.40400390625,177.95800170898437,173.45800094604493
175.91477966308594,176.8000030517578,176.91000366210938,174.4199981689453,174.9550018310547,18662800,2024-11-18,0,18,11,1.4083741234071805,1.0545575727436192,1.7477196722112835,1.648615454900008,178.37000427246093,178.57000274658202,174.00800094604492
178.68087768554688,179.5800018310547,180.1699981689453,175.11599731445312,175.23500061035156,15392900,2024-11-19,1,19,11,2.8143450289341745,2.47952817962695,1.9794749662304063,1.8292970864331775,177.62200317382812,179.38700256347656,174.64600067138673
176.44215393066406,177.3300018310547,179.11000061035156,175.3300018310547,178.8300018310547,15729800,2024-11-20,2,20,11,2.131618305005232,-0.8387854300963933,2.1293278753846354,1.8405856445425428,176.99000244140626,179.28700256347656,175.2885009765625
168.3926544189453,169.24000549316406,175.5800018310547,165.30999755859375,175.4550018310547,38839400,2024-11-21,3,21,11,6.068307692696076,-3.5422166783680717,2.8451029303626463,2.244980465484431,175.36800231933594,177.98300323486328,175.52400131225585
165.73602294921875,166.57000732421875,168.26499938964844,165.7100067138672,167.16000366210938,24497000,2024-11-22,4,22,11,1.53388519147274,-0.35295305393939824,2.7913060683030806,2.2438043916225308,173.90400390625,176.65400390625,175.50300140380858
168.58169555664062,169.42999267578125,170.4600067138672,167.39999389648438,167.99000549316406,21395700,2024-11-25,0,25,11,1.806063241257649,0.8571862227100078,2.8708438918731742,2.309281782042229,172.43000183105468,175.4000030517578,175.55750122070313
169.7657470703125,170.6199951171875,171.4949951171875,169.42999267578125,169.49000549316406,14937500,2024-11-26,1,26,11,1.2102933422240094,0.6666998568650189,2.5500335545311414,2.2647542603807738,170.63800048828125,174.1300018310547,175.53150100708007
169.96475219726562,170.82000732421875,171.13999938964844,169.6699981689453,170.67999267578125,12433400,2024-11-27,2,27,11,0.8605556478598213,0.08203342772779922,2.2958210231020595,2.2125744492433475,169.33600158691405,173.16300201416016,175.2655014038086
169.6363983154297,170.49000549316406,170.8699951171875,168.75,170.05999755859375,9250700,2024-11-29,4,29,11,1.2434717865455773,0.2528566039889271,1.3308538418719595,2.087978386117303,169.58600158691405,172.477001953125,175.15550155639647
172.11392211914062,172.97999572753906,173.60000610351562,170.27000427246094,170.32000732421875,16593400,2024-12-02,0,2,12,1.9250791497878033,1.5617592114453098,1.4090926335349718,2.100199350919026,170.8679992675781,172.38600158691406,175.17200164794923
172.15371704101562,173.02000427246094,174.32000732421875,172.50999450683594,173.1199951171875,15721500,2024-12-03,1,3,12,1.0461292178287773,-0.057758114340794205,1.2571058288491979,2.063974860361186,171.58600158691405,172.00800170898438,175.28900222778321
175.20834350585938,176.08999633789062,176.42999267578125,172.75,172.77999877929688,18239800,2024-12-04,2,4,12,2.0898363066121535,1.9157295879031837,1.4330144217268266,1.9915239881289843,172.68000183105468,171.65900115966798,175.52300186157225
173.437255859375,174.30999755859375,177.7100067138672,174.00999450683594,177.32000732421875,16145500,2024-12-05,3,5,12,2.1226620726602343,-1.6975014895647855,1.6854357066869092,1.9906283648944842,173.37799987792968,171.35700073242188,175.3220016479492
175.60635375976562,176.49000549316406,176.83900451660156,173.5500030517578,173.8800048828125,13319500,2024-12-06,4,6,12,1.8635624468667955,1.501035505554873,1.8094538387511527,1.570153840311556,174.5779998779297,172.08200073242188,175.0325019836426
176.41322326660156,177.10000610351562,178.0399932861328,175.39999389648438,175.71499633789062,19887800,2024-12-09,0,9,12,1.4906828338025848,0.7882137520930197,1.722574575554109,1.5658336045445407,175.402001953125,173.13500061035157,174.89450225830078
185.806640625,186.52999877929688,188.02999877929688,182.6699981689453,184.53500366210938,34317400,2024-12-10,1,10,12,2.873532753674404,1.0810930596345893,2.0880552827232344,1.672580555786216,178.1040008544922,174.84500122070312,175.12250213623048
195.94717407226562,196.7100067138672,196.88999938964844,186.25999450683594,186.6999969482422,41664500,2024-12-11,2,11,12,5.4038963550414705,5.361547899971321,2.750867292409098,2.091940857067962,182.2280029296875,177.4540023803711,175.7920021057129
192.87911987304688,193.6300048828125,196.7050018310547,193.27999877929688,196.3000030517578,25197800,2024-12-12,3,12,12,1.7688390050037288,-1.36016206186269,2.680102678877797,2.182769192782353,186.09200439453124,179.73500213623046,176.44900207519532
190.63783264160156,191.3800048828125,194.33999633789062,191.25999450683594,192.7100067138672,18883200,2024-12-13,4,13,12,1.6093644855640281,-0.6901571193598958,2.629263086617243,2.219358462684198,189.07000427246095,181.82400207519532,177.15050201416017
197.3915557861328,198.16000366210938,200.63999938964844,194.11000061035156,194.36500549316406,32248600,2024-12-16,0,16,12,3.2953162387054853,1.9525110290899483,2.9901897675978235,2.3563821715759667,193.2820037841797,184.34200286865234,178.3640022277832
196.35557556152344,197.1199951171875,202.8800048828125,196.69000244140625,198.52999877929688,24129500,2024-12-17,1,17,12,3.140220472167882,-0.7102219668458554,3.0435273112965193,2.5657912970098766,195.4000030517578,186.752001953125,179.3800018310547
189.41259765625,190.14999389648438,198.69000244140625,189.27999877929688,196.8300018310547,27638400,2024-12-18,2,18,12,4.948726775785268,-3.3937955964172426,2.9524933954452783,2.851680343927188,194.08800048828124,188.1580017089844,179.90850143432618
188.96432495117188,189.6999969482422,194.60000610351562,189.52000427246094,193.27999877929688,26981200,2024-12-19,3,19,12,2.6779135017280558,-1.8522360583945525,3.1343082947901437,2.9072054868339703,193.3019989013672,189.6970016479492,180.52700119018556
192.2117156982422,192.9600067138672,194.13499450683594,186.3699951171875,187.00999450683594,45319700,2024-12-20,4,20,12,4.0241496265922345,3.181654661143661,3.6172653229957854,3.1232642048065142,193.6179992675781,191.34400177001953,181.7130012512207
195.22996520996094,195.99000549316406,196.49000549316406,191.6300048828125,194.02999877929688,15235900,2024-12-23,0,23,12,2.4797185948959397,1.0101565356894293,3.454145794233876,3.22216778091585,193.18399963378906,193.23300170898438,183.18400115966796
196.80381774902344,197.57000732421875,197.6699981689453,195.197998046875,196.1699981689453,6809800,2024-12-24,1,24,12,1.2512021209847306,0.7136713913142433,3.0763421239972457,3.0599347176468825,193.2740020751953,194.33700256347657,184.59100189208985
196.3356475830078,197.10000610351562,198.16000366210938,195.8699951171875,196.74000549316406,7907900,2024-12-26,3,26,12,1.1618510776296869,0.18298292177493666,2.3189669843661296,2.635730189905704,194.66400451660155,194.3760025024414,185.91500244140624
193.28750610351562,194.0399932861328,196.8000030517578,191.9720001220703,196.47000122070312,14693000,2024-12-27,4,27,12,2.488148369788949,-1.2368340812705452,2.2810139579783084,2.707661126384226,195.5320037841797,194.41700134277343,187.07600173950195
191.94276428222656,192.69000244140625,193.77999877929688,190.36000061035156,190.86500549316406,12209500,2024-12-30,0,30,12,1.7748705826008155,0.9561715850041199,1.8311581491800244,2.724211736087905,195.4780029296875,194.54800109863282,188.18600158691407
189.70147705078125,190.44000244140625,193.25,189.5800018310547,192.44500732421875,14355200,2024-12-31,1,31,12,1.927115165877233,-1.0418586123331322,1.720637463376283,2.5873916288050793,194.36800231933594,193.7760009765625,189.05900192260742
189.8907470703125,190.6300048828125,193.1999969482422,188.7100067138672,191.48500061035156,17545200,2025-01-02,3,2,1,2.3553428732980244,-0.44650793786134385,1.941465613838942,2.508903868918094,192.9800018310547,193.127001953125,189.939501953125
192.3810577392578,193.1300048828125,194.5,191.35000610351562,192.72500610351562,12875000,2025-01-03,4,3,1,1.631022532410606,0.21014334750070982,2.0352999047951257,2.1771334445806274,192.18600158691407,193.4250030517578,190.7915023803711
197.19232177734375,197.9600067138672,199.55999755859375,195.05999755859375,195.14999389648438,19483300,2025-01-06,0,6,1,2.2731864252279665,1.439924624785466,1.992307515882929,2.1366607369306188,192.97000427246093,194.25100402832032,191.97400283813477
195.94717407226562,196.7100067138672,202.13999938964844,195.94000244140625,198.27000427246094,16966800,2025-01-07,1,7,1,3.1518462389463764,-0.786804622473309,2.267702647152041,2.049430398166033,193.7740051269531,194.62600402832032,192.98500289916993
194.63229370117188,195.38999938964844,197.63999938964844,193.75,193.9499969482422,14335300,2025-01-08,2,8,1,1.990889708685124,0.7424606672154429,2.2804575557136197,2.000547509544951,194.76400451660157,194.56600341796874,193.89950256347657
192.42088317871094,193.1699981689453,197.6199951171875,191.60000610351562,195.4199981689453,20753800,2025-01-10,4,10,1,3.1164202882099885,-1.1513662987832087,2.432673038696012,2.187069326267477,195.27200317382812,194.1260025024414,194.23150253295898
191.54429626464844,192.2899932861328,192.49000549316406,188.66000366210938,191.35000610351562,13169100,2025-01-13,0,13,1,1.9917842658382847,0.49123969304117904,2.5048253853815483,2.2700626450883368,195.1040008544922,193.64500122070314,194.01050186157227
190.3091278076172,191.0500030517578,193.27000427246094,189.63999938964844,192.5,13651200,2025-01-14,1,14,1,1.9000286965863522,-0.7532451679180194,2.430193839653225,2.211250677768077,193.7220001220703,193.34600219726562,193.88150177001953
196.2161102294922,196.97999572753906,197.8000030517578,193.3300018310547,194.35000610351562,12894900,2025-01-15,2,15,1,2.2692665842505093,1.3532233297809313,2.2536779087140517,2.2606902779330467,193.7759979248047,193.7750015258789,194.16150131225587
193.65609741210938,194.41000366210938,196.97999572753906,194.3000030517578,195.8249969482422,13449600,2025-01-16,3,16,1,1.3785261176370123,-0.7225805224992826,2.131205190504429,2.2058313731090244,193.5799987792969,194.17200164794923,193.97400131225587
196.78392028808594,197.5500030517578,198.80999755859375,195.30999755859375,198.0500030517578,22109100,2025-01-17,4,17,1,1.7717033388670742,-0.25246149573112175,1.8622618006358465,2.1474674196659294,194.45599975585938,194.86400146484374,193.99550170898436
198.8558349609375,199.6300048828125,203.83999633789062,199.44000244140625,200.50999450683594,19005200,2025-01-21,1,21,1,2.204074432131219,-0.4388756910536129,1.9047198338944333,2.204772609637991,195.92400207519532,195.51400146484374,194.4695022583008
199.25428771972656,200.02999877929688,202.1199951171875,199.1999969482422,200.5500030517578,15477400,2025-01-22,2,22,1,1.4597801263634924,-0.25928908728400024,1.8166701198498614,2.123431979751543,197.72000122070312,195.72100067138672,194.98600234985352
198.8060302734375,199.5800018310547,201.94000244140625,196.82000732421875,199.97999572753906,15170800,2025-01-23,3,23,1,2.5653848432778337,-0.20001695421043167,1.8758937716553263,2.064785840184689,198.24000244140626,196.00800018310548,195.3170021057129
201.11703491210938,201.89999389648438,202.57000732421875,199.78399658203125,199.85000610351562,12732400,2025-01-24,4,24,1,1.379896397429268,1.0257631875712452,1.8761678276137776,2.0036865090591034,199.73800048828124,196.65899963378905,195.6125015258789
193.01856994628906,193.77000427246094,198.6699981689453,192.6999969482422,194.19000244140625,24970200,2025-01-27,0,27,1,3.080972848774198,-0.2162820761444917,2.138021729595202,2.0001417651155244,198.98200073242188,196.71900024414063,195.42250137329103
196.3057861328125,197.07000732421875,197.22999572753906,192.61000061035156,194.64999389648438,15939200,2025-01-28,1,28,1,2.3443420842760228,1.2432640655623897,2.166075260024163,2.035397546959298,198.47000122070312,197.1970016479492,195.42100143432617
196.4153289794922,197.17999267578125,198.4600067138672,195.19000244140625,197.3699951171875,12287800,2025-01-29,2,29,1,1.6583854315471724,-0.09626713589035504,2.205796321060899,2.01123322045538,197.9,197.81000061035155,195.5780014038086
201.84420776367188,202.6300048828125,203.23800659179688,199.4720001220703,199.75999450683594,14571500,2025-01-30,3,30,1,1.8585630849214885,1.436729302612365,2.06443196938963,1.970162870522478,198.51000061035157,198.3750015258789,196.07500152587892
204.8026885986328,205.60000610351562,207.0800018310547,203.5800018310547,203.71499633789062,17060300,2025-01-31,4,31,1,1.7023345798140774,0.9253171339916676,2.128919605866592,2.0025437167401847,199.2500030517578,199.49400177001954,196.83300170898437
201.85415649414062,202.63999938964844,205.22000122070312,201.66000366210938,202.21499633789062,16719500,2025-02-03,0,3,2,1.7568089070847122,0.21017385429103128,1.8640868175286947,2.0010542735619485,201.0240020751953,200.00300140380858,197.43350143432616
206.90451049804688,207.7100067138672,208.6999969482422,204.25999450683594,204.5,28285400,2025-02-04,1,4,2,2.1375967925910357,1.5696854346538816,1.8227377591916973,1.9944065096079302,203.152001953125,200.81100158691407,198.1625015258789
192.55038452148438,193.3000030517578,194.5500030517578,189.91000366210938,193.10000610351562,43666400,2025-02-05,2,5,2,2.4004135108089137,0.1035716944177488,1.9711433750440457,2.088469848052472,202.37600402832032,200.13800201416015,197.92950134277345
192.56031799316406,193.30999755859375,193.8300018310547,190.49000549316406,190.99000549316406,20816600,2025-02-06,3,6,2,1.7277928612451854,1.2147190945615869,1.9449893303087848,2.0047106498492075,200.51200256347656,199.51100158691406,197.75950088500977
186.41427612304688,187.13999938964844,193.01499938964844,185.10000610351562,192.74000549316406,29565700,2025-02-07,4,7,2,4.22945031096897,-2.9054715906990265,2.4504124765397632,2.2896660412031777,196.82000122070312,198.03500213623047,197.34700088500978
187.47015380859375,188.1999969482422,189.99000549316406,187.61000061035156,189.05999755859375,16606000,2025-02-10,0,10,2,1.2646147297584902,-0.45488237673600407,2.3519736410745193,2.108030229301607,193.93200073242187,197.4780014038086,197.0985008239746
186.34454345703125,187.07000732421875,188.8000030517578,186.0800018310547,186.8350067138672,13028100,2025-02-11,1,11,2,1.4540017716410192,0.12577975320838009,2.2152546368845156,2.0189961980381064,189.8040008544922,196.4780014038086,196.8375015258789
184.7108917236328,185.42999267578125,186.8300018310547,183.6300048828125,185.22999572753906,17632300,2025-02-12,2,12,2,1.725717022400624,0.10797222526332595,2.0803153392028575,2.025729357123452,188.22999877929686,195.3030014038086,196.55650100708007
187.15142822265625,187.8800048828125,187.99000549316406,184.8800048828125,185.92999267578125,12729300,2025-02-13,3,13,2,1.655312183056085,1.0487884063071087,2.0658192035650376,2.005404266936911,187.1440002441406,193.8280014038086,196.10150146484375
186.14532470703125,186.8699951171875,188.14999389648438,186.11000061035156,186.8300018310547,12714200,2025-02-14,4,14,2,1.0916644402187297,0.021406244040492673,1.4382620294149897,1.9443372529773764,187.08999938964843,191.9550003051758,195.72450103759766
185.07945251464844,185.8000030517578,187.77999877929688,183.5800018310547,187.44000244140625,19796000,2025-02-18,1,18,2,2.260493476457159,-0.8749463125733267,1.6374377787547232,1.994705709914621,186.61000061035156,190.27100067138673,195.13700103759766
186.40432739257812,187.1300048828125,187.36000061035156,185.5,186.18499755859375,13120500,2025-02-19,2,19,2,0.9939617174254666,0.5075636257541908,1.5454297679116127,1.880342202398064,186.62200012207032,188.21300048828124,194.51200103759766
185.9162139892578,186.63999938964844,187.1199951171875,184.60000610351562,186.5,12063800,2025-02-20,3,20,2,1.3501870027393714,0.07506669686243297,1.4703237639793625,1.7753195515911098,186.86400146484374,187.5470001220703,193.84250106811524
180.87582397460938,181.5800018310547,187.47000122070312,181.1300048828125,187.2899932861328,19520800,2025-02-21,4,21,2,3.49157190987886,-3.048743477904166,1.8375757093439173,1.9516974564544776,185.6040008544922,186.3740005493164,192.94250106811523
180.4873504638672,181.19000244140625,185.08999633789062,180.8800048828125,183.8000030517578,18734000,2025-02-24,0,24,2,2.3235230412006667,-1.420022071281789,2.083947429540305,1.7611047294776472,184.46800231933594,185.77900085449218,191.90700149536133
176.68215942382812,177.3699951171875,180.75999450683594,176.77000427246094,180.15499877929688,20832500,2025-02-25,1,25,2,2.249529426743702,-1.5458930815021177,2.0817546195976133,1.8595961991761683,182.78200073242186,184.6960006713867,191.08700103759764
174.0225067138672,174.6999969482422,178.0800018310547,173.58999633789062,176.94500732421875,23637200,2025-02-26,2,26,2,2.570123395305097,-1.2687616395205767,2.3969869551735394,1.9712083615425762,180.2959991455078,183.45899963378906,189.96850051879883
169.54994201660156,170.2100067138672,176.58999633789062,169.7519989013672,175.94000244140625,25930500,2025-02-27,3,27,2,4.017388618060808,-3.2567896146570408,2.930427278237827,2.2003755211085947,177.01000061035157,181.93700103759767,188.62000122070313
171.55213928222656,172.22000122070312,172.5,168.38999938964844,170.3000030517578,30049800,2025-02-28,4,28,2,2.3864827437113534,1.1274211007276282,2.7094094450043253,2.2734925771741215,175.13800048828125,180.37100067138672,187.09950103759766
168.0059356689453,168.66000366210938,175.0,167.63999938964844,173.72999572753906,24122000,2025-03-03,0,3,3,4.363809113331021,-2.9183170379978374,3.1174666594303964,2.6007070444853504,172.6320007324219,178.5500015258789,185.25250091552735
171.94061279296875,172.61000061035156,175.1649932861328,167.5399932861328,167.94000244140625,30711400,2025-03-04,1,4,3,4.417472900201544,2.780753900831138,3.551055354121965,2.816404986859789,171.68000183105468,177.2310012817383,183.7510009765625
174.3114013671875,174.99000549316406,175.75,170.92999267578125,172.32000732421875,18848000,2025-03-05,2,5,3,2.754447210076259,1.549441768489327,3.587920117076197,2.992453536124868,171.73800354003907,176.01700134277343,182.11500091552733
173.534423828125,174.2100067138672,176.72999572753906,172.50799560546875,172.5500030517578,19082400,2025-03-06,3,6,3,2.4235118301813596,0.9620420937410491,3.269144759500307,3.099786018869067,172.53800354003906,174.7740020751953,181.1605010986328
175.0684356689453,175.75,176.89999389648438,172.25,173.24200439453125,16395300,2025-03-07,4,7,3,2.6458002255956616,1.4476833226641657,3.3210082558771687,3.0152088504407475,173.24400329589844,174.19100189208984,180.28250122070312
167.34967041015625,167.80999755859375,170.4499969482422,165.56500244140625,170.16000366210938,28990700,2025-03-10,0,10,3,2.9110271008318542,-1.3810566836740823,3.0304518533773352,3.073959256403866,173.07400207519532,172.8530014038086,179.31600112915038
165.52468872070312,165.97999572753906,168.65499877929688,163.24000549316406,166.67999267578125,23705900,2025-03-11,1,11,3,3.2624372969750404,-0.41996459023356897,2.7994447327320353,3.175250043427,171.7480010986328,171.71400146484376,178.20500106811522
168.53640747070312,169.0,169.52999877929688,165.47999572753906,168.47000122070312,19880100,2025-03-12,2,12,3,2.3964515099158654,0.3145953436556062,2.727845592699956,3.1578828548880766,170.55,171.14400177001954,177.3015007019043
164.2781219482422,164.72999572753906,168.1199951171875,164.07000732421875,167.97999572753906,15206200,2025-03-13,3,13,3,2.458561220184434,-1.9347541866065108,2.734855470700571,3.002000115100439,168.65399780273438,170.59600067138672,176.2665008544922
167.1602020263672,167.6199951171875,168.25,164.50999450683594,165.31500244140625,18611100,2025-03-14,4,14,3,2.231240664664933,1.3943033855007954,2.6519435585144255,2.986475907195797,167.0279968261719,170.13600006103516,175.25350036621094
166.11306762695312,166.57000732421875,168.4600067138672,165.80999755859375,167.3249969482422,17839100,2025-03-17,0,17,3,1.5909281615839461,-0.45121149726180765,2.3879237706648437,2.7091878120210895,166.77999877929688,169.9270004272461,174.2385009765625
162.22377014160156,162.6699981689453,166.44000244140625,158.8000030517578,165.9600067138672,24616800,2025-03-18,1,18,3,4.696624746816379,-1.9824104674773857,2.6747612606331117,2.737102996682573,166.1179992675781,168.93300018310546,173.08200073242188
165.82386779785156,166.27999877929688,168.13299560546875,163.0500030517578,163.9149932861328,24955700,2025-03-19,2,19,3,3.0568875336940455,1.4428243846099353,2.8068484653887475,2.7673470290443523,165.5739990234375,168.06199951171874,172.03950042724608
164.5972442626953,165.0500030517578,167.02999877929688,163.13999938964844,163.8249969482422,19981500,2025-03-20,3,20,3,2.3568611437278055,0.7477528620999428,2.786508450097422,2.7606819603989967,165.63800048828125,167.1459991455078,170.96000061035156
165.79396057128906,166.25,166.47000122070312,163.02999877929688,163.3800048828125,29882100,2025-03-21,4,21,3,2.0691744008458643,1.7566379186033567,2.754095197333608,2.703019377924017,165.36400146484374,166.1959991455078,170.19350051879883
169.46385192871094,169.92999267578125,170.5,167.44000244140625,169.26499938964844,18742800,2025-03-24,0,24,3,1.8007401226881043,0.39287111247494017,2.7960575895544397,2.5919906801096415,166.03599853515624,166.40799865722656,169.63050003051757
172.31600952148438,172.7899932861328,172.91000366210938,170.5500030517578,171.17999267578125,13841600,2025-03-25,1,25,3,1.3658201875403182,0.940530832596155,2.129896677699228,2.4023289691661693,168.05999755859375,167.08899841308593,169.40149993896483
166.68150329589844,167.13999938964844,171.94000244140625,166.86099243164062,171.3000030517578,22498000,2025-03-26,2,26,3,3.038775893450306,-2.4284901272607926,2.1262743496504797,2.466561407519614,168.23199768066405,166.9029983520508,169.02350006103515
163.62989807128906,164.0800018310547,167.44000244140625,163.85000610351562,166.7100067138672,21571200,2025-03-27,3,27,3,2.187954837779117,-1.5775926920370835,2.092493088460742,2.439500769279082,168.03799743652343,166.83799896240234,168.71699981689454
155.63189697265625,156.05999755859375,163.80999755859375,155.33900451660156,162.36000061035156,34866500,2025-03-28,4,28,3,5.42803612361438,-3.8802679404253118,2.764265433014445,2.759180315174027,165.9999969482422,165.68199920654297,167.90899963378905
155.8014373779297,156.22999572753906,157.1300048828125,152.2100067138672,154.80999755859375,33591600,2025-03-31,0,31,3,3.1492020120935402,0.9172522390925432,3.033957810895532,2.9150077002249857,163.25999755859374,164.647998046875,167.28749923706056
158.4441680908203,158.8800048828125,160.0800018310547,155.2550048828125,155.3000030517578,20111400,2025-04-01,1,1,4,3.03688116815016,2.305216845270478,3.3681700070175005,2.749033342358364,160.47799987792968,164.2689987182617,166.6009994506836
158.42422485351562,158.86000061035156,160.27499389648438,156.52999877929688,156.9600067138672,17113300,2025-04-02,2,2,4,2.3574185463923953,1.2104955499575123,3.231898537605919,2.679086443628199,158.8220001220703,163.5269989013672,165.79449920654298
152.21131896972656,152.6300048828125,154.68699645996094,152.17999267578125,152.8350067138672,28416100,2025-04-03,3,3,4,1.6425366598818727,-0.13413277197578521,3.12281490202647,2.6076539952436057,156.53200073242186,162.28499908447264,164.71549911499022
147.33473205566406,147.74000549316406,153.08999633789062,147.5399932861328,149.89999389648438,39832200,2025-04-04,4,4,4,3.7566013573856347,-1.440952962821282,2.7885279487807204,2.776396690897583,154.86800231933594,160.43399963378906,163.31499938964845
148.8306121826172,149.24000549316406,154.92999267578125,142.66000366210938,143.38999938964844,47823000,2025-04-07,0,7,4,8.221648728251958,4.079786685554549,3.8030172920124046,3.4184875514539685,153.47000427246093,158.36500091552733,162.38649978637696
146.17791748046875,146.5800018310547,154.44000244140625,145.2100067138672,153.5749969482422,35304400,2025-04-08,1,8,4,6.2968997218170175,-4.554774706943313,4.4550210027457755,3.911595504881639,151.01000366210937,155.74400177001954,161.41650009155273
160.61819458007812,161.05999755859375,161.8699951171875,145.80999755859375,146.3300018310547,46479500,2025-04-09,2,9,4,9.971437850513508,10.06628548022953,5.977824863569999,4.604861700587959,151.45000305175782,155.13600158691406,161.0194999694824
154.9438018798828,155.3699951171875,160.02999877929688,152.1999969482422,158.75999450683594,35270500,2025-04-10,3,10,4,5.039584267959155,-2.1352982533030196,6.657234385185456,4.890024643605963,151.9980010986328,154.26500091552734,160.55149993896484
158.96273803710938,159.39999389648438,159.86000061035156,155.5850067138672,155.5850067138672,22582000,2025-04-11,4,11,4,2.6819285195585327,2.452027520642296,6.442299817620035,4.615413883200377,154.3299987792969,154.5990005493164,160.1404998779297
161.02708435058594,161.47000122070312,164.02999877929688,159.9199981689453,162.30999755859375,18255900,2025-04-14,0,14,4,2.5453648227411994,-0.5175259383436237,5.307043036517883,4.555030164265143,156.7759979248047,155.1230010986328,159.8854995727539
158.24472045898438,158.67999267578125,162.0500030517578,157.64500427246094,161.57000732421875,15690800,2025-04-15,1,15,4,2.7760265834504247,-1.7887073822050248,4.602868408844564,4.528944705795171,159.19599609375,155.10299987792968,159.6859992980957
155.0734405517578,155.5,158.17999267578125,153.91000366210938,155.47000122070312,16921500,2025-04-16,2,16,4,2.745973642232717,0.01929554194464123,3.1577755671884056,4.5678002153792026,158.08399658203126,154.76699981689453,159.14699935913086
152.9393310546875,153.36000061035156,157.07000732421875,150.89999389648438,156.61000061035156,19513400,2025-04-17,3,17,4,4.023222093882744,-2.0752186880364407,2.954503132373124,4.805868758779289,157.68199768066407,154.83999938964843,158.56249923706054
149.44891357421875,149.86000061035156,151.05999755859375,148.39999389648438,150.96499633789062,16147800,2025-04-21,0,21,4,1.774992427115762,-0.7319549262041217,2.7731159138845696,4.607707865752301,155.7739990234375,155.0519989013672,157.7429992675781
153.4778289794922,153.89999389648438,154.61000061035156,150.8699951171875,151.07000732421875,15910300,2025-04-22,1,22,4,2.430153113378062,1.8732947872254033,2.7500735720119414,4.028558304264912,154.25999755859374,155.51799774169922,156.94149932861328
157.28736877441406,157.72000122070312,160.02000427246094,156.35000610351562,157.91000366210938,18575700,2025-04-23,2,23,4,2.326907266383897,-0.1203232455195245,2.6602497085986365,3.6315590587216002,154.06799926757813,156.63199768066406,156.1879997253418
161.02708435058594,161.47000122070312,161.7100067138672,158.08999633789062,158.52499389648438,30787500,2025-04-24,3,24,4,2.2419089295903327,1.8577558351093946,2.5594367660701596,2.858606166629283,155.26199951171876,156.672998046875,155.90449981689454
163.40052795410156,163.85000610351562,168.24000549316406,163.0,167.10000610351562,35148100,2025-04-25,4,25,4,3.1980502276292753,-1.9449430767744438,2.3944023928194658,2.6744527625962946,157.36000061035156,157.5209991455078,155.89300003051758
161.97445678710938,162.4199981689453,164.9499969482422,160.3800048828125,164.25999450683594,20871200,2025-04-28,0,28,4,2.8136880414664787,-1.1201731397927512,2.602141515689609,2.687628714787089,159.87200012207032,157.8229995727539,156.21100006103515
161.61544799804688,162.05999755859375,162.67999267578125,159.38999938964844,162.0449981689453,15955200,2025-04-29,1,29,4,2.0301081918400596,0.009256311406045003,2.5221325313820087,2.636103051696975,161.50400085449218,157.88199920654296,156.50250015258788
160.44863891601562,160.88999938964844,161.37399291992188,157.15499877929688,159.86000061035156,20639500,2025-04-30,2,30,4,2.6222848882032177,0.6443130084851123,2.581208055745873,2.6207288821722545,162.13800048828125,158.10299987792968,156.60299987792968
162.3434295654297,162.7899932861328,163.94000244140625,160.92999267578125,162.52000427246094,21904300,2025-05-01,3,1,5,1.8490139994872807,0.16612663461369642,2.5026290697252622,2.531032917897711,162.4019989013672,158.83199920654297,156.79949951171875
165.35516357421875,165.80999755859375,166.6999969482422,163.66000366210938,164.9550018310547,16844900,2025-05-02,4,2,5,1.8334197761860187,0.518320583218653,2.229702979436611,2.3120526861280384,162.79399719238282,160.07699890136718,157.4584991455078
165.59449768066406,166.0500030517578,167.10000610351562,164.47000122070312,164.51499938964844,15309300,2025-05-05,0,5,5,1.5838631945057702,0.9330478484054627,1.9837380100444697,2.2929397628670394,163.5199981689453,161.6959991455078,158.3739990234375
164.74684143066406,165.1999969482422,166.74000549316406,163.1300048828125,163.9600067138672,10691900,2025-05-06,1,6,5,2.185230434043283,0.7562760329346375,2.014762458485114,2.268447494933562,164.147998046875,162.82599945068358,159.1719985961914
152.38084411621094,152.8000030517578,166.99000549316406,149.49000549316406,166.07000732421875,78729800,2025-05-07,2,7,5,11.452879352412213,-7.990608591082847,3.780881351326913,3.1810447035363927,162.52999877929688,162.33399963378906,159.48299865722657
155.32276916503906,155.75,157.41000366210938,154.10000610351562,155.9199981689453,38387500,2025-05-08,3,8,5,2.125199074538523,-0.10902909885947597,3.836118366337162,3.169373718031212,161.12200012207032,161.76199951171876,159.21749877929688
153.95651245117188,154.3800048828125,156.42999267578125,153.8300018310547,155.5500030517578,22871000,2025-05-09,4,9,5,1.6841499951371137,-0.752168528441627,3.8062644101273806,3.0179836947819956,158.83600158691405,160.81499938964845,159.16799926757812
159.14224243164062,159.5800018310547,160.44000244140625,157.88999938964844,159.10000610351562,31884900,2025-05-12,0,12,5,1.5979464986204652,0.30169434891583957,3.8090810709503193,2.8964095404973946,157.54200134277343,160.53099975585937,159.17699966430663
160.44863891601562,160.88999938964844,162.05999755859375,157.5800018310547,159.9199981689453,24944300,2025-05-13,1,13,5,2.7845085117374317,0.6065540469043655,3.9289366864891497,2.9718495724871317,156.68000183105468,160.41399993896485,159.14799957275392
166.35240173339844,166.80999755859375,168.33999633789062,160.92999267578125,161.30999755859375,31769200,2025-05-14,2,14,5,4.442181985828837,3.4095840823518686,2.526797213172474,3.1538392822496935,159.48200073242188,161.00599975585936,159.55449981689452
164.94627380371094,165.39999389648438,167.50999450683594,163.83999633789062,167.13999938964844,22717600,2025-05-15,3,15,5,2.2188623363808477,-1.041046727006167,2.545529865540939,3.1908241159390505,161.41199951171876,161.26699981689453,160.04949951171875
166.97071838378906,167.42999267578125,170.64999389648438,166.9499969482422,168.92999267578125,36271400,2025-05-16,4,16,5,2.2098770292650154,-0.8879417895192085,2.6506752723665192,3.2284698412469495,164.0219970703125,161.4289993286133,160.75299911499025
167.4095001220703,167.8699951171875,167.9499969482422,165.4149932861328,165.71499633789062,21374700,2025-05-19,0,19,5,1.510099324384758,1.300424721310594,2.633105837519378,3.221093454234849,165.67999572753905,161.61099853515626,161.65349884033202
164.8665313720703,165.32000732421875,169.67999267578125,164.25999450683594,167.75999450683594,33563300,2025-05-20,1,20,5,3.2784889479927477,-1.454451157911645,2.7319019247704412,3.330419305629795,166.5659973144531,161.6229995727539,162.22449951171876
169.59349060058594,170.05999755859375,174.52999877929688,164.88999938964844,164.9499969482422,45567600,2025-05-21,2,21,5,5.668587279808116,3.097908884445128,2.977182983566297,2.7519900983693857,167.21599731445312,163.3489990234375,162.84149932861328
171.50823974609375,171.97999572753906,178.1300048828125,171.8800048828125,173.35000610351562,45024100,2025-05-22,3,22,5,3.6341435953409498,-0.7903145819091943,3.260239235358317,2.9028845504496283,168.53199768066406,164.9719985961914,163.36699905395508
169.1248016357422,169.58999633789062,171.2050018310547,169.25999450683594,170.27999877929688,24963600,2025-05-23,4,23,5,1.1468880041388307,-0.40521637676341254,3.0476414303330803,2.8491583513498,168.96399841308593,166.4929977416992,163.65399856567382
173.5027313232422,173.97999572753906,174.2899932861328,171.2100067138672,171.3000030517578,24341300,2025-05-27,1,27,5,1.7703107529034718,1.5645024098286195,3.099683716036823,2.8663947767781,170.18599853515624,167.93299713134766,164.23199844360352
172.90440368652344,173.3800048828125,176.47999572753906,173.01499938964844,173.97999572753906,25999200,2025-05-28,2,28,5,1.9984982352680258,-0.3448619723305297,2.8436855734918787,2.78779374913116,171.797998046875,169.18199768066407,164.79799880981446
172.48556518554688,172.9600067138672,175.39999389648438,171.77999877929688,175.0,21174700,2025-05-29,3,29,5,2.0929665683791074,-1.16571044921875,2.1285614312060774,2.552872207386187,172.37799987792968,169.7969985961914,165.4014991760254
172.37583923339844,172.85000610351562,173.44000244140625,168.52499389648438,172.41000366210938,36258300,2025-05-30,4,30,5,2.843510773137258,0.25520702514952126,1.9704348667653389,2.615337051061828,172.552001953125,170.54199981689453,165.90449981689454
169.9026336669922,170.3699951171875,171.06199645996094,168.64999389648438,169.00999450683594,24742900,2025-06-02,0,2,6,1.4157437533630777,0.8046865005350642,2.0242060166101883,2.535923723471634,172.70800170898437,170.83600006103515,166.13249969482422
167.24996948242188,167.7100067138672,169.8000030517578,166.67999267578125,168.86500549316406,25386700,2025-06-03,1,3,6,1.8603602951967342,-0.6839775807448935,2.0422159250688408,2.570949820552832,171.45400390625,170.82000122070312,166.2154998779297
168.9253387451172,169.38999938964844,169.5800018310547,167.7949981689453,168.27999877929688,18508700,2025-06-04,2,4,6,1.0537833806843133,0.6596152949866336,1.8532729541520978,2.3484792638219885,170.6560028076172,171.22700042724608,166.425
169.34417724609375,169.80999755859375,172.36000061035156,169.35000610351562,171.6199951171875,25375400,2025-06-05,3,5,6,1.7725661328022366,-1.0546542419826006,1.7891928670367239,1.9588771491214003,170.0260009765625,171.2020004272461,167.2754997253418
174.44015502929688,174.9199981689453,175.8300018310547,172.3000030517578,172.3000030517578,22258100,2025-06-06,4,6,6,2.0180647245876653,1.5206007375405968,1.6241036573268055,1.797269262046072,170.43999938964845,171.49600067138672,168.23399963378907
177.3556671142578,177.6300048828125,177.9149932861328,175.66000366210938,175.8699951171875,18817600,2025-06-09,0,9,6,1.2694868896226836,1.00074476288707,1.5948522845787267,1.8095291505944573,171.89200134277343,172.3000015258789,169.39649963378906
179.7319793701172,180.00999450683594,182.44500732421875,176.47500610351562,177.75999450683594,32908000,2025-06-10,1,10,6,3.3164831969796054,1.265751614271947,1.8860768649353008,1.9641463950020708,174.35199890136718,172.9030014038086,170.41799926757812
178.5138702392578,178.7899932861328,181.75,178.0,181.22999572753906,18994400,2025-06-11,2,11,6,2.0974328210855497,-1.3463568387843183,2.094806753015548,1.974039853583823,176.23199768066405,173.44400024414062,171.31299896240233
176.69668579101562,176.97000122070312,178.1300048828125,176.11000061035156,177.47999572753906,17345900,2025-06-12,3,12,6,1.141438808005514,-0.2873532336674511,1.9685812880562037,1.8788870775464637,177.66399841308595,173.84499969482422,171.8209991455078
175.60836791992188,175.8800048828125,178.34300231933594,173.57000732421875,173.5800018310547,20873200,2025-06-13,4,13,6,2.713779203211529,1.3250391908604795,2.1077241837809764,1.8659139205538906,177.8559997558594,174.14799957275392,172.34499969482422
177.66517639160156,177.94000244140625,178.2449951171875,175.82000732421875,175.90499877929688,18132500,2025-06-16,0,16,6,1.3628120488349846,1.1568765391725098,2.1263892156234365,1.8606207501010814,177.91799926757812,174.90500030517578,172.87050018310546
176.95628356933594,177.22999572753906,178.71499633789062,175.94000244140625,177.0,17656100,2025-06-17,1,17,6,1.5657585980820399,0.12994108900512005,1.7762442958439233,1.831160580389612,177.36199951171875,175.85699920654298,173.33850021362304
173.71128845214844,173.97999572753906,177.82400512695312,172.83999633789062,177.27999877929688,32531800,2025-06-18,2,18,6,2.8647022137347875,-1.8614638281141471,1.9296981743737711,2.0122524636946597,176.4,176.31599884033204,173.77149963378906
167.470947265625,167.72999572753906,175.36500549316406,166.27000427246094,174.86500549316406,55402600,2025-06-20,4,20,6,5.422405921643892,-4.0802959663098095,2.785891597101447,2.3772364425788255,174.5519989013672,176.10799865722657,173.65499954223634
165.7536163330078,166.00999450683594,168.47999572753906,163.3300018310547,167.32000732421875,36975600,2025-06-23,0,23,6,3.1022191837204773,-0.7829385369583322,2.8635795932032364,2.4856518884921064,172.57799682617187,175.2169982910156,173.35649948120118
167.48094177246094,167.74000549316406,169.25,166.91000366210938,167.68499755859375,27310300,2025-06-24,1,24,6,1.3950138674497583,0.032804326786056826,2.8700199569261913,2.498204586274814,170.53799743652343,174.22799835205078,173.26399993896484
171.22515869140625,171.49000549316406,173.36000061035156,168.56100463867188,168.64999389648438,23627400,2025-06-25,2,25,6,2.7984114630347863,1.683967802822962,3.1165505299167404,2.446397412880332,169.38999938964844,173.3759994506836,173.1395004272461
174.1605987548828,174.42999267578125,174.64999389648438,170.86000061035156,173.38499450683594,25909100,2025-06-26,3,26,6,2.1727876198317553,0.6027039259756195,2.9781676111361337,2.453932892754952,169.47999877929686,172.93999938964845,173.19199981689454
177.9946746826172,178.27000427246094,178.83999633789062,172.7100067138672,174.6300048828125,74053100,2025-06-27,4,27,6,3.4385984613847875,2.084406624217357,2.581406119084313,2.6836488580928797,171.58800048828124,173.06999969482422,173.4574996948242
177.1160430908203,177.38999938964844,181.5800018310547,175.5,180.78500366210938,43964600,2025-06-30,0,30,6,3.427477226435734,-1.8779236129597703,2.646457727627364,2.7550186604153004,173.86400146484374,173.22099914550782,173.68449935913085
176.63677978515625,176.91000366210938,177.22000122070312,174.66000366210938,176.80499267578125,25778500,2025-07-01,1,1,7,1.4470620686228899,0.05939367703302951,2.6568673678619907,2.763443662394091,175.6980010986328,173.1179992675781,174.01149978637696
179.4823760986328,179.75999450683594,179.93499755859375,176.08999633789062,176.5449981689453,19325900,2025-07-02,2,2,7,2.1389638062972387,1.8210633953016464,2.524977836514481,2.8207641832156107,177.35199890136718,173.37099914550782,174.6139991760254
180.2711639404297,180.5500030517578,180.77000427246094,178.19000244140625,179.82000732421875,13287400,2025-07-03,3,3,7,1.4289680351404286,0.405959124572199,2.3762139195762155,2.677190765356175,178.5760009765625,174.0279998779297,175.17199935913087
177.28578186035156,177.55999755859375,180.33999633789062,176.63999938964844,180.13499450683594,20991400,2025-07-07,0,7,7,2.083800968188913,-1.42948179241456,2.105254420937041,2.343330270010677,178.43399963378906,175.01100006103516,175.55949935913085
174.8894805908203,175.16000366210938,178.7899932861328,173.9199981689453,178.77999877929688,24108600,2025-07-08,1,8,7,2.78031229468453,-2.024832275368996,1.9758214345868002,2.3111395811070823,177.98800048828124,175.9260009765625,175.57149963378907
177.3856201171875,177.66000366210938,180.27999877929688,173.8800048828125,176.11000061035156,31288000,2025-07-09,2,9,7,3.602383071350426,0.8801334656668584,2.4068856351323076,2.531876501497149,178.13800048828125,176.91800079345703,175.5729995727539
178.42401123046875,178.6999969482422,179.58999633789062,175.74000549316406,176.6699981689453,24693700,2025-07-10,3,10,7,2.1544437103944976,1.1490342448272601,2.409981615951759,2.46747972623312,177.9260009765625,177.63899993896484,175.50749969482422
181.02996826171875,181.30999755859375,182.61000061035156,177.54100036621094,177.91000366210938,23975700,2025-07-11,4,11,7,2.795764333129221,1.9110751652513698,2.6833408755495176,2.5297773975628663,178.0779998779297,178.3270004272461,175.63349990844728
182.52764892578125,182.80999755859375,184.72999572753906,180.71099853515625,182.07000732421875,20990400,2025-07-14,0,14,7,2.1984559083507755,0.4064317046229763,2.70627186358189,2.4057631422594654,179.12799987792968,178.78099975585937,175.9254997253418
182.8172149658203,183.10000610351562,185.41000366210938,182.38999938964844,183.94000244140625,23911600,2025-07-15,1,15,7,1.6493742063304888,-0.4566686564866195,2.480084245911082,2.227952840248941,180.71600036621095,179.35200042724608,176.28649978637696
183.48617553710938,183.77000427246094,185.3350067138672,183.0800018310547,184.32000732421875,21152600,2025-07-16,2,16,7,1.2270799534124113,-0.2983957410496179,2.005023622323479,2.2059546287278935,181.93800048828126,180.03800048828126,176.5779998779297
184.4147491455078,184.6999969482422,185.18699645996094,181.5,183.11500549316406,21654400,2025-07-17,3,17,7,1.996208186724622,0.8655715848132909,1.9733765175895037,2.1916790667706314,183.13800048828125,180.53200073242186,176.95149993896484
185.65283203125,185.94000244140625,187.36000061035156,184.72999572753906,186.6199951171875,21033400,2025-07-18,4,18,7,1.414437371345777,-0.3643728933516746,1.697111125232815,2.190226000391166,184.06400146484376,181.0710006713867,177.54950027465821
190.85476684570312,191.14999389648438,191.25999450683594,187.0500030517578,187.10000610351562,24665000,2025-07-21,0,21,7,2.2024544020430414,2.164611256467859,1.697910823971268,2.202091343776579,185.73200073242188,182.43000030517578,178.72050018310546
191.81329345703125,192.11000061035156,193.36000061035156,188.4949951171875,192.4199981689453,26212900,2025-07-22,1,22,7,2.5324061619423675,-0.16110464688892226,1.8745172150936438,2.177300730502363,187.53399963378905,184.125,180.02550048828124
191.21421813964844,191.50999450683594,193.36000061035156,190.17999267578125,192.36000061035156,34068100,2025-07-23,2,23,7,1.6604918937830175,-0.441882980255035,1.9611996031677648,1.9831116127456219,189.08199768066407,185.50999908447267,181.21399993896483
192.901611328125,193.1999969482422,198.97000122070312,191.9499969482422,198.11000061035156,45252100,2025-07-24,3,24,7,3.6335426414843988,-2.4784229200859533,2.2886664941197203,2.131021505854612,190.78199768066406,186.95999908447266,182.29949951171875
193.78025817871094,194.0800018310547,195.27499389648438,192.1300048828125,192.92999267578125,31101800,2025-07-25,4,25,7,1.6204601112944992,0.5960758818904986,2.329871042109465,2.0134910836711404,192.40999755859374,188.23699951171875,183.28199996948243
193.1212615966797,193.4199981689453,194.82000732421875,191.85499572753906,194.41000366210938,25553500,2025-07-28,0,28,7,1.532939522670173,-0.5092358801066239,2.195968066234891,1.9469394451030797,192.86399841308594,189.2979995727539,184.03949966430665
196.12661743164062,196.42999267578125,196.66000366210938,192.99000549316406,193.3000030517578,31891600,2025-07-29,1,29,7,1.8683491858612706,1.6192393039876747,2.063156671018672,1.9688369430561579,193.72799682617188,190.63099822998046,184.9914993286133
197.13507080078125,197.44000244140625,198.47999572753906,195.55999755859375,196.3000030517578,21150500,2025-07-30,2,30,7,1.4789293622561988,0.58074343959529,2.026844164713308,1.9940218839405364,194.91399841308595,191.997998046875,186.01799926757812
192.5621337890625,192.86000061035156,196.8300018310547,192.0800018310547,196.60000610351562,27852000,2025-07-31,3,31,7,2.462926467368811,-1.9023425112178485,1.7927209298901907,2.0406937120049555,194.84599914550782,192.81399841308593,186.6729995727539
189.65663146972656,189.9499969482422,191.6179962158203,188.6999969482422,189.77999877929688,21236700,2025-08-01,4,1,8,1.5361933742874578,0.0895764411628069,1.7758675824887824,2.0528693122991237,194.0199981689453,193.21499786376953,187.14299926757812
195.4476776123047,195.75,196.0800018310547,190.9199981689453,191.1750030517578,23386000,2025-08-04,0,4,8,2.636017196479885,2.3930936969848378,1.9964831172507247,2.096225591742808,194.48599853515626,193.67499847412108,188.05249938964843
195.01834106445312,195.32000732421875,198.6999969482422,194.6750030517578,195.5449981689453,19010200,2025-08-05,1,5,8,2.060717666164707,-0.11505834812106869,2.034956813311412,2.0490567421650416,194.26400146484374,193.99599914550782,189.0604995727539
196.61587524414062,196.9199981689453,197.3800048828125,194.4669952392578,195.25,15383700,2025-08-06,2,6,8,1.4792858372137012,0.8553127625840269,2.0350281083029125,2.0309361365081102,194.16000061035157,194.53699951171876,190.02349929809571
196.97531127929688,197.27999877929688,198.3699951171875,195.22000122070312,197.7100067138672,14660600,2025-08-07,3,7,8,1.596712244513124,-0.2174942693682849,1.8617852637317749,1.827253096810983,195.04400024414062,194.94499969482422,190.95249938964844
201.7778778076172,202.08999633789062,203.42999267578125,197.89999389648438,197.97999572753906,24379900,2025-08-08,4,8,8,2.7364040177678177,2.075967622510591,2.1018273924278468,1.9388474874583146,197.4720001220703,195.74599914550782,191.9914993286133
201.318603515625,201.6300048828125,202.16000366210938,199.8000030517578,201.55499267578125,16690200,2025-08-11,0,11,8,1.1704610192928362,0.03721674468858911,1.808716156990437,1.9025996371205807,198.64800109863282,196.56699981689454,192.93249969482423
203.84469604492188,204.16000366210938,205.1300048828125,201.39999389648438,202.09500122070312,19854000,2025-08-12,1,12,8,1.8270037810644828,1.0217978816562168,1.7619733799703923,1.898465096640902,200.41600036621094,197.34000091552736,193.9854995727539
202.7164306640625,203.02999877929688,205.42999267578125,198.63999938964844,204.97999572753906,19573000,2025-08-13,2,13,8,3.344330063023767,-0.9513108541743448,2.1349822251324055,2.085005166717659,201.63800048828125,197.8990005493164,194.9484992980957
203.50521850585938,203.82000732421875,205.4199981689453,202.3249969482422,202.55999755859375,17777100,2025-08-14,3,14,8,1.5184972571313238,0.6220427432916619,2.119339227656045,1.9905622456939103,202.9460021972656,198.99500122070313,195.90449981689454
204.59353637695312,204.91000366210938,207.3300018310547,202.0850067138672,204.72000122070312,21111400,2025-08-15,4,15,8,2.5596579100336867,0.09281088329098508,2.0839900061092194,2.092908699268533,203.51000366210937,200.49100189208986,196.85299987792968
203.97447204589844,204.2899932861328,206.13999938964844,203.41000366210938,205.07000732421875,13000200,2025-08-18,0,18,8,1.336333553898244,-0.3803647584859758,2.1171645130303007,1.962940335010369,204.04200134277343,201.34500122070312,197.5099998474121
202.17727661132812,202.49000549316406,204.2899932861328,200.92999267578125,203.90499877929688,13476600,2025-08-19,1,19,8,1.6593414584429915,-0.6939473257663369,2.0836320485060025,1.9228027142381976,203.70800170898437,202.06200103759767,198.02900009155275
199.8808135986328,200.19000244140625,202.1699981689453,197.4600067138672,201.67999267578125,13971700,2025-08-20,2,20,8,2.352760576271383,-0.7387893140051296,1.8853181511555257,2.0101501881439656,203.14000244140624,202.38900146484374,198.46300048828124
200.31015014648438,200.6199951171875,203.36000061035156,200.39999389648438,200.72000122070312,11768900,2025-08-21,3,21,8,1.4754295613147477,-0.04982368618345242,1.8767046119922106,1.998021919824128,202.5,202.7230010986328,198.83400039672853
206.40074157714844,206.72000122070312,209.22999572753906,202.1300048828125,203.9600067138672,25723700,2025-08-22,4,22,8,3.43459307411009,1.3532037732808557,2.0516916448074913,2.0678408254583553,202.86199951171875,203.18600158691407,199.46600036621095
208.8369598388672,209.16000366210938,211.08999633789062,205.9499969482422,207.0,22788800,2025-08-25,0,25,8,2.45744850815356,1.043480030004529,2.2759146356585545,2.1965395743444276,203.83600158691405,203.93900146484376,200.25300064086915
207.6288299560547,207.9499969482422,208.4600067138672,206.4499969482422,208.3699951171875,23051000,2025-08-26,1,26,8,0.9665832147741181,-0.20156365061538972,2.1373629869247797,2.1104975177153915,204.9279998779297,204.31800079345703,200.8290008544922
207.88844299316406,208.2100067138672,209.57000732421875,206.38999938964844,206.4600067138672,15249000,2025-08-27,2,27,8,1.52730792566586,0.8476217877999607,1.9722724568036754,1.9287953039796004,206.53200073242186,204.83600158691405,201.36750106811525
212.0419921875,212.3699951171875,212.89999389648438,207.60000610351562,207.83999633789062,20915700,2025-08-28,3,28,8,2.4956387035956626,2.179560651999023,2.176314285259858,2.0265094486260344,208.8820007324219,205.69100036621094,202.34300079345704
213.20021057128906,213.52999877929688,215.33999633789062,210.97000122070312,211.27000427246094,24682200,2025-08-29,4,29,8,2.046548560937471,1.0697185881254454,1.8987053826253344,1.975198513716413,210.24400024414064,206.5529998779297,203.52200088500976
211.66261291503906,211.99000549316406,212.36900329589844,206.9600067138672,208.99000549316406,28900100,2025-09-02,1,2,9,2.5515337713436077,1.4354753438666847,1.917522435263344,2.096718535460949,210.81000061035155,207.3230010986328,204.33400115966796
230.7430877685547,231.10000610351562,231.8000030517578,225.1199951171875,226.47999572753906,72250300,2025-09-03,2,3,9,2.8905269399162914,2.03991984419434,2.3023111802917784,2.219837083608279,215.44000244140625,210.18400115966796,206.1230010986328
232.30067443847656,232.66000366210938,232.77000427246094,226.75999450683594,230.15499877929688,32196000,2025-09-04,3,4,9,2.5831727288860953,1.0883990771865142,2.5134841409358257,2.2428782988697504,220.3300018310547,213.43100128173828,207.910001373291
234.80679321289062,235.1699981689453,236.1300048828125,232.3800048828125,232.66000366210938,26127700,2025-09-05,4,5,9,1.5945911592455824,1.0788250955592635,2.3332746320658098,2.254794458662834,224.89000244140624,216.88600158691406,209.80450134277345
234.00732421875,234.16000366210938,238.39999389648438,233.72999572753906,235.7899932861328,23128800,2025-09-08,0,8,9,1.9943620156771413,-0.6912887189599406,2.3228373230137436,2.110771352819539,229.01600341796876,219.6300018310547,211.4080017089844
239.78355407714844,239.94000244140625,240.58999633789062,233.3800048828125,234.19000244140625,22854800,2025-09-09,1,9,9,3.0049143042910558,2.455271335264893,2.4135134296032335,2.1655179324332883,234.6060028076172,222.70800170898437,213.32350158691406
239.40379333496094,239.55999755859375,242.0800018310547,238.11000061035156,239.25,19990100,2025-09-10,2,10,9,1.6572054020547007,0.1295705574059561,2.166849122030915,2.234580151161347,236.29800109863282,225.86900177001954,215.09350128173827
240.6230010986328,240.77999877929688,242.57000732421875,236.5800018310547,240.13999938964844,21308600,2025-09-11,3,11,9,2.4877504458560136,0.2665109483114397,2.1477646654248987,2.3306244031803622,237.9220001220703,229.1260009765625,216.9810012817383
241.22262573242188,241.3800048828125,242.42300415039062,238.5,240.8000030517578,14536600,2025-09-12,4,12,9,1.6252399001711857,0.24086454472761004,2.1538944136100193,2.2435845228379145,239.16400146484375,232.027001953125,218.85900115966797
251.59584045410156,251.75999450683594,252.75,244.97999572753906,245.13999938964844,29935200,2025-09-15,0,15,9,3.0862744049869137,2.7004956896752947,2.372276891471974,2.3475571072428587,242.68399963378906,235.8500015258789,221.2015007019043
251.25607299804688,251.4199981689453,253.22999572753906,249.71499633789062,252.3300018310547,24493500,2025-09-16,1,16,9,1.3980587921595968,-0.36064029465614633,2.0509057890456823,2.2322096093244577,244.97999877929686,239.79300079345703,223.55800094604493
249.68710327148438,249.85000610351562,251.9499969482422,246.5800018310547,251.4600067138672,20491300,2025-09-17,2,17,9,2.1492875669423244,-0.6402611021097917,2.149322222023207,2.158085672027061,247.03800048828126,241.66800079345703,225.9260009765625
252.1654815673828,252.3300018310547,254.13999938964844,250.11000061035156,251.86000061035156,21166400,2025-09-18,3,18,9,1.597114393870264,0.1866120938474292,1.9711950116260568,2.059479838525478,249.3480010986328,243.63500061035157,228.53300094604492
255.07357788085938,255.24000549316406,256.70001220703125,252.0679931640625,253.39999389648438,41616800,2025-09-19,4,19,9,1.814769998150939,0.7261292979475543,2.009101031222008,2.0814977224160134,252.12000122070313,245.64200134277343,231.26400146484374
252.71511840820312,252.8800048828125,256.30999755859375,250.80999755859375,254.77999877929688,20079000,2025-09-22,0,22,9,2.1749445957772595,-0.7457390319442793,1.8268350693800766,2.0995559804260253,252.34400329589843,247.51400146484374,233.5720016479492
252.1754608154297,252.33999633789062,254.77000427246094,251.08999633789062,253.65499877929688,17521100,2025-09-23,1,23,9,1.4583530110076859,-0.5184216545049927,1.8388939131496946,1.9448998510976885,252.5280029296875,248.75400085449218,235.7310012817383
247.6684112548828,247.8300018310547,252.9600067138672,247.22000122070312,252.14999389648438,16958500,2025-09-24,2,24,9,2.316105980210182,-1.7132628078520526,1.8722575958032663,2.0107899089132366,252.1240020751953,249.58100128173828,237.7250015258789
246.40924072265625,246.57000732421875,247.31500244140625,241.64999389648438,244.83999633789062,17379800,2025-09-25,3,25,9,2.2975253991345617,0.7065883892354863,2.012339796856126,1.991767404241091,250.9720031738281,250.16000213623047,239.64300155639648
247.01882934570312,247.17999267578125,250.1199951171875,246.63999938964844,247.78500366210938,16594600,2025-09-26,4,26,9,1.4078792097480441,-0.24416771692654365,1.9309616391755466,1.9700313351987773,249.36000061035156,250.74000091552733,241.38350143432618
244.20066833496094,244.36000061035156,251.6479949951172,243.1999969482422,248.27499389648438,23157200,2025-09-29,0,29,9,3.4571934955696375,-1.5768778098390075,2.1874114191340226,2.0071232442570497,247.65599975585937,250.0000015258789,242.9250015258789
243.39120483398438,243.5500030517578,243.6750030517578,239.5709991455078,243.05999755859375,22541200,2025-09-30,1,30,9,1.6850765160441576,0.20159857569567297,2.2327561201413166,2.0358250166455054,245.89800109863282,249.21300201416017,244.50300140380858
245.37989807128906,245.5399932861328,247.14999389648438,239.1999969482422,241.17999267578125,23967700,2025-10-01,2,1,10,3.2377605138149095,1.8077787307227926,2.417087026862262,2.1446723113327644,245.43999938964845,248.78200073242186,245.22500076293946
246.26931762695312,246.42999267578125,247.63499450683594,243.10499572753906,245.63999938964844,20657500,2025-10-02,3,2,10,1.838249772322489,0.3216061260770805,2.3252319014998477,2.168785849177987,245.41199645996093,248.19199981689454,245.91350021362305
246.289306640625,246.4499969482422,247.1179962158203,242.47000122070312,245.22999572753906,19941400,2025-10-03,4,3,10,1.8859789217580427,0.4974926566726357,2.4208518439018474,2.175906741538697,245.26599731445313,247.31299896240233,246.47750015258788
251.34600830078125,251.50999450683594,252.1999969482422,245.69000244140625,245.77999877929688,18309000,2025-10-06,0,6,10,2.588364140200798,2.331351515989073,2.247085972828079,2.217248695981051,246.69599609375,247.17599792480468,247.34499969482422
246.9688720703125,247.1300048828125,251.5500030517578,246.80999755859375,248.92999267578125,13811200,2025-10-07,1,7,10,1.9180210413590786,-0.7230899634151933,2.293674877891063,2.26321549901619,247.41199645996093,246.65499877929688,247.70449981689453
245.29995727539062,245.4600067138672,247.25999450683594,245.08999633789062,246.1999969482422,14136500,2025-10-08,2,8,10,0.8840536582706445,-0.30056468056356866,1.8229335067822106,2.1200102668222365,247.3959991455078,246.41799926757812,247.9995002746582
242.0520782470703,242.2100067138672,245.55499267578125,239.67999267578125,245.05999755859375,19375700,2025-10-09,3,9,10,2.425581040068416,-1.1629767702275158,1.940399760331396,2.132815830915622,246.552001953125,245.98199920654298,248.0710006713867
237.3351593017578,237.49000549316406,244.83999633789062,236.68499755859375,242.16000366210938,22449100,2025-10-10,4,10,10,3.4338281993646294,-1.9284762546755878,2.2499696158527134,2.3354107298772804,244.76000366210937,245.01300048828125,247.8765007019043
244.48048400878906,244.63999938964844,244.99000549316406,240.75,241.02999877929688,12465000,2025-10-13,0,13,10,1.7331611771347444,1.4977391314917277,2.0789290232395023,2.163007498033791,243.38600463867186,245.04100036621094,247.52050094604493
246.02947998046875,246.19000244140625,248.02499389648438,241.17799377441406,241.7550048828125,17705400,2025-10-14,1,14,10,2.781185285417881,1.8345008248096273,2.2515618720512633,2.2726183749711635,243.19800415039063,245.30500030517578,247.25900115966797
251.54588317871094,251.7100067138672,252.75999450683594,246.7899932861328,248.0850067138672,16048100,2025-10-15,2,15,10,2.3717774667137324,1.4611926968166002,2.5491066337398807,2.1860200702610455,244.44800415039063,245.92200164794923,247.35200119018555
251.7157745361328,251.8800048828125,257.5799865722656,250.6699981689453,252.46499633789062,18946000,2025-10-16,3,16,10,2.7433652014320047,-0.23171190603199196,2.6126634660125987,2.276531613171997,246.3820037841797,246.46700286865234,247.32950134277343
253.62451171875,253.7899932861328,254.8800048828125,248.58999633789062,251.35000610351562,17653800,2025-10-17,4,17,10,2.4784304784744893,0.9707527843115734,2.4215839218345705,2.3357767688436417,249.64200134277343,247.2010025024414,247.2570007324219
256.8524169921875,257.0199890136719,257.8800048828125,254.60000610351562,255.22999572753906,13726800,2025-10-20,0,20,10,1.276164858571525,0.7013255949914488,2.3301846581219268,2.2045568406807146,252.1179992675781,247.752001953125,247.46399993896483
251.17611694335938,251.33999633789062,255.3800048828125,244.6699981689453,255.25,27836400,2025-10-21,1,21,10,4.26116291474323,-1.5318329724228699,2.6261801839869965,2.43887102801913,253.147998046875,248.17300109863282,247.41399993896485
252.36534118652344,252.52999877929688,257.17999267578125,250.4510040283203,255.00999450683594,19650200,2025-10-22,2,22,10,2.66462942224217,-0.9725092274658209,2.684750575092684,2.616928604416282,253.31199645996094,248.88000030517577,247.64899978637695
253.56455993652344,253.72999572753906,255.86000061035156,252.76800537109375,253.6999969482422,13241300,2025-10-23,3,23,10,1.218616360431451,0.011824509127997786,2.3798008068925727,2.4962321364525857,253.68199462890624,250.03199920654296,248.00699920654296
260.34014892578125,260.510009765625,262.510009765625,256.1000061035156,257.29998779296875,18406000,2025-10-24,4,24,10,2.46055944947233,1.2475795277686252,2.3762266010921413,2.398905261463356,255.0259979248047,252.33399963378906,248.67350006103516
269.7539978027344,269.92999267578125,270.79998779296875,264.94000244140625,265.3599853515625,22987700,2025-10-27,0,27,10,2.1709278370562752,1.7221915799264802,2.555179196789091,2.442681927455509,257.6079986572266,254.86299896240234,249.95199966430664
268.2549743652344,268.42999267578125,271.3800048828125,267.1700134277344,270.20001220703125,20101200,2025-10-28,1,28,10,1.5683759527435126,-0.6550775171297123,2.0166218043891475,2.321400994188072,261.0259979248047,257.08699798583984,251.1959991455078
274.9906005859375,275.1700134277344,275.9700012207031,268.42999267578125,268.6099853515625,26287900,2025-10-29,2,29,10,2.740127258416566,2.4422130352250195,2.031721371624027,2.3582359733583553,265.5540008544922,259.43299865722656,252.6775001525879
281.7161865234375,281.8999938964844,291.92999267578125,280.45001220703125,291.7200012207031,48570000,2025-10-30,3,30,10,4.072359247004996,-3.366244098151276,2.6024699489387357,2.4911353779156546,271.18800048828126,262.43499755859375,254.45100021362305
281.6362609863281,281.82000732421875,286.2850036621094,277.52301025390625,283.2049865722656,29932800,2025-10-31,4,31,10,3.1090742958227673,-0.4890377336959315,2.732172918208823,2.5541997596504826,275.45,265.23799896240234,256.21950073242186
283.93475341796875,284.1199951171875,285.94000244140625,280.3699951171875,282.4200134277344,19691800,2025-11-03,0,3,11,1.9604418625733673,0.6019338604302262,2.690075723312242,2.6226274600506665,278.2880004882812,267.94799957275393,257.85000076293943
277.8786926269531,278.05999755859375,281.8340148925781,276.864990234375,277.06500244140625,18123700,2025-11-04,1,4,11,1.787033266860342,0.3591197402847448,2.733807186135608,2.3752144952623775,280.21400146484376,270.61999969482423,259.3965003967285
284.5643310546875,284.75,286.70001220703125,277.8800048828125,279.3800048828125,20063200,2025-11-05,2,5,11,3.0974564790935033,1.9221114694446275,2.805273030270995,2.418497200947511,282.1299987792969,273.84199981689454,261.36100006103516
285.1539611816406,285.3399963378906,288.80999755859375,281.6199951171875,285.7349853515625,23103800,2025-11-06,3,6,11,2.519801827183062,-0.1382361397523263,2.4947615463066084,2.548615747622672,282.8179992675781,277.0029998779297,263.51749954223635
279.51763916015625,279.70001220703125,284.5,275.739990234375,284.2099914550781,21991100,2025-11-07,4,7,11,3.1319304194884787,-1.5868475365545749,2.499332771039751,2.6157528446242866,282.3940002441406,278.9220001220703,265.6279998779297
290.4005126953125,290.5899963378906,291.4599914550781,283.5400085449219,285.2650146484375,19508200,2025-11-10,0,10,11,2.7254836745815214,1.8666788480934713,2.6523411334413813,2.6712084283768114,283.68800048828126,280.9880004882813,267.9254997253418
291.5497741699219,291.739990234375,292.3399963378906,287.8800048828125,288.20001220703125,14156700,2025-11-11,1,11,11,1.5287556058033402,1.22830599493548,2.600685601229981,2.6672463936827944,286.4239990234375,283.3190002441406,270.20299911499023
287.2425842285156,287.42999267578125,292.3599853515625,284.3800048828125,292.0849914550781,16998800,2025-11-12,2,12,11,2.7763214250752717,-1.5937137872463405,2.5364585904263346,2.6708658103486647,286.9599975585937,284.5449981689453,271.98899841308594
278.9380187988281,279.1199951171875,283.510009765625,278.0,282.9849853515625,18060200,2025-11-13,3,13,11,1.9740648688789357,-1.3657933934457274,2.4273111987655094,2.461036372536059,285.71599731445315,284.2669982910156,273.3509979248047
276.7994079589844,276.9800109863281,279.1499938964844,271.4100036621094,271.8949890136719,18330500,2025-11-14,4,14,11,2.794421953704468,1.870215405992847,2.3598095056087076,2.4295711383242287,285.1719970703125,283.7829986572266,274.51049880981446
285.4137878417969,285.6000061035156,294.5199890136719,284.2300109863281,286.3999938964844,34286100,2025-11-17,0,17,11,3.602933405965738,-0.2793253526597125,2.535299451885551,2.5938202926634664,284.1739990234375,283.9309997558594,275.93949966430665
284.7742004394531,284.9599914550781,289.43499755859375,279.010009765625,288.4849853515625,29702200,2025-11-18,1,18,11,3.658404023574016,-1.2218985650808267,2.961229135439686,2.780957368334833,282.8179992675781,284.6209991455078,277.620499420166
292.7989501953125,292.989990234375,304.25,287.6700134277344,287.68499755859375,43123600,2025-11-19,2,19,11,5.658891813676842,1.8440282673067667,3.53774321316,3.0371009017931674,283.92999877929685,285.4449981689453,279.64349899291994
289.79095458984375,289.9800109863281,306.8900146484375,289.1700134277344,304.739990234375,34801400,2025-11-20,3,20,11,6.110766449187624,-4.84346647011933,4.365083529221738,3.396197363993623,286.102001953125,285.90899963378905,281.45599975585935
299.4546203613281,299.6499938964844,303.9599914550781,294.3599853515625,296.8699951171875,43670600,2025-11-21,4,21,11,3.2037397961142613,0.9364364284101829,4.4469470977036964,3.403378301656202,290.63599853515626,287.90399780273435,283.41299896240236
318.2623596191406,318.4700012207031,319.79998779296875,309.3999938964844,311.010009765625,55311800,2025-11-24,0,24,11,3.265611786548482,2.3986338769931947,4.379482773820245,3.4573911128528976,297.2099975585937,290.69199829101564,285.8399993896484
323.4289855957031,323.6400146484375,328.6700134277344,317.8160095214844,326.79998779296875,50899300,2025-11-25,1,25,11,3.3537274178041447,-0.9669440827926611,4.318547452666271,3.639888294052978,304.9460021972656,293.8820007324219,288.6005004882812
320.0711669921875,320.2799987792969,324.989990234375,317.20001220703125,320.7799987792969,29839600,2025-11-26,2,26,11,2.432239932881909,-0.15587006730553987,3.6732170765072842,3.605480144833642,310.40400390625,297.16700134277346,290.8559997558594
319.9112854003906,320.1199951171875,326.8800048828125,316.94000244140625,323.42999267578125,19695800,2025-11-28,4,28,11,3.105086402918217,-1.0234046419782161,3.0720810672534027,3.7185822982375702,316.4320007324219,301.2670013427734,292.76699981689455
314.9145202636719,315.1199951171875,319.6300048828125,313.9800109863281,317.4750061035156,28520600,2025-12-01,0,1,12,1.792965849210312,-0.7417941384526667,2.789926277872613,3.6184366877881544,319.5260009765625,305.08099975585935,294.43199920654297
315.8139343261719,316.0199890136719,318.6000061035156,314.2200012207031,316.8999938964844,24668200,2025-12-02,1,2,12,1.3859898218726314,-0.2776916692210333,2.414001884937443,3.3967423293788435,319.03599853515624,308.122998046875,296.02699890136716
320.41094970703125,320.6199951171875,322.0400085449219,314.2799987792969,316.0299987792969,32285100,2025-12-03,2,3,12,2.4203137308353755,1.452392606910745,2.227319147543689,3.2729333001049796,318.43199462890624,311.6889984130859,298.1549987792969
318.18243408203125,318.3900146484375,323.0989990234375,315.5899963378906,323.0450134277344,20831600,2025-12-04,3,4,12,2.358429077569605,-1.4409752776877967,2.212556976481228,2.942887026494256,318.0539978027344,314.2290008544922,299.8369995117188
321.8799743652344,322.0899963378906,323.8299865722656,319.9800109863281,320.0,15719900,2025-12-05,4,5,12,1.1953105124999468,0.6531238555908203,1.8306017983975742,2.4513414328254886,318.447998046875,317.43999938964845,301.67449951171875
314.45001220703125,314.45001220703125,321.2300109863281,311.9100036621094,321.0299987792969,22006900,2025-12-08,0,8,12,2.963907445512368,-2.049648505524639,2.0647901176579855,2.427358197765299,318.3140014648437,318.9200012207031,303.41199951171876
317.75,317.75,318.7090148925781,312.6199951171875,313.1000061035156,14151300,2025-12-09,1,9,12,1.9162926122393782,1.485146536518117,2.1708506757313346,2.2924262803343884,318.6600036621094,318.84800109863284,304.7699996948242
321.0,321.0,321.8699951171875,315.3999938964844,316.6199951171875,22764500,2025-12-10,2,10,12,2.0155767042688866,1.3833633220767914,2.089903270418037,2.158611208980863,318.7360046386719,318.58399963378906,306.23300018310545
313.70001220703125,313.70001220703125,321.989990234375,309.8800048828125,321.1000061035156,25912100,2025-12-11,3,11,12,3.860371335774869,-2.3045760684597365,2.39029172205909,2.301424349270159,317.7980041503906,317.9260009765625,307.54650115966797
310.5199890136719,310.5199890136719,316.1400146484375,306.9599914550781,314.7950134277344,21264800,2025-12-12,4,12,12,2.9563388890095537,-1.3580343498814322,2.742497397361011,2.2865495978792927,315.4840026855469,316.96600036621095,309.1165008544922
309.32000732421875,309.32000732421875,312.70001220703125,305.739990234375,312.625,22028900,2025-12-15,0,15,12,2.25010403719569,-1.057174786335466,2.5997367156976754,2.33226341667783,314.4580017089844,316.38600158691406,310.7335006713867
307.7300109863281,307.7300109863281,311.8450012207031,303.8299865722656,306.0,21285200,2025-12-16,1,16,12,2.6045606090702647,0.5653630674274919,2.7373903150638528,2.4541204953975937,312.45400390625,315.5570037841797,311.84000091552736
298.05999755859375,298.05999755859375,309.19500732421875,297.45001220703125,309.010009765625,29120400,2025-12-17,2,17,12,3.94048017627009,-3.543578479977562,3.1223710094640937,2.6061371399410653,307.8660034179687,313.30100402832034,312.4950012207031
303.75,303.75,305.260009765625,300.6300048828125,303.05999755859375,21040500,2025-12-18,3,18,12,1.5242814429012346,0.22767849500587573,2.655153030889367,2.5227223764742286,305.8760009765625,311.8370025634766,313.0330017089844
308.6099853515625,308.6099853515625,308.989990234375,302.3399963378906,303.2699890136719,45234400,2025-12-19,4,19,12,2.154821364224113,1.760806057750043,2.4948495259322785,2.6186734616466447,305.49400024414064,310.48900146484374,313.9645004272461
311.3299865722656,311.3299865722656,311.70001220703125,306.5899963378906,311.2250061035156,14091400,2025-12-22,0,22,12,1.6413503644161473,0.03373137334442938,2.3730987913763704,2.486417753537023,305.89599609375,310.1769989013672,314.54850006103516
315.67999267578125,315.67999267578125,316.29998779296875,310.75,311.135009765625,13961400,2025-12-23,1,23,12,1.7581056518424523,1.4607751514623641,2.203807799930807,2.4705990574973304,307.4859924316406,309.9699981689453,314.40899963378905
315.6700134277344,315.6700134277344,316.2900085449219,313.32000732421875,316.1499938964844,6138200,2025-12-24,2,24,12,0.940856303851313,-0.1518204896461766,1.6038830254470522,2.3631270174555725,311.00799560546875,309.43699951171874,314.01049957275393
314.9599914550781,314.9599914550781,316.55999755859375,313.7200012207031,315.9200134277344,6730900,2025-12-26,4,26,12,0.9017006651448574,-0.3038813407988955,1.4793668698957767,2.0672599503925717,313.2499938964844,309.56299743652346,313.74449920654297
314.3900146484375,314.3900146484375,314.9700012207031,311.8999938964844,312.82000732421875,12317700,2025-12-29,0,29,12,0.9764964474624759,0.501888398267165,1.2437018865434493,1.8692757062378635,314.4059997558594,309.95,313.45800018310547
314.54998779296875,314.54998779296875,317.70001220703125,313.25,313.4100036621094,11052500,2025-12-30,1,30,12,1.4147233761649896,0.36373571919816694,1.1983764888932176,1.7857376401347935,315.05,310.472998046875,313.4294998168945
313.79998779296875,313.79998779296875,315.3900146484375,312.20001220703125,313.3699951171875,10821500,2025-12-31,2,31,12,1.0165718819310061,0.1372156500243268,1.0500697349109285,1.626938767420868,314.6739990234375,311.0799957275391,313.31849975585936
315.32000732421875,315.32000732421875,322.91400146484375,310.6499938964844,317.5899963378906,22043700,2026-01-02,4,2,1,3.889384524766061,-0.7147545703098237,1.6397753790938778,1.6218292022704652,314.6039978027344,312.8059967041016,313.0535003662109
317.32000732421875,317.32000732421875,319.25,315.2489929199219,317.69500732421875,19934000,2026-01-05,0,5,1,1.2608745076669978,-0.11803773787899018,1.711610147598306,1.5954885087470414,315.0760009765625,314.1629974365234,313.0
314.54998779296875,314.54998779296875,321.55999755859375,312.3399963378906,317.30999755859375,18989900,2026-01-06,1,6,1,2.9311720166943918,-0.8698149402353271,2.102545261444689,1.6731235739940693,315.1079956054688,314.7569976806641,312.6229995727539
322.42999267578125,322.42999267578125,326.4649963378906,314.5,314.57000732421875,24681800,2026-01-07,2,7,1,3.7108819308636716,2.498644234528509,2.5617769723844255,1.8800767306388217,316.6839965820312,315.86699829101565,313.0219985961914
326.010009765625,326.010009765625,330.5400085449219,321.989990234375,329.2650146484375,21789600,2026-01-08,3,8,1,2.6226244760685877,-0.9885668801733857,2.882987491211942,1.9665286130614352,319.1260009765625,316.9,313.4349990844727
329.1400146484375,329.1400146484375,331.4800109863281,326.25,327.489990234375,17917700,2026-01-09,4,9,1,1.5889927549266314,0.5038396480092798,2.422909137244056,2.0313422581689666,321.89000244140624,318.2470001220703,313.84199981689454
332.7300109863281,332.7300109863281,334.44000244140625,325.510009765625,326.5,23893800,2026-01-12,0,12,1,2.6838554927190454,1.9081197507896248,2.7075053342544657,2.209557740926386,324.9720031738281,320.0240020751953,314.7934997558594
336.42999267578125,336.42999267578125,341.20001220703125,334.3500061035156,335.2799987792969,24616700,2026-01-13,1,13,1,2.036086630991013,0.34299507894038617,2.52848825711379,2.3155167592792396,329.34800415039064,322.2279998779297,316.08899993896483
336.30999755859375,336.30999755859375,337.0299987792969,331.1400146484375,334.9849853515625,17839300,2026-01-14,2,14,1,1.7513556461648718,0.395543760160076,2.13658300017403,2.3491799862792275,332.12400512695314,324.4040008544922,317.4384994506836
333.1600036621094,333.1600036621094,338.1300048828125,331.2900085449219,338.05499267578125,16424900,2026-01-15,3,15,1,2.053066473377682,-1.4479860140289413,2.022671399635849,2.4528294454238955,333.55400390625,326.3400024414062,318.70999908447266
330.3399963378906,330.3399963378906,335.239990234375,328.1700134277344,334.93499755859375,21868600,2026-01-16,4,16,1,2.1402121707990363,-1.3719083566056045,2.1329152828103295,2.2779122100271927,333.79400024414065,327.8420013427734,320.3239990234375
322.1600036621094,322.1600036621094,328.0899963378906,320.8900146484375,321.239990234375,27169900,2026-01-20,1,20,1,2.2349086191980154,0.2863944265043521,2.0431259081061235,2.3753156211802944,331.67999877929685,328.3260009765625,321.24449920654297
328.3800048828125,328.3800048828125,332.7250061035156,319.5400085449219,321.0950012207031,22791700,2026-01-21,2,21,1,4.015164554035201,2.268800085461954,2.438941492714961,2.4837148749143756,330.07000122070315,329.70900268554686,322.23300018310545
330.8399963378906,330.8399963378906,335.2099914550781,328.8800048828125,334.2650146484375,19902100,2026-01-22,3,22,1,1.9133075330471043,-1.024641574933928,2.471331870091408,2.303957435132719,328.9760009765625,330.5500030517578,323.20850067138673
328.42999267578125,328.42999267578125,334.0299987792969,327.9700012207031,332.6549987792969,19110600,2026-01-23,4,23,1,1.8451413371908587,-1.2700864616553518,2.429746842854043,2.226209121244946,328.0299987792969,330.79200134277346,323.8460006713867
333.5899963378906,333.5899963378906,336.3500061035156,327.489990234375,328.20001220703125,18502500,2026-01-26,0,26,1,2.6559597009516995,1.6422863895140045,2.532896348884576,2.332905815847453,328.67999877929685,331.23699951171875,324.7419998168945
335.0,335.0,338.2149963378906,333.75,335.6300048828125,16080900,2026-01-27,1,27,1,1.3328347277285446,-0.18770815292049664,2.3524815705906814,2.1978037393484025,331.247998046875,331.46399841308596,325.74400024414064
336.2799987792969,336.2799987792969,337.6300048828125,332.1300048828125,336.6099853515625,17538500,2026-01-28,2,28,1,1.635541816333148,-0.09803231829887046,1.876557023050271,2.1577492578826165,332.8279968261719,331.4489990234375,326.83849945068357
338.6600036621094,338.6600036621094,342.2900085449219,326.7200012207031,340.3500061035156,24548300,2026-01-29,3,29,1,4.59753356045947,-0.4965483799322292,2.413402228532744,2.442367049312076,334.3919982910156,331.6839996337891,328.04400024414065
338.5299987792969,338.5299987792969,340.2900085449219,332.6400146484375,334.4599914550781,21740200,2026-01-30,4,30,1,2.2597683880511146,1.2168891431564242,2.4963276387047957,2.4630372407794194,336.41199951171876,332.2209991455078,329.280500793457
344.8999938964844,344.8999938964844,345.1650085449219,336.010009765625,336.54998779296875,22775200,2026-02-02,0,2,2,2.654392270602529,2.4810596958488658,2.4960141526349613,2.514455250759769,338.6739990234375,333.6769989013672,330.75950012207034
340.70001220703125,340.70001220703125,350.1499938964844,338.5899963378906,348.5150146484375,25786500,2026-02-03,1,3,2,3.3930135439998605,-2.2423718098026817,2.9080499158892246,2.630265743239953,339.8140014648437,335.5309997558594,331.9285003662109
333.3399963378906,333.3399963378906,344.25,329.3699951171875,343.7550048828125,36991100,2026-02-04,2,4,2,4.4639122356410414,-3.0297765550998723,3.4737239997508027,2.6751405114005373,339.2260009765625,336.02699890136716,332.86800079345704
331.3299865722656,331.3299865722656,332.6440124511719,306.9200134277344,313.20001220703125,51842000,2026-02-05,3,5,2,7.763860823332662,5.788625050643393,4.1069894523254415,3.2601958404290925,337.75999755859374,336.0759979248047,333.31300048828126
323.1000061035156,323.1000061035156,330.6400146484375,320.1499938964844,327.3500061035156,33877000,2026-02-06,4,6,2,3.2466792181341853,-1.2983045427700564,4.3043716183420555,3.4003496285234256,334.6739990234375,335.5429992675781,333.1675003051758
324.3999938964844,324.3999938964844,327.739990234375,317.70001220703125,321.239990234375,26103300,2026-02-09,0,9,2,3.0949377978556605,0.9836893780889027,4.392480723792682,3.4442474382138215,330.5739990234375,334.6239990234375,332.9304992675781
318.6300048828125,318.6300048828125,321.6300048828125,314.6600036621094,320.9100036621094,25281900,2026-02-10,1,10,2,2.187490541974096,-0.7104791852165249,4.1513761233875295,3.529713019638377,326.1599975585938,332.98699951171875,332.22549896240236
311.3299865722656,311.3299865722656,321.0450134277344,310.1300048828125,318.9599914550781,23961900,2026-02-11,2,11,2,3.505929083509048,-2.39215108076873,3.95977949296113,3.7167517463559663,321.75799560546875,330.49199829101565,330.9704986572266
