Adj Close,Close,High,Low,Open,Volume,date,day_of_week,day,month,hl_pct,oc_pct,volatility_5d,volatility_10d,ma_5,ma_10,ma_20
GOOGL,GOOGL,GOOGL,GOOGL,GOOGL,GOOGL,,,,,,,,,,,
136.6376190185547,137.6699981689453,139.10000610351562,136.1300048828125,136.1300048828125,32437800,2024-03-11,0,11,3,2.1573336676146466,1.131266606108268,2.334120219040586,2.1143076256595164,134.30599975585938,135.57400207519532,139.34650192260742
137.4613800048828,138.5,139.3800048828125,137.02999877929688,137.02999877929688,27563400,2024-03-12,1,12,3,1.6967553093975634,1.072758690650459,2.286042719875568,2.12845294446168,135.4720001220703,135.53600158691407,138.89500198364257
138.74169921875,139.7899932861328,141.08999633789062,138.99000549316406,139.0,23347200,2024-03-13,2,13,3,1.5022469029153904,0.5683404936207284,2.170967617300797,2.0880345234730386,137.15,135.8770004272461,138.62750167846679
142.0269012451172,143.10000610351562,143.58999633789062,140.4600067138672,141.19000244140625,42753400,2024-03-14,3,14,3,2.187274277094906,1.352789594930438,2.1128127525149525,2.129092834139159,138.8940002441406,136.34100036621095,138.48550186157226
140.12127685546875,141.17999267578125,143.17999267578125,140.02999877929688,142.5,49475400,2024-03-15,4,15,3,2.2311900126799915,-0.9263209292763157,1.9549600339404996,2.2100215950016757,140.047998046875,136.74499969482423,138.40600128173827
146.57254028320312,147.67999267578125,152.14999389648438,147.1699981689453,148.61000061035156,69273700,2024-03-18,0,18,3,3.3721532871905104,-0.6258044080147402,2.1979239578556724,2.2660220884481292,142.04999694824218,138.1779983520508,138.7640007019043
145.92739868164062,147.02999877929688,148.7899932861328,146.0800018310547,148.16000366210938,24070400,2024-03-19,1,19,3,1.8431554632235472,-0.7626922616643326,2.227203988620869,2.2566233542482186,143.75599670410156,139.61399841308594,139.05950088500975
147.62457275390625,148.74000549316406,148.86000061035156,146.74000549316406,148.0,21311500,2024-03-20,2,20,3,1.425302567495826,0.5000037115973396,2.211815121536956,2.1913913694188762,145.5459991455078,141.3479995727539,139.36900100708007
146.49313354492188,147.60000610351562,150.3699951171875,146.89999389648438,149.47000122070312,24755600,2024-03-21,3,21,3,2.35094923930391,-1.2510838977155816,2.244550113978757,2.178681433246855,146.4459991455078,142.6699996948242,139.54450149536132
149.63937377929688,150.77000427246094,151.5800018310547,148.97999572753906,149.1199951171875,29211800,2024-03-22,4,22,3,1.724484996907659,1.1064975920745976,2.1432091108242903,2.049084572382395,148.36400146484374,144.20599975585938,139.885001373291
148.9446258544922,150.07000732421875,150.3800048828125,147.82000732421875,149.94000244140625,19229300,2024-03-25,0,25,3,1.7058688836224305,0.08670460230471416,1.8099522301106745,2.003938093983174,148.84200439453124,145.4460006713867,140.510001373291
149.5401153564453,150.6699981689453,152.25999450683594,149.97999572753906,150.22000122070312,22149100,2024-03-26,1,26,3,1.5132400657099145,0.2995586104283492,1.743969150607948,1.9855865696144086,149.57000427246095,146.66300048828126,141.09950103759766
149.7386016845703,150.8699951171875,151.63999938964844,148.89999389648438,151.17999267578125,22879200,2024-03-27,2,27,3,1.816136794487053,-0.20505197354954693,1.8221359960061936,2.0169755587715748,149.99600219726562,147.77100067138673,141.8240005493164
149.79815673828125,150.92999267578125,151.42999267578125,150.1699981689453,150.85000610351562,24485400,2024-03-28,3,28,3,0.834820491605391,0.0530239105265511,1.5189102464664894,1.8817301802226232,150.66199951171876,148.5539993286133,142.4474998474121
154.32395935058594,155.49000549316406,155.74000549316406,150.61000061035156,150.69000244140625,31730800,2024-04-01,0,1,4,3.2992505637528162,3.185349375532878,1.833863359835521,1.9885362353299059,151.6059997558594,149.98500061035156,143.3650001525879
153.4009552001953,154.55999755859375,154.6999969482422,152.14999389648438,153.5,24586000,2024-04-02,1,2,4,1.6498467210386085,0.6905521554356677,1.8226589273187563,1.8163055787147155,152.50399780273438,150.67300109863282,144.4254997253418
153.7582550048828,154.9199981689453,155.0800018310547,152.72999572753906,153.60000610351562,24705000,2024-04-03,2,3,4,1.5169159122716143,0.8593698001158316,1.8233940966310969,1.7836816236195223,153.35399780273437,151.46200103759764,145.5379997253418
149.4011688232422,150.52999877929688,154.77000427246094,150.4499969482422,153.5,34724700,2024-04-04,3,4,4,2.8698647174990226,-1.9348542154417752,2.0341396812334906,1.928137838619842,153.28599853515624,151.64100036621093,146.49449996948243
151.35638427734375,152.5,153.4199981689453,149.60000610351562,150.02999877929688,23459200,2024-04-05,4,5,4,2.504912829789959,1.6463382262214405,2.368158148870404,1.943534197668447,153.6,152.13099975585936,147.4004997253418
153.6887969970703,154.85000610351562,155.27000427246094,152.61000061035156,152.77999877929688,20702000,2024-04-08,0,8,4,1.7177937082748258,1.3548941882170347,2.051866777774806,1.9428650688051636,153.4720001220703,152.53899993896485,148.37249984741212
155.42564392089844,156.60000610351562,158.55999755859375,155.19000244140625,156.08999633789062,31079500,2024-04-09,1,9,4,2.1519763638833247,0.3267408402784336,2.1522927063437494,1.9874758168312527,153.8800018310547,153.19199981689454,149.31900024414062
154.96913146972656,156.13999938964844,156.61000061035156,154.67999267578125,156.2100067138672,22838600,2024-04-10,2,10,4,1.2360752799505044,-0.044816158510884475,2.0961245798795276,1.9597593382553122,154.1240020751953,153.73899993896484,150.20100021362305
158.21456909179688,159.41000366210938,159.67999267578125,156.4600067138672,156.91000366210938,27166400,2024-04-11,3,11,4,2.019939707635444,1.5932699902190495,1.9261395779068118,1.9801396295701512,155.9000030517578,154.59300079345704,151.18200073242187
156.54718017578125,157.72999572753906,160.22000122070312,157.13999938964844,157.9600067138672,25353700,2024-04-12,4,12,4,1.9527052015997304,-0.1456134315977669,1.8156980522687658,2.091928100569585,156.9460021972656,155.27300109863282,151.91350021362305
153.6986846923828,154.86000061035156,159.24000549316406,154.58999633789062,158.86000061035156,27136500,2024-04-15,0,15,4,3.002718027215744,-2.517940315140194,2.0726829160569493,2.062274846915878,156.9480010986328,155.21000061035156,152.59750061035157
153.24215698242188,154.39999389648438,155.64999389648438,153.42999267578125,154.19000244140625,20779500,2024-04-16,1,16,4,1.4378246816457119,0.13619005885801438,1.929852579609427,2.041072642976588,156.50799865722655,155.19400024414062,152.93350067138672
154.30413818359375,155.47000122070312,157.0800018310547,154.5800018310547,155.6199951171875,21763100,2024-04-17,2,17,4,1.608027259516795,-0.09638471995287248,2.004242975522685,2.0501837777011063,156.3739990234375,155.2490005493164,153.35550079345703
154.84005737304688,156.00999450683594,156.94000244140625,154.6199951171875,155.33999633789062,19883000,2024-04-18,3,18,4,1.4870889083436853,0.4313107922881328,1.8976728156643332,1.9119061967855724,155.69399719238282,155.7970001220703,153.71900024414063
152.93447875976562,154.08999633789062,156.36000061035156,152.3000030517578,156.1999969482422,32615600,2024-04-19,4,19,4,2.634822282486744,-1.3508326834671605,2.034096231841736,1.9248971420552512,154.96599731445312,155.95599975585938,154.0434997558594
155.10804748535156,156.27999877929688,157.63999938964844,154.05999755859375,154.30999755859375,26446200,2024-04-22,0,22,4,2.290761363589764,1.2766517088143217,1.8917048991165402,1.9821939075867447,155.2499969482422,156.0989990234375,154.31899948120116
157.0731658935547,158.25999450683594,158.97000122070312,156.27999877929688,156.9600067138672,21151600,2024-04-23,1,23,4,1.6997362155791413,0.8282286807865546,1.944087205903226,1.9369698927563264,156.0219970703125,156.26499786376954,154.72849884033204
157.9366912841797,159.1300048828125,159.57000732421875,157.1699981689453,157.49000549316406,22779100,2024-04-24,2,24,4,1.5082065491299816,1.0413355339679777,1.924123063825863,1.9641830196742742,156.75399780273438,156.56399841308593,155.1514991760254
154.83016967773438,156.0,156.49000549316406,150.8699951171875,151.3300018310547,57109700,2024-04-25,3,25,4,3.6025707538311296,3.085969809317067,2.3472194329233522,2.1224461242938424,156.7519989013672,156.222998046875,155.40799942016602
170.66055297851562,171.9499969482422,174.7100067138672,169.64999389648438,174.3699951171875,64665300,2024-04-26,4,26,4,2.9427234121474872,-1.387852403917843,2.408799658855501,2.2214479453486184,160.3239990234375,157.6449981689453,156.45899963378906
164.90402221679688,166.14999389648438,169.5500030517578,165.2100067138672,169.05999755859375,45610000,2024-04-29,0,29,4,2.6120953941139184,-1.721284575968842,2.473066464960332,2.182385682038436,162.297998046875,158.77399749755858,156.99199905395508
161.55929565429688,162.77999877929688,168.10000610351562,162.60000610351562,165.61000061035156,33562900,2024-04-30,1,30,4,3.378793488908366,-1.7088351069529533,2.8088779196261764,2.3764825627647013,163.20199890136718,159.61199798583985,157.40299911499022
162.63121032714844,163.86000061035156,167.1199951171875,163.08999633789062,164.3000030517578,33493200,2024-05-01,2,1,5,2.459415820997066,-0.2678042807264224,2.9991197739995936,2.4616214189127286,164.147998046875,160.45099792480468,157.84999923706056
165.37051391601562,166.6199951171875,166.72999572753906,163.88999938964844,164.7899932861328,24294500,2024-05-02,3,2,5,1.704475105699765,1.1105054345606817,2.6195006443733204,2.4833600386483363,166.2719970703125,161.51199798583986,158.65449905395508
165.98585510253906,167.24000549316406,167.9600067138672,163.0500030517578,167.55999755859375,34662400,2024-05-03,4,3,5,2.935902595572488,-0.19097163409649134,2.6181364810583205,2.5134680699569105,165.3299987792969,162.82699890136718,159.3914993286133
166.83941650390625,168.10000610351562,168.13999938964844,166.02999877929688,167.4600067138672,21871300,2024-05-06,0,6,5,1.2552055524925019,0.38218043950158265,2.346758512734037,2.4099124888471843,165.72000122070312,164.00899963378907,160.0539993286133
169.9657745361328,171.25,171.75999450683594,168.38999938964844,168.5,28039700,2024-05-07,1,7,5,1.9678803604014596,1.6320474777448073,2.064575887032656,2.4367269033294163,167.41400146484375,165.30800018310546,160.7864990234375
168.1098175048828,169.3800048828125,170.14999389648438,168.74000549316406,169.0,19569100,2024-05-08,2,8,5,0.8324408800766236,0.22485496024408283,1.7391808988485675,2.3691503364240805,168.51800231933595,166.33300018310547,161.4484992980957
168.6854705810547,169.9600067138672,170.69000244140625,168.17999267578125,169.38999938964844,15346700,2024-05-09,3,9,5,1.4768237623399705,0.3365058895286729,1.6936506301766088,2.1565756372749645,169.18600463867188,167.7290008544922,161.9759994506836
167.38528442382812,168.64999389648438,169.85000610351562,166.19000244140625,168.02999877929688,29799900,2024-05-10,4,10,5,2.170177168435504,0.3689788262165304,1.540505544749212,2.0793210129037663,169.46800231933594,167.3990005493164,162.52199935913086
167.87159729003906,169.13999938964844,169.27999877929688,164.0,164.25999450683594,31327600,2024-05-13,0,13,5,3.1216736421603755,2.97090286497569,1.9137991626827866,2.130278837708412,169.6760009765625,167.6980010986328,163.2359992980957
169.06260681152344,170.33999633789062,171.25,168.8000030517578,169.77000427246094,25127100,2024-05-14,1,14,5,1.43829811019974,0.3357436832686398,1.8078827126424428,1.9362292998375494,169.49400024414064,168.4540008544922,164.03299942016602
171.21633911132812,172.50999450683594,172.64999389648438,170.50999450683594,170.6300048828125,26948400,2024-05-15,2,15,5,1.2405074823439504,1.1017931021654728,1.889496033095908,1.814338465972238,170.1199981689453,169.31900024414062,164.88499908447267
172.8738250732422,174.17999267578125,175.1199951171875,172.69000244140625,173.2899932861328,27867900,2024-05-16,3,16,5,1.3951043621321306,0.5135896036298467,1.8731521530543405,1.7834013916154745,170.96399536132813,170.075,165.79349899291992
174.73971557617188,176.05999755859375,176.27000427246094,173.69000244140625,174.17999267578125,24479300,2024-05-17,4,17,5,1.4654105798201256,1.0793460568757414,1.7321988353312645,1.6363521900402382,172.44599609375,170.95699920654297,166.8919990539551
175.59327697753906,176.9199981689453,178.77000427246094,176.0800018310547,176.19000244140625,22554400,2024-05-20,0,20,5,1.5204626210980965,0.41432301346487005,1.4119566311188085,1.6628778969007976,174.0019958496094,171.83899841308593,167.9239990234375
176.5163116455078,177.85000610351562,178.14999389648438,175.80999755859375,176.89999389648438,16989400,2024-05-21,1,21,5,1.3157133863288462,0.5370334877383679,1.3874396863446299,1.5976611994935364,175.50399780273438,172.4989990234375,168.90349960327148
175.0573272705078,176.3800048828125,177.14999389648438,175.2100067138672,176.63999938964844,17880000,2024-05-22,2,22,5,1.0998906502503625,-0.14718891968654177,1.3593163199259122,1.6244061765109101,176.2779998779297,173.1989990234375,169.7659996032715
172.24856567382812,173.5500030517578,178.25,172.9499969482422,177.07000732421875,21024900,2024-05-23,3,23,5,3.053876668718463,-1.9879167147803516,1.6910707812431789,1.7821114671487592,176.152001953125,173.55799865722656,170.64349975585938
173.67776489257812,174.99000549316406,175.77000427246094,173.64999389648438,174.97999572753906,16579400,2024-05-24,4,24,5,1.2115036913118904,0.005720519984802253,1.6402894035415319,1.6862441194363982,175.93800354003906,174.19199981689454,170.79550018310547
175.07716369628906,176.39999389648438,177.27000427246094,174.3699951171875,174.4499969482422,20572200,2024-05-28,1,28,5,1.643996176652495,1.1177970664113768,1.6649961146524113,1.5384763728856101,175.83400268554686,174.91799926757812,171.30800018310546
174.58090209960938,175.89999389648438,176.83999633789062,174.72000122070312,175.42999267578125,23388700,2024-05-29,2,29,5,1.2052275103745023,0.267913834763564,1.6428989394615428,1.5151693129030863,175.44400024414062,175.4739990234375,171.96399993896483
170.8193359375,172.11000061035156,175.22000122070312,171.7899932861328,175.1999969482422,22931500,2024-05-30,3,30,5,1.9929161131872164,-1.7636965706132264,1.8215040320489133,1.590410175987413,174.58999938964843,175.43399963378906,172.37649993896486
171.20640563964844,172.5,173.05999755859375,169.44000244140625,171.86000061035156,37638900,2024-05-31,4,31,5,2.0985478940217392,0.3723957799229105,1.630438277109569,1.660754529176374,174.37999877929687,175.26600036621093,172.67050018310547
171.87139892578125,173.1699981689453,174.52999877929688,171.16000366210938,172.5399932861328,27459100,2024-06-03,0,3,6,1.9460617617491225,0.36513556701473104,1.7773498911970151,1.7088196473692734,174.01599731445313,174.97700042724608,172.96699981689454
172.4867401123047,173.7899932861328,173.85000610351562,171.88999938964844,173.27999877929688,26879600,2024-06-04,1,4,6,1.1278018238024652,0.2943181616047371,1.674111020627009,1.6695535676397104,173.4939971923828,174.66399993896485,173.2514991760254
174.09458923339844,175.41000366210938,176.64999389648438,173.92999267578125,175.1999969482422,22068500,2024-06-05,2,5,6,1.5506534199398556,0.11986684790253048,1.7431962025400796,1.6930475710008115,173.3959991455078,174.4199996948242,173.45949935913086
175.40469360351562,176.72999572753906,177.14999389648438,175.75,175.89999389648438,23251000,2024-06-06,3,6,6,0.7921654106995601,0.47186006813799913,1.5030460620425485,1.6622750470457308,174.31999816894532,174.4549987792969,173.82699890136718
173.15174865722656,174.4600067138672,177.8699951171875,174.3000030517578,177.0500030517578,19661400,2024-06-07,4,7,6,2.0463097145724927,-1.4628615042347555,1.4925984261526992,1.561518351631134,174.71199951171874,174.5459991455078,174.0519989013672
173.8969268798828,175.00999450683594,177.05999755859375,172.75999450683594,174.97000122070312,23726700,2024-06-10,0,10,6,2.457004277884171,0.02285722458352497,1.5947869293797088,1.686068410288362,175.0799987792969,174.547998046875,174.36999893188477
175.49668884277344,176.6199951171875,176.83999633789062,173.77000427246094,176.22000122070312,21540600,2024-06-11,1,11,6,1.7381905505051938,0.22698552588443743,1.7168646747202545,1.695487847673632,175.6459991455078,174.56999816894532,174.7439987182617
176.65924072265625,177.7899932861328,180.41000366210938,176.11000061035156,178.25,27864700,2024-06-12,2,12,6,2.4185855301976673,-0.258068282674439,1.8904510967718167,1.8168236496559484,176.1219970703125,174.75899810791014,175.11649856567382
174.04598999023438,175.16000366210938,176.74000549316406,174.8800048828125,176.11000061035156,20913300,2024-06-13,3,13,6,1.0618866016579778,-0.5394338452954088,1.9443953349635001,1.7237206985030245,175.80799865722656,175.06399841308593,175.2489990234375
175.6656036376953,176.7899932861328,177.05999755859375,174.14999389648438,174.22000122070312,18063600,2024-06-14,4,14,6,1.6460228364846212,1.4751418019874787,1.8643379593459262,1.6784681927493128,176.27399597167968,175.4929977416992,175.37949905395507
176.1127471923828,177.24000549316406,178.36000061035156,174.80999755859375,175.4600067138672,19618500,2024-06-17,0,17,6,2.0029355347174893,1.0144754993652896,1.77352421071259,1.6841555700461495,176.71999816894532,175.8999984741211,175.4384994506836
173.97642517089844,175.08999633789062,177.38999938964844,174.10000610351562,177.13999938964844,21869900,2024-06-18,1,18,6,1.8790298446198759,-1.1572784570516426,1.8016920695355263,1.7592783721278906,176.41399841308595,176.02999877929688,175.34699935913085
175.17874145507812,176.3000030517578,177.2899932861328,174.99000549316406,175.3699951171875,20160100,2024-06-20,3,20,6,1.304587494699886,0.5303118894134958,1.5788924624359701,1.7346717796038935,176.11600036621093,176.1189987182617,175.26949920654297
178.48757934570312,179.6300048828125,180.85000610351562,176.61000061035156,177.0,57759000,2024-06-21,4,21,6,2.360410498196094,1.4858784648658192,1.8385972417435934,1.8914962883535469,177.01000061035157,176.40899963378905,175.43199920654297
178.08016967773438,179.22000122070312,180.88999938964844,178.6699981689453,180.16000366210938,18298000,2024-06-24,0,24,6,1.2387017105134777,-0.5217597814713789,1.7571330165493648,1.8107354879476454,177.49600219726562,176.88499908447267,175.71549911499022
182.8595733642578,184.02999877929688,184.2899932861328,179.4199981689453,179.6199951171875,23130200,2024-06-25,1,25,6,2.6463050315117256,2.455185270009725,1.885806915908212,1.8296655633104009,178.8540008544922,177.78699951171876,176.16749877929686
182.71051025390625,183.8800048828125,184.50999450683594,182.47999572753906,182.6300048828125,19839000,2024-06-26,2,26,6,1.1039801639066749,0.684443939429385,1.7307969797655716,1.7662445246505487,180.61200256347655,178.51300048828125,176.54149932861327
184.23080444335938,185.41000366210938,186.0500030517578,184.02000427246094,184.17999267578125,18848900,2024-06-27,3,27,6,1.0948701468105997,0.6678309454020656,1.6888535101877147,1.633872986311842,182.4340026855469,179.2750015258789,177.01699981689453
180.9915313720703,182.14999389648438,185.1300048828125,181.9600067138672,184.32000732421875,29156600,2024-06-28,4,28,6,1.740322961935875,-1.1773075854523611,1.5648360029356705,1.701716622339632,182.93800048828126,179.9740005493164,177.51899948120118
181.82620239257812,182.99000549316406,183.8800048828125,181.3000030517578,183.02999877929688,16006100,2024-07-01,0,1,7,1.4099140683129103,-0.021850672785633143,1.599078474495557,1.6781057455224608,183.69200134277344,180.59400177001953,178.0434997558594
184.06187438964844,185.24000549316406,185.57000732421875,181.55999755859375,182.0500030517578,17372500,2024-07-02,1,2,7,2.164764438949977,1.7522671727170005,1.5027703559832075,1.6942886359457099,183.9340026855469,181.39400177001954,178.64700012207032
184.63818359375,185.82000732421875,186.08999633789062,184.0,184.85000610351562,10242100,2024-07-03,2,3,7,1.1247423611624336,0.5247504401811739,1.5069227954343591,1.6188598875999656,184.32200317382814,182.46700286865234,179.2485008239746
189.38780212402344,190.60000610351562,190.86000061035156,185.8000030517578,185.86000061035156,20967500,2024-07-05,4,5,7,2.654773030723643,2.5503096296127232,1.8189033722169679,1.7538784412023412,185.36000366210936,183.89700317382812,180.00800094604492
187.82777404785156,189.02999877929688,190.1699981689453,187.77999877929688,189.89999389648438,21035900,2024-07-08,0,8,7,1.2643492594204033,-0.4581333044495723,1.7237086317138732,1.6442723173247722,186.7360046386719,184.83700256347657,180.6230010986328
187.77809143066406,188.97999572753906,191.36000061035156,188.72000122070312,190.30999755859375,15121400,2024-07-09,1,9,7,1.396972933291121,-0.6988607262449251,1.7211204047095159,1.6600994396025364,187.9340026855469,185.81300201416016,181.3490005493164
189.96408081054688,191.17999267578125,191.75,189.02999877929688,189.14999389648438,15952500,2024-07-10,2,10,7,1.422743657761263,1.0732216996040862,1.5727162484717727,1.53774330222749,189.12200012207032,186.5280014038086,182.15750045776366
184.38978576660156,185.57000732421875,190.86000061035156,185.0800018310547,189.85000610351562,25625800,2024-07-11,3,11,7,3.114726815308223,-2.2544106619428854,1.9707131393009305,1.7388179673676452,189.0720001220703,186.6970016479492,182.60500106811523
183.89295959472656,185.07000732421875,187.11000061035156,184.49000549316406,185.0800018310547,22898400,2024-07-12,4,12,7,1.4156778589183319,-0.0054001008953202395,1.7228941049398685,1.7708987385784183,187.96600036621095,186.66300201416016,182.96900177001953
185.34365844726562,186.52999877929688,188.24000549316406,184.9199981689453,184.9199981689453,16474000,2024-07-15,0,15,7,1.7798784892219925,0.8706471048526861,1.825999950900186,1.77485429130703,187.46600036621095,187.10100250244142,183.5375015258789
182.75025939941406,183.9199981689453,188.67999267578125,183.3699951171875,187.36000061035156,18290700,2024-07-16,1,16,7,2.8871235382006097,-1.8360388717975864,2.124030071882084,1.9225752382957997,186.4540008544922,187.19400177001953,183.89400177001954
179.86871337890625,181.02000427246094,183.5500030517578,179.89999389648438,182.97000122070312,20734100,2024-07-17,2,17,7,2.016356794346139,-1.065746808347042,2.2427526991990594,1.907734473835416,184.42200317382813,186.77200164794922,184.08300170898437
176.55990600585938,177.69000244140625,182.5,176.47000122070312,181.92999267578125,25315700,2024-07-18,3,18,7,3.3935498319807174,-2.33056142751081,2.2985173025335586,2.1346152209172446,182.84600219726562,185.95900115966796,184.21300201416017
176.5301055908203,177.66000366210938,180.2899932861328,177.1300048828125,178.8800048828125,18881900,2024-07-19,4,19,7,1.7786718103024908,-0.6820221307028528,2.3711160928103903,2.0470050988751294,181.36400146484374,184.66500091552734,184.28100204467773
180.51458740234375,181.6699981689453,182.6999969482422,180.22999572753906,180.58999633789062,24100300,2024-07-22,0,22,7,1.35960876622354,0.5980407846257241,2.2870621482106994,2.056531049555443,180.39200134277343,183.9290008544922,184.38300170898438
180.63381958007812,181.7899932861328,183.61000061035156,181.5399932861328,182.0500030517578,36352700,2024-07-23,1,23,7,1.1386805658552455,-0.1428232690284975,1.9373735537416266,2.030701812811855,179.96600036621095,183.21000061035156,184.51150131225586
171.53208923339844,172.6300048828125,176.19000244140625,171.82000732421875,173.60000610351562,49585200,2024-07-24,2,24,7,2.531422692222022,-0.5587564438936279,2.040386733316803,2.141569716257931,178.28800048828126,181.3550018310547,183.94150161743164
166.21607971191406,167.27999877929688,173.4199981689453,167.19000244140625,172.52000427246094,44852000,2024-07-25,3,25,7,3.7242920689870953,-3.037332114186897,2.1065351807180788,2.2025262416258187,176.20599975585938,179.5260009765625,183.11150131225585
165.9378662109375,167.0,168.08999633789062,164.05999755859375,167.14999389648438,41336900,2024-07-26,4,26,7,2.413172921734656,-0.08973610646810187,2.2334354030045116,2.3022757479074505,174.0739990234375,177.71900024414063,182.19100112915038
168.4517822265625,169.52999877929688,170.42999267578125,167.99000549316406,168.8300018310547,20293800,2024-07-29,0,29,7,1.4392657347881492,0.414616442960572,2.2493667967174336,2.2682144724640665,171.6459991455078,176.0190002441406,181.56000137329102
169.20697021484375,170.2899932861328,171.22999572753906,168.44000244140625,170.24000549316406,18959700,2024-07-30,1,30,7,1.6383777063428948,0.029363129320832432,2.3493062248149634,2.143339889278295,169.34599914550782,174.65599975585937,180.92500076293945
170.44898986816406,171.5399932861328,174.25,170.00999450683594,173.24000549316406,25729100,2024-07-31,2,31,7,2.471730009975943,-0.981304636992944,2.337367688365748,2.1888772108412753,169.12799682617188,173.70799865722657,180.2400001525879
169.67396545410156,170.75999450683594,174.0500030517578,168.8800048828125,170.25,24531400,2024-08-01,3,1,8,3.0276401588536856,0.29955624483755505,2.198037306339066,2.1522862435285726,169.8239959716797,173.01499786376954,179.48699951171875
165.6000518798828,166.66000366210938,168.50999450683594,164.6699981689453,166.44000244140625,29130100,2024-08-02,4,2,8,2.3040899157040275,0.13218049596014306,2.1762207051329403,2.204828054068726,169.75599670410156,171.91499786376954,178.28999938964844
158.2371826171875,159.25,164.42999267578125,154.92999267578125,155.5,53630700,2024-08-05,0,5,8,5.965463108320251,2.4115755627009645,3.08146017983936,2.6654134882783973,167.6999969482422,169.672998046875,176.8009994506836
157.2832794189453,158.2899932861328,160.57000732421875,156.41000366210938,159.3300018310547,49004600,2024-08-06,1,6,8,2.6280901121712392,-0.6527386763132321,3.2794026610050295,2.8143544429099965,165.29999694824218,167.322998046875,175.2664993286133
157.92913818359375,158.94000244140625,162.97999572753906,158.47000122070312,161.25,25138600,2024-08-07,2,7,8,2.8375452608279415,-1.4325566254844961,3.352565711175429,2.8449666997705885,162.77999877929688,165.95399780273436,173.65449981689454
160.99951171875,162.02999877929688,163.69000244140625,160.2100067138672,160.50999450683594,25578800,2024-08-08,3,8,8,2.147747795936979,0.9469841906923759,3.1765872385920875,2.6873122724655767,161.03399963378905,165.4289978027344,172.47749938964844
162.6290740966797,163.6699981689453,163.7899932861328,159.05999755859375,160.00999450683594,28602300,2024-08-09,4,9,8,2.889958929831851,2.287359407385651,3.2937610414176524,2.7349908732752963,160.43599853515624,165.09599761962892,171.40749893188476
161.25782775878906,162.2899932861328,164.89999389648438,161.83999633789062,164.35000610351562,15895300,2024-08-12,0,12,8,1.8855121604439782,-1.253430326059931,2.477770851842398,2.779615515840879,161.04399719238282,164.3719970703125,170.19549865722655
163.11593627929688,164.16000366210938,164.72999572753906,162.97000122070312,163.41000366210938,18551700,2024-08-13,1,13,8,1.0721213861925438,0.45896822911209934,2.166577106646659,2.722989883825844,162.21799926757814,163.75899810791014,169.20749893188477
159.35006713867188,160.3699951171875,163.22000122070312,157.7100067138672,162.39999389648438,40591100,2024-08-14,2,14,8,3.435801380931394,-1.249999295314518,2.286228330667349,2.8193970209213894,162.50399780273438,162.64199829101562,168.17499847412108
160.27413940429688,161.3000030517578,161.63999938964844,159.61000061035156,160.5,31524300,2024-08-15,3,15,8,1.2585237079291873,0.4984442690079829,2.1083835130657906,2.6424853758289393,162.35799865722657,161.6959991455078,167.35549850463866
161.923583984375,162.9600067138672,165.05999755859375,161.1300048828125,161.47000122070312,24208600,2024-08-16,4,16,8,2.4116301631489963,0.9227754269521979,2.01271775972922,2.653239400573436,162.21600036621095,161.32599945068358,166.62049865722656
165.6099853515625,166.6699981689453,166.69000244140625,164.25999450683594,165.27999877929688,22416200,2024-08-19,0,19,8,1.457975617247641,0.840996732765314,1.9272104510899524,2.2024906514661753,163.09200134277344,162.06799926757813,165.87049865722656
166.1167449951172,167.17999267578125,168.63999938964844,166.82000732421875,166.89999389648438,18341500,2024-08-20,1,20,8,1.0886422689102935,0.16776440355686134,1.9305146276335023,2.0485458671400805,163.6959991455078,162.95699920654297,165.13999862670897
164.7952117919922,165.85000610351562,166.85000610351562,164.6699981689453,165.14999389648438,22902000,2024-08-21,2,21,8,1.3144454955338718,0.42386450675258036,1.5062434505539979,1.8962358906106735,164.79200134277343,163.64799957275392,164.80099868774414
162.7582244873047,163.8000030517578,167.58999633789062,163.30999755859375,167.25999450683594,22493300,2024-08-22,3,22,8,2.6129418190208904,-2.0686306162330492,1.7771270727723387,1.9427552929190646,165.29200134277343,163.825,164.6269989013672
164.56663513183594,165.6199951171875,166.17999267578125,163.8300018310547,164.72000122070312,13955700,2024-08-23,4,23,8,1.4189052735231533,0.5463780292707148,1.57858209484717,1.795649927288195,165.8239990234375,164.0199996948242,164.55799865722656
165.10321044921875,166.16000366210938,167.5500030517578,164.4600067138672,166.3800048828125,14190400,2024-08-26,0,26,8,1.8596511012206114,-0.13222816098489712,1.658917191641764,1.7930638213658583,165.7220001220703,164.40700073242186,164.38949890136718
163.6326446533203,164.67999267578125,166.44000244140625,164.4600067138672,165.83999633789062,11821900,2024-08-27,1,27,8,1.2023292540686707,-0.699471591729854,1.6816545886734395,1.806084608153471,165.2220001220703,164.45899963378906,164.1089988708496
161.8142852783203,162.85000610351562,165.60000610351562,161.52999877929688,165.0399932861328,16407400,2024-08-28,2,28,8,2.4992368263294074,-1.3269433299238975,1.9186128548325463,1.7124281526932723,164.62200012207032,164.70700073242188,163.67449951171875
160.75108337402344,161.77999877929688,165.97000122070312,160.25,164.30999755859375,19699800,2024-08-29,3,29,8,3.5356665001008256,-1.5397716614259367,2.1031577910485337,1.9401424319104361,164.21799926757814,164.75500030517577,163.2254997253418
162.34091186523438,163.3800048828125,163.66000366210938,161.69000244140625,162.6199951171875,22123800,2024-08-30,4,30,8,1.2057786521160572,0.4673532089810484,2.0605324667671145,1.819557280807142,163.77000122070314,164.7970001220703,163.06149978637694
156.3591766357422,157.36000061035156,161.85000610351562,156.47999572753906,161.72000122070312,38945300,2024-09-03,1,3,9,3.4125637742424546,-2.696018165620322,2.371115001371483,2.0150160965066237,162.01000061035157,163.86600036621093,162.96699981689454
155.45497131347656,156.4499969482422,159.0,155.9600067138672,156.66000366210938,19353800,2024-09-04,2,4,9,1.9431085621168294,-0.13405253986852858,2.5192708629811147,2.1004627258272768,160.36400146484374,162.79300079345703,162.875
156.23995971679688,157.24000549316406,159.4499969482422,155.97999572753906,156.3000030517578,18688700,2024-09-05,3,5,9,2.2068183028993738,0.6014090998417791,2.4607871582951084,2.1897000065638275,159.24200134277345,161.93200073242187,162.79000015258788
149.9601593017578,150.9199981689453,157.8300018310547,150.5500030517578,157.3000030517578,37912100,2024-09-06,4,6,9,4.823746930574026,-4.055947081395307,2.718403244389748,2.410780517719141,157.07000122070312,160.6440002441406,162.2345001220703
147.96029663085938,148.7100067138672,153.39999389648438,147.22000122070312,152.50999450683594,39260500,2024-09-09,0,9,9,4.155734245693479,-2.4916319781248326,3.308394363105232,2.6844634149361735,154.13600158691406,158.9530014038086,161.48650054931642
147.91053771972656,148.66000366210938,151.27000427246094,148.33999633789062,150.4499969482422,31118800,2024-09-10,1,10,9,1.9709456897565758,-1.1897596028191386,3.0200707462080567,2.69559287378977,152.39600219726563,157.2030014038086,160.80500106811525
150.39793395996094,151.16000366210938,151.5,147.52000427246094,149.9199981689453,29607700,2024-09-11,2,11,9,2.6329687953935332,0.827111464987277,3.158042792863397,2.838656827922256,151.33800354003907,155.85100250244142,160.15500106811524
153.91015625,154.69000244140625,154.82000732421875,152.64999389648438,153.8000030517578,29621500,2024-09-12,3,12,9,1.402814269497692,0.5786731937508017,2.997241986183061,2.7290145722390844,150.8280029296875,155.03500213623047,159.87100143432616
156.66616821289062,157.4600067138672,158.3800048828125,155.2100067138672,155.42999267578125,29591200,2024-09-13,4,13,9,2.013208455341782,1.3060632656146614,2.4351342911366123,2.57676876776318,152.13600463867186,154.6030029296875,159.67900161743165
157.26315307617188,158.05999755859375,158.25,156.60000610351562,157.30999755859375,18379800,2024-09-16,0,16,9,1.0439035315515,0.4767656294194812,1.8127681483082168,2.5605812557067247,154.0060028076172,154.0710021972656,159.43400115966796
158.51681518554688,159.32000732421875,160.5500030517578,158.3800048828125,159.02000427246094,20715600,2024-09-17,1,17,9,1.3620374524144552,0.1886574290639527,1.6909865008397926,2.3555286235239246,156.13800354003905,154.26700286865236,159.06650161743164
159.00433349609375,159.80999755859375,160.5,158.60000610351562,159.86000061035156,23677300,2024-09-18,2,18,9,1.1889080317317127,-0.03127927659633363,1.4021743481074282,2.280108570485413,157.86800231933594,154.6030029296875,158.69800186157227
161.32257080078125,162.13999938964844,163.7899932861328,161.33999633789062,163.7100067138672,26587700,2024-09-19,3,19,9,1.5110379656252815,-0.9590173232127547,1.4238190873329464,2.2105305367580037,159.35800170898438,155.09300231933594,158.51250152587892
162.76527404785156,163.58999633789062,163.72999572753906,162.05999755859375,163.5,40896400,2024-09-20,4,20,9,1.0208436984716212,0.055043631737385315,1.2253461359589142,1.8302402135477631,160.58399963378906,156.36000213623046,158.50200119018555
161.03404235839844,161.85000610351562,165.49000549316406,161.6699981689453,164.35000610351562,24150900,2024-09-23,0,23,9,2.3602145073603267,-1.5211438437217815,1.4886083311206795,1.650688239714448,161.34200134277344,157.67400207519532,158.31350173950196
161.47181701660156,162.2899932861328,163.22000122070312,160.69000244140625,163.02999877929688,23332100,2024-09-24,1,24,9,1.5589370164285143,-0.45390756223083256,1.527988243923491,1.6094873723816416,161.93599853515624,159.03700103759766,158.12000122070313
160.6758575439453,161.49000549316406,162.80999755859375,161.3000030517578,161.47000122070312,18869200,2024-09-25,2,25,9,0.9350389841307276,0.012388847655729516,1.4772144344032943,1.4396943912553612,162.27200012207032,160.07000122070312,157.96050186157225
161.90960693359375,162.72999572753906,164.0800018310547,162.27999877929688,163.63999938964844,20319300,2024-09-26,3,26,9,1.106128617351887,-0.5561009933412039,1.3962325647486153,1.4100258260407807,162.38999938964844,160.8740005493164,157.95450134277343
163.1234588623047,163.9499969482422,165.6999969482422,162.6300048828125,162.80999755859375,21101300,2024-09-27,4,27,9,1.8725173056263378,0.700202325866483,1.5665672861795585,1.3959567110692364,162.46199951171874,161.52299957275392,158.0630012512207
165.0138702392578,165.85000610351562,166.14999389648438,163.25999450683594,163.32000732421875,20413900,2024-09-30,0,30,9,1.7425380062058233,1.5491052325722625,1.443031985948658,1.4658201585346686,163.26199951171876,162.3020004272461,158.18650131225587
166.14813232421875,166.99000549316406,169.16000366210938,164.5800018310547,167.69000244140625,28338100,2024-10-01,1,1,10,2.742680208632112,-0.4174351112474809,1.6797806243893774,1.6038844341564342,164.202001953125,163.06900024414062,158.6680015563965
165.02383422851562,165.86000061035156,167.52000427246094,164.72999572753906,166.4199981689453,17760200,2024-10-02,2,2,10,1.682146710873548,-0.33649655375266546,1.829202169737942,1.6532083020706179,165.0760009765625,163.67400054931642,159.13850173950195
165.02383422851562,165.86000061035156,166.63999938964844,163.9199981689453,164.41000366210938,15073100,2024-10-03,3,3,10,1.6399380264643297,0.8819396119120457,1.9359640515604302,1.6660983081545226,165.702001953125,164.0460006713867,159.56950149536132
166.21775817871094,167.05999755859375,168.22999572753906,165.47999572753906,168.05999755859375,19047400,2024-10-04,4,4,10,1.6461151922592836,-0.5950255947441343,1.8906836288870192,1.7286254575332891,166.32400207519532,164.39300079345702,160.37650146484376
162.1583251953125,162.97999572753906,168.47999572753906,162.75,167.72000122070312,22463100,2024-10-07,0,7,10,3.515766276689657,-2.8261420573964093,2.245329282983786,1.8441806344662222,165.75,164.50599975585936,161.09000091552736
163.55128479003906,164.3800048828125,164.72999572753906,162.8699951171875,163.94000244140625,23072700,2024-10-08,1,8,10,1.1315248540584777,0.268392359920521,1.9230982120690594,1.8014394182292182,165.22799987792968,164.71500091552736,161.8760009765625
161.04397583007812,161.86000061035156,164.83999633789062,159.74000549316406,163.4499969482422,31181800,2024-10-09,2,9,10,3.1508654550198973,-0.9727723264467913,2.2168419608983294,2.023022065318135,164.4279998779297,164.7520004272461,162.4110008239746
161.26290893554688,162.0800018310547,163.07000732421875,160.39999389648438,160.8699951171875,14144100,2024-10-10,3,10,10,1.6473429155791124,0.7521643256007715,2.2183229387212853,2.077143495140858,163.6720001220703,164.68700103759767,162.78050079345704
162.4170379638672,163.24000549316406,163.89999389648438,161.24000549316406,162.1300048828125,15344300,2024-10-11,4,11,10,1.6294954139974616,0.6846361419367566,2.214998983068921,2.05284130597797,162.9080017089844,164.61600189208986,163.0695007324219
164.1283721923828,164.9600067138672,166.22999572753906,163.39999389648438,163.63999938964844,19016100,2024-10-14,0,14,10,1.7155684504568989,0.8066532199597718,1.8549594178223696,2.0501443504030776,163.30400390625,164.527001953125,163.41450119018555
164.62583923339844,165.4600067138672,167.67999267578125,164.6300048828125,165.7899932861328,20247200,2024-10-15,1,15,10,1.8433383713341351,-0.19903889597010202,1.997322121277501,1.96021016667328,163.52000427246094,164.3740020751953,163.72150115966798
164.3273468017578,165.16000366210938,165.8000030517578,163.74000549316406,164.52999877929688,16406000,2024-10-16,2,16,10,1.2472738634761547,0.38291186257017995,1.6166038029687524,1.916722881933541,164.1800048828125,164.3040023803711,163.98900146484374
162.10858154296875,162.92999267578125,166.3699951171875,162.75999450683594,165.72999572753906,21453400,2024-10-17,3,17,10,2.2156759176532947,-1.6894968466426752,1.7302704033835892,1.974296671052437,164.35000305175782,164.01100158691406,164.02850112915038
162.59613037109375,163.4199981689453,164.7100067138672,163.0800018310547,163.19000244140625,19757700,2024-10-18,4,18,10,0.9974329342039179,0.1409373883805431,1.6038579074248804,1.9094284452469008,164.38600158691406,163.64700164794922,164.02000122070314
163.24285888671875,164.07000732421875,164.5,162.6199951171875,162.9499969482422,20946500,2024-10-21,0,21,10,1.145855304984184,0.6873337814988185,1.489915278330337,1.6724373480763532,164.20800170898437,163.7560028076172,164.1310012817383
164.30746459960938,165.13999938964844,165.77000427246094,162.97999572753906,162.97999572753906,16568100,2024-10-22,1,22,10,1.68948077705804,1.325318271403289,1.4591437594751184,1.7282329403763097,164.1440002441406,163.83200225830078,164.27350158691405
161.9593505859375,162.77999877929688,165.82000732421875,161.92999267578125,164.75999450683594,18280500,2024-10-23,2,23,10,2.389737484708871,-1.2017454440112354,1.6876364837216613,1.652120143345207,163.66799926757812,163.92400207519532,164.3380012512207
161.89964294433594,162.72000122070312,163.3300018310547,161.00999450683594,162.8300018310547,22412500,2024-10-24,3,24,10,1.4257665356528844,-0.0675554929156694,1.5296546073215793,1.6299625053525844,163.6260009765625,163.98800201416014,164.3375015258789
164.43679809570312,165.27000427246094,165.58999633789062,163.4199981689453,163.6699981689453,19828900,2024-10-25,4,25,10,1.3130018229853104,0.9775805715254231,1.592768385077858,1.5983131462513689,163.99600219726562,164.19100189208984,164.40350189208985
165.87950134277344,166.72000122070312,168.75,163.9499969482422,168.75,32138600,2024-10-28,0,28,10,2.879080504206326,-1.2029622395833333,1.9394134249222865,1.7146643516263118,164.5260009765625,164.36700134277345,164.4470016479492
168.8245391845703,169.67999267578125,170.3800048828125,167.08999633789062,167.72999572753906,42169000,2024-10-29,1,29,10,1.9389490139879433,1.1625809323990959,1.9893070723082669,1.7242254158916925,165.43399963378906,164.78899993896485,164.58150100708008
173.58047485351562,174.4600067138672,182.02000427246094,174.05999755859375,180.67999267578125,68890800,2024-10-30,2,30,10,4.56265413707248,-3.4425427352520606,2.4238904027809887,2.055763443251325,167.77000122070314,165.71900024414063,165.01150131225586
170.24734497070312,171.11000061035156,176.82000732421875,171.0,173.1300048828125,44769000,2024-10-31,3,31,10,3.40132505608013,-1.16675574163371,2.8190021068664377,2.1743283570940086,169.4480010986328,166.53700103759766,165.27400131225585
170.42642211914062,171.2899932861328,172.32000732421875,168.8800048828125,170.07000732421875,31796500,2024-11-01,4,1,11,2.008291538467089,0.7173433935287018,2.9580600499627936,2.275414217520326,170.6519989013672,167.3240005493164,165.48550109863282
168.38677978515625,169.24000549316406,170.72999572753906,168.00999450683594,169.92999267578125,21492700,2024-11-04,0,4,11,1.6071857317524085,-0.40604202457282035,2.7036810954720103,2.3215472601971485,171.15599975585937,167.84100036621095,165.79850158691406
168.88427734375,169.74000549316406,170.52999877929688,168.83999633789062,169.42999267578125,18242100,2024-11-05,1,5,11,0.9956417972864454,0.1829739897209631,2.5150196521317105,2.252163362219989,171.16800231933593,168.3010009765625,166.06650161743164
175.6201171875,176.50999450683594,176.94000244140625,173.5,173.8000030517578,33695500,2024-11-06,2,6,11,1.9488995232352264,1.559258577383964,1.9922687293642596,2.2080795660726245,171.5779998779297,169.67400054931642,166.79900131225585
179.83876037597656,180.75,181.0800018310547,177.19000244140625,177.41000366210938,25352900,2024-11-07,3,7,11,2.1521435074126902,1.8826426181986322,1.742432419630772,2.280717263248605,173.50599975585936,171.47700042724608,167.7325012207031
177.45086669921875,178.35000610351562,180.89999389648438,178.0800018310547,180.64999389648438,22006200,2024-11-08,4,8,11,1.581156136206098,-1.273173468406915,1.6570053391785735,2.3075326945706833,174.91800231933593,172.78500061035157,168.4880012512207
179.44076538085938,180.35000610351562,180.5500030517578,178.47000122070312,178.5800018310547,17450400,2024-11-11,0,11,11,1.153313978742439,0.9911548069841812,1.5662309885765797,2.134956042024295,177.14000244140624,174.14800109863282,169.25750122070312
180.70436096191406,181.6199951171875,182.49000549316406,179.38999938964844,179.82000732421875,25134900,2024-11-12,1,12,11,1.7068638844062263,1.0009941717571722,1.7084754060005358,2.111747529066123,179.51600036621093,175.34200134277344,170.06550064086915
177.9781951904297,178.8800048828125,180.9600067138672,178.5399932861328,180.4600067138672,23184000,2024-11-13,2,13,11,1.3528697236562404,-0.8755412680217276,1.5892694460847387,1.7907690877244995,179.99000244140626,175.78400115966798,170.7515007019043
174.69482421875,175.5800018310547,178.82000732421875,174.32000732421875,178.27999877929688,31007500,2024-11-14,3,14,11,2.5629342482465387,-1.5144699162718023,1.6714275942515084,1.7069300069411402,178.95600280761718,176.2310012817383,171.38400115966797
171.62039184570312,172.49000549316406,174.13999938964844,171.22000122070312,173.72999572753906,32504600,2024-11-15,4,15,11,1.692850644068786,-0.7137456195645558,1.6937664958240461,1.6753859175013097,177.78400268554688,176.35100250244142,171.8375015258789
174.41624450683594,175.3000030517578,175.44000244140625,172.89999389648438,173.4199981689453,20135300,2024-11-18,0,18,11,1.448949515518223,1.0840761749870416,1.7528936031792028,1.6595622958778915,176.7740020751953,176.95700225830078,172.39900131225585
177.2220001220703,178.1199951171875,178.8699951171875,173.55999755859375,173.72000122070312,23434900,2024-11-19,1,19,11,2.981135023667743,2.5328078894579265,2.007747831031506,1.8581116185160211,176.07400207519532,177.7950012207031,173.04800109863282
175.09280395507812,175.97999572753906,177.67999267578125,173.77999877929688,177.33999633789062,18997100,2024-11-20,2,20,11,2.216157512881486,-0.7668888228464362,2.1804053888765553,1.884837417480647,175.49400024414064,177.74200134277345,173.70800094604493
166.784912109375,167.6300048828125,174.1300048828125,163.6999969482422,173.89999389648438,59734400,2024-11-21,3,21,11,6.222041180432923,-3.605514222964347,2.9122267753138322,2.29182718478267,173.90400085449218,176.43000183105468,173.9535011291504
163.9293670654297,164.75999450683594,166.4600067138672,163.89999389648438,165.85000610351562,38604600,2024-11-22,4,22,11,1.553783019382534,-0.6572273479443556,2.8844132503765816,2.289089873100314,172.35799865722657,175.0710006713867,173.92800064086913
166.80479431152344,167.64999389648438,168.6300048828125,165.61000061035156,166.08999633789062,33135300,2024-11-25,0,25,11,1.8013745197781765,0.9392483551026864,2.9548982512285726,2.3538959272038875,170.82799682617187,173.8009994506836,173.9745002746582
168.2673797607422,169.1199951171875,169.82000732421875,167.5800018310547,167.6300048828125,20486700,2024-11-26,1,26,11,1.3245065975858776,0.8888565238762766,2.623572566012199,2.315660198521853,169.0279968261719,172.5509994506836,173.9465003967285
168.37684631347656,169.22999572753906,169.47999572753906,168.02000427246094,169.0,19266500,2024-11-27,2,27,11,0.8627261667185271,0.13609214647281803,2.352886296779608,2.2666458428280816,167.67799682617186,171.58599853515625,173.68499984741212
168.09825134277344,168.9499969482422,169.42999267578125,167.16000366210938,168.5,14257200,2024-11-29,4,29,11,1.343586300488236,0.2670605034078264,1.3771953207906702,2.1447110480522515,167.9419952392578,170.922998046875,173.57699966430664
170.6254425048828,171.49000549316406,172.0800018310547,168.57000732421875,168.77000427246094,23789100,2024-12-02,0,2,12,2.0467633065507442,1.6116615226909499,1.4757913782243122,2.180102314300447,169.28799743652343,170.822998046875,173.5870002746582
170.4761962890625,171.33999633789062,172.67999267578125,170.85000610351562,171.49000549316406,22248700,2024-12-03,1,3,12,1.0680440127107302,-0.08747399292573768,1.329125276810823,2.142011764019698,170.0259979248047,170.42699737548827,173.69199981689454
173.4909210205078,174.3699951171875,174.91000366210938,171.05999755859375,171.14999389648438,31615100,2024-12-04,2,4,12,2.2079521771668236,1.8813913733766527,1.5058143927270122,2.064693479369606,171.07599792480468,170.05199737548827,173.9234992980957
171.7696533203125,172.63999938964844,176.05999755859375,172.3300018310547,175.36000061035156,21356200,2024-12-05,3,5,12,2.1605628711342053,-1.5510955812249025,1.7653817336101478,2.0591340151948776,171.75799865722655,169.7179977416992,173.72999954223633
173.8292236328125,174.7100067138672,175.0800018310547,171.86000061035156,172.02999877929688,21462400,2024-12-06,4,6,12,1.8430548319860747,1.5578724371256816,1.8652754399097156,1.621235380350193,172.91000061035157,170.42599792480468,173.4279998779297
174.68585205078125,175.3699951171875,176.25999450683594,173.64999389648438,173.9600067138672,25389600,2024-12-09,0,9,12,1.4882823077046228,0.8105244590151627,1.7535792401404915,1.6146853091824016,173.68599853515624,171.48699798583985,173.27899932861328
184.44761657714844,185.1699981689453,186.36000061035156,181.0500030517578,182.85000610351562,54813000,2024-12-10,1,10,12,2.8676338559711043,1.2687951807429998,2.113497208792566,1.7213112428016946,176.45199890136718,173.23899841308594,173.51999893188477
194.63771057128906,195.39999389648438,195.61000061035156,184.85000610351562,185.30999755859375,67894100,2024-12-11,2,11,12,5.506650380212489,5.444928212629347,2.773236849401699,2.1395256210643554,180.65799865722656,175.86699829101562,174.2089988708496
191.2111358642578,191.9600067138672,195.17999267578125,191.7100067138672,195.0,34817500,2024-12-12,3,12,12,1.8076608879715104,-1.558970915965545,2.70265645276916,2.234019093189654,184.52200012207032,178.13999938964844,174.86299896240234
189.0794677734375,189.82000732421875,192.72999572753906,189.63999938964844,191.00999450683594,25143500,2024-12-13,4,13,12,1.6278559786444484,-0.6229973387987295,2.6596166821008347,2.2624460610052752,187.54400024414062,180.22700042724608,175.57499923706055
195.89280700683594,196.66000366210938,199.0,192.6199951171875,192.8699951171875,44934900,2024-12-16,0,16,12,3.2441801911965182,1.9650586617265542,3.0107962587992136,2.3821877494698525,191.802001953125,182.74400024414064,176.78349914550782
194.65762329101562,195.4199981689453,201.4199981689453,194.97999572753906,197.25,43504000,2024-12-17,1,17,12,3.295467455607441,-0.9277575822837453,3.0963629787264813,2.6049300937595237,193.852001953125,185.1520004272461,177.78949890136718
187.66500854492188,188.39999389648438,197.0,187.74000549316406,195.22000122070312,34166100,2024-12-18,2,18,12,4.915071553518099,-3.493498248936332,2.9780472133876037,2.8756420313946514,192.452001953125,186.55500030517578,178.30349884033203
187.77459716796875,188.50999450683594,193.02999877929688,188.3800048828125,191.6300048828125,32265200,2024-12-19,3,19,12,2.46670947535132,-1.628142929853048,3.1098569308635655,2.906256691816363,191.76199951171876,188.14199981689453,178.92999877929688
190.66326904296875,191.41000366210938,192.88999938964844,185.22000122070312,185.77999877929688,63462900,2024-12-20,4,20,12,4.007104133640237,3.0304687909384906,3.585706561862723,3.122661621981779,192.0799987792969,189.81199951171874,180.1189987182617
193.8707275390625,194.6300048828125,195.10000610351562,190.14999389648438,192.6199951171875,25675000,2024-12-23,0,23,12,2.543293471123156,1.0435104436598788,3.4455292178480503,3.2281627383236318,191.6739990234375,191.73800048828124,181.61249923706055
195.34494018554688,196.11000061035156,196.11000061035156,193.77999877929688,194.83999633789062,10403300,2024-12-24,1,24,12,1.188109644486789,0.6518190804410107,3.0240576556239196,3.0602103171752004,191.81199951171874,192.83200073242188,183.0354995727539
194.83694458007812,195.60000610351562,196.75,194.3800048828125,195.14999389648438,12046600,2024-12-26,3,26,12,1.211653907583852,0.23059811483773607,2.283374126437071,2.630710669912337,193.252001953125,192.852001953125,184.3595001220703
192.0080108642578,192.75999450683594,195.32000732421875,190.64999389648438,194.9499969482422,18891400,2024-12-27,4,27,12,2.4227088404325308,-1.123366235285287,2.274573999453313,2.692215465158439,194.102001953125,192.93200073242187,185.53600006103517
190.4939422607422,191.24000549316406,192.5500030517578,189.1199951171875,189.8000030517578,14264700,2024-12-30,0,30,12,1.7935619305830437,0.7586946355388446,1.8318655588418742,2.7087860603522986,194.06800231933593,193.0740005493164,186.65050048828124
188.5615234375,189.3000030517578,191.9600067138672,188.50999450683594,191.0800018310547,17466900,2024-12-31,1,31,12,1.8225103810949008,-0.9315463482519113,1.6877089408362231,2.5666190793421366,193.002001953125,192.33800048828124,187.54100036621094
188.6909942626953,189.42999267578125,192.0,187.5,190.64999389648438,20370800,2025-01-02,3,2,1,2.375547787568134,-0.6399167373514518,1.925196569452492,2.4746271125382058,191.66600036621094,191.73899993896484,188.44550018310548
191.0417938232422,191.7899932861328,193.2100067138672,189.97999572753906,191.3699951171875,18596200,2025-01-03,4,3,1,1.6841394751546026,0.21946918517091568,2.0196936829666425,2.1515339047018567,190.90399780273438,192.0779998779297,189.31650009155274
196.10198974609375,196.8699951171875,198.22000122070312,193.85000610351562,193.97999572753906,29563600,2025-01-06,0,6,1,2.2197364888368316,1.489844032014353,1.9790992126475024,2.1268366060504076,191.7259979248047,192.91399993896485,190.5279998779297
194.7273712158203,195.49000549316406,201.0,194.60000610351562,197.11000061035156,26487200,2025-01-07,1,7,1,3.273821533913748,-0.8218736300396638,2.2751511333136434,2.053508346077759,192.57599792480468,193.3220001220703,191.56699981689454
193.19337463378906,193.9499969482422,196.2899932861328,192.3800048828125,192.57000732421875,24864800,2025-01-08,2,8,1,2.0159775534122533,0.7166171114591227,2.313844567777114,2.000776754306669,193.50599670410156,193.25399932861328,192.49599990844726
191.29083251953125,192.0399932861328,196.52000427246094,190.30999755859375,194.3000030517578,26665200,2025-01-10,4,10,1,3.2337049213569258,-1.163154776185452,2.4854759945348723,2.205336281993682,194.0279968261719,192.8469985961914,192.83949966430663
190.2648468017578,191.00999450683594,191.17999267578125,187.36000061035156,190.07000732421875,21823700,2025-01-13,0,13,1,1.999891196946229,0.4945478752014622,2.5486263388931976,2.28416001092992,193.8719970703125,192.38799743652345,192.61999969482423
188.9200897216797,189.66000366210938,191.97999572753906,188.30999755859375,191.24000549316406,17174900,2025-01-14,1,14,1,1.9350406506812228,-0.8261879239023371,2.491687171262076,2.235393191954789,192.42999877929688,192.07799835205077,192.50499954223633
194.78712463378906,195.5500030517578,196.36000061035156,191.86000061035156,193.08999633789062,21776000,2025-01-15,2,15,1,2.301201702773151,1.274020798862304,2.2971632050339563,2.2861571691738,192.44199829101564,192.50899810791014,192.79149932861327
192.1574249267578,192.91000366210938,195.47999572753906,192.80999755859375,194.13999938964844,17815400,2025-01-16,3,16,1,1.3840641326314707,-0.6335612091305312,2.1707805208777997,2.242312544327457,192.23399963378907,192.8699981689453,192.60399932861327
195.23536682128906,196.0,197.22999572753906,193.75,196.52999877929688,27735100,2025-01-17,4,17,1,1.7755080242546235,-0.26967830997244524,1.8791411414573396,2.1823085679961056,193.0260009765625,193.5269989013672,192.63299942016602
197.27737426757812,198.0500030517578,202.2899932861328,197.8699951171875,199.07000732421875,29971300,2025-01-21,1,21,1,2.2317586977215056,-0.5123847063509122,1.925514641612395,2.2370704902527963,194.4340026855469,194.1529998779297,193.1154998779297
197.59613037109375,198.3699951171875,200.47999572753906,197.52999877929688,199.05999755859375,26200600,2025-01-22,2,22,1,1.4871185264180051,-0.34663038775691046,1.8359302167597513,2.1638086940109136,196.1760009765625,194.3029998779297,193.60849990844727
197.2076416015625,197.97999572753906,200.3000030517578,195.1999969482422,198.13999938964844,26951400,2025-01-23,3,23,1,2.5760209180599616,-0.08075283264472151,1.8908940598171136,2.094028632425535,196.66199951171876,194.5519989013672,193.93699951171874
199.428955078125,200.2100067138672,200.89999389648438,198.0,198.10000610351562,23877500,2025-01-24,4,24,1,1.4484759998180012,1.0651189022422332,1.9037764332544196,2.0372784770661094,198.12200012207032,195.1779998779297,194.21599960327148
191.06170654296875,191.80999755859375,196.8800048828125,190.72999572753906,192.41000366210938,41728900,2025-01-27,0,27,1,3.2063027128681054,-0.3118372704619318,2.189935370977116,2.0345382562172274,197.28399963378905,195.15500030517578,194.0009994506836
194.53810119628906,195.3000030517578,195.47999572753906,190.67999267578125,192.75,24157900,2025-01-28,1,28,1,2.457758820662041,1.3229587817161155,2.2351353955652233,2.080325018588809,196.73399963378907,195.58400115966796,193.9859992980957
194.64767456054688,195.41000366210938,196.7899932861328,193.42999267578125,195.55999755859375,18218300,2025-01-29,2,29,1,1.7194619248671952,-0.07669968212156159,2.281604075255061,2.0587671460074057,196.14200134277343,196.15900115966798,194.11849975585938
200.08636474609375,200.8699951171875,201.39999389648438,197.6699981689453,198.0,24354700,2025-01-30,3,30,1,1.8569203057743813,1.4494924834280303,2.1377839527979448,2.0143390063075293,196.72000122070312,196.69100036621094,194.59999923706056
203.22409057617188,204.02000427246094,205.47999572753906,201.8000030517578,202.0,32001100,2025-01-31,4,31,1,1.8037411031845485,1.000002115079672,2.2088369734712545,2.0563067033628366,197.48200073242188,197.8020004272461,195.33599929809571
200.44496154785156,201.22999572753906,203.75,200.10000610351562,200.69000244140625,27838300,2025-02-03,0,3,2,1.8138418595537744,0.269068353960716,1.930344802808388,2.060140086892752,199.36600036621093,198.325,195.9259994506836
205.5748748779297,206.3800048828125,207.0500030517578,202.80999755859375,203.38999938964844,43856400,2025-02-04,1,4,2,2.05446525479619,1.4700848134798898,1.8496860896352179,2.0424107426002203,201.58200073242188,199.15800018310546,196.65550003051757
190.58360290527344,191.3300018310547,192.75,188.02999877929688,191.07000732421875,70373900,2025-02-05,2,5,2,2.4669425471865667,0.13607290357966212,1.999182214099092,2.1403931446770765,200.76600036621093,198.4540008544922,196.37850036621094
190.8525390625,191.60000610351562,192.10000610351562,188.72000122070312,189.5,29297400,2025-02-06,3,6,2,1.7640943502822157,1.1081826403776385,1.9806170230006592,2.059200487899302,198.91200256347656,197.81600189208984,196.18400039672852
184.61695861816406,185.33999633789062,191.17999267578125,183.24000549316406,191.0500030517578,49315000,2025-02-07,4,7,2,4.284011729525403,-2.988749867918231,2.47667114826883,2.342754060870042,195.1760009765625,196.3290008544922,195.75350036621094
185.7425537109375,186.47000122070312,188.1999969482422,185.86000061035156,187.35000610351562,23105600,2025-02-10,0,10,2,1.2548915764316642,-0.4697116915631564,2.364881091644408,2.1476129472263983,192.2240020751953,195.7950012207031,195.47500076293946
184.5970458984375,185.32000732421875,186.94000244140625,184.27999877929688,185.02999877929688,21239500,2025-02-11,1,11,2,1.4353569808874864,0.15673596002548545,2.2410594368626673,2.0453727632489427,188.01200256347656,194.79700164794923,195.19050140380858
182.8937225341797,183.61000061035156,185.11000061035156,181.8300018310547,183.22000122070312,22072600,2025-02-12,2,12,2,1.786394405747829,0.2128585236601173,2.1049498085749194,2.052066011337006,186.46800231933594,193.61700134277345,194.88800125122071
185.41383361816406,186.13999938964844,186.27999877929688,183.13999938964844,184.32000732421875,21402500,2025-02-13,3,13,2,1.6869020092105245,0.9874088504284414,2.0895113403605814,2.03506418168062,185.3760009765625,192.14400177001954,194.41750106811523
184.5073699951172,185.22999572753906,186.39999389648438,184.32000732421875,185.05999755859375,20448400,2025-02-14,4,14,2,1.122921028041887,0.09186111055226165,1.4572932000638783,1.9669821741663545,185.3540008544922,190.26500091552734,194.03350067138672
183.05307006835938,183.77000427246094,185.9600067138672,181.74000549316406,185.60000610351562,29916700,2025-02-18,1,18,2,2.2963493076086943,-0.9859923334453078,1.665584746299284,2.0152329189718463,184.81400146484376,188.51900177001954,193.42200088500977
184.54722595214844,185.27000427246094,185.4600067138672,183.58999633789062,184.07000732421875,19549400,2025-02-19,2,19,2,1.0093433005088597,0.6519242138826706,1.5803820102235588,1.9107207235431134,184.8040008544922,186.4080017089844,192.78300094604492
183.83999633789062,184.55999755859375,185.30999755859375,182.72000122070312,184.8000030517578,20441500,2025-02-20,3,20,2,1.403335702292886,-0.12987310021680196,1.5037702695325703,1.8043600390537449,184.99400024414064,185.7310012817383,192.09250106811524
178.9591064453125,179.66000366210938,185.33999633789062,179.0800018310547,185.14999389648438,35199200,2025-02-21,4,21,2,3.48435621687354,-2.965158204349929,1.8632611110651733,1.9763862257128775,183.6980010986328,184.53700103759766,191.17650146484374
178.5507049560547,179.25,183.1199951171875,178.88999938964844,181.99000549316406,29854200,2025-02-24,0,24,2,2.3598302524625177,-1.505580202461713,2.1106429559492996,1.783968078006589,182.502001953125,183.9280014038086,190.12850112915038
174.73565673828125,175.4199981689453,178.74000549316406,174.69000244140625,178.0399932861328,41913400,2025-02-25,1,25,2,2.308746490726384,-1.4715767333111702,2.1131223925728375,1.8893535694360608,180.83200073242188,182.8230010986328,189.30900115966796
172.05615234375,172.72999572753906,176.0800018310547,171.5800018310547,175.07000732421875,35431300,2025-02-26,2,26,2,2.605222087250099,-1.33661478196327,2.4322981499210856,2.0063400800723223,178.3239990234375,181.56399993896486,188.18050079345704
167.84266662597656,168.5,174.55999755859375,167.94000244140625,173.99000549316406,39991000,2025-02-27,3,27,2,3.9287804849777443,-3.1553568135152226,2.937387106458057,2.2205786879953138,175.11199951171875,180.0529998779297,186.83500061035156
169.61570739746094,170.27999877929688,170.61000061035156,166.77000427246094,168.67999267578125,48130600,2025-02-28,4,28,2,2.2551070973800726,0.9485452768491559,2.6915372825593638,2.277399196812268,173.23599853515626,178.46699981689454,185.30550079345704
166.3584747314453,167.00999450683594,173.3699951171875,165.92999267578125,171.92999267578125,40770500,2025-03-03,0,3,3,4.454824672844188,-2.8616287899361748,3.1105361666356974,2.6105895612924983,170.78799743652343,176.6449996948242,183.4550003051758
170.25320434570312,170.9199981689453,173.2899932861328,165.8000030517578,166.24000549316406,45388000,2025-03-04,1,4,3,4.382161429098275,2.8152024309056554,3.5252191543100757,2.8191707734414564,169.88799743652345,175.35999908447266,181.9395004272461
172.3450164794922,173.02000427246094,173.77999877929688,169.05999755859375,170.52000427246094,30954900,2025-03-05,2,5,3,2.7280089609004783,1.4661036461185166,3.5497765290401517,2.9910373394806187,169.9459991455078,174.13499908447267,180.27150039672853
171.67762756347656,172.35000610351562,174.80999755859375,170.5,170.52999877929688,28302000,2025-03-06,3,6,3,2.5007237632501798,1.067265195125133,3.264165184694639,3.100776145576348,170.71600036621095,172.91399993896485,179.32250061035157
173.18174743652344,173.86000061035156,174.97000122070312,170.27000427246094,171.25999450683594,27385800,2025-03-07,4,7,3,2.7033227491903915,1.5181631361151564,3.3538083150567024,3.022672798808033,171.43200073242187,172.33399963378906,178.43550033569335
165.41319274902344,165.8699951171875,168.4600067138672,163.69000244140625,168.25999450683594,43604000,2025-03-10,0,10,3,2.8757487266403543,-1.4204204609975417,3.037993125815936,3.0742646462258163,171.2040008544922,170.99599914550782,177.4620002746582
163.58824157714844,164.0399932861328,166.75,161.3699951171875,164.91000366210938,39587400,2025-03-11,1,11,3,3.2796909918352823,-0.5275667677257234,2.817499038363337,3.1713590963367064,169.8279998779297,169.85799865722657,176.3404998779297
166.6497802734375,167.11000061035156,167.63999938964844,163.52999877929688,166.5800018310547,28372400,2025-03-12,2,12,3,2.459458198396398,0.3181647097317236,2.763788885862521,3.1567827074513364,168.6459991455078,169.2959991455078,175.42999954223632
162.31175231933594,162.75999450683594,166.1300048828125,162.11000061035156,166.0399932861328,31756200,2025-03-13,3,13,3,2.469897031295425,-1.9754269524960355,2.7576235394715702,3.0108943620831043,166.72799682617188,168.7219985961914,174.38749923706055
165.0342559814453,165.49000549316406,166.49000549316406,162.4499969482422,163.27000427246094,31995900,2025-03-14,4,14,3,2.441240202320712,1.3597116203895248,2.7052070300976343,3.0295076725771684,165.0539978027344,168.2429992675781,173.35499954223633
163.83755493164062,164.2899932861328,166.3000030517578,163.6699981689453,165.02999877929688,31184300,2025-03-17,0,17,3,1.6008308419807393,-0.4484066525103172,2.4502234531657114,2.744108289490824,164.73799743652344,167.97099914550782,172.30799942016603
160.22750854492188,160.6699981689453,164.25,156.72000122070312,163.67999267578125,42074800,2025-03-18,1,18,3,4.686624052474963,-1.8389507829452076,2.7316100652936477,2.774554551828492,164.06399841308593,166.9459991455078,171.15299911499022
163.4386444091797,163.88999938964844,165.8699951171875,161.0,161.75999450683594,34275600,2025-03-19,2,19,3,2.971502309673629,1.3167686419045264,2.8340188875490937,2.7989038867058076,163.4199981689453,166.03299865722656,170.0839988708496
162.35166931152344,162.8000030517578,164.88999938964844,160.9600067138672,161.57000732421875,28138500,2025-03-20,3,20,3,2.414000369847546,0.761277261732655,2.8228395552595176,2.7902315473655444,163.4279998779297,165.07799835205077,168.99599914550782
163.53839111328125,163.99000549316406,164.24000549316406,160.88999938964844,161.2100067138672,36625800,2025-03-21,4,21,3,2.042811141716359,1.7244579514416343,2.7431537431386475,2.7241803866181407,163.12799987792968,164.09099884033202,168.21249923706054
167.2182159423828,167.67999267578125,168.32000732421875,165.13999938964844,167.07000732421875,30879100,2025-03-24,0,24,3,1.8964742804581567,0.3651076344174407,2.8022824308341305,2.626252941999921,163.80599975585938,164.2719985961914,167.6339988708496
170.09027099609375,170.55999755859375,170.6300048828125,168.32000732421875,168.97999572753906,24174400,2025-03-25,1,25,3,1.354360689293619,0.9350230033158836,2.135829758197862,2.4337199117457544,165.78399963378905,164.9239990234375,167.39099884033203
164.60543823242188,165.05999755859375,169.61000061035156,164.83999633789062,169.0,28901600,2025-03-26,2,26,3,2.8898608645427,-2.331362391364645,2.1195014691716763,2.4767601783603848,166.01799926757812,164.71899871826173,167.00749893188475
161.793212890625,162.24000549316406,165.4199981689453,162.0,164.6300048828125,24508300,2025-03-27,3,27,3,2.1079869656990446,-1.4517398522521425,2.0582987883419763,2.440569171800747,165.90599975585937,164.66699981689453,166.69449920654296
153.90499877929688,154.3300018310547,161.82000732421875,153.6300048828125,160.49000549316406,48669300,2025-03-28,4,28,3,5.306811601267173,-3.838247524000337,2.7110988802521385,2.727126311695393,163.9739990234375,163.5509994506836,165.89699935913086
154.21412658691406,154.63999938964844,155.5399932861328,150.66000366210938,153.11000061035156,54603500,2025-03-31,0,31,3,3.1557098055382578,0.9992807610200178,2.962945985268159,2.882614208051145,161.36600036621093,162.58600006103515,165.27849960327148
156.637451171875,157.07000732421875,158.10000610351562,153.6199951171875,153.6199951171875,30672900,2025-04-01,1,1,4,2.852238350686922,2.245809345586453,3.262521517546819,2.699175637872341,158.66800231933593,162.2260009765625,164.58600006103515
156.6074981689453,157.0399932861328,158.41000366210938,154.6999969482422,155.14999389648438,25041700,2025-04-02,2,2,4,2.3624598016299037,1.2181756132774582,3.15704130496426,2.638271387067968,157.06400146484376,161.54100036621094,163.78699951171876
150.30491638183594,150.72000122070312,152.77999877929688,150.38999938964844,151.11000061035156,46883400,2025-04-03,3,3,4,1.5857214505649457,-0.2580897280611361,3.0525882019374406,2.5554434951397083,154.76000061035157,160.33300018310547,162.70549926757812
145.19903564453125,145.60000610351562,151.07000732421875,145.3800048828125,148.00999450683594,62259500,2025-04-04,4,4,4,3.907968545935975,-1.6282605856113357,2.7728195908712006,2.74195923556167,153.01400146484374,158.49400024414064,161.29249954223633
146.34585571289062,146.75,152.85000610351562,140.52999877929688,141.5500030517578,76794100,2025-04-07,0,7,4,8.395234973913968,3.673611328952643,3.820724624546343,3.391835304907251,151.43600158691407,156.4010009765625,160.33649978637695
144.30149841308594,144.6999969482422,152.24000549316406,143.02999877929688,151.22000122070312,52200200,2025-04-08,1,8,4,6.364897655914616,-4.311601785365084,4.523256485591882,3.8928890015693502,148.96199951171874,153.81500091552735,159.36949996948243
158.27293395996094,158.7100067138672,159.5500030517578,143.91000366210938,144.4199981689453,70406200,2025-04-09,2,9,4,9.8544507139019,9.894757461639866,6.021654668046281,4.58934798650527,149.29600219726564,153.18000183105468,158.9495002746582
152.39913940429688,152.82000732421875,157.72000122070312,149.92999267578125,156.5399932861328,48022000,2025-04-10,3,10,4,5.097505674368151,-2.3763805554242348,6.724011512806922,4.88829985737218,149.71600341796875,152.23800201416014,158.45250091552734
156.70724487304688,157.13999938964844,157.6699981689453,152.82000732421875,152.89999389648438,33636200,2025-04-11,4,11,4,3.0864139388854133,2.7730579871929955,6.559700591396809,4.666260091134005,152.0240020751953,152.51900177001954,158.03500061035157
158.63192749023438,159.07000732421875,161.72000122070312,157.55999755859375,160.0,30333000,2025-04-14,0,14,4,2.615203036755003,-0.5812454223632812,5.403694203965016,4.6122094142556795,154.48800354003907,152.96200256347657,157.77400131225585
155.87953186035156,156.30999755859375,159.64999389648438,155.2100067138672,159.1300048828125,27551500,2025-04-15,1,15,4,2.8405010888397153,-1.772140537729184,4.698814890550037,4.6110356880709595,156.81000366210938,152.88600158691406,157.55600128173828
152.90773010253906,153.3300018310547,155.88999938964844,151.50999450683594,153.10000610351562,28187400,2025-04-16,2,16,4,2.8565869891781324,0.15022581212933156,3.299242145605283,4.6604484068257825,155.73400268554687,152.51500244140624,157.0280014038086
150.74371337890625,151.16000366210938,154.67999267578125,148.5,154.2899932861328,33046600,2025-04-17,3,17,4,4.088378225761026,-2.028640715680654,3.0974166558838583,4.910714084345391,155.402001953125,152.5590026855469,156.44600143432618
147.26332092285156,147.6699981689453,148.9499969482422,146.10000610351562,148.8800048828125,26049100,2025-04-21,0,21,4,1.9299728313573647,-0.8127395715896278,2.8661284343782483,4.7129145128875285,153.50800170898438,152.76600189208983,155.63000106811523
151.0528564453125,151.47000122070312,152.19000244140625,148.5399932861328,148.88999938964844,26971800,2025-04-22,1,22,4,2.409724120854202,1.7328241262885395,2.825032651198088,4.114363427581552,151.98800048828124,153.23800201416014,154.81950149536132
154.92218017578125,155.35000610351562,157.52999877929688,153.80999755859375,155.61000061035156,31128800,2025-04-23,2,23,4,2.3945935465392556,-0.16708084687112457,2.7358511427379963,3.717333016644016,151.79600219726564,154.3030029296875,154.05900192260742
158.8413543701172,159.27999877929688,159.58999633789062,155.7899932861328,156.14999389648438,45894000,2025-04-24,3,24,4,2.3857377454046884,2.0044860743878457,2.6416812939833076,2.970461719794295,152.98600158691406,154.36000213623046,153.77000198364257
161.51397705078125,161.9600067138672,166.10000610351562,161.0399932861328,165.07000732421875,56034000,2025-04-25,4,25,4,3.1242359889020483,-1.8840494774093763,2.4488528466115116,2.773134751247685,155.14600219726563,155.2740020751953,153.75600204467773
160.1676788330078,160.61000061035156,163.14999389648438,158.60000610351562,162.42999267578125,29745800,2025-04-28,0,28,4,2.832941769303185,-1.1204778350649112,2.6294466342006757,2.747787534289462,157.73400268554687,155.62100219726562,154.07000198364258
159.71893310546875,160.16000366210938,160.74000549316406,157.52000427246094,160.32000732421875,26809000,2025-04-29,1,29,4,2.0104902266962874,-0.09980267889197136,2.549599855369093,2.6873162532835906,159.4720031738281,155.7300018310547,154.34600219726562
158.36268615722656,158.8000030517578,159.27000427246094,155.39999389648438,157.97999572753906,34981100,2025-04-30,2,30,4,2.4370341949648497,0.5190576948951052,2.558087985054212,2.646969563896104,160.16200256347656,155.9790023803711,154.43250198364257
160.8557891845703,161.3000030517578,161.9499969482422,158.91000366210938,160.4499969482422,30203200,2025-05-01,3,1,5,1.8846827207792065,0.5297638639343939,2.4578769801291154,2.5497791370562117,160.56600341796874,156.7760025024414,154.64550247192383
163.57826232910156,164.02999877929688,164.97000122070312,161.8699951171875,163.41000366210938,25715000,2025-05-02,4,2,5,1.8899019243953648,0.3794107479915938,2.2110101672277787,2.329931506919645,160.9800018310547,158.06300201416016,155.3110023498535
163.7577667236328,164.2100067138672,165.38999938964844,162.72000122070312,163.0,21341800,2025-05-05,0,5,5,1.6259655683454988,0.7423354072804832,1.9696149270362415,2.2995307806184586,161.70000305175782,159.71700286865234,156.2415023803711
162.7804718017578,163.22999572753906,164.8000030517578,161.19000244140625,162.1699981689453,21277200,2025-05-06,1,6,5,2.21160369101358,0.6536335762238011,2.0098376198996997,2.279718737634396,162.31400146484376,160.89300231933595,157.06550216674805
150.96310424804688,151.3800048828125,165.0,147.83999633789062,164.0800018310547,127490100,2025-05-07,2,7,5,11.33571350813036,-7.740124821133758,3.789573482532802,3.173830733793507,160.8300018310547,160.49600219726562,157.39950256347657
153.85513305664062,154.27999877929688,155.92999267578125,152.89999389648438,155.0,57498700,2025-05-08,3,8,5,1.9639608525220422,-0.4645169165826613,3.8054291088813685,3.1316530445052417,159.4260009765625,159.99600219726562,157.17800216674806
152.32933044433594,152.75,155.0500030517578,152.1999969482422,154.1699981689453,32435300,2025-05-09,4,9,5,1.8657977764423077,-0.9210599894988809,3.8006082792907576,3.005809223259268,157.1700012207031,159.07500152587892,157.17450180053712
158.0236053466797,158.4600067138672,159.10000610351562,156.25,157.49000549316406,44138800,2025-05-12,0,12,5,1.7985649266454402,0.6159128750206492,3.8351281509507458,2.9023715389934934,156.02000122070314,158.86000213623046,157.24050216674806
159.09066772460938,159.52999877929688,160.57000732421875,156.16000366210938,158.7899932861328,42382100,2025-05-13,1,13,5,2.7643726545816825,0.46602778792905675,3.945681943664366,2.977759781782033,155.28000183105468,158.79700164794923,157.26350173950195
164.91458129882812,165.3699951171875,167.0,159.61000061035156,159.9600067138672,48755900,2025-05-14,2,14,5,4.46876677018198,3.3820881321901775,2.5722925960746905,3.1809330393037465,158.0779998779297,159.4540008544922,157.71650161743165
163.5084686279297,163.9600067138672,166.2100067138672,162.3699951171875,165.83999633789062,33146700,2025-05-15,3,15,5,2.342041619564603,-1.1336165373478746,2.6479087494832028,3.226668929182286,160.01400146484374,159.72000122070312,158.24800186157228
165.73231506347656,166.19000244140625,169.35000610351562,165.6199951171875,167.72999572753906,42846900,2025-05-16,4,16,5,2.2444256161818266,-0.9181382730339902,2.723634317431107,3.262121298360932,162.702001953125,159.93600158691407,158.9995018005371
166.0813446044922,166.5399932861328,166.63999938964844,164.22000122070312,164.50999450683594,30426100,2025-05-19,0,19,5,1.4531033184248465,1.2339668391469807,2.654541995786988,3.244835073368867,164.31799926757813,160.16900024414062,159.9430015563965
163.5283966064453,163.97999572753906,168.5,162.89999389648438,166.42999267578125,46607700,2025-05-20,1,20,5,3.4150544270170093,-1.472088599447922,2.7846783502740533,3.3651801469692098,165.20799865722657,160.24400024414064,160.5685012817383
168.09579467773438,168.55999755859375,173.13999938964844,163.55999755859375,163.69000244140625,73416000,2025-05-21,2,21,5,5.683437333774609,2.97513290033137,3.027612462992579,2.799952529533635,165.84599914550782,161.96199951171874,161.2290008544922
170.39942932128906,170.8699951171875,176.77000427246094,170.7100067138672,171.85000610351562,74864400,2025-05-22,3,22,5,3.5465545337188256,-0.5702711385054041,3.268515045823423,2.958211897653313,167.22799682617188,163.62099914550782,161.80850067138672
168.00604248046875,168.47000122070312,169.9600067138672,167.88999938964844,169.05999755859375,35211400,2025-05-23,4,23,5,1.2287097460793328,-0.34898636366426117,3.065371871802925,2.894503094617016,167.68399658203126,165.19299926757813,162.1340003967285
172.423828125,172.89999389648438,173.1699981689453,170.0,170.16000366210938,37995700,2025-05-27,1,27,5,1.8334287338628814,1.6102434035061854,3.141436954890531,2.89798947533876,168.95599670410155,166.63699798583986,162.74850006103514
171.8853302001953,172.36000061035156,175.27000427246094,171.91000366210938,173.16000366210938,34784000,2025-05-28,2,28,5,1.949408562574447,-0.4620022146216136,2.8483077820020193,2.8164930661380363,170.63199768066406,167.9199981689453,163.35849990844727
171.38670349121094,171.86000061035156,174.4199981689453,170.6300048828125,174.0,29317300,2025-05-29,3,29,5,2.205279455762164,-1.2298847066945042,2.15267620639953,2.5901443346960544,171.29199829101563,168.56899871826172,164.01149978637696
171.2670440673828,171.74000549316406,172.2100067138672,167.44000244140625,171.35000610351562,52639900,2025-05-30,4,30,5,2.7774566902822198,0.22760395433708466,1.998856637712209,2.633685841767816,171.46600036621095,169.3469985961914,164.53349990844725
168.5644989013672,169.02999877929688,169.8699951171875,167.38999938964844,167.83999633789062,38612300,2025-06-02,0,2,6,1.467192655415683,0.709010049672887,2.046553219579479,2.5559625456912016,171.5779998779297,169.63099822998046,164.78349990844725
165.7223358154297,166.17999267578125,168.47999572753906,165.27999877929688,167.49000549316406,45084900,2025-06-03,1,3,6,1.925621067083215,-0.7821438739138853,2.0649916862235456,2.603214320557039,170.23399963378907,169.59499816894532,164.88199920654296
167.5872039794922,168.0500030517578,168.22000122070312,166.36000061035156,166.74000549316406,26900800,2025-06-04,2,4,6,1.1068137914753264,0.785652822020242,1.8964727320037216,2.3723902570028703,169.37200012207032,170.0019989013672,165.1229995727539
167.74676513671875,168.2100067138672,170.92999267578125,167.58999633789062,170.33999633789062,36379100,2025-06-05,3,5,6,1.9856109652097627,-1.2504342314287347,1.8525390338932415,2.0026076201463856,168.64200134277343,169.96699981689454,165.96449966430663
173.20169067382812,173.67999267578125,174.5,170.8300018310547,170.8300018310547,35731800,2025-06-06,4,6,6,2.113080564090255,1.668319858443314,1.7196638086548481,1.8592602231835287,169.02999877929688,170.2479995727539,166.93449935913085
175.817626953125,176.08999633789062,176.47000122070312,174.3699951171875,174.5399932861328,28935900,2025-06-09,0,9,6,1.192575471173288,0.8880503674689668,1.6647403718063694,1.855646795692924,170.44199829101564,171.00999908447267,168.10149917602538
178.3237762451172,178.60000610351562,181.11000061035156,174.91000366210938,176.1999969482422,61766100,2025-06-10,1,10,6,3.471442741524153,1.3620937553014985,1.973904706694557,2.0194481964590514,172.9260009765625,171.5800003051758,169.1084991455078
177.07569885253906,177.35000610351562,180.3699951171875,176.75,179.77000427246094,31646800,2025-06-11,2,11,6,2.0411587215139884,-1.3461634930361035,2.160773692702289,2.028623212353005,174.78600158691407,172.0790008544922,169.99949951171874
175.42823791503906,175.6999969482422,176.72000122070312,174.75,176.17999267578125,20941900,2025-06-12,3,12,6,1.1212300824817028,-0.272446218352605,1.9878975161566774,1.9202182750249595,176.28399963378905,172.46300048828124,170.5159996032715
174.39984130859375,174.6699981689453,177.1300048828125,172.38999938964844,172.44000244140625,27663100,2025-06-13,4,13,6,2.7136918433922506,1.2932009371182869,2.1080197720170766,1.9138417903359624,176.48200073242188,172.75599975585936,171.0514991760254
176.49659729003906,176.77000427246094,176.94000244140625,174.64999389648438,174.72999572753906,27389200,2025-06-16,0,16,6,1.2954734907355752,1.1675205143957723,2.1285993759295336,1.896669873867952,176.61800231933594,173.53000030517578,171.58049926757812
175.6778564453125,175.9499969482422,177.36000061035156,174.5800018310547,175.6999969482422,24973000,2025-06-17,1,17,6,1.5799936501929266,0.1422879933649886,1.7503095576632888,1.8621071321789227,176.08800048828124,174.5070007324219,172.0509994506836
173.05194091796875,173.32000732421875,176.55999755859375,173.1999969482422,176.00999450683594,28707500,2025-06-18,2,18,6,1.9386109325891168,-1.5283150199250264,1.7297999998783145,1.945286846290302,175.28200073242186,175.03400115966798,172.51800003051758
166.38226318359375,166.63999938964844,174.33999633789062,165.4600067138672,173.9499969482422,75659900,2025-06-20,4,20,6,5.3288464093543775,-4.202355669352956,2.5713232652528495,2.2796103907047636,173.47000122070312,174.8770004272461,172.4220001220703
164.9344940185547,165.19000244140625,167.33999633789062,162.0,166.27000427246094,57671000,2025-06-23,0,23,6,3.2326389363573917,-0.6495470038509926,2.675112683845877,2.391566227931477,171.57400207519532,174.0280014038086,172.13800048828125
166.51206970214844,166.77000427246094,168.22000122070312,166.1300048828125,166.9199981689453,40524300,2025-06-24,1,24,6,1.2532207737286425,-0.08985975205473054,2.6666621404444912,2.3976307581870127,169.57400207519532,173.09600219726562,172.05300064086913
170.41600036621094,170.67999267578125,172.36000061035156,167.5500030517578,167.6300048828125,35479000,2025-06-25,2,25,6,2.8181378984065706,1.8194760509020735,2.9142909900872196,2.332300273875254,168.52000122070314,172.3040008544922,171.94200057983397
173.27159118652344,173.5399932861328,173.69000244140625,169.94000244140625,172.42999267578125,31796700,2025-06-26,3,26,6,2.1608851821360844,0.6437398698025163,2.958745839996613,2.344272919937464,168.56399841308593,171.9229995727539,172.00100021362306
178.25387573242188,178.52999877929688,178.67999267578125,171.72999572753906,173.5399932861328,108140200,2025-06-27,4,27,6,3.892901470768474,2.87542104772157,2.6715568522794326,2.621440058766141,170.94199829101564,172.20599975585938,172.33450012207032
175.95741271972656,176.22999572753906,181.22999572753906,174.5800018310547,180.77999877929688,63378900,2025-06-30,0,30,6,3.773474469559438,-2.5168730404255784,2.779723958919842,2.72741832138286,173.14999694824218,172.36199951171875,172.55899963378906
175.56802368164062,175.83999633789062,176.08999633789062,173.52999877929688,175.74000549316406,35904500,2025-07-01,1,1,7,1.4558676136881337,0.05689703061404078,2.8202533269117405,2.7434577336781154,174.96399536132813,172.2689987182617,172.89949951171874
178.3636932373047,178.63999938964844,178.86000061035156,175.07000732421875,175.5399932861328,29128900,2025-07-02,2,2,7,2.1215815601667702,1.765982808523052,2.68094205926378,2.7976165246755,176.55599670410157,172.53799896240236,173.52249984741212
179.2523193359375,179.52999877929688,179.6699981689453,177.0500030517578,178.5,21689700,2025-07-03,3,3,7,1.4593634128012003,0.577030128457633,2.5406377053968034,2.7496917726967083,177.75399780273438,173.15899810791015,174.09649963378905
176.5165557861328,176.7899932861328,179.3000030517578,175.67999267578125,179.05999755859375,34175600,2025-07-07,0,7,7,2.047633075090179,-1.2677338899874186,2.1715840262611446,2.421570439270288,177.40599670410157,174.1739974975586,174.52549896240234
174.09031677246094,174.36000061035156,177.9499969482422,172.80999755859375,177.85000610351562,40442500,2025-07-08,1,8,7,2.9479234753703487,-1.9623308256355882,2.0064738274233265,2.393098893171584,177.03199768066406,175.09099731445312,174.55949935913085
176.34681701660156,176.6199951171875,179.44000244140625,172.77000427246094,175.25,43025600,2025-07-09,2,9,7,3.776468323713724,0.7817375847004279,2.4705939694284442,2.645423648170092,177.18799743652343,176.07599639892578,174.58599929809571
177.34527587890625,177.6199951171875,178.42999267578125,174.3800048828125,175.6300048828125,29252400,2025-07-10,3,10,7,2.280141822037946,1.1330582355234815,2.50230602180268,2.59162404053323,176.98399658203124,176.7699966430664,174.5369987487793
179.91131591796875,180.19000244140625,181.42999267578125,176.47999572753906,176.7899932861328,34282900,2025-07-11,4,11,7,2.7470985521806712,1.923190952199742,2.759853049678574,2.6502453775376886,177.11599731445312,177.43499755859375,174.67899856567382
181.2791748046875,181.55999755859375,183.6699981689453,179.67999267578125,181.00999450683594,32536600,2025-07-14,0,14,7,2.1976236763697865,0.30385231117005607,2.7898511699344954,2.4807175980978196,178.06999816894532,177.73799743652344,174.9719985961914
181.718505859375,182.0,184.22000122070312,181.60000610351562,182.80999755859375,33448300,2025-07-15,1,15,7,1.4395577566964286,-0.44308165276033756,2.4881780261997113,2.2473259268115187,179.597998046875,178.31499786376952,175.33849868774413
182.68701171875,182.97000122070312,184.3300018310547,182.02999877929688,183.24000549316406,33104200,2025-07-16,2,16,7,1.2570383321927674,-0.14735006787096513,1.98429202789552,2.2274429986619824,180.8679992675781,179.0279983520508,175.64849853515625
183.29605102539062,183.5800018310547,184.05999755859375,180.47999572753906,182.13999938964844,31992600,2025-07-17,3,17,7,1.9501044750774639,0.7906019799229722,1.9182845585034236,2.2102952901530517,182.06000061035155,179.5219985961914,176.02999877929688
184.77377319335938,185.05999755859375,186.4199981689453,183.7100067138672,185.39999389648438,34014500,2025-07-18,4,18,7,1.4643853295308116,-0.1833853015553266,1.6617419139734515,2.2107974818260123,183.03399963378905,180.0749984741211,176.61699829101562
189.8059844970703,190.10000610351562,190.2899932861328,186.14999389648438,186.25,45803100,2025-07-21,0,21,7,2.177800766294596,2.0671173710151005,1.6577773319584133,2.2238142509464547,184.74200134277345,181.40599975585937,177.78999862670898
191.04405212402344,191.33999633789062,191.64999389648438,187.4600067138672,191.5,44660200,2025-07-22,1,22,7,2.1898125132280324,-0.08355282616677547,1.8078282832647343,2.1480031547322227,186.61000061035156,183.10399932861327,179.0974983215332
189.93577575683594,190.22999572753906,192.52999877929688,189.17999267578125,191.5,58681900,2025-07-23,2,23,7,1.7610293743126306,-0.6631876096401762,1.908626491688707,1.9464592597921135,188.06199951171874,184.46499938964843,180.2704978942871
191.8727569580078,192.1699981689453,197.9499969482422,191.0,197.02999877929688,74881700,2025-07-24,3,24,7,3.6165879244751475,-2.466629772350297,2.241923181568244,2.0801038700358334,189.77999877929688,185.9199996948242,181.34499816894532
192.88119506835938,193.17999267578125,194.3300018310547,191.25999450683594,191.97999572753906,39785900,2025-07-25,4,25,7,1.5891952793326891,0.6250635352368907,2.266885171528619,1.9643135427510354,191.40399780273438,187.21899871826173,182.32699813842774
192.28213500976562,192.5800018310547,194.0500030517578,190.83999633789062,193.64999389648438,38139500,2025-07-28,0,28,7,1.666843225333044,-0.5525391681662803,2.1646936633363087,1.9112354976473611,191.89999694824218,188.3209991455078,183.0294982910156
195.44723510742188,195.75,195.9199981689453,192.0800018310547,192.42999267578125,41389200,2025-07-29,1,29,7,1.9616839529454022,1.7253065793192215,2.1190679512797823,1.9634481172722587,192.78199768066406,189.6959991455078,184.00549850463867
196.2260284423828,196.52999877929688,197.60000610351562,194.69000244140625,195.60000610351562,32445400,2025-07-30,2,30,7,1.4806918435781948,0.47545636337510044,2.0630004451328956,1.9858134684108013,194.04199829101563,191.0519989013672,185.03999862670898
191.60317993164062,191.89999389648438,195.99000549316406,191.08999633789062,195.7100067138672,51329200,2025-07-31,3,31,7,2.5534180881301247,-1.9467644405904827,1.850366477863891,2.0461448297160674,193.98799743652344,191.88399810791014,185.70299835205077
188.8374786376953,189.1300048828125,190.8300018310547,187.82000732421875,189.02999877929688,34832200,2025-08-01,4,1,8,1.5914949659632118,0.05290488502430121,1.8508264151899958,2.0588557933593075,193.1779998779297,192.29099884033204,186.18299865722656
194.7383270263672,195.0399932861328,195.27000427246094,190.1199951171875,190.2899932861328,31547400,2025-08-04,0,4,8,2.6404887882241326,2.496190113821477,2.045555527768213,2.105124595552261,193.6699981689453,192.78499755859374,187.09549865722656
194.368896484375,194.6699981689453,197.86000061035156,193.88999938964844,194.7100067138672,31602300,2025-08-05,1,5,8,2.0393492875351753,-0.020547760023792144,2.0610885946861677,2.0900782729829754,193.45399780273436,193.1179977416992,188.11099853515626
195.78671264648438,196.08999633789062,196.6300048828125,193.6699981689453,194.5,21562900,2025-08-06,2,6,8,1.5095143909160362,0.8174788369617609,2.066853104153736,2.0649267746433155,193.36599731445312,193.70399780273436,189.0844985961914
196.21604919433594,196.52000427246094,197.5399932861328,194.3300018310547,197.05999755859375,26321800,2025-08-07,3,7,8,1.6334171510741988,-0.27402481113512195,1.8828529167425507,1.8666096973032211,194.28999938964844,194.13899841308594,190.02949905395508
201.10845947265625,201.4199981689453,202.61000061035156,197.1699981689453,197.22000122070312,39161800,2025-08-08,4,8,8,2.700825385195035,2.1295998997292847,2.104719000588916,1.9777727078894554,196.747998046875,194.96299896240234,191.09099884033202
200.68911743164062,201.0,201.47999572753906,199.07000732421875,200.94000244140625,25832400,2025-08-11,0,11,8,1.1989992056319962,0.02985844424444315,1.8164210840704882,1.9309883059193507,197.93999938964845,195.80499877929688,192.06299896240233
203.02549743652344,203.33999633789062,204.5,200.58999633789062,201.3699951171875,30397900,2025-08-12,1,12,8,1.9228896097805135,0.978299284139467,1.7931291485195557,1.927108871602862,199.6739990234375,196.56399841308593,193.12999877929687
201.6476287841797,201.9600067138672,204.52999877929688,197.50999450683594,204.1300048828125,28342900,2025-08-13,2,13,8,3.475937828823078,-1.0630471351779327,2.1864138361009644,2.1266334701273504,200.8480010986328,197.10699920654298,194.0794990539551
202.62611389160156,202.94000244140625,204.44000244140625,201.22999572753906,201.5,25230400,2025-08-14,3,14,8,1.5817515892629375,0.7146414101271712,2.1760807237387123,2.029466820240631,202.1320007324219,198.21100006103515,195.04749908447266
203.58462524414062,203.89999389648438,206.44000244140625,201.27999877929688,203.85000610351562,34931400,2025-08-15,4,15,8,2.5306541523140003,0.024521850121194528,2.1420464771625047,2.1233827388757107,202.62799987792968,199.68799896240233,195.9894989013672
203.18524169921875,203.5,205.27000427246094,202.49000549316406,204.1999969482422,18526600,2025-08-18,0,18,8,1.3660927662392508,-0.3427996859469166,2.175465189283956,1.9959431366772222,203.12799987792968,200.53399963378905,196.6594985961914
201.25823974609375,201.57000732421875,203.44000244140625,199.9600067138672,203.02999877929688,24240200,2025-08-19,1,19,8,1.7264452056806268,-0.7191013465282065,2.1361763084639787,1.964652728491767,202.7740020751953,201.2240005493164,197.1709991455078
199.01171875,199.32000732421875,201.27999877929688,196.60000610351562,200.72999572753906,28955500,2025-08-20,2,20,8,2.347979381803183,-0.7024303459031408,1.9105846190599998,2.048499227580482,202.24600219726562,201.54700164794923,197.6254997253418
199.44105529785156,199.75,202.47999572753906,199.42999267578125,199.75,19774600,2025-08-21,3,21,8,1.5269101635833855,0.0,1.8996163339240895,2.0378485288314008,201.60800170898438,201.87000122070313,198.00449981689454
205.771240234375,206.08999633789062,208.5399932861328,201.3000030517578,202.72999572753906,42827000,2025-08-22,4,22,8,3.5130236125118968,1.657377142584893,2.0960902259636685,2.119068351563087,202.04600219726564,202.33700103759764,198.65
208.1675262451172,208.49000549316406,210.52000427246094,205.27999877929688,206.42999267578125,29928900,2025-08-25,0,25,8,2.513312559405094,0.9979232139092631,2.3255341845968376,2.2504996869403966,203.04400329589845,203.08600158691405,199.44550018310548
206.81961059570312,207.13999938964844,207.85000610351562,205.6999969482422,207.50999450683594,28464100,2025-08-26,1,26,8,1.0379497738768853,-0.17830231168711796,2.187835098236089,2.162005703350034,204.1580017089844,203.46600189208985,200.0150001525879
207.15908813476562,207.47999572753906,208.91000366210938,205.64999389648438,205.6999969482422,23022900,2025-08-27,2,27,8,1.5712405208962972,0.8653372900850137,2.0324873260547114,1.9715359725573556,205.78999938964844,204.01800079345702,200.5625
211.31265258789062,211.63999938964844,212.22000122070312,206.89999389648438,207.25,32339300,2025-08-28,3,28,8,2.513705981648646,2.118214422025784,2.2298464896677634,2.0647314117959263,208.16799926757812,204.88800048828125,201.54950027465821
212.58070373535156,212.91000366210938,214.64999389648438,210.1999969482422,210.50999450683594,39728400,2025-08-29,4,29,8,2.090083543140784,1.1400927356898019,1.9452584757935412,2.020674350878605,209.53200073242186,205.78900146484375,202.73850021362304
211.0231170654297,211.35000610351562,211.67999267578125,206.1999969482422,208.44000244140625,47523000,2025-09-02,1,2,9,2.592853356651929,1.3960869449362987,1.9611666352429082,2.143350409919873,210.1040008544922,206.57400207519532,203.5540008544922
230.30325317382812,230.66000366210938,231.30999755859375,224.7899932861328,226.2100067138672,103336100,2025-09-03,2,3,9,2.8266730984761455,1.9671972132828695,2.31891130016276,2.253373199199425,214.80800170898436,209.48300170898438,205.3535011291504
231.94070434570312,232.3000030517578,232.3699951171875,226.11000061035156,229.64999389648438,51684200,2025-09-04,3,4,9,2.6947888181650925,1.153933910604822,2.5436209596165194,2.288054142835615,219.77200317382812,212.78100128173827,207.16400146484375
234.63653564453125,235.0,235.75999450683594,231.89999389648438,232.1999969482422,46588900,2025-09-05,4,5,9,1.642553451213431,1.2058583499387119,2.3693904535294767,2.29961847159862,224.44400329589843,216.30600128173828,209.0880012512207
233.8870086669922,234.0399932861328,238.1300048828125,233.6699981689453,235.47000122070312,32474700,2025-09-08,0,8,9,1.9056600759744806,-0.6072994127307043,2.332505760096216,2.1388821179448785,228.6700012207031,219.1010009765625,210.71900100708007
239.47335815429688,239.6300048828125,240.47000122070312,233.22999572753906,234.1699981689453,38061000,2025-09-09,1,9,9,3.0213267727906947,2.3316422925912086,2.418200443323969,2.1896835392834384,234.3260009765625,222.21500091552736,212.6505012512207
239.01365661621094,239.1699981689453,241.66000366210938,237.85000610351562,238.89999389648438,35141100,2025-09-10,2,10,9,1.5930081480798597,0.11301979043914527,2.171467453244712,2.2451893767037356,236.0279998779297,225.41800079345703,214.44200134277344
240.21287536621094,240.3699951171875,242.25,236.25,239.8800048828125,30599300,2025-09-11,3,11,9,2.496151816733541,0.2042647258634052,2.1317400529584014,2.33768050628746,237.64199829101562,228.70700073242188,216.36250076293945
240.64259338378906,240.8000030517578,242.0800018310547,238.0,240.3699951171875,26771600,2025-09-12,4,12,9,1.6943528983999752,0.17889418118125386,2.1420999423957103,2.2557451979625935,238.8019989013672,231.6230010986328,218.25550079345703
251.44552612304688,251.61000061035156,252.41000366210938,244.66000366210938,244.66000366210938,58383800,2025-09-15,0,15,9,3.080163738007302,2.8406755678139217,2.3770006748022747,2.354753217449245,242.31600036621094,235.49300079345704,220.6410011291504
250.99581909179688,251.16000366210938,253.0399932861328,249.47000122070312,252.0800018310547,34109700,2025-09-16,1,16,9,1.421401502379523,-0.3649627746202176,2.05701562072004,2.2376080320220044,244.62200012207032,239.4740005493164,223.02400131225585
249.36688232421875,249.52999877929688,251.60000610351562,246.27999877929688,251.22000122070312,34108000,2025-09-17,2,17,9,2.1320111210052004,-0.6727181089062809,2.1648162153051085,2.16814183427491,246.69400024414062,241.36100006103516,225.42200088500977
251.86524963378906,252.02999877929688,253.99000549316406,249.8000030517578,251.67999267578125,31239500,2025-09-18,3,18,9,1.662501472721683,0.13906790913114386,1.9980861465027366,2.064913099730569,249.0260009765625,243.33399963378906,228.05750045776367
254.55349731445312,254.72000122070312,256.0,251.80999755859375,253.25,55571400,2025-09-19,4,19,9,1.6449444179202113,0.5804545787574038,1.988204450406784,2.0651521964012476,251.81000061035155,245.30599975585938,230.80600051879884
252.36492919921875,252.52999877929688,255.77999877929688,250.3000030517578,254.42999267578125,32290500,2025-09-22,0,22,9,2.1700375218899848,-0.7467649063314351,1.8061792071833203,2.091589940992798,251.99400024414064,247.15500030517578,233.12800064086915
251.49549865722656,251.66000366210938,254.36000061035156,250.47999572753906,253.0399932861328,26628000,2025-09-23,1,23,9,1.5417646135068719,-0.5453642351558916,1.8302518294087904,1.9436337250644151,252.09400024414063,248.35800018310547,235.2865005493164
246.97845458984375,247.13999938964844,252.35000610351562,246.44000244140625,251.66000366210938,28201000,2025-09-24,2,24,9,2.391358613217233,-1.7960757397626477,1.882121327851197,2.0234687715781527,251.61600036621093,249.15500030517578,237.2865005493164
245.6293182373047,245.7899932861328,246.49000549316406,240.74000549316406,244.39999389648438,31020400,2025-09-25,3,25,9,2.339395482755159,0.5687395353361473,2.017500129857892,2.0077931381803147,250.3679992675781,249.6970001220703,239.2020004272461
246.3788299560547,246.5399932861328,249.4199981689453,245.97000122070312,247.07000732421875,18503200,2025-09-26,4,26,9,1.3993660429113997,-0.21451978078036163,1.9683844548561296,1.978294452631457,248.73199768066405,250.2709991455078,240.9470001220703
243.89047241210938,244.0500030517578,251.14999389648438,242.77000427246094,247.85000610351562,32505800,2025-09-29,0,29,9,3.4337183033127108,-1.5331865879279925,2.2211206111406745,2.0136499091619977,247.03599853515624,249.51499938964844,242.50400009155274
242.94110107421875,243.10000610351562,243.2899932861328,239.25,242.80999755859375,34724300,2025-09-30,1,30,9,1.6618647407242444,0.11943846951849317,2.245140636584149,2.0376962329964696,245.3239990234375,248.70899963378906,244.09150009155275
244.7399139404297,244.89999389648438,246.3000030517578,238.61000061035156,240.75,31658200,2025-10-01,2,1,10,3.140058241347569,1.7237773194119936,2.3948805622102163,2.1385009450307066,244.8759979248047,248.24599914550782,244.8034996032715
245.52940368652344,245.69000244140625,246.80999755859375,242.3000030517578,245.14999389648438,25483300,2025-10-02,3,2,10,1.8356442924092977,0.22027679313338916,2.2941303241410447,2.1558152269994677,244.8559997558594,247.61199951171875,245.4729995727539
245.1896209716797,245.35000610351562,246.3000030517578,241.66000366210938,244.49000549316406,30249600,2025-10-03,4,3,10,1.891175575390357,0.3517528696589637,2.3924922306368357,2.1804383427464824,244.61800231933594,246.675,245.9904998779297
250.26629638671875,250.42999267578125,251.32000732421875,244.5800018310547,244.77999877929688,28894700,2025-10-06,0,6,10,2.6913731143577513,2.3081926320208166,2.2440231928458436,2.2325719019932593,245.8940002441406,246.46499938964843,246.80999984741212
245.59934997558594,245.75999450683594,250.44000244140625,245.52000427246094,248.27000427246094,23181300,2025-10-07,1,7,10,2.001952424689064,-1.0110000090346878,2.3120407296388077,2.278590683111479,246.42599792480468,245.8749984741211,247.1164993286133
244.46009826660156,244.6199951171875,246.00999450683594,243.82000732421875,244.9600067138672,21307100,2025-10-08,2,8,10,0.895260905212615,-0.13880290143723262,1.8630812624118167,2.128980912311017,246.3699981689453,245.622998046875,247.38899917602538
241.3721160888672,241.52999877929688,244.75999450683594,239.14999389648438,244.47000122070312,27892100,2025-10-09,3,9,10,2.3226930976295903,-1.2026025388497743,1.9604910234558754,2.12731067379846,245.53799743652343,245.1969985961914,247.44699935913087
236.4153594970703,236.57000732421875,244.08999633789062,235.83999633789062,241.42999267578125,33180300,2025-10-10,4,10,10,3.487339791427318,-2.0129998339058988,2.279723866663268,2.3361080486500514,243.78199768066406,244.2,247.2354995727539
243.9904022216797,244.14999389648438,244.5,239.7100067138672,240.2100067138672,24995000,2025-10-13,0,13,10,1.9619059618587138,1.6402260823839918,2.13383043616346,2.188926814504652,242.5259979248047,244.20999908447266,246.86249923706055
245.28955078125,245.4499969482422,247.1199951171875,240.50999450683594,241.22999572753906,22111600,2025-10-14,1,14,10,2.693013115720432,1.7493683602554428,2.272042574369734,2.292041652004271,242.46399841308593,244.44499816894532,246.57699890136718
250.86590576171875,251.02999877929688,252.11000061035156,245.99000549316406,247.25,27007700,2025-10-15,2,15,10,2.437953689578009,1.5288164931433266,2.5805811312428126,2.221831196827315,243.74599914550782,245.05799865722656,246.6519989013672
251.29562377929688,251.4600067138672,256.9599914550781,250.10000610351562,251.77000427246094,27997200,2025-10-16,3,16,10,2.7280621842058492,-0.12312728018953212,2.6616549485580645,2.31107298600697,245.73200073242188,245.63499908447267,246.6234992980957
253.13442993164062,253.3000030517578,254.22000122070312,247.80999755859375,250.75999450683594,29671600,2025-10-17,4,17,10,2.530597546340966,1.012924150806931,2.470306499540794,2.375015183102031,249.0779998779297,246.42999877929688,246.55249938964843
256.3822937011719,256.54998779296875,257.3299865722656,254.22999572753906,254.69000244140625,22350200,2025-10-20,0,20,10,1.2083379427903929,0.7302938214036911,2.31959289572713,2.2267116659452952,251.55799865722656,247.04199829101563,246.75349884033204
250.29627990722656,250.4600067138672,254.8800048828125,244.14999389648438,254.74000549316406,47312100,2025-10-21,1,21,10,4.284121495926653,-1.6801439455930798,2.6378145717683745,2.4549285730690538,252.56000061035155,247.51199951171876,246.69349899291993
251.52548217773438,251.69000244140625,256.3599853515625,249.2899932861328,254.3699951171875,35029400,2025-10-22,2,22,10,2.809007905300327,-1.0535805036858161,2.712025414912838,2.6463032730778253,252.69200134277344,248.21900024414063,246.9209991455078
252.91456604003906,253.0800018310547,255.0399932861328,251.85000610351562,252.97999572753906,19901400,2025-10-23,3,23,10,1.2604659236357543,0.03953122982235013,2.4185061627988187,2.5400805556784416,253.01600036621093,249.3740005493164,247.2854995727539
259.7501220703125,259.9200134277344,261.67999267578125,255.32000732421875,256.5799865722656,28655100,2025-10-24,4,24,10,2.44690097837763,1.301748784107927,2.4017668492061515,2.4360366743734727,254.34000244140626,251.70900115966796,247.954500579834
269.0939636230469,269.2699890136719,270.1400146484375,264.2799987792969,264.82000732421875,35235200,2025-10-27,0,27,10,2.176260299413868,1.6803797169316663,2.5953513205308463,2.457472108128988,256.8840026855469,254.22100067138672,249.2154998779297
267.295166015625,267.4700012207031,270.7300109863281,266.5,269.69000244140625,29738600,2025-10-28,1,28,10,1.5814898743869699,-0.8231677854596964,2.05482499622291,2.346319783995642,260.28600158691404,256.4230010986328,250.43399963378906
274.3905334472656,274.57000732421875,275.3399963378906,267.6700134277344,267.75,43580300,2025-10-29,2,29,10,2.793452564212286,2.5471549296802056,2.0517139280053014,2.3818696714590697,264.86200256347655,258.777001953125,251.9175003051758
281.2960205078125,281.4800109863281,291.5899963378906,280.05999755859375,291.5899963378906,74876000,2025-10-30,3,30,10,4.096205175953649,-3.4671921117098896,2.6188617784688804,2.5186839706338495,270.54200439453126,261.7790023803711,253.70700073242188
281.0061950683594,281.19000244140625,286.0,277.0299987792969,283.2099914550781,39267900,2025-10-31,4,31,10,3.190014276048905,-0.7132477930222597,2.767484438003136,2.5846256436046433,274.79600219726564,264.56800231933596,255.4990005493164
283.5345458984375,283.7200012207031,285.5299987792969,279.79998779296875,282.17999267578125,29786000,2025-11-03,0,3,11,2.0196006491170158,0.5457539814636369,2.736152507943765,2.6657519142373056,277.6860046386719,267.2850036621094,257.1635009765625
277.35858154296875,277.5400085449219,281.2699890136719,276.260009765625,276.75,30078400,2025-11-04,1,4,11,1.8051376716146397,0.28545927549119243,2.780882067389299,2.4178535318061045,279.70000610351565,269.99300384521484,258.7525016784668
284.1241455078125,284.30999755859375,286.4200134277344,277.3399963378906,278.8699951171875,31010300,2025-11-05,2,5,11,3.193703059271576,1.9507306403187037,2.860932166401157,2.4563230472032296,281.64800415039065,273.25500335693357,260.7370018005371
284.5638732910156,284.75,288.3500061035156,281.1400146484375,285.3299865722656,37173600,2025-11-06,3,6,11,2.532042653232002,-0.20326870625591661,2.5480996618568277,2.583480720162854,282.302001953125,276.4220031738281,262.89800186157225
278.647705078125,278.8299865722656,283.7799987792969,275.19000244140625,283.2099914550781,34479600,2025-11-07,4,7,11,3.08072902900073,-1.546557330237144,2.5262426124471924,2.646863525225164,281.8299987792969,278.31300048828126,265.0110008239746
289.9103698730469,290.1000061035156,290.79998779296875,282.8599853515625,284.4200134277344,29557300,2025-11-10,0,10,11,2.7369880297668936,1.9970439517697396,2.669720088577168,2.7029362982604668,283.1059997558594,280.3960021972656,267.30850143432616
291.11956787109375,291.30999755859375,291.9200134277344,287.32000732421875,287.75,19842100,2025-11-11,1,11,11,1.5790759472957618,1.23718420802563,2.6245077437133926,2.702694905551346,285.85999755859376,282.7800018310547,269.60150146484375
286.5225830078125,286.7099914550781,292.010009765625,283.69000244140625,291.67999267578125,24829900,2025-11-12,2,12,11,2.901889565129555,-1.7039225677119245,2.5661450448849883,2.713538605643073,286.3399963378906,283.99400024414064,271.3855010986328
278.3879089355469,278.57000732421875,282.8399963378906,277.239990234375,282.3399963378906,29494000,2025-11-13,3,13,11,2.0102688574789593,-1.3352656593365317,2.46179028573438,2.5049449737956038,285.1039978027344,283.7029998779297,272.7410011291504
276.22930908203125,276.4100036621094,278.55999755859375,270.70001220703125,271.4100036621094,31647200,2025-11-14,4,14,11,2.8435965585278695,1.8422312857063023,2.4143637916398077,2.4703032020435005,284.6200012207031,283.225,273.896501159668
284.83367919921875,285.0199890136719,293.95001220703125,283.57000732421875,285.7799987792969,52670200,2025-11-17,0,17,11,3.6418515482837206,-0.26594225238692887,2.5953364953431732,2.6325282919601705,283.6039978027344,283.35499877929686,275.32000122070315
284.09417724609375,284.2799987792969,288.79998779296875,278.20001220703125,287.9200134277344,49158700,2025-11-18,1,18,11,3.7287095931665877,-1.264245095400815,3.0252632245173383,2.8248854841153657,282.197998046875,284.02899780273435,277.0110008239746
292.61859130859375,292.80999755859375,303.80999755859375,286.6300048828125,287.1600036621094,68198900,2025-11-19,2,19,11,5.867283500913724,1.9675420756480124,3.618342011674172,3.0922435282795804,283.4179992675781,284.8789978027344,279.067000579834
289.26080322265625,289.45001220703125,306.4200134277344,288.6700134277344,304.5400085449219,62025200,2025-11-20,3,20,11,6.132319658464613,-4.9550127781206585,4.4427521718713034,3.4522712288028417,285.5940002441406,285.3489990234375,280.8855010986328
299.464111328125,299.6600036621094,303.9200134277344,293.8500061035156,296.4200134277344,74137700,2025-11-21,4,21,11,3.3604776083409145,1.0930403102369781,4.546128381833912,3.48024608673686,290.24400024414064,287.4320007324219,282.87250061035155
318.3717346191406,318.5799865722656,319.4800109863281,309.6000061035156,311.1300048828125,85165100,2025-11-24,0,24,11,3.10126351285138,2.394491554184615,4.438010774747444,3.5166736350453087,296.95599975585935,290.2799987792969,285.33800048828124
323.22857666015625,323.44000244140625,328.8299865722656,317.6499938964844,326.2099914550781,88632100,2025-11-25,1,25,11,3.456589349304929,-0.849142909852694,4.383586725975112,3.7044249752462255,304.7880004882812,293.4929992675781,288.1365005493164
319.7408752441406,319.95001220703125,324.5,316.7900085449219,320.67999267578125,51373400,2025-11-26,2,26,11,2.409748761031205,-0.22763517694352575,3.6920797779986083,3.65521089483639,310.21600341796875,296.81700134277344,290.405500793457
319.970703125,320.17999267578125,326.8500061035156,316.7900085449219,323.3699951171875,26018600,2025-11-28,4,28,11,3.1419819441312327,-0.9864868384743646,3.0940122351319324,3.7683822035016177,316.36199951171875,300.9779998779297,292.3404998779297
314.6841735839844,314.8900146484375,319.8500061035156,313.8900146484375,317.70001220703125,41183000,2025-12-01,0,1,12,1.8927216417872836,-0.8844814134796436,2.800461041821206,3.673294711827559,319.4080017089844,304.8260009765625,294.02550048828124
315.6035461425781,315.80999755859375,318.3800048828125,313.9100036621094,316.739990234375,35854700,2025-12-02,1,2,12,1.4154083959529444,-0.2936139118691935,2.463290018441519,3.4506503965944817,318.85400390625,307.9050018310547,295.63000030517577
319.42108154296875,319.6300048828125,321.5799865722656,314.1000061035156,315.8900146484375,41838300,2025-12-03,2,3,12,2.3401997166981934,1.1839532941670652,2.240012091920172,3.3117994089476417,318.0920043945313,311.44000244140625,297.7345001220703
317.4123840332031,317.6199951171875,322.3599853515625,314.70001220703125,322.2300109863281,31240900,2025-12-04,3,4,12,2.411678503333855,-1.430659998126687,2.240398040380702,2.966238909189655,317.6260009765625,313.92100219726564,299.4
321.0599670410156,321.2699890136719,323.1600036621094,319.1700134277344,319.489990234375,28851700,2025-12-05,4,5,12,1.2419430294826583,0.5571375735405932,1.860390257450987,2.4772012462914597,317.8440002441406,317.1029998779297,301.2259994506836
313.7200012207031,313.7200012207031,320.44000244140625,311.2200012207031,320.04998779296875,33909400,2025-12-08,0,8,12,2.938926808882938,-1.9778118461795766,2.0696312908701175,2.435046166345662,317.60999755859376,318.5089996337891,302.97050018310546
317.0799865722656,317.0799865722656,317.989990234375,311.8999938964844,312.3699951171875,30194000,2025-12-09,1,9,12,1.920649866213696,1.5078245441951437,2.1706795849222678,2.3169848016818935,317.86399536132814,318.35899963378904,304.31949920654296
320.2099914550781,320.2099914550781,321.30999755859375,314.67999267578125,315.8299865722656,33428900,2025-12-10,2,10,12,2.070517803858914,1.3868236294941878,2.116743202354412,2.1783776471372915,317.97999267578126,318.03599853515624,305.7644989013672
312.42999267578125,312.42999267578125,321.1199951171875,308.6000061035156,320.0799865722656,42353700,2025-12-11,3,11,12,4.007294212199491,-2.390025686519206,2.4358663441275388,2.338132192254121,316.9419921875,317.28399658203125,307.05049896240234
309.2900085449219,309.2900085449219,314.8699951171875,305.55999755859375,313.70001220703125,35940200,2025-12-12,4,12,12,3.0101190796279953,-1.4058028340779674,2.789501554156607,2.324945905803797,314.54599609375,316.1949981689453,308.5864990234375
308.2200012207031,308.2200012207031,311.4200134277344,304.8800048828125,311.32000732421875,29151900,2025-12-15,0,15,12,2.1218637723120555,-0.9957619268225116,2.6260889468424304,2.347860118856274,313.44599609375,315.5279968261719,310.1769989013672
306.57000732421875,306.57000732421875,310.7699890136719,302.5899963378906,304.95001220703125,30585000,2025-12-16,1,16,12,2.6682299247657153,0.5312330061779704,2.775604958552834,2.4731422717375513,311.3440002441406,314.6039978027344,311.2544998168945
296.7200012207031,296.7200012207031,308.0899963378906,296.1199951171875,308.010009765625,43930400,2025-12-17,2,17,12,4.034106622896556,-3.6654680649868543,3.1683227223603625,2.642532962357387,306.6460021972656,312.31299743652346,311.87649993896486
302.4599914550781,302.4599914550781,303.9599914550781,299.2300109863281,301.7200012207031,33518000,2025-12-18,3,18,12,1.5638367395287405,0.24525726878600584,2.6796312278262127,2.5577487859768757,304.652001953125,310.7969970703125,312.35899963378904
307.1600036621094,307.1600036621094,307.25,300.9700012207031,301.7300109863281,59943200,2025-12-19,4,19,12,2.044536627302939,1.7996196858347284,2.486514737361201,2.6380081457589037,304.2260009765625,309.38599853515626,313.24449920654297
309.7799987792969,309.7799987792969,310.1300048828125,305.29998779296875,309.8800048828125,26429900,2025-12-22,0,22,12,1.559176547510061,-0.03227252547431848,2.3739772924008022,2.500033119621617,304.5380004882812,308.99199829101565,313.75049896240233
314.3500061035156,314.3500061035156,314.94000244140625,309.32000732421875,309.6300048828125,25478700,2025-12-23,1,23,12,1.7878145405019756,1.5244004606367305,2.1978942155480548,2.4867495870504444,306.0940002441406,308.7190002441406,313.5389999389648
314.0899963378906,314.0899963378906,315.0799865722656,311.9200134277344,314.7699890136719,10097400,2025-12-24,2,24,12,1.0060725210527957,-0.21602843330522048,1.5922873951793022,2.3803050587698324,309.5679992675781,308.10700073242185,313.0714996337891
313.510009765625,313.510009765625,315.0899963378906,312.2799987792969,314.4800109863281,10899000,2025-12-26,4,26,12,0.8963023415725891,-0.3084460655101209,1.458780515588072,2.069205871707142,311.7780029296875,308.2150024414062,312.74949951171874
313.55999755859375,313.55999755859375,314.0199890136719,310.6199951171875,311.3699951171875,19621800,2025-12-29,0,29,12,1.0843200417645849,0.7033440844491193,1.2667371984804014,1.8766259679208013,313.05800170898436,308.6420013427734,312.4184997558594
313.8500061035156,313.8500061035156,316.95001220703125,312.4599914550781,312.5,17380900,2025-12-30,1,30,12,1.4306263070366814,0.432001953125,1.2410271503857253,1.807502221393264,313.87200317382815,309.2050018310547,312.36649932861326
313.0,313.0,314.5799865722656,311.44000244140625,312.8500061035156,16377700,2025-12-31,2,31,12,1.0031898181659344,0.0479443482685262,1.084102205918517,1.640998210733286,313.602001953125,309.84800109863284,312.2259994506836
315.1499938964844,315.1499938964844,322.5,310.3299865722656,316.8999938964844,32009400,2026-01-02,4,2,1,3.86165751655759,-0.5522246871900032,1.6552192050194763,1.6237533000993891,313.8140014648437,311.6910003662109,312.0019989013672
316.5400085449219,316.5400085449219,319.0199890136719,314.6300048828125,317.6600036621094,30195600,2026-01-05,0,5,1,1.3868654869377655,-0.35257668711067053,1.7533318340925113,1.6060561748402915,314.4200012207031,313.0990020751953,311.94799957275393
314.3399963378906,314.3399963378906,320.94000244140625,311.7799987792969,316.3999938964844,31212100,2026-01-06,1,6,1,2.9140433189618973,-0.651073830067049,2.119276489531974,1.6930068440061874,314.5760009765625,313.81700134277344,311.6014999389648
321.9800109863281,321.9800109863281,326.1499938964844,314.19000244140625,314.3599853515625,35104400,2026-01-07,2,7,1,3.7145136489811375,2.423980783127922,2.576053957920865,1.9085405541532954,316.202001953125,315.03700256347656,312.0145004272461
325.44000244140625,325.44000244140625,330.32000732421875,321.5,328.9700012207031,31896100,2026-01-08,3,8,1,2.7101792213779086,-1.0730457993732472,2.9174518385632595,2.0007770222408885,318.69000244140625,316.1460021972656,312.4325012207031
328.57000732421875,328.57000732421875,330.8299865722656,325.79998779296875,327.0899963378906,26214200,2026-01-09,4,9,1,1.530875815555949,0.4524782178906027,2.451295498362932,2.0532573516912036,321.37400512695314,317.59400329589846,312.85050201416016
331.8599853515625,331.8599853515625,334.0400085449219,325.0,325.79998779296875,33923900,2026-01-12,0,12,1,2.724042953037909,1.86003615274676,2.71873099158296,2.236031412837735,324.43800048828126,319.4290008544922,313.8220016479492
335.9700012207031,335.9700012207031,340.489990234375,333.6199951171875,334.95001220703125,33517600,2026-01-13,1,13,1,2.0448239700646695,0.30451977205524744,2.544887121803515,2.3320818056677437,328.7640014648438,321.6700012207031,315.15600128173827
335.8399963378906,335.8399963378906,336.5199890136719,330.4800109863281,335.05999755859375,28525600,2026-01-14,2,14,1,1.7984689415214534,0.23279376379762326,2.161678180311578,2.3688660691162218,331.53599853515624,323.86900024414064,316.53700103759763
332.7799987792969,332.7799987792969,337.69000244140625,330.739990234375,337.6499938964844,28442400,2026-01-15,3,15,1,2.0884705308387748,-1.442320510949136,2.037336442203751,2.477394140383505,333.0039978027344,325.8470001220703,317.8475006103516
330.0,330.0,334.6499938964844,327.70001220703125,334.4100036621094,40341600,2026-01-16,4,16,1,2.106055057410038,-1.318741548941604,2.152372290574569,2.3018338944687504,333.2899963378906,327.3320007324219,319.5115005493164
322.0,322.0,327.7300109863281,320.42999267578125,320.8699951171875,35361000,2026-01-20,1,20,1,2.2670864318468555,0.3521690715891967,2.060980986336358,2.3898559889596593,331.3179992675781,327.8779998779297,320.4885009765625
328.3800048828125,328.3800048828125,332.4800109863281,319.3500061035156,320.9200134277344,35386600,2026-01-21,2,21,1,3.9984178962108685,2.32456411035206,2.451699771565598,2.4982934466845563,329.8,329.28200073242186,321.5495010375977
330.5400085449219,330.5400085449219,335.1499938964844,328.75,334.45001220703125,26253600,2026-01-22,3,22,1,1.9362236736962468,-1.1690846223348332,2.4792507180005567,2.3204644491560673,328.74000244140626,330.13800048828125,322.5875015258789
327.92999267578125,327.92999267578125,333.69000244140625,327.45001220703125,332.489990234375,27280000,2026-01-23,4,23,1,1.9028421839244118,-1.3714691246432318,2.4421250486176844,2.239730745410718,327.77000122070314,330.3869995117187,323.26650085449216
333.260009765625,333.260009765625,335.8399963378906,327.0,327.80999755859375,26042100,2026-01-26,0,26,1,2.6525823917810047,1.6625521636377483,2.5514305154918775,2.351901403033223,328.4220031738281,330.8559997558594,324.2250015258789
334.54998779296875,334.54998779296875,337.9100036621094,333.4800109863281,335.3699951171875,21636200,2026-01-27,1,27,1,1.3241646502533082,-0.24450825540675367,2.3628461591731678,2.2119135727547627,330.9320007324219,331.125,325.2770004272461
336.010009765625,336.010009765625,337.5400085449219,331.94000244140625,336.05999755859375,27434400,2026-01-28,2,28,1,1.6666188329989822,-0.014874663254151328,1.8964863465307906,2.174093059048194,332.4580017089844,331.1290008544922,326.39950103759764
338.25,338.25,342.2900085449219,326.5400085449219,340.29998779296875,39785600,2026-01-29,3,29,1,4.656319290465632,-0.6024060730251682,2.4405054698846675,2.459878093942612,334.0,331.3700012207031,327.6195007324219
338.0,338.0,340.0,332.2900085449219,340.0,31024000,2026-01-30,4,30,1,2.2810625606740014,-0.5882352941176471,2.516149545234586,2.479137296926135,336.0140014648438,331.8920013427734,328.8695007324219
343.69000244140625,343.69000244140625,344.8299865722656,335.6300048828125,336.2200012207031,32006100,2026-02-02,0,2,2,2.6768255183743896,2.2217599171917293,2.5209981705532627,2.53621434302257,338.1,333.26100158691406,330.29650115966797
339.7099914550781,339.7099914550781,349.0,337.4700012207031,347.3399963378906,36506700,2026-02-03,1,3,2,3.3940711398892,-2.1966963100299193,2.934979468480441,2.6489128138268043,339.1320007324219,335.03200073242186,331.45500030517576
333.0400085449219,333.0400085449219,343.30999755859375,328.5199890136719,342.9599914550781,70618400,2026-02-04,2,4,2,4.440910450831596,-2.8924606826786667,3.489837792046964,2.693162069288877,338.5380004882812,335.4980010986328,332.39000091552737
331.25,331.25,332.69000244140625,306.4599914550781,312.2200012207031,88205800,2026-02-05,3,5,2,7.918493882665094,6.095060760007135,4.142272710486856,3.291389090185762,337.13800048828125,335.5690002441406,332.85350036621094
322.8599853515625,322.8599853515625,330.3800048828125,319.9200134277344,327.17999267578125,56380500,2026-02-06,4,6,2,3.239791838461565,-1.3203763741445087,4.334018566044369,3.425084055639477,334.10999755859376,335.06199951171874,332.72449951171876
324.32000732421875,324.32000732421875,327.70001220703125,317.260009765625,320.92999267578125,39640100,2026-02-09,0,9,2,3.2190436006525824,1.0563097017430385,4.442462182500007,3.481730176526635,330.2359985351562,334.1679992675781,332.5119995117187
318.5799865722656,318.5799865722656,321.6700134277344,314.6099853515625,320.9700012207031,39170000,2026-02-10,1,10,2,2.216092778499255,-0.7446224380309283,4.206866510222019,3.5709229893512293,326.00999755859374,332.5709991455078,331.8479995727539
310.9599914550781,310.9599914550781,321.05999755859375,309.6600036621094,318.9700012207031,45361900,2026-02-11,2,11,2,3.6660645130392084,-2.5112110025928986,4.051897322663541,3.7708675573552517,321.593994140625,330.0659973144531,330.59749908447264
