Adj Close,Close,High,Low,Open,Volume,date,day_of_week,day,month,hl_pct,oc_pct,volatility_5d,volatility_10d,ma_5,ma_10,ma_20
HOOD,HOOD,HOOD,HOOD,HOOD,HOOD,,,,,,,,,,,
16.860000610351562,16.860000610351562,17.479999542236328,16.760000228881836,16.989999771118164,14947000,2024-03-11,0,11,3,4.270458406225875,-0.7651510448375122,4.5295910736938,4.327299378569182,16.510000228881836,16.44499988555908,15.04099998474121
16.389999389648438,16.389999389648438,16.899999618530273,16.190000534057617,16.8799991607666,13396500,2024-03-12,1,12,3,4.331904276464318,-2.902842390283098,4.554791686100847,4.305104744804856,16.602000045776368,16.458999824523925,15.25999994277954
17.15999984741211,17.15999984741211,17.360000610351562,16.229999542236328,16.309999465942383,15815100,2024-03-13,2,13,3,6.585087868084388,5.211529180271582,4.87180960862297,4.573036283694026,16.754000091552733,16.561999893188478,15.525999927520752
18.049999237060547,18.049999237060547,19.229999542236328,17.7450008392334,19.1200008392334,48665200,2024-03-14,3,14,3,8.227139976570784,-5.5962424435529075,5.918213569479873,4.874597363323946,17.091999816894532,16.735999870300294,15.759499883651733
18.149999618530273,18.149999618530273,18.360000610351562,17.5,17.81999969482422,17775500,2024-03-15,4,15,3,4.738295473425484,1.8518514554290506,5.63057720015417,5.0619369325872,17.321999740600585,16.892999839782714,15.99599986076355
18.209999084472656,18.209999084472656,18.40999984741211,17.829999923706055,18.100000381469727,13180600,2024-03-18,0,18,3,3.1850628932793867,0.6077276280918937,5.413498097564872,4.971544585629337,17.591999435424803,17.05099983215332,16.206499814987183
17.239999771118164,17.239999771118164,17.829999923706055,16.69499969482422,17.719999313354492,14724400,2024-03-19,1,19,3,6.583528097159721,-2.7088011333870736,5.863822861703953,5.2093072739024,17.76199951171875,17.18199977874756,16.363999795913696
18.559999465942383,18.559999465942383,18.56999969482422,17.1200008392334,17.239999771118164,14773200,2024-03-20,2,20,3,7.812494058804094,7.656610860491939,6.109304099847894,5.4905568542354315,18.041999435424806,17.39799976348877,16.61249976158142
19.09000015258789,19.09000015258789,19.415000915527344,18.399999618530273,18.65999984741211,16075900,2024-03-21,3,21,3,5.316926604945438,2.3043960808789423,5.527261425522825,5.722737497501349,18.249999618530275,17.6709997177124,16.868499755859375
18.299999237060547,18.299999237060547,18.945999145507812,18.239999771118164,18.639999389648438,11310900,2024-03-22,4,22,3,3.857920239471279,-1.824035213095054,5.351186378731984,5.490881789443077,18.27999954223633,17.800999641418457,17.059499740600586
19.079999923706055,19.079999923706055,19.100000381469727,18.3700008392334,18.399999618530273,15708500,2024-03-25,0,25,3,3.825993423245962,3.6956539090955554,5.479372484725299,5.446435291145085,18.453999710083007,18.022999572753907,17.233999729156494
19.280000686645508,19.280000686645508,19.610000610351562,19.16200065612793,19.31999969482422,12760300,2024-03-26,1,26,3,2.3236511320974413,-0.20703420709383644,4.627397091712842,5.245609976708398,18.861999893188475,18.311999702453612,17.38549976348877
20.010000228881836,20.010000228881836,20.549999237060547,19.6200008392334,20.530000686645508,31268300,2024-03-27,2,27,3,4.647668101896453,-2.532880859092836,3.994431900331315,5.051868000089605,19.15200004577637,18.596999740600587,17.579499816894533
20.1299991607666,20.1299991607666,20.540000915527344,19.8799991607666,20.010000228881836,16728200,2024-03-28,3,28,3,3.278697378423575,0.5996948051582865,3.586786055026942,4.557023740274883,19.35999984741211,18.80499973297119,17.770499801635744
19.40999984741211,19.40999984741211,20.149999618530273,19.3700008392334,19.979999542236328,15674500,2024-04-01,0,1,4,4.018540883197742,-2.8528513908084885,3.618910183772235,4.4850482812521095,19.58199996948242,18.930999755859375,17.911999797821046
19.200000762939453,19.200000762939453,19.329999923706055,18.030000686645508,18.3700008392334,15975500,2024-04-02,1,2,4,6.770829090641774,4.518235633029462,4.2078773172513975,4.843624900988348,19.6060001373291,19.029999923706054,18.040499877929687
19.209999084472656,19.209999084472656,19.540000915527344,18.860000610351562,18.920000076293945,8633800,2024-04-03,2,3,4,3.539824766183472,1.5327643076601722,4.451112044068603,4.5392545678907235,19.591999816894532,19.226999855041505,18.204499816894533
18.450000762939453,18.450000762939453,19.290000915527344,18.299999237060547,19.25,15445800,2024-04-04,3,4,4,5.3658625340298896,-4.155840192522321,4.59475093049529,4.2945914154133025,19.279999923706054,19.21599998474121,18.30699987411499
18.399999618530273,18.399999618530273,18.825000762939453,17.8700008392334,18.229999542236328,11636500,2024-04-05,4,5,4,5.190217084267182,0.9325292406073802,4.977054871664012,4.281920463345477,18.93400001525879,19.14699993133545,18.408999824523924
18.559999465942383,18.559999465942383,19.100000381469727,18.440000534057617,18.8799991607666,9365600,2024-04-08,0,8,4,3.556033762949238,-1.694913713180618,4.884553447614311,4.251731815693273,18.763999938964844,19.172999954223634,18.486999797821046
18.299999237060547,18.299999237060547,18.75,18.0,18.65999984741211,7926800,2024-04-09,1,9,4,4.098360826601157,-1.9292637368455805,4.350059794806187,4.278968556028792,18.583999633789062,19.094999885559083,18.558999729156493
18.34000015258789,18.34000015258789,18.440000534057617,17.59000015258789,17.68000030517578,7749100,2024-04-10,2,10,4,4.634680340227729,3.7330307467183466,4.569030909615039,4.510071476841821,18.40999984741211,19.00099983215332,18.656499767303465
19.0,19.0,19.048999786376953,17.700000762939453,17.700000762939453,14077500,2024-04-11,3,11,4,7.099994860197369,7.344628141386898,4.915857374848535,4.755304152671913,18.519999694824218,18.899999809265136,18.74849977493286
17.969999313354492,17.969999313354492,18.889999389648438,17.829999923706055,18.850000381469727,9613200,2024-04-12,4,12,4,5.898717342491155,-4.66844058518062,5.05755742649333,5.017306149078671,18.433999633789064,18.683999824523926,18.74449977874756
17.190000534057617,17.190000534057617,18.260000228881836,16.975000381469727,18.079999923706055,14132300,2024-04-15,0,15,4,7.475275203547602,-4.9225630166153485,5.841405714613002,5.362979581113657,18.15999984741211,18.461999893188477,18.696499824523926
17.309999465942383,17.309999465942383,17.579999923706055,16.84000015258789,17.1299991607666,9347700,2024-04-16,1,16,4,4.274984367123303,1.0507899240768317,5.876730422717431,5.113395108761809,17.961999893188477,18.27299976348877,18.651499843597414
17.079999923706055,17.079999923706055,17.450000762939453,16.459999084472656,17.3799991607666,10395400,2024-04-17,2,17,4,5.7962627803805296,-1.726117672880914,6.109046910747992,5.339038910181515,17.70999984741211,18.059999847412108,18.643499851226807
17.079999923706055,17.079999923706055,17.594999313354492,16.889999389648438,17.187000274658203,7952300,2024-04-18,3,18,4,4.127634232173242,-0.6225655974993946,5.514574785143166,5.215216079995851,17.32599983215332,17.922999763488768,18.56949987411499
16.6299991607666,16.6299991607666,17.229999542236328,16.5,16.889999389648438,9555200,2024-04-19,4,19,4,4.389654714827279,-1.539373820470267,5.2127622596103915,5.135159843051861,17.05799980163574,17.7459997177124,18.446499824523926
17.190000534057617,17.190000534057617,17.344999313354492,16.670000076293945,16.940000534057617,7426200,2024-04-22,0,22,4,3.926697010411416,1.475796883815787,4.503046620983154,5.172226167798078,17.05799980163574,17.608999824523927,18.39099988937378
17.6200008392334,17.6200008392334,17.81999969482422,17.049999237060547,17.1299991607666,6961300,2024-04-23,1,23,4,4.370036442048051,2.860488630898849,4.522057035968103,5.199393729342768,17.120000076293945,17.540999984741212,18.317999935150148
17.309999465942383,17.309999465942383,17.889999389648438,17.079999923706055,17.670000076293945,7318100,2024-04-24,2,24,4,4.67937314230463,-2.0373548884956656,4.298679108352924,5.203863009550457,17.165999984741212,17.43799991607666,18.21949987411499
17.1200008392334,17.1200008392334,17.260000228881836,16.56999969482422,16.889999389648438,7145600,2024-04-25,3,25,4,4.030376753699471,1.3617611479958045,4.27922761265817,4.896901198900667,17.17400016784668,17.25,18.07499990463257
17.8799991607666,17.8799991607666,17.899999618530273,16.920000076293945,17.1200008392334,8203900,2024-04-26,4,26,4,5.48098203710604,4.439242314705601,4.497493077113921,4.855127668362156,17.42400016784668,17.24099998474121,17.96249990463257
17.34000015258789,17.34000015258789,18.290000915527344,17.299999237060547,17.709999084472656,8431500,2024-04-29,0,29,4,5.709352190052,-2.0892092095541908,4.854024113042039,4.6785353670125955,17.454000091552736,17.255999946594237,17.858999919891357
16.489999771118164,16.489999771118164,17.299999237060547,16.469999313354492,17.139999389648438,8986300,2024-04-30,1,30,4,5.0333531547997925,-3.792296625884569,4.986687455592387,4.754372245780245,17.227999877929687,17.173999977111816,17.723499870300294
16.649999618530273,16.649999618530273,17.350000381469727,16.309999465942383,16.43000030517578,8903500,2024-05-01,2,1,5,6.24625188801744,1.3390097946936008,5.300063204734949,4.799371156543936,17.095999908447265,17.130999946594237,17.595499897003172
17.610000610351562,17.610000610351562,17.6299991607666,16.760000228881836,16.93000030517578,7544700,2024-05-02,3,2,5,4.940368550432419,4.0165404188911555,5.482061564081538,4.8806445883698535,17.1939998626709,17.18400001525879,17.55349988937378
17.950000762939453,17.950000762939453,18.135000228881836,17.6299991607666,17.8799991607666,9478800,2024-05-03,4,3,5,2.813376304461708,0.3915078605062432,4.948540417552672,4.723016747333296,17.20800018310547,17.316000175476074,17.53099994659424
17.780000686645508,17.780000686645508,18.459999084472656,17.479999542236328,17.6299991607666,18716900,2024-05-06,0,6,5,5.511808236162792,0.850831157228392,4.909031626774831,4.881527869908434,17.296000289916993,17.375000190734863,17.492000007629393
17.989999771118164,17.989999771118164,18.260000228881836,17.670000076293945,17.75,12486200,2024-05-07,1,7,5,3.2796006675614278,1.352111386581206,4.558281129327158,4.772484292459772,17.596000289916994,17.41200008392334,17.476500034332275
17.850000381469727,17.850000381469727,17.937999725341797,17.3700008392334,17.600000381469727,23043800,2024-05-08,2,8,5,3.182066520839092,1.420454514667023,3.9454440558914876,4.622753630313218,17.836000442504883,17.466000175476076,17.452000045776366
17.299999237060547,17.299999237060547,19.469999313354492,17.040000915527344,19.04199981689453,51207400,2024-05-09,3,9,5,14.046234132898325,-9.148201851616648,5.766617172384668,5.6243393682331035,17.77400016784668,17.48400001525879,17.367000007629393
16.229999542236328,16.229999542236328,17.690000534057617,16.219999313354492,17.420000076293945,24466200,2024-05-10,4,10,5,9.057309070635833,-6.831231508873715,7.015403725619494,5.981972071586083,17.429999923706056,17.319000053405762,17.280000019073487
16.889999389648438,16.889999389648438,17.610000610351562,16.56999969482422,16.6200008392334,24385600,2024-05-13,0,13,5,6.157495281881068,1.624539932499142,7.144541134763149,6.026786380768989,17.25199966430664,17.273999977111817,17.26499996185303
18.020000457763672,18.020000457763672,18.670000076293945,17.649999618530273,17.770000457763672,33654500,2024-05-14,1,14,5,5.660379755008377,1.406865467416325,7.62069695225254,6.089489040789848,17.25799980163574,17.427000045776367,17.300500011444093
18.520000457763672,18.520000457763672,18.579999923706055,17.56999969482422,18.350000381469727,19468500,2024-05-15,2,15,5,5.453564815968669,0.9264309142228437,8.074996611278454,6.010220333584971,17.391999816894533,17.614000129699708,17.372500038146974
17.899999618530273,17.899999618530273,19.239999771118164,17.860000610351562,18.40999984741211,22141600,2024-05-16,3,16,5,7.709492682547387,-2.7702348349205805,6.807648321208267,6.287132746796468,17.511999893188477,17.643000030517577,17.413500022888183
20.09000015258789,20.09000015258789,20.34000015258789,18.450000762939453,18.959999084472656,53207400,2024-05-17,4,17,5,9.40766239568683,5.959921533122077,6.877718986218466,6.9465613559189805,18.28400001525879,17.856999969482423,17.586500072479247
20.84000015258789,20.84000015258789,20.889999389648438,19.530000686645508,19.940000534057617,25792900,2024-05-20,0,20,5,6.525905436877102,4.513538587890556,6.951401017217672,7.047971075990411,19.07400016784668,18.16299991607666,17.76900005340576
20.959999084472656,20.959999084472656,21.209999084472656,20.40999984741211,21.040000915527344,20960700,2024-05-21,1,21,5,3.816790419867876,-0.3802368230680391,6.582683150189572,7.101690051221057,19.661999893188476,18.45999984741211,17.935999965667726
19.65999984741211,19.65999984741211,21.030000686645508,19.59000015258789,20.899999618530273,20978600,2024-05-22,2,22,5,7.324519558667076,-5.933013367228774,6.956874098729253,7.515935355003853,19.889999771118163,18.640999794006348,18.05349998474121
19.239999771118164,19.239999771118164,19.940000534057617,19.114999771118164,19.920000076293945,17758100,2024-05-23,3,23,5,4.287945804333587,-3.413656137406467,6.272564723086494,6.54010652214738,20.157999801635743,18.83499984741211,18.15949993133545
20.510000228881836,20.510000228881836,20.565000534057617,19.066999435424805,19.299999237060547,20914800,2024-05-24,4,24,5,7.303759541276614,6.26943543861806,5.851784152204451,6.3647515692114585,20.24199981689453,19.26299991607666,18.290999984741212
20.469999313354492,20.469999313354492,20.989999771118164,20.049999237060547,20.618000030517578,18147600,2024-05-28,1,28,5,4.592088742496279,-0.717822858395692,5.4650208133282865,6.20821091527298,20.16799964904785,19.620999908447267,18.44749994277954
21.084999084472656,21.084999084472656,21.139999389648438,20.270000457763672,20.75,23053100,2024-05-29,2,29,5,4.12615114849802,1.6144534191453315,5.526892959054315,6.054788054621944,20.192999649047852,19.927499771118164,18.677249908447266
21.84000015258789,21.84000015258789,22.260000228881836,20.90999984741211,21.299999237060547,36175500,2024-05-30,3,30,5,6.18132038478837,2.535215656664339,5.298253124278574,6.1275636115039145,20.628999710083008,20.259499740600585,18.936749935150146
20.899999618530273,20.899999618530273,22.34000015258789,20.165000915527344,21.90999984741211,31219300,2024-05-31,4,31,5,10.406695104109751,-4.609768306324893,6.522002984233806,6.39728385366015,20.96099967956543,20.559499740600586,19.10124988555908
21.280000686645508,21.280000686645508,22.399999618530273,20.729999542236328,21.899999618530273,26098100,2024-06-03,0,3,6,7.847744466201882,-2.831045400385145,6.63079996921886,6.241292060711656,21.114999771118164,20.67849979400635,19.267749881744386
20.780000686645508,20.780000686645508,21.625,20.65999984741211,21.040000915527344,17412400,2024-06-04,1,4,6,4.643888935037708,-1.2357424789366713,6.641160007727146,6.053090410527716,21.177000045776367,20.67249984741211,19.417749881744385
21.56999969482422,21.56999969482422,21.59000015258789,20.389999389648438,21.0,14410400,2024-06-05,2,5,6,5.563285952328486,2.714284261067708,6.9285869684932395,6.227739963773777,21.27400016784668,20.733499908447264,19.59674987792969
22.969999313354492,22.969999313354492,23.25,21.743999481201172,22.25,40881200,2024-06-06,3,6,6,6.5563803387806665,3.2359519701325494,7.003598959291699,6.150926041785136,21.5,21.064499855041504,19.852749824523926
22.18000030517578,22.18000030517578,23.690000534057617,22.145000457763672,22.520000457763672,24723100,2024-06-07,4,7,6,6.96573514443737,-1.5097697410156006,6.315406967357222,6.4187049757955155,21.756000137329103,21.358499908447264,20.09674987792969
23.420000076293945,23.420000076293945,23.524999618530273,22.059999465942383,22.100000381469727,17942200,2024-06-10,0,10,6,6.2553379496816675,5.9728491947493545,5.99692566405318,6.31386281663602,22.18400001525879,21.649499893188477,20.456249904632568
23.219999313354492,23.219999313354492,23.30500030517578,22.1299991607666,22.832000732421875,14472800,2024-06-11,1,11,6,5.060297929179535,1.6993630364668473,6.080207462881545,6.360683735304345,22.671999740600587,21.924499893188475,20.77274990081787
23.700000762939453,23.700000762939453,24.280000686645508,23.530000686645508,24.0,21351400,2024-06-12,2,12,6,3.1645568601533633,-1.2499968210856118,5.60046164444652,6.26452430646988,23.09799995422363,22.186000061035156,21.05674991607666
23.309999465942383,23.309999465942383,23.739999771118164,22.920000076293945,23.690000534057617,13045800,2024-06-13,3,13,6,3.517802289194808,-1.6040568153172088,4.992746034529349,5.998172496910524,23.165999984741212,22.332999992370606,21.296249866485596
22.420000076293945,22.420000076293945,23.56999969482422,22.360000610351562,23.100000381469727,13059600,2024-06-14,4,14,6,5.396962891860394,-2.9437242162180284,4.678991584013954,5.497199275685588,23.213999938964843,22.48500003814697,21.52224988937378
22.25,22.25,22.719999313354492,21.700000762939453,22.31999969482422,13998300,2024-06-17,0,17,6,4.58426314793276,-0.31361870869761244,4.344776623664172,5.170851143858676,22.979999923706053,22.58199996948242,21.630249881744383
21.860000610351562,21.860000610351562,22.219999313354492,21.799999237060547,21.969999313354492,10181100,2024-06-18,1,18,6,1.9213177702065523,-0.5006768613600585,3.716980591869576,4.898594027375561,22.70800018310547,22.689999961853026,21.68124990463257
21.729999542236328,21.729999542236328,22.06999969482422,21.18000030517578,22.0,13386600,2024-06-20,3,20,6,4.09571747996845,-1.2272748080166902,3.9032127158325927,4.751837180139557,22.313999938964844,22.70599994659424,21.719749927520752
22.290000915527344,22.290000915527344,22.329999923706055,21.25,21.520000457763672,20734700,2024-06-21,4,21,6,4.845221531389532,3.578068965541691,4.168696564271538,4.580721299400443,22.110000228881837,22.638000106811525,21.851249980926514
21.3700008392334,21.3700008392334,22.329999923706055,20.8799991607666,21.850000381469727,19032600,2024-06-24,0,24,6,6.785216218978252,-2.19679420529164,4.446347229695109,4.562669406854532,21.900000381469727,22.557000160217285,21.957750034332275
22.139999389648438,22.139999389648438,22.28499984741211,21.219999313354492,21.479999542236328,12077800,2024-06-25,1,25,6,4.8103006477748975,3.0726250534332897,4.4915547296635365,4.418165676663855,21.878000259399414,22.429000091552734,22.039249992370607
22.309999465942383,22.309999465942383,23.329999923706055,22.219999313354492,22.68000030517578,19146100,2024-06-26,2,26,6,4.975350232733301,-1.6313969764319665,5.102361222168886,4.4096709070192315,21.96800003051758,22.338000106811524,22.13125
22.59000015258789,22.59000015258789,22.791000366210938,22.270000457763672,22.440000534057617,7318600,2024-06-27,3,27,6,2.3063298137586794,0.6684474819981228,4.744483688926932,4.323848202379763,22.14000015258789,22.227000045776368,22.20650005340576
22.709999084472656,22.709999084472656,23.084999084472656,22.34000015258789,22.639999389648438,11668100,2024-06-28,4,28,6,3.2804886037804306,0.30918593953772067,4.431537103405112,4.3001168338383255,22.223999786376954,22.167000007629394,22.25
22.790000915527344,22.790000915527344,23.1299991607666,22.43000030517578,22.81999969482422,11188200,2024-07-01,0,1,7,3.071517452699597,-0.13145828088542436,3.688797350149381,4.067572289922245,22.50799980163574,22.204000091552736,22.344500064849854
22.459999084472656,22.459999084472656,22.799999237060547,22.06999969482422,22.635000228881836,9492200,2024-07-02,1,2,7,3.2502207123463376,-0.7731439922226354,3.3767813630636687,3.9341680463636033,22.571999740600585,22.225,22.40349998474121
22.889999389648438,22.889999389648438,23.128999710083008,22.450000762939453,22.450000762939453,7631200,2024-07-03,2,3,7,2.9663563357306986,1.959904729425826,2.9749825836631487,4.038671902916017,22.687999725341797,22.327999877929688,22.50899991989136
22.68000030517578,22.68000030517578,22.739999771118164,21.719999313354492,22.079999923706055,9400900,2024-07-05,4,5,7,4.49735645519766,2.7173930414082106,3.4131879119509447,4.078835800438939,22.705999755859374,22.422999954223634,22.564499950408937
22.09000015258789,22.09000015258789,22.8799991607666,21.90999984741211,22.719999313354492,10579900,2024-07-08,0,8,7,4.391124068149247,-2.7728837139369853,3.635315004824708,4.03342605411491,22.58199996948242,22.402999877929688,22.520499992370606
22.600000381469727,22.600000381469727,23.270000457763672,22.149999618530273,22.25,12158900,2024-07-09,1,9,7,4.955755842162346,1.5730354223358496,4.012162682717258,3.850480016433319,22.543999862670898,22.52599983215332,22.5414999961853
22.31999969482422,22.31999969482422,22.8700008392334,22.079999923706055,22.709999084472656,12625300,2024-07-10,2,10,7,3.539430673516259,-1.7173025335570753,4.070004674951242,3.7233930190074553,22.51599998474121,22.543999862670898,22.486499977111816
22.040000915527344,22.040000915527344,22.979999542236328,21.979999542236328,22.649999618530273,13151500,2024-07-11,3,11,7,4.537204893197135,-2.693151051993314,4.3841743864445295,3.679578485053839,22.346000289916994,22.517000007629395,22.42750005722046
22.280000686645508,22.280000686645508,22.44499969482422,21.75,22.0,10380700,2024-07-12,4,12,7,3.1193881212077215,1.2727303938432173,4.108580719646541,3.760884315798743,22.26600036621094,22.486000061035156,22.35650005340576
23.940000534057617,23.940000534057617,24.010000228881836,22.760000228881836,23.0,20401700,2024-07-15,0,15,7,5.221386683854581,4.0869588437287705,4.274633242787608,3.9549741238061578,22.636000442504884,22.609000205993652,22.388000106811525
24.6299991607666,24.6299991607666,24.809999465942383,23.350000381469727,24.059999465942383,23046700,2024-07-16,1,16,7,5.927726894925376,2.369076090924564,4.469027453340215,4.240595068028736,23.042000198364256,22.79300003051758,22.498500061035156
24.18000030517578,24.18000030517578,24.8799991607666,23.56999969482422,24.1299991607666,14124900,2024-07-17,2,17,7,5.417698301939122,0.20721569062661818,4.844680979024788,4.457342826988014,23.41400032043457,22.96500015258789,22.595000076293946
22.829999923706055,22.829999923706055,24.450000762939453,22.65999984741211,24.219999313354492,14304700,2024-07-18,3,18,7,7.8405647021866836,-5.739056271905077,5.505352940822696,4.944763663633614,23.572000122070314,22.959000205993654,22.64350004196167
23.40999984741211,23.40999984741211,23.8700008392334,22.799999237060547,22.940000534057617,9348400,2024-07-19,4,19,7,4.570703157399364,2.0488199756434744,5.795615948061025,4.952098333853783,23.797999954223634,23.032000160217287,22.72750005722046
23.420000076293945,23.420000076293945,24.020000457763672,23.094999313354492,23.239999771118164,16691400,2024-07-22,0,22,7,3.9496205866603686,0.7745279989179654,5.541262728622183,4.9079479857048955,23.6939998626709,23.16500015258789,22.78400001525879
22.8700008392334,22.8700008392334,23.399999618530273,22.81999969482422,23.229999542236328,10292600,2024-07-23,1,23,7,2.536073032017852,-1.5497146366636259,4.862931956040677,4.6659797046904465,23.342000198364257,23.19200019836426,22.85900001525879
21.40999984741211,21.40999984741211,22.9060001373291,21.360000610351562,22.65999984741211,13153100,2024-07-24,2,24,7,7.220922643604823,-5.516328369008161,5.223576824373818,5.034128901699303,22.788000106811523,23.101000213623045,22.822500038146973
21.18000030517578,21.18000030517578,21.78499984741211,20.6299991607666,21.15999984741211,9131000,2024-07-25,3,25,7,5.453260953746346,0.09452012243808193,4.746116074685751,5.125734507754224,22.45800018310547,23.01500015258789,22.766000080108643
21.200000762939453,21.200000762939453,21.985000610351562,21.125,21.59000015258789,8362500,2024-07-26,4,26,7,4.056606506613731,-1.8063890083006326,4.643296744528624,5.219456346294825,22.01600036621094,22.907000160217287,22.69650011062622
21.18000030517578,21.18000030517578,21.84000015258789,20.950000762939453,21.559999465942383,8115100,2024-07-29,0,29,7,4.202074489257431,-1.7625193422053356,4.693787525048036,5.11752512683511,21.568000411987306,22.631000137329103,22.620000171661378
20.399999618530273,20.399999618530273,21.350000381469727,20.290000915527344,21.299999237060547,11020800,2024-07-30,1,30,7,5.196075910607056,-4.225350473085161,5.225788100765877,5.044360028403277,21.07400016784668,22.20800018310547,22.500500106811522
20.56999969482422,20.56999969482422,21.20800018310547,20.530000686645508,20.84000015258789,9201900,2024-07-31,2,31,7,3.2960598275096613,-1.2955875997445399,4.440815537546845,4.832196180960333,20.9060001373291,21.847000122070312,22.4060001373291
20.239999771118164,20.239999771118164,21.299999237060547,19.829999923706055,20.889999389648438,13110700,2024-08-01,3,1,8,7.262842539416105,-3.1115348852157743,4.802731854680797,4.774423964683273,20.71800003051758,21.588000106811524,22.273500156402587
17.8799991607666,17.8799991607666,19.290000915527344,17.690000534057617,19.200000762939453,30564500,2024-08-02,4,2,8,8.948548414815065,-6.875008071461992,5.781120236321064,5.212208490424844,20.05399971008301,21.035000038146972,22.033500099182127
16.420000076293945,16.420000076293945,16.725000381469727,13.979999542236328,14.699999809265137,44991100,2024-08-05,0,5,8,16.71742281655918,11.700682240449584,8.284189901781414,6.488988713414725,19.10199966430664,20.335000038146973,21.750000095367433
17.209999084472656,17.209999084472656,17.520000457763672,16.25,17.030000686645508,22515100,2024-08-06,1,6,8,7.37943361606278,1.0569488583068503,8.720861442872557,6.973324771819217,18.463999557495118,19.7689998626709,21.48050003051758
17.1200008392334,17.1200008392334,17.639999389648438,16.860000610351562,17.600000381469727,32590300,2024-08-07,2,7,8,4.556067412738526,-2.7272700672307866,8.97286295991833,6.706839248732588,17.773999786376955,19.339999961853028,21.22050008773804
17.729999542236328,17.729999542236328,18.100000381469727,16.68000030517578,17.665000915527344,48790500,2024-08-08,3,8,8,8.009024889770737,0.3679514482892061,9.122099429989257,6.962415642335027,17.271999740600585,18.994999885559082,21.005000019073485
17.920000076293945,17.920000076293945,18.280000686645508,17.549999237060547,17.799999237060547,17345900,2024-08-09,4,9,8,4.073668786143964,0.6741620470609363,8.147123504255038,6.964121870288051,17.279999923706054,18.66699981689453,20.78699998855591
18.540000915527344,18.540000915527344,18.790000915527344,18.106000900268555,18.360000610351562,18899100,2024-08-12,0,12,8,3.6893202884684633,0.9803937864484339,5.541502998636894,6.912846450209154,17.704000091552736,18.402999877929688,20.517000007629395
18.40999984741211,18.40999984741211,18.84000015258789,18.360000610351562,18.780000686645508,12907000,2024-08-13,1,13,8,2.6072761880212703,-1.9701854403898222,4.587071513028592,6.653966477950576,17.944000244140625,18.20399990081787,20.20600004196167
18.649999618530273,18.649999618530273,19.059999465942383,18.56999969482422,18.729999542236328,13613600,2024-08-14,2,14,8,2.627344670995649,-0.42712186685137976,4.201326964680017,6.587094962299173,18.25,18.011999893188477,19.929500007629393
19.549999237060547,19.549999237060547,20.06999969482422,19.135000228881836,19.31999969482422,23025900,2024-08-15,3,15,8,4.782606150541033,1.1904738399035506,3.556043216834076,6.339071323411668,18.613999938964845,17.942999839782715,19.765499973297118
19.979999542236328,19.979999542236328,20.040000915527344,19.399999618530273,19.510000228881836,14101700,2024-08-16,4,16,8,3.2032097680690743,2.4090174671485842,3.381951413219098,5.764537458737069,19.02599983215332,18.152999877929688,19.59399995803833
20.280000686645508,20.280000686645508,20.309999465942383,19.809999465942383,19.934999465942383,11372200,2024-08-19,0,19,8,2.4654831512370348,1.7306306995018315,3.137183985772812,4.339343492204853,19.373999786376952,18.538999938964842,19.436999988555907
19.829999923706055,19.829999923706055,20.43000030517578,19.690000534057617,20.360000610351562,10363700,2024-08-20,1,20,8,3.731718476879674,-2.603146712952658,3.3620724435444926,3.974571978286543,19.657999801635743,18.801000022888182,19.284999942779542
20.18000030517578,20.18000030517578,20.204999923706055,19.520000457763672,19.729999542236328,9837100,2024-08-21,2,21,8,3.3944472526429728,2.2807945939184093,3.5154929598739577,3.858409962276987,19.963999938964843,19.106999969482423,19.223499965667724
19.889999389648438,19.889999389648438,20.3700008392334,19.850000381469727,20.139999389648438,7417900,2024-08-22,3,22,8,2.614381466669633,-1.2413108618488593,3.0818480230996776,3.3189456199668768,20.03199996948242,19.322999954223633,19.158999919891357
21.1200008392334,21.1200008392334,21.209999084472656,20.0,20.062000274658203,13294500,2024-08-23,4,23,8,5.729162104126962,5.273654421745942,3.5870384903112553,3.484494951765177,20.260000228881836,19.643000030517577,19.154999923706054
20.959999084472656,20.959999084472656,21.15999984741211,20.790000915527344,21.1200008392334,10676300,2024-08-26,0,26,8,1.765262156709081,-0.7575840359983141,3.4469942914056646,3.292089138589238,20.395999908447266,19.88499984741211,19.1439998626709
21.360000610351562,21.360000610351562,21.540000915527344,20.59000015258789,20.799999237060547,8052600,2024-08-27,1,27,8,4.447568987797969,2.6923143934218476,3.5901643935893235,3.476118418566908,20.702000045776366,20.179999923706056,19.191999912261963
20.31999969482422,20.31999969482422,21.198999404907227,20.0,21.149999618530273,10959700,2024-08-28,2,28,8,5.90058771119287,-3.9243495918499307,4.091392485299303,3.80344272258663,20.729999923706053,20.34699993133545,19.179499912261964
20.170000076293945,20.170000076293945,20.655000686645508,20.09000015258789,20.399999618530273,7621500,2024-08-29,3,29,8,2.8011925231555623,-1.1274487575353127,4.128754696596489,3.605301359848083,20.786000061035157,20.40900001525879,19.175999927520753
20.1200008392334,20.1200008392334,20.399999618530273,19.834999084472656,20.3799991607666,11026200,2024-08-30,4,30,8,2.8081536306692545,-1.2757523662401524,3.544553001904947,3.565795746108101,20.586000061035158,20.423000144958497,19.28800001144409
19.3700008392334,19.3700008392334,19.96500015258789,19.209999084472656,19.7549991607666,11353500,2024-09-03,1,3,9,3.8977854176753604,-1.9488652892368084,3.971057654098203,3.7090259727519337,20.268000411987305,20.332000160217284,19.435500049591063
19.110000610351562,19.110000610351562,19.610000610351562,18.81100082397461,19.010000228881836,9923300,2024-09-04,2,4,9,4.181055786801747,0.5260409272262727,3.917755013898959,3.7539597037441412,19.818000411987306,20.260000228881836,19.53050012588501
19.670000076293945,19.670000076293945,19.68000030517578,18.84000015258789,19.0,11493500,2024-09-05,3,5,9,4.270463392627278,3.5263161910207645,3.5917301501858403,3.8415613177425714,19.68800048828125,20.209000205993654,19.65800008773804
18.940000534057617,18.940000534057617,20.239999771118164,18.709999084472656,19.739999771118164,12834200,2024-09-06,4,6,9,8.078144897062089,-4.052681085797354,4.647120624967146,4.387937660781818,19.442000579833984,20.11400032043457,19.7185001373291
19.65999984741211,19.65999984741211,19.829999923706055,19.040000915527344,19.209999084472656,10350600,2024-09-09,0,9,9,4.018306278281586,2.342534015543949,4.889151154489612,4.21685207819728,19.350000381469727,19.968000221252442,19.80550012588501
19.700000762939453,19.700000762939453,19.73900032043457,18.825000762939453,19.600000381469727,10336500,2024-09-10,1,10,9,4.639591482730169,0.5102060179767605,5.0375123675005735,4.504285010799388,19.416000366210938,19.84200038909912,19.863500118255615
20.639999389648438,20.639999389648438,20.795000076293945,19.540000915527344,19.579999923706055,12396200,2024-09-11,2,11,9,6.080422470341837,5.413684729686907,5.417385704208591,4.667570359053776,19.722000122070312,19.77000026702881,19.97500009536743
21.639999389648438,21.639999389648438,21.735000610351562,20.670000076293945,20.829999923706055,13507200,2024-09-12,3,12,9,4.9214443812187145,3.888619629904773,5.547581901926879,4.56965602605636,20.11599998474121,19.90200023651123,20.12450008392334
22.06999969482422,22.06999969482422,22.43000030517578,21.610000610351562,21.69499969482422,11931600,2024-09-13,4,13,9,3.7154495068548745,1.7285088973265292,4.675042823885436,4.661081724426291,20.74199981689453,20.092000198364257,20.250500106811522
22.209999084472656,22.209999084472656,22.53499984741211,21.5,21.70400047302246,8155600,2024-09-16,0,16,9,4.66006253974001,2.331361041385615,4.803394076177121,4.846272615333367,21.25199966430664,20.301000022888182,20.36200008392334
22.639999389648438,22.639999389648438,22.93000030517578,22.399999618530273,22.545000076293945,8636600,2024-09-17,1,17,9,2.340992495290601,0.42137641620318245,4.343674278689207,4.69059332309489,21.839999389648437,20.62799987792969,20.480000019073486
22.950000762939453,22.950000762939453,23.4950008392334,22.34000015258789,22.700000762939453,13807200,2024-09-18,2,18,9,5.032682563177286,1.1013215488880326,4.134126297256297,4.775756000732445,22.301999664306642,21.011999893188477,20.636000061035155
22.809999465942383,22.809999465942383,24.059999465942383,22.739999771118164,23.93600082397461,14118900,2024-09-19,3,19,9,5.786934352169147,-4.704216741605427,4.307224291446383,4.927403096686632,22.53599967956543,21.32599983215332,20.767500019073488
22.729999542236328,22.729999542236328,22.954999923706055,22.309999465942383,22.809999465942383,22849800,2024-09-20,4,20,9,2.837661551928973,-0.35072304068004295,4.131666700461204,4.40335476217332,22.66799964904785,21.704999732971192,20.90950002670288
22.700000762939453,22.700000762939453,23.325000762939453,22.62299919128418,22.781999588012695,11694200,2024-09-23,0,23,9,3.0925178328688756,-0.3599281299100184,3.8181577590869766,4.310775917632048,22.76599998474121,22.008999824523926,20.988500022888182
22.770000457763672,22.770000457763672,22.850000381469727,22.25200080871582,22.68000030517578,7446100,2024-09-24,1,24,9,2.626260697109525,0.3968260642719294,3.8752113994507615,4.109442839069984,22.792000198364256,22.31599979400635,21.079000091552736
22.389999389648438,22.389999389648438,22.81999969482422,22.334999084472656,22.579999923706055,4989400,2024-09-25,2,25,9,2.166148385764551,-0.8414549809548113,3.301904563968214,3.7180154306122555,22.679999923706056,22.49099979400635,21.130500030517577
22.43000030517578,22.43000030517578,22.8799991607666,22.190000534057617,22.780000686645508,9350700,2024-09-26,3,26,9,3.076231017927206,-1.5364370979800275,2.759763897119826,3.5334940942831046,22.604000091552734,22.56999988555908,21.236000061035156
23.889999389648438,23.889999389648438,23.979999542236328,22.410999298095703,22.549999237060547,18021300,2024-09-27,4,27,9,6.567602696634954,5.942351210307904,3.5057521260610223,3.818709413261113,22.836000061035158,22.751999855041504,21.422000026702882
23.420000076293945,23.420000076293945,24.1299991607666,23.079999923706055,23.969999313354492,10101300,2024-09-30,0,30,9,4.48334429393692,-2.2945317180469162,3.783917418274631,3.8010375886808037,22.979999923706053,22.872999954223634,21.58699998855591
22.329999923706055,22.329999923706055,23.459999084472656,22.280000686645508,23.399999618530273,11467400,2024-10-01,1,1,10,5.284363644687855,-4.572648343023452,4.3155380077902965,4.0953747036205295,22.891999816894533,22.842000007629395,21.73499994277954
22.6299991607666,22.6299991607666,23.18000030517578,22.329999923706055,22.420000076293945,12009700,2024-10-02,2,2,10,3.75607783027833,0.9366596064141021,4.633523896693053,3.967714230330633,22.939999771118163,22.809999847412108,21.910999870300294
22.43000030517578,22.43000030517578,22.708999633789062,22.049999237060547,22.464000701904297,7146000,2024-10-03,3,3,10,2.938031153644031,-0.15135503768762515,4.6058839238364175,3.6828239104781217,22.939999771118163,22.77199993133545,22.048999881744386
22.889999389648438,22.889999389648438,23.389999389648438,22.610000610351562,23.0,9715300,2024-10-04,4,4,10,3.4075963306910984,-0.478263523267663,3.973882650647647,3.739817388354335,22.739999771118164,22.78799991607666,22.246499824523926
23.31999969482422,23.31999969482422,23.424999237060547,22.719999313354492,22.75,10007900,2024-10-07,0,7,10,3.0231558015951716,2.5054931640625,3.681844952179297,3.7328811852269643,22.719999694824217,22.849999809265135,22.42949981689453
25.610000610351562,25.610000610351562,25.799999237060547,23.440000534057617,23.469999313354492,39241500,2024-10-08,1,8,10,9.215145047864693,9.118028801046465,4.4680012328146645,4.391769620302481,23.37599983215332,23.133999824523926,22.724999809265135
25.649999618530273,25.649999618530273,25.690000534057617,24.170000076293945,25.489999771118164,22201800,2024-10-09,2,9,10,5.925927798710692,0.6276965431494419,4.9019712265011375,4.767747561597096,23.979999923706053,23.45999984741211,22.975499820709228
25.5,25.5,25.8700008392334,24.704999923706055,25.5,12990200,2024-10-10,3,10,10,4.568631041283701,0.0,5.228091204029071,4.916987563932745,24.5939998626709,23.766999816894533,23.168499851226805
26.270000457763672,26.270000457763672,26.649999618530273,25.690000534057617,25.75,16868900,2024-10-11,4,11,10,3.6543550351897465,2.019419253451153,5.277442944928801,4.625662797788224,25.270000076293947,24.004999923706055,23.378499889373778
27.0,27.0,27.139999389648438,26.15999984741211,26.899999618530273,17233000,2024-10-14,0,14,10,3.6296279342086226,0.37174863527076235,5.398737371451491,4.540291161815395,26.006000137329103,24.36299991607666,23.617999935150145
26.799999237060547,26.799999237060547,27.329999923706055,25.905000686645508,27.135000228881836,16466500,2024-10-15,1,15,10,5.317161483683842,-1.2345715459575421,4.61914065861532,4.543570945714992,26.243999862670897,24.809999847412108,23.82599992752075
26.93000030517578,26.93000030517578,27.172000885009766,26.565000534057617,27.040000915527344,12382000,2024-10-16,2,16,10,2.253993108330885,-0.4068069771713513,3.884753720539359,4.393362473520249,26.5,25.239999961853027,24.02499990463257
26.31999969482422,26.31999969482422,27.079999923706055,26.086000442504883,27.079999923706055,11588300,2024-10-17,3,17,10,3.776593817349626,-2.806500114560656,3.7263462757525447,4.477218739890807,26.663999938964842,25.62899990081787,24.20049991607666
26.829999923706055,26.829999923706055,27.040000915527344,26.420000076293945,26.549999237060547,10721200,2024-10-18,4,18,10,2.3108492023721077,1.0546165525107103,3.4576451091890164,4.3675440270589085,26.77599983215332,26.022999954223632,24.405499935150146
26.969999313354492,26.969999313354492,27.104999542236328,26.18000030517578,26.780000686645508,10284200,2024-10-21,0,21,10,3.429734003005789,0.7094795438288833,3.41766632294845,4.408201847199971,26.769999694824218,26.38799991607666,24.618999862670897
27.40999984741211,27.40999984741211,27.600000381469727,26.81999969482422,26.899999618530273,11978800,2024-10-22,1,22,10,2.8456792812392186,1.89591165841697,2.923369882459525,3.7712552705374227,26.891999816894533,26.567999839782715,24.85099983215332
26.700000762939453,26.700000762939453,27.38599967956543,26.280000686645508,27.110000610351562,10203200,2024-10-23,2,23,10,4.14231820717806,-1.5123564669178091,3.3010349022289605,3.5928943113841596,26.845999908447265,26.672999954223634,25.06649990081787
27.219999313354492,27.219999313354492,27.329999923706055,26.690000534057617,26.950000762939453,7687300,2024-10-24,3,24,10,2.3512101608850715,1.0018498804138445,3.0159581709360497,3.371152223344297,27.02599983215332,26.844999885559083,25.305999851226808
27.059999465942383,27.059999465942383,27.75,26.920000076293945,27.510000228881836,8752200,2024-10-25,4,25,10,3.067257723898663,-1.6357715710485974,3.16723987524136,3.312442492215188,27.071999740600585,26.923999786376953,25.464499855041502
27.8799991607666,27.8799991607666,28.229999542236328,27.510000228881836,27.934999465942383,14670900,2024-10-28,0,28,10,2.5824940280762,-0.1968867235628058,2.9977918802554426,3.2077291016019465,27.253999710083008,27.011999702453615,25.687499809265137
28.030000686645508,28.030000686645508,28.360000610351562,27.600000381469727,28.25,13257600,2024-10-29,1,29,10,2.711381413714796,-0.7787586313433352,2.970932306750558,2.947151094605042,27.37799987792969,27.13499984741211,25.97249984741211
28.209999084472656,28.209999084472656,28.575000762939453,27.549999237060547,27.915000915527344,26660900,2024-10-30,2,30,10,3.633468837803286,1.0567729151720133,2.8691624328756036,3.085098667552282,27.679999542236327,27.262999725341796,26.25149984359741
23.489999771118164,23.489999771118164,26.479999542236328,23.149999618530273,26.020000457763672,45738900,2024-10-31,3,31,10,14.176245024065153,-9.7232922449493,5.23416940551162,4.125063788223835,26.933999633789064,26.97999973297119,26.30449981689453
23.969999313354492,23.969999313354492,24.118000030517578,23.0,23.700000762939453,21594100,2024-11-01,4,1,11,4.664163798681057,1.1392343532631677,5.553550620468099,4.36039524785473,26.315999603271486,26.693999671936034,26.358499813079835
24.31999969482422,24.31999969482422,24.559999465942383,23.540000915527344,23.75,15067200,2024-11-04,0,4,11,4.194073039532624,2.399998715049342,5.875866422759383,4.436829151507412,25.60399971008301,26.42899971008301,26.408499813079835
24.959999084472656,24.959999084472656,25.274999618530273,24.420000076293945,24.53499984741211,12947200,2024-11-05,1,5,11,3.4254790608875223,1.7322161797583007,6.018685952193929,4.494809129472243,24.98999938964844,26.183999633789064,26.37599973678589
29.860000610351562,29.860000610351562,30.059999465942383,26.739999771118164,27.729999542236328,49591600,2024-11-06,2,6,11,11.118551999202824,7.681215662737285,7.515702584473836,5.192432508674719,25.31999969482422,26.499999618530275,26.586499786376955
29.360000610351562,29.360000610351562,30.040000915527344,28.670000076293945,29.059999465942383,24913000,2024-11-07,3,7,11,4.666215295480519,1.0323508256109013,5.613696638756909,5.423933022134264,26.493999862670897,26.71399974822998,26.779499816894532
30.540000915527344,30.540000915527344,30.6299991607666,29.209999084472656,29.350000381469727,22564100,2024-11-08,4,8,11,4.64963992706359,4.054516247328331,5.610791864433416,5.582171242450757,27.80800018310547,27.061999893188478,26.992999839782716
32.79999923706055,32.79999923706055,34.31999969482422,32.22999954223633,32.939998626708984,43967200,2024-11-11,0,11,11,6.371951832933004,-0.42501334391350204,6.0463676231134915,5.961117022936437,29.504000091552733,27.55399990081787,27.282999801635743
33.0,33.0,33.7599983215332,31.459999084472656,31.739999771118164,26059500,2024-11-12,1,12,11,6.969694657759233,3.969755003049414,6.755210742487835,6.386948347340882,31.112000274658204,28.05099983215332,27.592999839782713
31.90999984741211,31.90999984741211,34.099998474121094,31.822999954223633,33.630001068115234,23203600,2024-11-13,2,13,11,7.135689535523845,-5.114484585413429,5.958638249752039,6.737170417112937,31.522000122070313,28.420999908447264,27.841999816894532
32.220001220703125,32.220001220703125,33.0,31.591999053955078,32.849998474121094,13023400,2024-11-14,3,14,11,4.369959319369,-1.9177999472793719,5.899387054529734,5.756541846643321,32.094000244140624,29.29400005340576,28.136999893188477
32.31999969482422,32.31999969482422,32.35499954223633,31.260000228881836,32.0099983215332,17537500,2024-11-15,4,15,11,3.387992956973472,0.9684517011751199,5.647057660511711,5.628924762472563,32.45,30.129000091552733,28.411499881744383
35.0,35.0,35.6150016784668,32.900001525878906,33.11000061035156,36877100,2024-11-18,0,18,11,7.75714329310826,5.708243294497389,5.924095952546762,5.985231787830127,32.89000015258789,31.197000122070314,28.81299991607666
35.2400016784668,35.2400016784668,36.31999969482422,34.0,34.560001373291016,27227500,2024-11-19,1,19,11,6.583426743256489,1.96759339743923,5.846842369646213,6.301026556067024,33.33800048828125,32.22500038146973,29.204500007629395
36.08000183105469,36.08000183105469,38.11000061035156,35.720001220703125,37.0,36004100,2024-11-20,2,20,11,6.624166486575185,-2.4864815376900338,5.744537759856481,5.85158800480426,34.172000885009766,32.84700050354004,29.673500061035156
35.09000015258789,35.09000015258789,37.125,34.630001068115234,37.125,27042400,2024-11-21,3,21,11,7.110284756441527,-5.481481070470328,6.292602847270986,6.09599495090036,34.74600067138672,33.42000045776367,30.067000102996825
36.650001525878906,36.650001525878906,36.834999084472656,34.16999816894531,34.97999954223633,21650100,2024-11-22,4,22,11,7.271489234851905,4.774162394216579,7.069302102846673,6.358179881679193,35.61200103759766,34.03100051879883,30.546500205993652
37.849998474121094,37.849998474121094,39.7400016784668,37.29999923706055,39.220001220703125,29944600,2024-11-25,0,25,11,6.446506049596105,-3.493122651558832,6.807174654144243,6.365635303345502,36.182000732421876,34.536000442504886,31.04500017166138
36.41999816894531,36.41999816894531,37.90999984741211,36.150001525878906,37.04999923706055,16612100,2024-11-26,1,26,11,4.83250524442344,-1.7004077762167775,6.456990354377633,6.151916362011923,36.418000030517575,34.878000259399414,31.46450004577637
37.650001525878906,37.650001525878906,38.290000915527344,37.040000915527344,37.5099983215332,15118500,2024-11-27,2,27,11,3.3200529862948516,0.3732423636642289,5.796167654321566,5.770352707089023,36.73199996948242,35.45200042724609,31.93650016784668
37.540000915527344,37.540000915527344,39.14500045776367,37.5099983215332,38.619998931884766,13399500,2024-11-29,4,29,11,4.355359873084598,-2.7964734495778893,5.24518267765018,5.768892762460583,37.22200012207031,35.98400039672852,32.639000225067136
37.619998931884766,37.619998931884766,38.790000915527344,37.52000045776367,37.92499923706055,16071000,2024-12-02,0,2,12,3.375865214837327,-0.8042196738602252,4.466057873647264,5.767679988246969,37.41599960327149,36.51400032043457,33.32150020599365
38.63999938964844,38.63999938964844,38.70500183105469,36.61000061035156,37.04999923706055,17947600,2024-12-03,1,3,12,5.421845894915751,4.291498475922876,4.261125842711193,5.534150248427718,37.57399978637695,36.878000259399414,34.03750019073486
40.0,40.0,40.56999969482422,37.779998779296875,39.95000076293945,35447100,2024-12-04,2,4,12,6.975002288818359,0.12515453343102267,4.6896252515901775,5.573307802983905,38.29000015258789,37.354000091552734,34.78950023651123
38.91999816894531,38.91999816894531,42.7599983215332,38.790000915527344,42.709999084472656,50453500,2024-12-05,3,5,12,10.200404914647615,-8.87380238063552,6.065695637260729,5.930931645791148,38.54399948120117,37.6379997253418,35.242500114440915
41.66999816894531,41.66999816894531,41.709999084472656,38.939998626708984,39.59000015258789,37242700,2024-12-06,4,6,12,6.647469593190486,5.253846952110855,6.524117581281908,5.884650129466044,39.369998931884766,38.29599952697754,35.85799999237061
39.540000915527344,39.540000915527344,42.09000015258789,39.2400016784668,41.38999938964844,26493400,2024-12-09,0,9,12,7.207886717579464,-4.469675045667613,7.290521881830335,5.8782898777387995,39.75399932861328,38.58499946594238,36.307999992370604
37.36000061035156,37.36000061035156,40.5,37.189998626708984,39.810001373291016,27808800,2024-12-10,1,10,12,8.859746571775734,-6.154234309027648,7.978102017202332,6.1196139299567625,39.497999572753905,38.53599967956543,36.53600006103515
37.84000015258789,37.84000015258789,38.54999923706055,37.70000076293945,38.5,23327700,2024-12-11,2,11,12,2.2462961699088737,-1.714285317953531,7.032360793420435,5.860993022505306,39.065999603271486,38.677999877929686,36.778000068664554
39.33000183105469,39.33000183105469,40.189998626708984,35.619998931884766,37.380001068115234,26270400,2024-12-12,3,12,12,11.619627465198285,5.216695310912615,7.316205303530569,6.690950470395649,39.14800033569336,38.84599990844727,37.14900016784668
40.20000076293945,40.20000076293945,40.34700012207031,38.959999084472656,39.40999984741211,19794900,2024-12-13,4,13,12,3.4502512718266867,2.0045696995333024,6.676761639257809,6.6004396102698575,38.854000854492185,39.111999893188475,37.54800014495849
43.20000076293945,43.20000076293945,43.83000183105469,40.529998779296875,41.02000045776367,36584000,2024-12-16,0,16,12,7.638895818235331,5.3144814257630815,6.762963459388982,7.026742670609659,39.58600082397461,39.670000076293945,38.09200019836426
41.630001068115234,41.630001068115234,42.310001373291016,40.34000015258789,42.310001373291016,27260400,2024-12-17,1,17,12,4.732167115441093,-1.6071857317524085,5.937447568122054,6.9577747926621925,40.44000091552734,39.969000244140624,38.42350025177002
37.08000183105469,37.08000183105469,41.48899841308594,36.63999938964844,41.439998626708984,33565200,2024-12-18,2,18,12,13.077127249158977,-10.5212281374068,8.103613783972074,7.567987288696254,40.288001251220706,39.67700042724609,38.51550025939942
36.939998626708984,36.939998626708984,38.68000030517578,36.209999084472656,38.47999954223633,25513100,2024-12-19,3,19,12,6.686522232075079,-4.002081428917408,7.1169927373474335,7.216599020439,39.810000610351565,39.47900047302246,38.558500099182126
38.33000183105469,38.33000183105469,38.474998474121094,34.02000045776367,35.11000061035156,29109100,2024-12-20,4,20,12,11.622744073933267,9.171179620412095,8.751491297768748,7.71412646851328,39.43600082397461,39.1450008392334,38.72050018310547
37.5,37.5,38.5,37.08000183105469,37.91999816894531,16662300,2024-12-23,0,23,12,3.7866617838541665,-1.1075901614606911,7.9810444908925176,7.372003975140748,38.29600067138672,38.94100074768066,38.763000106811525
39.58000183105469,39.58000183105469,39.59000015258789,37.689998626708984,38.0,10144500,2024-12-24,1,24,12,4.800407877667541,4.157899555407072,7.994692643337807,6.966070105729931,37.88600082397461,39.163000869750974,38.849500274658205
40.380001068115234,40.380001068115234,40.46500015258789,38.79999923706055,39.34000015258789,11874900,2024-12-26,3,26,12,4.1233305385968855,2.643622042433901,6.203933301225388,7.1537735425987306,38.54600067138672,39.417000961303714,39.047500419616696
39.02000045776367,39.02000045776367,40.439998626708984,38.220001220703125,40.25,14388800,2024-12-27,4,27,12,5.689383341778393,-3.0558994838169644,6.004505523166051,6.560749130256743,38.96200103759766,39.38600082397461,39.11600036621094
38.279998779296875,38.279998779296875,38.959999084472656,37.45000076293945,37.810001373291016,12749600,2024-12-30,0,30,12,3.9446143408705163,1.2430504864722527,4.4688795765535,6.6101854371611255,38.95200042724609,39.19400062561035,39.15300025939941
37.2599983215332,37.2599983215332,39.099998474121094,37.029998779296875,38.95000076293945,14168100,2024-12-31,1,31,12,5.5555549867749985,-4.33890220360219,4.822658217137667,6.401851354015092,38.90400009155273,38.60000038146973,39.135000228881836
39.439998626708984,39.439998626708984,39.70000076293945,37.349998474121094,38.540000915527344,18993300,2025-01-02,3,2,1,5.958423860661407,2.335230124032097,5.054261413736439,6.524477028537123,38.875999450683594,38.3810001373291,39.17500019073486
41.349998474121094,41.349998474121094,41.380001068115234,39.02399826049805,39.779998779296875,19978800,2025-01-03,4,3,1,5.697709539437329,3.946706241834553,5.369137213904529,5.7865352575649585,39.06999893188477,38.807999801635745,39.242500114440915
42.709999084472656,42.709999084472656,43.119998931884766,41.459999084472656,42.11000061035156,22219300,2025-01-06,0,6,1,3.8866773191189488,1.4248360613264892,5.00859600937264,5.506550766269345,39.80799865722656,39.38499984741211,39.432000160217285
40.560001373291016,40.560001373291016,43.1879997253418,39.8650016784668,42.33000183105469,17649200,2025-01-07,1,7,1,8.192795696163888,-4.181432509329921,5.858232280431315,5.163555928492408,40.26399917602539,39.60799980163574,39.37650032043457
40.810001373291016,40.810001373291016,40.83000183105469,39.209999084472656,40.255001068115234,14022200,2025-01-08,2,8,1,3.969621886958026,1.3787114406894903,5.54104566046792,5.181851938802793,40.97399978637695,39.93899993896484,39.44000034332275
40.08000183105469,40.08000183105469,40.529998779296875,38.779998779296875,40.06999969482422,13972900,2025-01-10,4,10,1,4.366267265596953,0.024961657865349846,5.22261434145503,5.1384378775957344,41.1020004272461,39.988999938964845,39.57600040435791
39.59000015258789,39.59000015258789,39.797000885009766,38.41999816894531,39.0099983215332,13763100,2025-01-13,0,13,1,3.4781578953200434,1.4868030146377402,4.778704012631572,5.07392061326805,40.75000076293945,39.90999984741211,39.66350040435791
41.7599983215332,41.7599983215332,43.77000045776367,41.279998779296875,41.79999923706055,32498800,2025-01-14,1,14,1,5.962647937135687,-0.09569597190776573,5.193898136234919,5.10124707280378,40.560000610351565,40.183999633789064,39.785000228881835
45.560001373291016,45.560001373291016,46.220001220703125,43.643001556396484,43.9900016784668,32265300,2025-01-15,2,15,1,5.65627652903754,3.5689921230276678,4.68659430280965,5.272413291620482,41.560000610351565,40.91199989318848,40.05300025939941
46.08000183105469,46.08000183105469,46.849998474121094,45.25,45.61000061035156,18649700,2025-01-16,3,16,1,3.47221877287949,1.030478435460609,4.5871136799939425,5.064079670230932,42.614000701904295,41.794000244140626,40.19700031280517
48.150001525878906,48.150001525878906,49.27000045776367,46.970001220703125,47.7400016784668,35226600,2025-01-17,4,17,1,4.776737620297642,0.8588182509365945,4.66920775093408,4.945911046194555,44.22800064086914,42.66500053405762,40.52300033569336
50.0,50.0,50.63999938964844,48.150001525878906,49.93000030517578,29947100,2025-01-21,1,21,1,4.9799957275390625,0.14019566272055986,4.969575317377885,4.874139665004728,46.310000610351565,43.53000068664551,41.169000244140626
50.15999984741211,50.15999984741211,51.09000015258789,49.720001220703125,50.209999084472656,20153200,2025-01-22,2,22,1,2.731257846994287,-0.09958023894091055,4.323297299349604,4.758597717792262,47.99000091552735,44.275000762939456,41.83000030517578
50.36000061035156,50.36000061035156,50.90999984741211,49.2599983215332,49.38999938964844,16838700,2025-01-23,3,23,1,3.2764128393194385,1.9639628116829373,3.8473245614059843,4.266959432107817,48.95000076293945,45.25500068664551,42.43150024414062
51.119998931884766,51.119998931884766,52.060001373291016,50.599998474121094,50.90999984741211,19901100,2025-01-24,4,24,1,2.8560307701009813,0.41249083697125777,3.724086960850282,4.155600320422113,49.95800018310547,46.286000442504886,43.11250019073486
47.7400016784668,47.7400016784668,50.14500045776367,46.65999984741211,48.33000183105469,29648700,2025-01-27,0,27,1,7.299959128245019,-1.2207741159421663,4.228731262439758,4.44896950668692,49.876000213623044,47.05200042724609,43.52050018310547
49.400001525878906,49.400001525878906,49.79999923706055,47.01100158691406,47.89799880981445,17600400,2025-01-28,1,28,1,5.645744056678677,3.1358360545048236,4.361880928267681,4.665728122822783,49.75600051879883,48.0330005645752,43.97150020599365
51.150001525878906,51.150001525878906,51.709999084472656,48.599998474121094,48.81999969482422,17767600,2025-01-29,2,29,1,6.080157414615294,4.772637946783332,5.031660841791881,4.677479070570743,49.954000854492186,48.97200088500976,44.57800025939942
53.0,53.0,53.5099983215332,51.066001892089844,51.959999084472656,16825700,2025-01-30,3,30,1,4.6113140178176595,2.0015414431331853,5.298641077491526,4.572982819448756,50.482000732421874,49.71600074768067,45.31400032043457
51.95000076293945,51.95000076293945,53.4900016784668,51.6349983215332,53.2599983215332,14290800,2025-01-31,4,31,1,3.5707475066235848,-2.4596274875662423,5.441584424796046,4.582835692823164,50.64800109863281,50.30300064086914,46.04850044250488
51.900001525878906,51.900001525878906,52.31999969482422,48.08000183105469,48.4900016784668,19031800,2025-02-03,0,3,2,8.169552483838252,7.032377251754984,5.615503095914693,4.922117179177226,51.480001068115236,50.67800064086914,46.67150058746338
52.58000183105469,52.58000183105469,53.310001373291016,51.540000915527344,52.0,17469600,2025-02-04,1,4,2,3.3662997263691192,1.1153881366436298,5.1596142298527825,4.760747579060231,52.11600112915039,50.93600082397461,47.23300075531006
54.20000076293945,54.20000076293945,54.33000183105469,52.209999084472656,52.31999969482422,16616600,2025-02-05,2,5,2,3.911444126826717,3.5932742337175783,4.725871572295067,4.8787662070434745,52.7260009765625,51.34000091552734,47.8075008392334
53.16999816894531,53.16999816894531,54.880001068115234,52.15999984741211,54.79999923706055,15893900,2025-02-06,3,6,2,5.1156692013801495,-2.974454545271025,4.826742609007565,5.062691843249545,52.76000061035156,51.62100067138672,48.43800067901611
55.86000061035156,55.86000061035156,55.97999954223633,54.11000061035156,54.38999938964844,25050300,2025-02-07,4,7,2,3.3476529027073285,2.7027049773839438,4.782123688224313,5.111854056510181,53.54200057983398,52.0950008392334,49.19050064086914
56.27000045776367,56.27000045776367,57.27000045776367,55.54999923706055,57.18000030517578,23555900,2025-02-10,0,10,2,3.0566930988283176,-1.5914652720450209,3.759551811222326,4.68752745356851,54.41600036621094,52.94800071716308,50.00000057220459
53.34000015258789,53.34000015258789,55.9900016784668,53.279998779296875,55.900001525878906,24210900,2025-02-11,1,11,2,5.080620343864848,-4.579608771756228,4.102415934721472,4.631015082287127,54.56800003051758,53.342000579833986,50.68750057220459
55.90999984741211,55.90999984741211,56.7400016784668,52.650001525878906,53.16999816894531,48482700,2025-02-12,2,12,2,7.3153284989271965,5.153285260158488,4.7831928091415685,4.754532190718318,54.90999984741211,53.818000411987306,51.39500064849854
63.79999923706055,63.79999923706055,66.91000366210938,61.20000076293945,62.09000015258789,77989700,2025-02-13,3,13,2,8.949847911366525,2.754065196118999,5.550028551138843,5.188385580073204,57.03600006103515,54.89800033569336,52.30700054168701
65.27999877929688,65.27999877929688,66.08000183105469,61.72100067138672,63.30500030517578,39353300,2025-02-14,4,14,2,6.677391607198372,3.1198143347289724,6.215976292037053,5.499049990130683,58.91999969482422,56.231000137329104,53.267000389099124
60.439998626708984,60.439998626708984,65.5780029296875,59.9010009765625,65.20999908447266,42371200,2025-02-18,1,18,2,9.392789679211344,-7.3148298186366185,7.483195608113657,5.621373709667992,59.75399932861328,57.08499984741211,53.881500244140625
59.22999954223633,59.22999954223633,61.9109992980957,58.650001525878906,61.09000015258789,26252600,2025-02-19,2,19,2,5.505652198918914,-3.0446891564998126,7.5682019791244715,5.835308956922971,60.93199920654297,57.749999618530275,54.34300022125244
56.060001373291016,56.060001373291016,59.099998474121094,54.22999954223633,59.09000015258789,36348800,2025-02-20,3,20,2,8.687118823734112,-5.127769117401456,7.842560044085853,6.312876426613711,60.96199951171875,57.93599967956543,54.638000297546384
51.599998474121094,51.599998474121094,57.869998931884766,51.439998626708984,57.869998931884766,33697500,2025-02-21,4,21,2,12.461241269998515,-10.834630332624865,8.54483871581225,7.047433633475547,58.52199935913086,57.778999710083006,54.70000019073486
49.93000030517578,49.93000030517578,52.560001373291016,47.970001220703125,52.2400016784668,40671100,2025-02-24,0,24,2,9.192870267441371,-4.421901414760468,9.04793444786085,7.631955369948952,55.45199966430664,57.18599967956543,54.64050025939942
45.91999816894531,45.91999816894531,48.84000015258789,44.02000045776367,47.5099983215332,59731300,2025-02-25,1,25,2,10.496515433408442,-3.3466642996433165,9.26867959870027,8.375937603406964,52.54799957275391,56.15099945068359,54.54950008392334
48.849998474121094,48.849998474121094,50.52000045776367,46.540000915527344,47.310001373291016,43151500,2025-02-26,2,26,2,8.14738928670547,3.2551195437070684,9.797027016257582,8.682614497691025,50.47199935913086,55.701999282836915,54.52199993133545
48.779998779296875,48.779998779296875,52.93000030517578,48.41999816894531,51.7599983215332,48033000,2025-02-27,3,27,2,9.245597066608777,-5.7573408788087,9.908722664832515,8.875641354459184,49.01599884033203,54.98899917602539,54.40349979400635
50.099998474121094,50.099998474121094,51.16999816894531,47.40999984741211,48.185001373291016,46083500,2025-02-28,4,28,2,7.504986898303823,3.974259720352654,8.917471790493575,8.731155253152915,48.715998840332034,53.61899909973145,54.258499717712404
46.88999938964844,46.88999938964844,54.84000015258789,46.68000030517578,54.720001220703125,52710100,2025-03-03,0,3,3,17.402431123113928,-14.309213553329075,10.559383961628088,9.80365920474447,48.10799865722656,51.7799991607666,54.00549964904785
46.220001220703125,46.220001220703125,48.27000045776367,42.13999938964844,45.189998626708984,62405400,2025-03-04,1,4,3,13.262658819163878,2.2792711336471925,11.112612638779174,10.190646118739723,48.167999267578125,50.35799942016602,53.721499633789065
48.119998931884766,48.119998931884766,48.290000915527344,44.91999816894531,46.70000076293945,33830100,2025-03-05,2,5,3,7.003330884010131,3.040681254275708,10.883800958240107,10.340413987248846,48.02199935913086,49.24699935913086,53.49849948883057
44.84000015258789,44.84000015258789,48.790000915527344,44.65999984741211,46.22999954223633,40627600,2025-03-06,3,6,3,9.210528666505539,-3.0067043119447057,10.876787278219458,10.392754971525989,47.23399963378906,48.12499923706055,53.03049945831299
44.41999816894531,44.41999816894531,45.369998931884766,40.95000076293945,43.63999938964844,53582200,2025-03-07,4,7,3,9.950469048050072,1.7873482818652224,11.36588370816871,10.141677749331143,46.097999572753906,47.40699920654297,52.59299945831299
35.630001068115234,35.630001068115234,41.196998596191406,35.22999954223633,40.92499923706055,89410600,2025-03-10,0,10,3,16.747120053540662,-12.938297538562466,11.234821494254057,10.897102727941071,43.84599990844727,45.976999282836914,51.58149948120117
36.36000061035156,36.36000061035156,38.349998474121094,35.56999969482422,36.19499969482422,69609300,2025-03-11,1,11,3,7.645761090843929,0.4558666028969145,10.111441948590066,10.612027293684621,41.873999786376956,45.02099952697754,50.585999488830566
38.91999816894531,38.91999816894531,39.67100143432617,36.85100173950195,38.9900016784668,50844300,2025-03-12,2,12,3,7.2456316225480375,-0.17954220699648127,10.159902096297648,10.521851527268879,40.033999633789065,44.02799949645996,49.86499938964844
36.02000045776367,36.02000045776367,38.68000030517578,35.90999984741211,38.27000045776367,47786300,2025-03-13,3,13,3,7.6901732997247425,-5.87927873814162,9.855831022941489,10.366309150580474,38.26999969482422,42.75199966430664,48.87049942016601
39.2400016784668,39.2400016784668,39.459999084472656,37.0099983215332,37.400001525878906,37821400,2025-03-14,4,14,3,6.243630627273665,4.919786303523821,9.114463338786207,10.240173523477457,37.23400039672852,41.66599998474121,47.64249954223633
42.02000045776367,42.02000045776367,42.91999816894531,38.959999084472656,39.349998474121094,45895500,2025-03-17,0,17,3,9.424081488178569,6.785265786982256,7.649855625713789,9.442338559983922,38.512000274658206,41.17900009155274,46.479499626159665
40.099998474121094,40.099998474121094,41.560001373291016,38.849998474121094,40.79999923706055,44644600,2025-03-18,1,18,3,6.758112225163418,-1.7156881765419487,7.4723258525776854,8.791883900583876,39.25999984741211,40.56699981689453,45.46249961853027
42.79999923706055,42.79999923706055,43.84000015258789,40.17599868774414,40.775001525878906,56447100,2025-03-19,2,19,3,8.56075123868481,4.9662725577003926,7.735349775805041,8.947625936051343,40.03600006103515,40.03499984741211,44.64099960327148
43.65999984741211,43.65999984741211,44.2400016784668,41.93000030517578,42.20000076293945,49146600,2025-03-20,3,20,3,5.29088726835609,3.459713407765729,7.25549256953131,8.555661796236398,41.56399993896484,39.91699981689453,44.02099952697754
44.36000061035156,44.36000061035156,44.72999954223633,41.5,41.95000076293945,43674200,2025-03-21,4,21,3,7.281333403504499,5.744933977548848,7.4630331247774775,8.288748231781842,42.587999725341795,39.91100006103515,43.658999633789065
48.36000061035156,48.36000061035156,48.9900016784668,46.099998474121094,46.400001525878906,50762000,2025-03-24,0,24,3,5.976019784679432,4.224135819003144,6.773420784077649,7.211638204895719,43.85599975585937,41.18400001525879,43.58049964904785
48.150001525878906,48.150001525878906,49.880001068115234,47.20000076293945,48.75,43367900,2025-03-25,1,25,3,5.565940228964223,-1.2307661007612178,6.5349863848378105,7.003656118707748,45.466000366210935,42.363000106811526,43.69199981689453
44.72999954223633,44.72999954223633,48.0,43.79999923706055,47.97999954223633,44462500,2025-03-26,2,26,3,9.389673163250539,-6.773655754496321,6.7007707697509575,7.218060272777999,45.8520004272461,42.944000244140625,43.48599987030029
43.9900016784668,43.9900016784668,45.59000015258789,43.2400016784668,44.11000061035156,51945500,2025-03-27,3,27,3,5.342119537293455,-0.2720447295949589,6.7110172235384296,6.983254896534869,45.91800079345703,43.74100036621094,43.24650001525879
41.91999816894531,41.91999816894531,43.06999969482422,40.56999969482422,42.689998626708984,44330400,2025-03-28,4,28,3,5.963740718509909,-1.803702231280751,6.447498686539513,6.955265905658495,45.43000030517578,44.00900001525879,42.8375
41.619998931884766,41.619998931884766,41.95000076293945,38.8380012512207,39.775001525878906,40954800,2025-03-31,0,31,3,7.477173454069147,4.638585380833849,6.747729420417454,6.760575102247552,44.081999969482425,43.9689998626709,42.57399997711182
42.15999984741211,42.15999984741211,43.369998931884766,40.61000061035156,41.79999923706055,42942700,2025-04-01,1,1,4,6.546485606077675,0.8612454950295315,6.943838495840145,6.739412440338978,42.88399963378906,44.175,42.37099990844727
42.68000030517578,42.68000030517578,43.5989990234375,40.54999923706055,40.689998626708984,44551400,2025-04-02,2,2,4,7.143860741742316,4.890640810099601,6.4946760115385,6.597723390644728,42.47399978637695,44.16300010681152,42.098999977111816
38.2599983215332,38.2599983215332,39.88999938964844,37.439998626708984,37.974998474121094,62216600,2025-04-03,3,3,4,6.403556901257265,0.7504933742297023,6.706963484331263,6.708990353934847,41.327999114990234,43.62299995422363,41.76999988555908
34.5099983215332,34.5099983215332,36.25,31.59000015258789,35.625,80694700,2025-04-04,4,4,4,13.503332582037276,-3.1298292728892543,8.214881857036735,7.331190271788124,39.84599914550781,42.6379997253418,41.27449989318848
35.40999984741211,35.40999984741211,37.108001708984375,29.65999984741211,30.67300033569336,81135600,2025-04-07,0,7,4,21.03361167372779,15.443547940781094,10.926169500968465,8.83694946069296,38.603999328613284,41.342999649047854,41.26349983215332
34.16999816894531,34.16999816894531,37.849998474121094,33.084999084472656,37.1349983215332,63299900,2025-04-08,1,8,4,13.944979938509356,-7.984382083218239,12.4058683674548,9.674853431647474,37.00599899291992,39.944999313354494,41.153999710083006
42.209999084472656,42.209999084472656,42.68000030517578,33.54999923706055,33.709999084472656,88299900,2025-04-09,2,9,4,21.629948510171353,25.215070397065748,15.303085921140607,10.898880966339554,36.9119987487793,39.692999267578124,41.31849975585938
40.5099983215332,40.5099983215332,42.130001068115234,37.779998779296875,40.29999923706055,64055500,2025-04-10,3,10,4,10.738095455575724,0.5210895494993896,16.1699936320043,11.43847855816778,37.3619987487793,39.34499893188477,41.54299964904785
43.68000030517578,43.68000030517578,43.790000915527344,40.08000183105469,40.73500061035156,51352100,2025-04-11,4,11,4,8.493587588260723,7.229654230263682,15.168044633248991,11.691463245142861,39.19599914550781,39.520999145507815,41.764999580383304
44.13999938964844,44.13999938964844,45.09000015258789,42.5099983215332,45.0099983215332,45143500,2025-04-14,0,14,4,5.845042742931575,-1.9329014981734627,12.130330847089747,11.528250174029106,40.94199905395508,39.77299919128418,41.87099952697754
44.08000183105469,44.08000183105469,45.560001373291016,43.6870002746582,44.189998626708984,30788300,2025-04-15,1,15,4,4.249094874840203,-0.24891785261974061,10.191153834355916,11.298511100905358,42.92399978637695,39.96499938964844,42.06999969482422
40.65999984741211,40.65999984741211,43.13999938964844,40.06999969482422,41.86000061035156,46736500,2025-04-16,2,16,4,7.550417379107824,-2.8667002996715314,7.3752476081432095,11.33916676464191,42.613999938964845,39.76299934387207,41.962999725341795
41.18000030517578,41.18000030517578,41.75,40.119998931884766,41.029998779296875,23940000,2025-04-17,3,17,4,3.9582347159680933,0.36558988628241146,6.019275460221683,11.09463454611299,42.74800033569336,40.05499954223633,41.83899974822998
39.849998474121094,39.849998474121094,41.558998107910156,39.209999084472656,40.72999954223633,27727700,2025-04-21,0,21,4,5.894602542991209,-2.1605722514253602,5.49947845116778,10.333761542208384,41.98199996948242,40.588999557495114,41.61349964141846
42.09000015258789,42.09000015258789,43.369998931884766,40.8120002746582,41.029998779296875,39232000,2025-04-22,1,22,4,6.077449864464504,2.5834789296310596,5.545959875474367,8.838145361282056,41.572000122070314,41.2569995880127,41.29999961853027
44.65999984741211,44.65999984741211,47.220001220703125,44.27000045776367,45.29999923706055,48982800,2025-04-23,2,23,4,6.605465232912211,-1.4128022084487042,6.017233947088768,8.104193890722343,41.6879997253418,42.305999755859375,41.12549953460693
48.150001525878906,48.150001525878906,48.279998779296875,44.959999084472656,45.09000015258789,42991300,2025-04-24,3,24,4,6.895118566174577,6.786430168409281,5.886174184502119,6.630710896322664,43.18600006103516,42.9,41.29649963378906
49.45000076293945,49.45000076293945,49.9900016784668,48.47999954223633,48.900001525878906,34624100,2025-04-25,4,25,4,3.05359375719595,1.124742780978188,5.70524599274769,5.8622607264846875,44.84000015258789,43.794000244140626,41.5694995880127
48.93000030517578,48.93000030517578,51.06999969482422,47.7400016784668,50.52000045776367,35081000,2025-04-28,0,28,4,6.805636614731794,-3.147268682068167,5.887452807095808,5.693465629131794,46.65600051879883,44.319000244140625,41.91999969482422
49.369998931884766,49.369998931884766,49.880001068115234,48.459999084472656,49.439998626708984,28708400,2025-04-29,1,29,4,2.876244712100843,-0.1415851471856692,5.247211776623075,5.396585826048721,48.1120002746582,44.84200019836426,42.307499694824216
49.11000061035156,49.11000061035156,49.900001525878906,46.18000030517578,46.40999984741211,49380900,2025-04-30,2,30,4,7.574834401282844,5.817713363104027,5.441085610297201,5.729159778692985,49.002000427246095,45.34500007629394,42.65499973297119
46.619998931884766,46.619998931884766,51.29999923706055,46.529998779296875,51.125,88530700,2025-05-01,3,1,5,10.231661447982853,-8.811738030543244,6.108394186658857,5.997284185580488,48.69599990844726,45.94099998474121,42.85199966430664
48.59000015258789,48.59000015258789,50.06999969482422,46.709999084472656,46.775001525878906,59187300,2025-05-02,4,2,5,6.915004321465535,3.880274863710719,6.880676299512774,6.2929611461302315,48.523999786376955,46.68199996948242,43.368499755859375
48.04999923706055,48.04999923706055,48.34000015258789,45.560001373291016,47.209999084472656,37137900,2025-05-05,0,5,5,5.785637509756059,1.779284407705414,6.676676478517626,6.282064642806717,48.347999572753906,47.50200004577637,44.04549980163574
48.689998626708984,48.689998626708984,48.880001068115234,45.82500076293945,46.32500076293945,31103100,2025-05-06,1,6,5,6.274389795320215,5.1052300589740245,7.356305495161502,6.301758635892288,48.21199951171875,48.16199989318848,44.709499740600585
49.9900016784668,49.9900016784668,50.5099983215332,48.31999969482422,48.849998474121094,38651800,2025-05-07,2,7,5,4.380873281011164,2.333681146274005,6.7175132711071655,6.079299440702184,48.3879997253418,48.695000076293944,45.50049991607666
54.06999969482422,54.06999969482422,54.84000015258789,51.61000061035156,51.729000091552734,49440000,2025-05-08,3,8,5,5.973736934467776,4.525507160641533,5.86592836840415,5.987161277531504,49.87799987792969,49.28699989318848,46.093499946594235
54.650001525878906,54.650001525878906,56.314998626708984,53.742000579833984,54.939998626708984,44325500,2025-05-09,4,9,5,4.708139021106129,-0.5278432982870453,5.424555308332269,6.1526158039225205,51.09000015258789,49.80699996948242,46.800500106811526
57.43000030517578,57.43000030517578,59.33000183105469,55.888999938964844,59.18000030517578,41385900,2025-05-12,0,12,5,5.991645261718254,-2.957080079377674,5.465756858724708,6.071216668621167,52.966000366210935,50.65699996948242,47.488000106811526
62.56999969482422,62.56999969482422,63.415000915527344,58.81999969482422,58.91999816894531,57297900,2025-05-13,1,13,5,7.343776958789442,6.194843243906779,5.679634291418553,6.517969893290028,55.742000579833984,51.977000045776364,48.40950012207031
61.38999938964844,61.38999938964844,63.779998779296875,61.09000015258789,62.375,41568200,2025-05-14,2,14,5,4.381818950078978,-1.5791592951528055,5.679823425232116,6.19866834816964,58.02200012207031,53.204999923706055,49.275
60.68000030517578,60.68000030517578,60.83000183105469,57.68000030517578,60.30500030517578,36789200,2025-05-15,3,15,5,5.191169265057209,0.6218389820119361,5.523309891350003,5.6946191298770765,59.344000244140624,54.611000061035156,50.276000022888184
61.7599983215332,61.7599983215332,62.13999938964844,60.459999084472656,60.904998779296875,24538700,2025-05-16,4,16,5,2.7202078219455412,1.403824906613353,5.125723651517886,5.275139479925076,60.76599960327148,55.927999877929686,51.304999923706056
64.2699966430664,64.2699966430664,64.36000061035156,59.68000030517578,59.85499954223633,34290800,2025-05-19,0,19,5,7.281780845838383,7.376154263796562,5.38375076834191,5.424753813533309,62.13399887084961,57.54999961853027,52.52599983215332
64.91000366210938,64.91000366210938,65.27999877929688,63.349998474121094,64.04000091552734,31331800,2025-05-20,1,20,5,2.9733480146179705,1.3585301907312866,4.509664979507616,5.094649635463085,62.60199966430664,59.172000122070315,53.6670000076294
63.86000061035156,63.86000061035156,66.88999938964844,63.31999969482422,64.05999755859375,40230100,2025-05-21,2,21,5,5.590353367841231,-0.31220255364395905,4.751371863060067,5.215597644146091,63.09599990844727,60.55900001525879,54.62700004577637
64.7699966430664,64.7699966430664,65.875,63.75,64.88999938964844,27235000,2025-05-22,3,22,5,3.280840065054226,-0.18493257468141486,4.369306023059471,4.946307957204736,63.91399917602539,61.62899971008301,55.457999801635744
63.16999816894531,63.16999816894531,64.45999908447266,62.63199996948242,62.849998474121094,28585500,2025-05-23,4,23,5,2.8937773752997953,0.5091482937043837,4.4040199337303205,4.7648717926241035,64.19599914550781,62.48099937438965,56.14399967193604
66.0199966430664,66.0199966430664,67.12999725341797,63.83000183105469,64.95999908447266,29735900,2025-05-27,1,27,5,4.998478627929249,1.6317696636900363,3.9473594901484943,4.665555129245202,64.5459991455078,63.33999900817871,56.99849948883057
65.13999938964844,65.13999938964844,66.61000061035156,64.80999755859375,66.13999938964844,17994200,2025-05-28,2,28,5,2.763283802001164,-1.5119443744000243,3.905346647625133,4.207505813566375,64.59199829101563,63.59699897766113,57.78699951171875
63.95000076293945,63.95000076293945,66.53500366210938,63.630001068115234,66.32499694824219,21300500,2025-05-29,3,29,5,4.542615417258382,-3.580846279052379,3.6957990575085633,4.223585460284315,64.6099983215332,63.85299911499023,58.52899951934815
66.1500015258789,66.1500015258789,66.48999786376953,62.91999816894531,63.59000015258789,35691700,2025-05-30,4,30,5,5.396824810998046,4.02579236852987,4.118996006697327,4.2441510148783985,64.8859992980957,64.39999923706054,59.50549964904785
67.9800033569336,67.9800033569336,68.19999694824219,65.37999725341797,66.02999877929688,30252600,2025-06-02,0,2,6,4.148278251793576,2.9532100767630567,4.369896181996083,4.386958057863202,65.84800033569336,65.02199974060059,60.474999809265135
71.72000122070312,71.72000122070312,72.72000122070312,69.05999755859375,69.9000015258789,43343500,2025-06-03,1,3,6,5.103184048821316,2.6037191060008844,4.390837266174496,4.169098378161496,66.98800125122071,65.76700019836426,61.65849990844727
72.2699966430664,72.2699966430664,73.0,71.12999725341797,72.95999908447266,31915100,2025-06-04,2,4,6,2.587522946510943,-0.9457270423035082,4.355685095076452,4.130515871350792,68.4140007019043,66.50299949645996,62.83749980926514
72.51000213623047,72.51000213623047,76.75,71.19999694824219,73.55000305175781,64664700,2025-06-05,3,5,6,7.654120656803413,-1.4140052649562578,4.9779861429854595,4.33689260024701,70.1260009765625,67.36799964904785,63.96349983215332
74.87999725341797,74.87999725341797,77.80000305175781,73.0999984741211,74.5999984741211,66229100,2025-06-06,4,6,6,6.276715745234863,0.375333491989289,5.153964329832823,4.636480168265075,71.87200012207032,68.37899971008301,65.00399971008301
73.4000015258789,73.4000015258789,73.7300033569336,68.55999755859375,72.05999755859375,65748800,2025-06-09,0,9,6,7.043604483464535,1.8595670450801307,5.733029576167015,5.051462879081549,72.95599975585938,69.40200004577636,65.94149971008301
72.51000213623047,72.51000213623047,74.63999938964844,70.75,73.23999786376953,39178600,2025-06-10,1,10,6,5.3647762722996175,-0.9967172976942122,5.785348020862674,5.088092643518586,73.11399993896484,70.05100059509277,66.69549980163575
74.87999725341797,74.87999725341797,75.38999938964844,72.31999969482422,73.05000305175781,34056700,2025-06-11,2,11,6,4.099892905223211,2.5051254280763797,6.087822012605129,5.22175355384079,73.63600006103516,71.02500038146972,67.31099967956543
73.83999633789062,73.83999633789062,75.58999633789062,73.2300033569336,73.5260009765625,22611100,2025-06-12,3,12,6,3.1960903277374797,0.4270535010168929,5.196215946791941,5.0871010448887,73.9019989013672,72.01399993896484,67.93349952697754
72.5999984741211,72.5999984741211,74.81999969482422,71.69000244140625,72.0,27789300,2025-06-13,4,13,6,4.311291073282438,0.8333312140570747,4.803131012401456,4.9785476711171395,73.44599914550781,72.65899963378907,68.52949943542481
76.75,76.75,76.87999725341797,73.36000061035156,73.69999694824219,27114900,2025-06-16,0,16,6,4.586314844386196,4.138403226664662,4.311673084585789,5.022351330376401,74.11599884033203,73.5359992980957,69.27899951934815
74.94999694824219,74.94999694824219,77.05000305175781,72.86000061035156,76.11000061035156,26677500,2025-06-17,1,17,6,5.590397080735997,-1.5241146403979995,4.356797246273064,5.07107263356787,74.60399780273437,73.8589988708496,69.81299953460693
78.3499984741211,78.3499984741211,78.73999786376953,74.54000091552734,75.16999816894531,36185600,2025-06-18,2,18,6,5.360557792007413,4.2304115772740865,4.608930223629905,5.348376118117517,75.297998046875,74.46699905395508,70.48499927520751
78.5,78.5,79.37999725341797,75.79000091552734,78.47000122070312,37245800,2025-06-20,4,20,6,4.573243742535828,0.038229614923161584,4.884360906589574,5.040288426690758,76.22999877929688,75.06599884033203,71.21699924468994
76.3499984741211,76.3499984741211,79.04499816894531,74.38999938964844,77.86000061035156,35289900,2025-06-23,0,23,6,6.096920592440734,-1.9393810999144951,5.241486810421234,5.022308911411345,76.97999877929688,75.21299896240234,71.79599933624267
82.01000213623047,82.01000213623047,82.2699966430664,76.83000183105469,77.9000015258789,42266600,2025-06-24,1,24,6,6.6333308990470465,5.275995545373889,5.650890021353403,4.981281552969596,78.03199920654296,76.0739990234375,72.73799953460693
82.75,82.75,85.55000305175781,81.9000015258789,84.94000244140625,38974900,2025-06-25,2,25,6,4.410877976892938,-2.5782933582053627,5.414986200584791,4.885891723428928,79.59199981689453,77.09799880981446,73.57449970245361
84.5199966430664,84.5199966430664,84.80000305175781,82.52999877929688,83.41000366210938,25222500,2025-06-26,3,26,6,2.6857600125652126,1.3307672128316512,4.880026644696352,4.7444784341631285,80.8259994506836,78.0619987487793,74.5434995651245
83.02999877929688,83.02999877929688,84.87999725341797,81.91999816894531,84.65499877929688,37005900,2025-06-27,4,27,6,3.564975464278482,-1.9195558719887527,4.678372989044883,4.781366947817228,81.73199920654297,78.98099899291992,75.49749946594238
93.62999725341797,93.62999725341797,94.23999786376953,85.5,85.6500015258789,101945000,2025-06-30,0,30,6,9.33461296609242,9.316982586541963,5.32591146377522,5.2836991370982265,85.18799896240235,81.08399887084961,76.87149925231934
92.33000183105469,92.33000183105469,99.18000030517578,89.69999694824219,95.01200103759766,121171500,2025-07-01,1,1,7,10.267522115162622,-2.822800464418871,6.052749706998336,5.8518198641758685,87.25199890136719,82.64199905395508,78.0889991760254
97.9800033569336,97.9800033569336,100.87999725341797,90.9000015258789,91.25,113204200,2025-07-02,2,2,7,10.185747484803311,7.375346144584761,7.207723608580411,6.3113549045826005,90.29799957275391,84.94499969482422,79.40199928283691
94.4000015258789,94.4000015258789,95.6500015258789,92.11000061035156,95.48999786376953,56373800,2025-07-03,3,3,7,3.7500009092233806,-1.1414769737932808,7.420571787912044,6.150299216304197,92.27400054931641,86.55,80.50849952697754
93.45999908447266,93.45999908447266,95.69999694824219,91.25,93.58999633789062,49466000,2025-07-07,0,7,7,4.761392030637742,-0.1389007997699198,7.659855101183896,6.169114045114389,94.36000061035156,88.04599990844727,81.55599937438964
91.2699966430664,91.2699966430664,98.04000091552734,90.69999694824219,95.4000015258789,59808300,2025-07-08,1,8,7,8.042077612854564,-4.329145510225348,7.401348030536324,6.3636297471557715,93.88800048828125,89.53799972534179,82.37549934387206
94.54000091552734,94.54000091552734,94.6500015258789,91.74099731445312,92.91000366210938,42206400,2025-07-09,2,9,7,3.077008867415828,1.7543829395872852,5.963245380986966,6.00799754399265,94.33000030517579,90.79099960327149,83.4324993133545
98.69999694824219,98.69999694824219,98.76000213623047,93.54100036621094,95.9000015258789,50119500,2025-07-10,3,10,7,5.287742584993545,2.919703209397441,4.983644401025012,6.095684004802711,94.4739990234375,92.3859992980957,84.74199905395508
98.33999633789062,98.33999633789062,101.5,97.33000183105469,97.5,60338900,2025-07-11,4,11,7,4.240388777946906,0.8615347055288461,5.081721974769717,6.25114688134088,95.26199798583984,93.76799926757812,85.91499900817871
99.95999908447266,99.95999908447266,101.88999938964844,98.9000015258789,100.87000274658203,47356300,2025-07-14,0,14,7,2.9911943689022946,-0.9021548897897799,4.727682442422628,6.193768771803262,96.56199798583984,95.4609992980957,87.22099914550782
99.54000091552734,99.54000091552734,101.26000213623047,97.16000366210938,99.01000213623047,45879400,2025-07-15,1,15,7,4.118945586107113,0.5352982202420677,3.943056037073137,5.672202033804731,98.21599884033203,96.05199966430663,88.56799926757813
103.25,103.25,104.62000274658203,99.69999694824219,100.0199966430664,54557800,2025-07-16,2,16,7,4.765138787738348,3.229357593822219,4.2806820211376415,5.121963701062303,99.95799865722657,97.14399948120118,89.89299926757812
105.44999694824219,105.44999694824219,106.63999938964844,102.72000122070312,103.53500366210938,39114400,2025-07-17,3,17,7,3.717399983301429,1.849609521802375,3.9666135007992183,4.475128950912115,101.30799865722656,97.89099884033203,91.41799926757812
109.73999786376953,109.73999786376953,113.43900299072266,106.94999694824219,109.75,74033300,2025-07-18,4,18,7,5.913072871147561,-0.009113563763525056,4.3011503194393494,4.691436147104533,103.58799896240234,99.4249984741211,92.98749923706055
104.33999633789062,104.33999633789062,110.30999755859375,104.06999969482422,109.0,46430600,2025-07-21,0,21,7,5.980446696166409,-4.275232717531536,4.899000784892172,4.8133416136574,104.46399841308593,100.51299819946288,94.27949905395508
101.8499984741211,101.8499984741211,105.93000030517578,98.75,103.70999908447266,44667400,2025-07-22,1,22,7,7.049583124932629,-1.7934631441242002,5.485128292657275,4.714092164865206,104.92599792480469,101.57099838256836,95.55449905395508
102.08000183105469,102.08000183105469,102.68000030517578,100.54000091552734,102.12999725341797,33805200,2025-07-23,2,23,7,2.0963943488071224,-0.048952730547153774,4.951379404871029,4.616030713004336,104.69199829101562,102.32499847412109,96.5579990386963
101.93000030517578,101.93000030517578,103.04000091552734,100.31999969482422,103.0,26698100,2025-07-24,3,24,7,2.6684991784160816,-1.0388346551691443,4.741599243893961,4.35410637234659,103.98799896240234,102.64799880981445,97.51699905395508
104.8499984741211,104.8499984741211,106.38999938964844,101.05000305175781,101.54499816894531,35637800,2025-07-25,4,25,7,5.092986567099126,3.2547150177471993,4.577581983084274,4.439366151261812,103.00999908447265,103.2989990234375,98.53349914550782
106.7699966430664,106.7699966430664,107.12999725341797,104.66000366210938,105.83999633789062,30578400,2025-07-28,0,28,7,2.313377979738837,0.8786851259960239,3.8441682397987593,4.371584512345466,103.49599914550781,103.97999877929688,99.72049903869629
103.31999969482422,103.31999969482422,107.41999816894531,103.0,106.61000061035156,30568000,2025-07-29,1,29,7,4.2779695915608205,-3.086015286269394,3.289845533124397,4.387486912890837,103.78999938964844,104.35799865722656,100.2049991607666
106.0999984741211,106.0999984741211,107.45999908447266,103.3499984741211,103.8499984741211,39913500,2025-07-30,2,30,7,3.8737046837508062,2.1665864545589657,3.645307600113134,4.298343502492082,104.59399871826172,104.64299850463867,100.89349899291992
103.05000305175781,103.05000305175781,109.05999755859375,101.06999969482422,103.86499786376953,58057600,2025-07-31,3,31,7,7.7535154072304895,-0.7846674325076045,4.662310845876016,4.701955044884988,104.81799926757813,104.40299911499024,101.14699897766113
99.9000015258789,99.9000015258789,104.58999633789062,93.36000061035156,97.80000305175781,76745100,2025-08-01,4,1,8,11.241236792804205,2.147237636597752,5.891960891017032,5.234771437050652,103.82799987792968,103.41899948120117,101.42199897766113
106.37000274658203,106.37000274658203,106.79000091552734,97.15299987792969,101.22899627685547,46466000,2025-08-04,0,4,8,9.059886047532625,5.078590778146418,7.241262504575789,5.542715372187274,103.74800109863281,103.62200012207032,102.0674991607666
105.45999908447266,105.45999908447266,107.30000305175781,103.22000122070312,105.97000122070312,33460900,2025-08-05,1,5,8,3.868767178526748,-0.48127029381484127,7.159422021968974,5.2246337775466865,104.1760009765625,103.98300018310547,102.77699928283691
105.6500015258789,105.6500015258789,105.9000015258789,101.18000030517578,104.50499725341797,33023500,2025-08-06,2,6,8,4.467582728379766,1.0956454739521928,7.278197630894766,5.461752615503951,104.08600158691407,104.34000015258789,103.33249931335449
111.2300033569336,111.2300033569336,112.63400268554688,107.4000015258789,107.88999938964844,44736000,2025-08-07,3,7,8,4.70556594597253,3.095749361553537,6.668607738643175,5.665459292259595,105.72200164794921,105.27000045776367,103.95899963378906
114.62999725341797,114.62999725341797,117.0,110.9000015258789,111.5,41905700,2025-08-08,4,8,8,5.3214678707838905,2.8071724245901066,5.484653954239112,5.688307422628071,108.66800079345703,106.24800033569336,104.77349967956543
113.62000274658203,113.62000274658203,117.47000122070312,113.38999938964844,116.22000122070312,36942300,2025-08-11,0,11,8,3.590918616816724,-2.2371351289040744,4.390860468095932,5.81606148633586,110.11800079345703,106.93300094604493,105.4564998626709
114.08999633789062,114.08999633789062,117.69999694824219,113.18000030517578,115.04000091552734,31461900,2025-08-12,1,12,8,3.9617817408635174,-0.8258036944334668,4.4094633805632855,5.78444270126613,111.84400024414063,108.01000061035157,106.18399963378906
108.62000274658203,108.62000274658203,116.4000015258789,107.27999877929688,115.6500015258789,54719700,2025-08-13,2,13,8,8.396246101981445,-6.0786845538638214,5.195196055283621,6.236696843089194,112.43800048828125,108.26200103759766,106.45249977111817
110.70999908447266,110.70999908447266,111.45999908447266,106.30999755859375,107.87999725341797,34395300,2025-08-14,3,14,8,4.651794389366232,2.623286895722482,5.1844417439623625,5.926524741302768,112.33399963378906,109.02800064086914,106.71549987792969
114.16999816894531,114.16999816894531,114.36000061035156,108.61000061035156,110.7300033569336,32215900,2025-08-15,4,15,8,5.036349384442771,3.106651050052837,5.127418046694138,5.306036000466625,112.24199981689453,110.45500030517579,106.93699989318847
115.0199966430664,115.0199966430664,115.08999633789062,109.77999877929688,113.0,35579200,2025-08-18,0,18,8,4.6165864315505925,1.787607648731333,5.332551609640912,4.861706038868421,112.52199859619141,111.31999969482422,107.47099990844727
107.5,107.5,117.45999908447266,106.5,116.12000274658203,49635700,2025-08-19,1,19,8,10.19534798555596,-7.4233573395568655,6.579264858579402,5.494364119571342,111.20399932861328,111.52399978637695,107.75349998474121
105.33999633789062,105.33999633789062,107.9800033569336,99.0,106.66500091552734,56515300,2025-08-20,2,20,8,8.524780395975295,-1.24221119042229,6.60497171737817,5.900083886330895,110.547998046875,111.49299926757813,107.916499710083
106.30000305175781,106.30000305175781,108.20999908447266,104.3499984741211,105.02999877929688,34679000,2025-08-21,3,21,8,3.631232831171337,1.2091824119027563,6.400859405739192,5.792650574850777,109.66599884033204,110.99999923706055,108.1349998474121
109.31999969482422,109.31999969482422,111.88300323486328,103.80000305175781,105.52999877929688,39922200,2025-08-22,4,22,8,7.393889686854949,3.5913967207122486,6.872367466221627,5.999892756457882,108.69599914550781,110.46899948120117,108.35849990844727
107.94000244140625,107.94000244140625,109.8499984741211,105.94999694824219,108.48999786376953,29478100,2025-08-25,0,25,8,3.6131197310246206,-0.5069549573168103,6.671674126116431,6.0021128678786715,107.28000030517578,109.9009994506836,108.41700019836426
108.80000305175781,108.80000305175781,109.36000061035156,105.12000274658203,106.8499984741211,27361000,2025-08-26,1,26,8,3.897056750772792,1.8249926115899824,5.4120158791597985,5.9956403688696,107.54000091552734,109.37200012207032,108.69100036621094
102.91999816894531,102.91999816894531,109.2699966430664,102.80999755859375,108.69000244140625,35942700,2025-08-27,2,27,8,6.276719004472225,-5.308679862779001,4.962403600859185,5.783687659118677,107.05600128173828,108.80199966430663,108.53200035095215
103.69000244140625,103.69000244140625,105.4000015258789,102.76000213623047,104.0,26059100,2025-08-28,3,28,8,2.546050079553488,-0.29807457557091344,4.745367050535615,5.573113228137403,106.53400115966797,108.1,108.56400032043457
104.02999877929688,104.02999877929688,104.4000015258789,101.93000030517578,102.83999633789062,22269200,2025-08-29,4,29,8,2.374316302688146,1.1571397158517813,3.7414523737022543,5.3069099199619405,105.4760009765625,107.08600006103515,108.77050018310547
100.83999633789062,100.83999633789062,101.9000015258789,97.9000015258789,100.33999633789062,40899100,2025-09-02,1,2,9,3.96668003298707,0.4983057786012584,3.8121644340947443,5.241919280105588,104.05599975585938,105.66800003051758,108.4939998626709
100.81999969482422,100.81999969482422,102.69000244140625,99.41000366210938,101.58999633789062,24194800,2025-09-03,2,3,9,3.2533215524947674,-0.7579453399184896,3.6834173944391395,4.547716636799469,102.45999908447266,105.0,108.26199989318847
102.91000366210938,102.91000366210938,104.75,100.5999984741211,100.75,30626300,2025-09-04,3,4,9,4.032651227479164,2.1439242303815136,3.2346038390405267,4.098503719949855,102.45800018310547,104.75700073242187,108.125
101.25,101.25,106.02999877929688,95.66000366210938,104.9800033569336,62538400,2025-09-05,4,5,9,10.24197048611111,-3.5530608093538785,4.773787920352051,4.759577485443833,101.96999969482422,104.25200042724609,107.62599983215333
117.27999877929688,117.27999877929688,117.30000305175781,110.12000274658203,110.62999725341797,102382400,2025-09-08,0,8,9,6.1221012789124,6.01102927865566,5.523344915596902,4.632398644649578,104.61999969482422,105.04800033569336,107.75849990844726
118.5,118.5,118.69999694824219,113.76000213623047,116.52999877929688,51536300,2025-09-09,1,9,9,4.168771993258835,1.6905528544921964,5.563763307651255,4.687963870873,108.1520004272461,106.10400009155273,108.00249977111817
117.45999908447266,117.45999908447266,123.44000244140625,116.69000244140625,120.83000183105469,46671200,2025-09-10,2,10,9,5.7466371978648345,-2.7890446871746235,6.062426436725269,4.8729219155822046,111.48000030517578,106.96999969482422,108.17099990844727
117.75,117.75,121.69000244140625,117.37000274658203,117.87999725341797,35760900,2025-09-11,3,11,9,3.6687895497445595,-0.11027931493627469,5.989654101178347,4.6121289701094375,114.4479995727539,108.45299987792968,108.62749977111817
115.02999877929688,115.02999877929688,118.56999969482422,114.05000305175781,117.93000030517578,37245800,2025-09-12,4,12,9,3.9294068425913222,-2.4590871859360366,4.7271413724743905,4.750464646413221,117.20399932861328,109.58699951171874,108.84349975585937
114.83000183105469,114.83000183105469,116.52999877929688,112.42500305175781,115.34500122070312,36787500,2025-09-15,0,15,9,3.5748460002452993,-0.44648609319707644,4.21769031674097,4.870517616168936,116.71399993896485,110.66699981689453,108.87649993896484
117.37999725341797,117.37999725341797,118.12999725341797,113.79000091552734,115.05999755859375,36628500,2025-09-16,1,16,9,3.6973900489371916,2.0163390787860656,4.123413927876642,4.843588617763949,116.48999938964843,112.32099990844726,108.99449996948242
118.63999938964844,118.63999938964844,119.12999725341797,114.88999938964844,117.08999633789062,34516600,2025-09-17,2,17,9,3.5738350350493,1.3237706894147605,3.688853495313535,4.875639966019402,116.72599945068359,114.10299987792969,109.55149993896484
120.91000366210938,120.91000366210938,124.36000061035156,119.85900115966797,120.08000183105469,35865100,2025-09-18,3,18,9,3.722603022378463,0.6912073770805317,3.6996161898403153,4.844635145509332,117.35800018310547,115.90299987792969,110.33000030517579
124.77999877929688,124.77999877929688,125.18000030517578,121.0,121.69999694824219,202388400,2025-09-19,4,19,9,3.3498960939798588,2.530815043787209,3.5837140401180223,4.155427706296207,119.30800018310546,118.25599975585938,111.25400009155274
124.88999938964844,124.88999938964844,126.63999938964844,122.19999694824219,123.625,33482600,2025-09-22,0,22,9,3.5551304853111096,1.0232553202414054,3.5797709371311845,3.8987306269360773,121.31999969482422,119.01699981689453,112.03250007629394
126.19999694824219,126.19999694824219,127.77999877929688,124.06999969482422,125.41000366210938,28923500,2025-09-23,1,23,9,2.9397774755844255,0.629928445151219,3.4282484224606313,3.775831175168636,123.08399963378906,119.78699951171875,112.94549980163575
126.80000305175781,126.80000305175781,130.07000732421875,125.0,127.51499938964844,26956400,2025-09-24,2,24,9,3.9984283928993682,-0.5607154776402468,3.5131670940306448,3.60101029467209,124.71600036621093,120.72099990844727,113.84549980163574
122.6500015258789,122.6500015258789,125.80000305175781,120.62000274658203,123.33000183105469,32876000,2025-09-25,3,25,9,4.223400114742608,-0.5513664924024643,3.613326512503474,3.656471351171895,125.06399993896484,121.21100006103515,114.83199996948242
121.77999877929688,121.77999877929688,125.05999755859375,120.45999908447266,124.18000030517578,25714800,2025-09-26,4,26,9,3.7773021187639504,-1.9326795941221098,3.698807717460292,3.641260878789158,124.46399993896485,121.88600006103516,115.73649978637695
136.72000122070312,136.72000122070312,136.83999633789062,123.77999877929688,123.77999877929688,62109900,2025-09-29,0,29,9,9.552367935918443,10.454033421408113,4.89825520758176,4.239013072356473,126.83000030517579,124.075,117.37099990844726
143.17999267578125,143.17999267578125,143.6199951171875,135.57000732421875,135.6699981689453,50851200,2025-09-30,1,30,9,5.622285378374933,5.535486554281509,5.43475678813986,4.4315026053002455,130.2259994506836,126.65499954223633,119.4879997253418
139.13999938964844,139.13999938964844,143.1699981689453,137.77999877929688,141.25999450683594,34759600,2025-10-01,2,1,10,3.8737957548456303,-1.5007753076791375,5.409830260529113,4.461498677279879,132.69399871826172,128.70499954223632,121.40399971008301
145.6999969482422,145.6999969482422,146.6999969482422,140.14999389648438,142.77999877929688,34579900,2025-10-02,3,2,10,4.49554096702185,2.0451030914063244,5.464258430984961,4.538792471744218,137.3039978027344,131.18399887084962,123.54349937438965
148.6699981689453,148.6699981689453,150.2100067138672,145.22999572753906,146.82000732421875,34531700,2025-10-03,4,3,10,3.3497081103538795,1.260040016645195,5.378739629302947,4.53877367338162,142.68199768066407,133.57299880981446,125.91449928283691
144.25999450683594,144.25999450683594,153.86000061035156,144.11900329589844,153.0,28117000,2025-10-06,0,6,10,6.75238991083667,-5.712421890956904,4.818744024286592,4.858499615934176,144.18999633789062,135.5099983215332,127.26349906921386
145.0,145.0,147.1199951171875,141.25999450683594,146.3300018310547,24867400,2025-10-07,1,7,10,4.0413797312769395,-0.9089057708003321,4.502562894866993,4.9686598415034275,144.5539978027344,137.38999862670897,128.58849906921387
150.8699951171875,150.8699951171875,151.35000610351562,144.5500030517578,146.11000061035156,23927600,2025-10-08,2,8,10,4.5071937905717725,3.2578156778809175,4.6292425020122225,5.019536381270667,146.89999694824218,139.79699783325196,130.2589988708496
152.4600067138672,152.4600067138672,153.0800018310547,147.3000030517578,150.50999450683594,19633000,2025-10-09,3,9,10,3.7911573689909517,1.295603134808887,4.488365782406042,4.976312106695501,148.2519989013672,142.7779983520508,131.99449920654297
138.9600067138672,138.9600067138672,153.55999755859375,138.94000244140625,151.5050048828125,41634300,2025-10-10,4,10,10,10.521009219070894,-8.280253301631015,5.922626004149445,5.650682816726197,146.31000061035155,144.49599914550782,133.19099960327148
140.67999267578125,140.67999267578125,146.55999755859375,136.52000427246094,144.6199951171875,28260800,2025-10-13,0,13,10,7.136759886867158,-2.7243829169082834,5.999499999355543,5.409122011821068,145.59400024414063,144.89199829101562,134.4834991455078
134.9499969482422,134.9499969482422,141.2100067138672,133.0500030517578,136.72000122070312,31171000,2025-10-14,1,14,10,6.046686807439505,-1.2946198483451379,6.400561414588056,5.451562154727524,143.58399963378906,144.06899871826172,135.36199913024902
134.14999389648438,134.14999389648438,139.64999389648438,133.53500366210938,138.09500122070312,22187000,2025-10-15,2,15,10,4.558323155119616,-2.8567343418273685,6.410787287497625,5.520014894754924,140.23999938964843,143.56999816894532,136.13749885559082
131.44000244140625,131.44000244140625,137.47999572753906,130.57000732421875,135.3800048828125,23359400,2025-10-16,3,16,10,5.257142631597766,-2.9103281868077864,6.703984340018988,5.596175061212515,136.03599853515624,142.1439987182617,136.66399879455565
129.91000366210938,129.91000366210938,131.2050018310547,125.5999984741211,128.16000366210938,25237100,2025-10-17,4,17,10,4.314527903110509,1.365480610170573,5.462688076826911,5.692657040488178,134.2259979248047,140.26799926757812,136.92049903869628
135.8000030517578,135.8000030517578,140.197998046875,132.89999389648438,133.4250030517578,27605900,2025-10-20,0,20,10,5.374082464202242,1.7800261912519482,5.110152592293927,5.554826295824736,133.25,139.4220001220703,137.46599922180175
131.83999633789062,131.83999633789062,135.30999755859375,131.35000610351562,135.2899932861328,19498300,2025-10-21,1,21,10,3.0036343788489845,-2.550075481891395,4.501542106575823,5.45105176058194,132.62799987792968,138.1059997558594,137.74799919128418
127.22000122070312,127.22000122070312,132.36000061035156,120.87999725341797,131.6300048828125,37786900,2025-10-22,2,22,10,9.023740958010144,-3.350302741411816,5.394625667153929,5.902706477325777,131.24200134277345,135.74100036621093,137.76899909973145
134.3300018310547,134.3300018310547,135.57000732421875,127.27999877929688,128.27999877929688,24591100,2025-10-23,3,23,10,6.17137529362065,4.716248136365139,5.577472199558505,6.140728269788747,131.82000122070312,133.9279998779297,138.35299911499024
139.7899932861328,139.7899932861328,142.1999969482422,137.10000610351562,137.99000549316406,24330400,2025-10-24,4,24,10,3.648323263230661,1.3044334526516996,5.444231271582536,5.453459674204724,133.7959991455078,134.01099853515626,139.25349884033204
145.86000061035156,145.86000061035156,149.1999969482422,143.17999267578125,144.99000549316406,25833300,2025-10-27,0,27,10,4.1272482155972945,0.6000379917417951,5.1948644218615465,5.152508507077736,135.80799865722656,134.52899932861328,139.71049880981445
146.25,146.25,148.11000061035156,145.6300048828125,146.0,13446700,2025-10-28,1,28,10,1.6957235743856838,0.17123287671232876,4.933282260968887,4.717412183772355,138.68999938964845,135.65899963378905,139.8639991760254
144.8000030517578,144.8000030517578,147.72000122070312,142.74000549316406,146.0,19792600,2025-10-29,2,29,10,3.439223496258488,-0.821915717974101,3.8163787686185557,4.605502217886242,142.20599975585938,136.7240005493164,140.14699935913086
138.07000732421875,138.07000732421875,144.14999389648438,137.25,142.38999938964844,19706900,2025-10-30,3,30,10,4.997460368262074,-3.0339153619967956,3.5815957835468404,4.579533991552673,142.9540008544922,137.38700103759766,139.7654998779297
146.77999877929688,146.77999877929688,150.47000122070312,143.3000030517578,143.60000610351562,26028100,2025-10-31,4,31,10,4.884860490921759,2.214479485111524,3.8289032290850598,4.6365672503337985,144.352001953125,139.0740005493164,139.67099990844727
147.0800018310547,147.0800018310547,149.41200256347656,142.5,148.7899932861328,17187600,2025-11-03,0,3,11,4.699484958815898,-1.1492650932443422,3.9433505777287805,4.569107499795163,144.59600219726562,140.2020004272461,139.8120002746582
136.8000030517578,136.8000030517578,144.39999389648438,136.6300048828125,139.8699951171875,26617700,2025-11-04,1,4,11,5.679816403755581,-2.194889663689165,4.74016914360276,4.836725702285823,142.70600280761718,140.6980010986328,139.4020004272461
142.47999572753906,142.47999572753906,144.77000427246094,135.50999450683594,139.63499450683594,32318500,2025-11-05,2,5,11,6.49916482544868,2.037455747215177,5.352157409440798,4.584268089029677,142.24200134277345,142.2240005493164,138.98250045776368
127.08000183105469,127.08000183105469,140.16000366210938,126.1500015258789,140.0,50477800,2025-11-06,3,6,11,11.024552985808054,-9.228570120675224,6.5575759329499945,5.069585858248417,140.04400024414062,141.4990005493164,137.71350021362304
130.36000061035156,130.36000061035156,132.1999969482422,120.69999694824219,123.76599884033203,44897800,2025-11-07,4,7,11,8.82172441405068,5.327797482187589,7.344948717575778,5.586925973330419,136.76000061035157,140.55600128173828,137.28349990844725
135.8800048828125,135.8800048828125,138.99000549316406,131.64999389648438,135.4499969482422,30980500,2025-11-10,0,10,11,5.401833480216578,0.31746618254604025,7.485418421855914,5.714384499792348,134.52000122070314,139.55800170898436,137.04350051879882
131.92999267578125,131.92999267578125,134.66700744628906,130.89999389648438,133.99000549316406,17218400,2025-11-11,1,11,11,2.855312483084984,-1.5374376691759377,6.920517637721796,5.830343390662277,133.5459991455078,138.1260009765625,136.8925003051758
132.97999572753906,132.97999572753906,133.83999633789062,128.3300018310547,133.3300018310547,22044600,2025-11-12,2,12,11,4.143476224894225,-0.26251113681009713,6.449379917610903,5.900768663525851,131.6459991455078,136.94400024414062,136.83400039672853
121.52999877929688,121.52999877929688,130.14999389648438,119.47000122070312,129.8699951171875,36727300,2025-11-13,3,13,11,8.78794765330042,-6.421803843424398,6.0020588511093775,6.2798173920296865,130.53599853515624,135.28999938964844,136.33850021362304
122.5,122.5,126.5,114.0,115.1500015258789,32063800,2025-11-14,4,14,11,10.204081632653061,6.382977313699166,6.278530294829855,6.811739506202817,128.96399841308593,132.86199951171875,135.96800003051757
115.97000122070312,115.97000122070312,120.9800033569336,112.41999816894531,120.49500274658203,40078600,2025-11-17,0,17,11,7.381223676714196,-3.7553437260760285,6.674408334129377,7.079913377992645,124.98199768066407,129.7509994506836,134.97649993896485
114.30000305175781,114.30000305175781,116.97100067138672,112.3499984741211,113.91000366210938,28581100,2025-11-18,1,18,11,4.042871455719142,0.34237501282616983,6.911920128656209,6.916218883189002,121.45599975585938,127.5009994506836,134.0995002746582
118.16000366210938,118.16000366210938,119.19999694824219,113.55000305175781,114.73999786376953,25278800,2025-11-19,2,19,11,4.781646683628338,2.980657017616827,7.039554220403032,6.744467069006968,118.49200134277343,125.06900024414062,133.64650039672853
106.20999908447266,106.20999908447266,122.62999725341797,105.23500061035156,121.62999725341797,42907300,2025-11-20,3,20,11,16.377927495537907,-12.677792088424955,8.557550188850529,7.279804519979953,115.4280014038086,122.98199996948242,132.24050025939943
107.30000305175781,107.30000305175781,109.98999786376953,102.0999984741211,107.83999633789062,40155600,2025-11-21,4,21,11,7.353214506287175,-0.5007356309999063,7.98737676357735,7.132953529203602,112.38800201416015,120.67600021362304,130.61600074768066
114.97000122070312,114.97000122070312,115.72000122070312,108.63999938964844,109.91500091552734,30736500,2025-11-24,0,24,11,6.158129734610947,4.59900856395451,7.742757975156701,7.20858315464304,112.18800201416016,118.5849998474121,129.07150077819824
115.56999969482422,115.56999969482422,116.80999755859375,109.19000244140625,112.46499633789062,22078800,2025-11-25,1,25,11,6.593402385834531,2.760862008659921,8.25286416117978,7.582392144917994,112.44200134277344,116.94900054931641,127.53750076293946
128.1999969482422,128.1999969482422,128.89999389648438,120.86000061035156,121.33000183105469,47127600,2025-11-26,2,26,11,6.271445770298088,5.662239358368748,8.55082397851373,7.795189099458381,114.45,116.47100067138672,126.70750045776367
128.49000549316406,128.49000549316406,129.9499969482422,127.1500015258789,128.0749969482422,12783400,2025-11-28,4,28,11,2.179154255318517,0.32403556885469903,5.711069330469852,7.134309759660191,118.90600128173828,117.16700134277343,126.22850036621094
123.23999786376953,123.23999786376953,125.29000091552734,118.86000061035156,123.44999694824219,31467300,2025-12-01,0,1,12,5.217462201097694,-0.17010861860183013,5.283918869431956,6.635647816504653,122.09400024414063,117.24100112915039,125.05150032043457
125.94999694824219,125.94999694824219,129.17999267578125,124.51000213623047,125.25,25394800,2025-12-02,1,2,12,3.7078131422820633,0.5588797989957585,4.793855550966179,6.268306763061441,124.28999938964844,118.2390007019043,123.99500007629395
133.63999938964844,133.63999938964844,134.33999633789062,124.4000015258789,126.0999984741211,25004500,2025-12-03,2,3,12,7.437888998360513,5.979382241685547,4.962752873471375,6.607808517325577,127.90399932861328,120.17300033569336,123.83699989318848
137.0800018310547,137.0800018310547,137.36000061035156,132.77000427246094,133.2100067138672,20572100,2025-12-04,3,4,12,3.3484069715344775,2.9051834863278576,4.378145113718653,6.464484546116191,129.68000030517578,122.06500015258788,123.56700019836425
131.9499969482422,131.9499969482422,135.24000549316406,129.9600067138672,135.05999755859375,23123000,2025-12-05,4,5,12,4.001514893075724,-2.302680783777103,4.742617241270095,5.226843285869974,130.37199859619142,124.63899993896484,123.81049995422363
136.42999267578125,136.42999267578125,138.08999633789062,132.0019989013672,134.10000610351562,22593100,2025-12-08,0,8,12,4.4623600112559165,1.737499229095517,4.591596803301739,4.937757836366847,133.00999755859374,127.55199890136718,124.11399955749512
135.7100067138672,135.7100067138672,139.75,133.57000732421875,134.5,18948200,2025-12-09,1,9,12,4.55382239337091,0.8996332445109201,4.760798653519508,4.777327102242843,134.96199951171874,129.6259994506836,124.10549964904786
135.66000366210938,135.66000366210938,137.4600067138672,133.42999267578125,135.25999450683594,18232100,2025-12-10,2,10,12,2.9706722167895263,0.2957335291428105,3.867355297205311,4.415054085338342,135.36600036621093,131.6349998474121,124.29200019836426
123.37999725341797,123.37999725341797,131.77499389648438,122.52999877929688,131.77499389648438,44624800,2025-12-11,3,11,12,7.49310692413019,-6.370705393210704,4.696295287724453,4.537220200721554,132.6259994506836,131.1529998779297,123.8120002746582
119.5,119.5,125.6500015258789,117.83499908447266,125.33999633789062,31553300,2025-12-12,4,12,12,6.539750996992678,-4.6593238459551305,5.203942508507845,4.973279874888969,130.13600006103516,130.25399932861328,123.71050033569335
115.26000213623047,115.26000213623047,120.66000366210938,114.10099792480469,120.4000015258789,28422000,2025-12-15,0,15,12,5.690617400433789,-4.269102428992611,5.449593986343419,5.020595394822579,125.902001953125,129.45599975585938,123.34850044250489
119.4000015258789,119.4000015258789,120.69999694824219,115.76000213623047,116.69499969482422,21011900,2025-12-16,1,16,12,4.137349035913553,2.3180100588103114,5.366299314851948,5.0635489841857275,122.64000091552734,128.80100021362304,123.52000045776367
115.80000305175781,115.80000305175781,124.69999694824219,115.58999633789062,120.97000122070312,36270000,2025-12-17,2,17,12,7.867012409559064,-4.273785332541193,6.345567353405855,5.106461325305583,118.66800079345703,127.01700057983399,123.59500045776367
117.16000366210938,117.16000366210938,124.25,117.05000305175781,121.87000274658203,24274300,2025-12-18,3,18,12,6.145439333551961,-3.864773101110604,6.076033835290209,5.386164561507331,117.42400207519532,125.02500076293946,123.54500045776368
121.3499984741211,121.3499984741211,122.95999908447266,118.19999694824219,119.47000122070312,27580900,2025-12-19,4,19,12,3.922539922607069,1.5736144925159516,5.552591620413088,5.3782670644604655,117.79400177001953,123.96500091552734,124.3020004272461
122.37000274658203,122.37000274658203,124.55000305175781,121.06999969482422,123.51000213623047,16977000,2025-12-22,0,22,12,2.8438369525417007,-0.9230016759217832,4.98323553083467,5.216414758589044,119.21600189208985,122.55900192260742,125.05550041198731
120.23999786376953,120.23999786376953,121.1500015258789,116.75,120.29499816894531,16953500,2025-12-23,1,23,12,3.659349304766335,-0.045721190417690884,4.887635584605226,5.126967449728587,119.38400115966797,121.01200103759766,125.31900024414062
120.44000244140625,120.44000244140625,120.66999816894531,118.5999984741211,119.95999908447266,7980700,2025-12-24,2,24,12,1.7186978187178867,0.4001361792238662,3.657972666436991,5.001770009921423,120.31200103759765,119.49000091552735,125.56250038146973
118.12999725341797,118.12999725341797,121.02999877929688,117.69999694824219,120.70999908447266,12959100,2025-12-26,4,26,12,2.818929914906383,-2.13735552201372,2.992670782707875,4.534352308999042,120.50599975585938,118.96500091552734,125.05900039672852
117.43000030517578,117.43000030517578,118.94999694824219,116.0199966430664,116.88999938964844,15386400,2025-12-29,0,29,12,2.4951037192892183,0.46197358058602683,2.7071835420443047,4.129887581228696,119.72200012207031,118.75800094604492,124.5060001373291
115.44999694824219,115.44999694824219,118.63600158691406,115.18000030517578,117.625,16471600,2025-12-30,1,30,12,2.993504870587094,-1.849099300112912,2.7371171256533833,3.860176328244026,118.33799896240234,118.7770004272461,124.11650009155274
113.0999984741211,113.0999984741211,115.6500015258789,112.8499984741211,114.83999633789062,15992200,2025-12-31,2,31,12,2.4756879659892244,-1.5151497032880272,2.5003848578979615,3.694010221251594,116.90999908447266,118.14700012207031,123.47400016784668
115.20999908447266,115.20999908447266,116.02999877929688,110.41000366210938,115.47799682617188,25793500,2026-01-02,4,2,1,4.878044581067035,-0.23207688829468845,3.1322542103677913,3.395113438402391,115.86399841308594,118.0879997253418,122.5525001525879
123.23999786376953,123.23999786376953,123.41999816894531,117.55000305175781,117.91999816894531,26231000,2026-01-05,0,5,1,4.763060060806102,4.51153305413234,3.5210802395477345,3.2568755111278045,116.88599853515625,118.69599914550781,121.86049995422363
121.69999694824219,121.69999694824219,124.3499984741211,118.05000305175781,124.16000366210938,20349800,2026-01-06,1,6,1,5.176660296090728,-1.9813197819821924,4.057391554908037,3.382287548476171,117.73999786376953,118.73099899291992,121.34799995422364
116.97000122070312,116.97000122070312,120.0999984741211,116.55000305175781,120.05000305175781,18916800,2026-01-07,2,7,1,3.0349622854709772,-2.565599127662487,4.0656830378848134,3.4014000817690984,118.04399871826172,118.19099884033203,120.37500038146973
115.38999938964844,115.38999938964844,117.31999969482422,113.87000274658203,115.75,20102400,2026-01-08,3,8,1,2.9898578442593218,-0.31101564609206267,4.168517013538833,3.3344509357183973,118.50199890136719,117.70599899291992,119.35900001525879
115.2699966430664,115.2699966430664,118.2300033569336,114.88200378417969,116.9749984741211,18094800,2026-01-09,4,9,1,2.904484835825049,-1.4575779895666277,3.7738050644904355,3.4530296374291134,118.51399841308594,117.18899841308594,118.33949966430664
117.5199966430664,117.5199966430664,119.62000274658203,114.45500183105469,114.51000213623047,17111700,2026-01-12,0,12,1,4.394997500905796,2.628586543256721,3.7001925525103743,3.6106363960290544,117.36999816894532,117.12799835205078,118.04649963378907
120.23999786376953,120.23999786376953,120.43000030517578,116.0,117.4000015258789,20026100,2026-01-13,1,13,1,3.6842983897878296,2.4190769173581264,3.401720171249795,3.729555863078916,117.07799835205078,117.40899810791015,118.08349952697753
119.66999816894531,119.66999816894531,120.87999725341797,116.61000061035156,120.29000091552734,17838700,2026-01-14,2,14,1,3.5681429835389453,-0.5154233451352478,3.5083563108633884,3.7870196743741005,117.61799774169921,117.83099822998047,118.30399932861329
110.3499984741211,110.3499984741211,119.87999725341797,110.12999725341797,119.61000061035156,33323900,2026-01-15,3,15,1,8.835523457018022,-7.741829352878598,4.677489433415128,4.4230032234769805,116.60999755859375,117.55599822998047,117.85149917602538
108.73999786376953,108.73999786376953,111.25,106.87999725341797,111.05000305175781,30258500,2026-01-16,4,16,1,4.018762950553678,-2.080148693838074,4.900345056360854,4.3370750604256445,115.30399780273437,116.90899810791015,117.49849891662598
105.77999877929688,105.77999877929688,108.3499984741211,104.44999694824219,105.0,23515700,2026-01-20,1,20,1,3.6868988191387744,0.7428559802827381,4.75872532000745,4.229458936258912,112.95599822998047,115.16299819946289,116.92949867248535
105.91999816894531,105.91999816894531,108.5,104.94999694824219,105.7249984741211,20051300,2026-01-21,2,21,1,3.3515890418497363,0.18444048014997128,4.692183450419831,4.046951810834813,110.09199829101563,113.5849983215332,116.15799865722656
106.25,106.25,108.08000183105469,105.0999984741211,107.4800033569336,14834400,2026-01-22,3,22,1,2.804709041819853,-1.144402045512446,4.539496662076013,4.0239264864697,107.40799865722656,112.51299819946288,115.35199851989746
106.98999786376953,106.98999786376953,111.45999908447266,106.5,106.9000015258789,17691100,2026-01-23,4,23,1,4.635946521644227,0.08418740561836027,3.699581275001253,4.188535354208191,106.73599853515626,111.672998046875,114.68949851989746
107.0,107.0,108.48999786376953,104.83000183105469,106.26000213623047,11501600,2026-01-26,0,26,1,3.4205570399204146,0.696403019850139,3.579940092874601,4.240142574617727,106.38799896240235,110.84599838256835,114.01749839782715
105.23999786376953,105.23999786376953,109.04900360107422,104.66000366210938,107.69999694824219,18339500,2026-01-27,1,27,1,4.170467529509351,-2.284121777324532,3.6766538349487163,4.217689577478083,106.27999877929688,109.61799850463868,113.37299842834473
103.4000015258789,103.4000015258789,107.25,103.0,105.29000091552734,22380200,2026-01-28,2,28,1,4.1102513900218,-1.7950416689280466,3.8283863045831295,4.26028487750148,105.7759994506836,107.9339988708496,112.67149848937989
101.23999786376953,101.23999786376953,103.81999969482422,99.19999694824219,103.81999969482422,29463800,2026-01-29,3,29,1,4.563416479718613,-2.4850720849918373,4.180127792162881,4.359812227119447,104.7739990234375,106.09099884033203,111.96099853515625
99.4800033569336,99.4800033569336,104.30000305175781,98.37000274658203,102.73500061035156,23773100,2026-01-30,4,30,1,5.960997290982168,-3.1683430516181805,4.445137946030469,4.0723596105158615,103.27200012207031,105.00399932861328,111.27999877929688
89.91000366210938,89.91000366210938,95.88500213623047,88.66999816894531,95.87999725341797,59741800,2026-02-02,0,2,2,8.02469544367927,-6.2265266607480765,5.36596562678224,4.472952859828421,99.85400085449218,103.12099990844726,110.0149990081787
87.06999969482422,87.06999969482422,90.3499984741211,84.93000030517578,90.0999984741211,36550000,2026-02-03,1,3,2,6.224874454969704,-3.3629287798125373,5.776847011874311,4.726750423411514,96.22000122070312,101.25,108.20649909973145
80.62000274658203,80.62000274658203,85.30000305175781,77.62000274658203,84.7699966430664,62547900,2026-02-04,2,4,2,9.526172219711793,-4.895592852219153,6.860031177812308,5.34420874119772,91.66400146484375,98.72000045776367,106.15249938964844
72.68000030517578,72.68000030517578,79.41000366210938,71.87000274658203,77.66999816894531,56483100,2026-02-05,3,5,2,10.374244474226282,-6.424614370294495,8.022196776713844,6.101162284438362,85.952001953125,95.36300048828124,103.93799934387206
82.81999969482422,82.81999969482422,84.30000305175781,77.12000274658203,77.86000061035156,54593900,2026-02-06,4,6,2,8.669403926144293,6.370407199577159,8.563878103746267,6.504508024888369,82.62000122070313,92.94600067138671,102.30949935913085
86.55999755859375,86.55999755859375,88.5999984741211,82.83000183105469,84.87999725341797,41278100,2026-02-09,0,9,2,6.665892797837257,1.9792652680701288,8.292117574577867,6.829041600680054,81.95,90.9020004272461,100.87399940490722
85.5999984741211,85.5999984741211,88.22000122070312,85.20999908447266,85.31500244140625,41823800,2026-02-10,1,10,2,3.5163576984647538,0.3340514851541815,7.750414223276875,6.763630617575593,81.65599975585937,88.93800048828125,99.27799949645996
77.97000122070312,77.97000122070312,79.9000015258789,74.25,77.875,68559800,2026-02-11,2,11,2,7.246378655152156,0.12199193669743177,7.294455510364948,7.077243344088629,81.1259994506836,86.39500045776367,97.16449966430665
