Adj Close,Close,High,Low,Open,Volume,date,day_of_week,day,month,hl_pct,oc_pct,volatility_5d,volatility_10d,ma_5,ma_10,ma_20
HPE,HPE,HPE,HPE,HPE,HPE,,,,,,,,,,,
17.1040096282959,18.040000915527344,18.270000457763672,17.6299991607666,17.71500015258789,19422800,2024-03-11,0,11,3,3.547678849873062,1.834607734349782,5.895014100099603,5.169122839157125,18.216000366210938,16.8770001411438,16.003000020980835
17.113487243652344,18.049999237060547,19.149999618530273,18.040000915527344,18.520000457763672,33677100,2024-03-12,1,12,3,6.149577561886333,-2.5378035047839225,5.8210618994310375,5.61618268115121,18.206000137329102,17.193000030517577,16.125
16.971269607543945,17.899999618530273,18.059999465942383,17.610000610351562,18.020000457763672,17482400,2024-03-13,2,13,3,2.513960140674956,-0.6659313883740647,4.480487385163242,5.679152925962586,18.03199996948242,17.49700002670288,16.258500003814696
16.7420597076416,17.530000686645508,17.700000762939453,17.3799991607666,17.700000762939453,15774900,2024-03-14,3,14,3,1.8254511673615124,-0.9604523670411033,3.624454855468649,5.6909821945722845,17.90200004577637,17.727000141143797,16.373500061035156
15.97801685333252,16.729999542236328,17.420000076293945,16.700000762939453,17.299999237060547,41144400,2024-03-15,4,15,3,4.303642158129125,-3.294796069141722,3.6680619755849975,5.327644852948049,17.65,17.84400005340576,16.44700002670288
16.293184280395508,17.059999465942383,17.190000534057617,16.790000915527344,16.940000534057617,22137600,2024-03-18,0,18,3,2.344663722462653,0.70837619894704,3.4274589501029156,4.66123652510126,17.453999710083007,17.835000038146973,16.55349998474121
16.025772094726562,16.780000686645508,17.020000457763672,16.719999313354492,16.950000762939453,12178000,2024-03-19,1,19,3,1.7878494167639571,-1.0029502574751747,2.5551133210784407,4.1880876102547395,17.2,17.70300006866455,16.642000007629395
16.16902732849121,16.93000030517578,16.934999465942383,16.5,16.670000076293945,17508400,2024-03-20,2,20,3,2.569400225051362,1.5596894282656708,2.566201337953722,3.5233443615584816,17.006000137329103,17.51900005340576,16.743000030517578
16.436437606811523,17.209999084472656,17.40999984741211,17.049999237060547,17.170000076293945,12914800,2024-03-21,3,21,3,2.091810746674386,0.23295869540464506,2.6194732538162966,3.1219640546424725,16.94199981689453,17.42199993133545,16.85
16.589252471923828,17.3700008392334,17.610000610351562,17.209999084472656,17.209999084472656,9279500,2024-03-22,4,22,3,2.302829628974041,0.9297022851389938,2.2193107479852796,2.9436863617851388,17.070000076293944,17.36000003814697,16.963000059127808
16.63700294494629,17.420000076293945,17.6299991607666,17.209999084472656,17.25,16167200,2024-03-25,0,25,3,2.411022241414933,0.9855076886605526,2.2325824517757358,2.830020700939326,17.142000198364258,17.297999954223634,17.087500047683715
16.894866943359375,17.690000534057617,17.84000015258789,17.450000762939453,17.510000228881836,14285200,2024-03-26,1,26,3,2.204631870403805,1.0279857385660114,2.3159389425037054,2.435526131791073,17.32400016784668,17.26200008392334,17.22750005722046
16.87576675415039,17.670000076293945,17.799999237060547,17.40999984741211,17.770000457763672,9727100,2024-03-27,2,27,3,2.207127266352762,-0.5627483336728707,2.2434843507639854,2.4048428443588534,17.472000122070312,17.239000129699708,17.368000078201295
16.933067321777344,17.729999542236328,17.854999542236328,17.690000534057617,17.739999771118164,9155400,2024-03-28,3,28,3,0.9306204875282202,-0.05637107672412116,2.011246298934752,2.3153597763755243,17.576000213623047,17.25900001525879,17.493000078201295
17.133630752563477,17.940000534057617,18.014999389648438,17.6200008392334,17.68000030517578,9680900,2024-04-01,0,1,4,2.2017755777942525,1.470589504490684,1.9910354886987947,2.1051731183420372,17.690000152587892,17.380000114440918,17.61200008392334
16.904417037963867,17.700000762939453,17.81999969482422,17.549999237060547,17.75,9361500,2024-04-02,1,2,4,1.5254262492971367,-0.28168584259463025,1.8139162902752353,2.0232493710254853,17.746000289916992,17.444000244140625,17.6395001411438
17.372390747070312,18.190000534057617,18.389999389648438,17.649999618530273,17.670000076293945,26942500,2024-04-03,2,3,4,4.068167946079183,2.942843551321225,2.186623505410311,2.251281223957008,17.846000289916994,17.585000228881835,17.644000148773195
17.133630752563477,17.940000534057617,18.760000228881836,17.8799991607666,18.5,17602700,2024-04-04,3,4,4,4.905245495643239,-3.0270241402290963,2.726247151268406,2.4848657510161956,17.900000381469727,17.686000251770018,17.60250015258789
17.190933227539062,18.0,18.1200008392334,17.719999313354492,17.889999389648438,13148900,2024-04-05,4,5,4,2.2222306993272567,0.6148720743680481,2.9845691936282135,2.497907746281483,17.95400047302246,17.765000343322754,17.5935001373291
17.324642181396484,18.139999389648438,18.42300033569336,18.110000610351562,18.209999084472656,10709800,2024-04-08,0,8,4,1.725467121682538,-0.3844025169880774,2.8893075024058708,2.4401714955523324,17.994000244140626,17.842000198364257,17.601000118255616
17.21003532409668,18.020000457763672,18.2450008392334,17.8799991607666,18.209999084472656,10641500,2024-04-09,1,9,4,2.0255364550201267,-1.043375267772489,2.9893295435504683,2.401622916912852,18.05800018310547,17.90200023651123,17.60000009536743
17.190933227539062,18.0,18.06999969482422,17.719999313354492,17.799999237060547,16226400,2024-04-10,2,10,4,1.9444465637207031,1.123599839954155,2.5645852670787725,2.3756043862445417,18.020000076293947,17.93300018310547,17.597500133514405
17.133630752563477,17.940000534057617,18.059999465942383,17.635000228881836,17.979999542236328,11099600,2024-04-11,3,11,4,2.3690034805390376,-0.2224638998724686,2.0573368640579326,2.3917920076631694,18.020000076293947,17.960000228881835,17.59950017929077
16.63700294494629,17.420000076293945,17.90999984741211,17.389999389648438,17.729999542236328,14035100,2024-04-12,4,12,4,2.985077241597237,-1.7484459895438995,2.2099061725119284,2.5972376830700705,17.904000091552735,17.929000282287596,17.594000148773194
16.484195709228516,17.260000228881836,17.80500030517578,17.20199966430664,17.700000762939453,17413800,2024-04-15,0,15,4,3.4936305496689157,-2.48587861633824,2.5635388581092036,2.7264231802575374,17.728000259399415,17.86100025177002,17.62050018310547
16.36958885192871,17.139999389648438,17.3799991607666,16.90999984741211,17.329999923706055,11214400,2024-04-16,1,16,4,2.7421197788276728,-1.0963677720373883,2.706855522870713,2.8480925332105906,17.552000045776367,17.80500011444092,17.62450017929077
16.26453399658203,17.030000686645508,17.493000030517578,17.010000228881836,17.25,11256000,2024-04-17,2,17,4,2.8361701829789023,-1.2753583382869111,2.885200246722353,2.724892756900563,17.358000183105467,17.689000129699707,17.637000179290773
16.274084091186523,17.040000915527344,17.1200008392334,16.844999313354492,17.09000015258789,12392500,2024-04-18,3,18,4,1.6138586332370257,-0.2925642868000538,2.7341712772619506,2.3957540706599416,17.178000259399415,17.59900016784668,17.64250020980835
16.035322189331055,16.790000915527344,17.229999542236328,16.690000534057617,17.020000457763672,12486500,2024-04-19,4,19,4,3.2161940365311206,-1.3513486254426852,2.7803946362487273,2.495150404380328,17.052000427246092,17.478000259399415,17.621500301361085
16.073522567749023,16.829999923706055,16.979999542236328,16.649999618530273,16.940000534057617,8508500,2024-04-22,0,22,4,1.9607838692930128,-0.6493542318986822,2.473825300173547,2.5186820791413753,16.966000366210938,17.347000312805175,17.594500255584716
16.073522567749023,16.829999923706055,16.959999084472656,16.729999542236328,16.760000228881836,9110400,2024-04-23,1,23,4,1.366604535228548,0.417659271290409,2.198722251453722,2.452788887162218,16.90400047302246,17.228000259399415,17.56500024795532
16.16902732849121,16.93000030517578,17.045000076293945,16.78499984741211,16.93000030517578,10856000,2024-04-24,2,24,4,1.5357367052282307,0.0,1.9386355559035877,2.4119179013129703,16.884000396728517,17.121000289916992,17.52700023651123
16.20722770690918,16.969999313354492,17.05500030517578,16.780000686645508,16.81999969482422,8383000,2024-04-25,3,25,4,1.6205045943276102,0.8917932297967325,1.9399647481217044,2.3370680126918275,16.870000076293945,17.02400016784668,17.49200019836426
16.39824104309082,17.170000076293945,17.280000686645508,16.875,17.0,9189400,2024-04-26,4,26,4,2.3587692769126947,1.0000004487879137,1.7684797961980194,2.2744372162233732,16.945999908447266,16.99900016784668,17.46400022506714
16.40778923034668,17.18000030517578,17.43000030517578,17.030000686645508,17.209999084472656,8335700,2024-04-29,0,29,4,2.3282864460122648,-0.1743101736939704,1.8419803115418696,2.157902805857708,17.01599998474121,16.991000175476074,17.42600021362305
16.235883712768555,17.0,17.399999618530273,16.979999542236328,17.030000686645508,10073000,2024-04-30,1,30,4,2.4705886840820312,-0.1761637430175419,2.0627771413125666,2.130749696383144,17.05,16.97700023651123,17.391000175476073
15.70105266571045,16.440000534057617,17.020000457763672,16.389999389648438,16.860000610351562,9407100,2024-05-01,2,1,5,3.8321231608849677,-2.491103565180639,2.5220544324439134,2.2303449941737505,16.952000045776366,16.91800022125244,17.303500175476074
15.787006378173828,16.530000686645508,16.649999618530273,16.260000228881836,16.610000610351562,11008600,2024-05-02,3,2,5,2.3593428520757156,-0.48163709070665367,2.6698220839935347,2.3048934160576193,16.86400032043457,16.86700019836426,17.233000183105467
16.102174758911133,16.860000610351562,16.8700008392334,16.610000610351562,16.739999771118164,7951500,2024-05-03,4,3,5,1.5421128082415558,0.7168509012792111,2.506490790259307,2.137485293228663,16.802000427246092,16.87400016784668,17.17600021362305
16.388687133789062,17.15999984741211,17.200000762939453,16.950000762939453,17.020000457763672,9233700,2024-05-06,0,6,5,1.4568764698311019,0.8225580839193033,2.3322087950230745,2.087094553282472,16.79800033569336,16.907000160217287,17.12700023651123
16.102174758911133,16.860000610351562,17.229999542236328,16.799999237060547,17.200000762939453,8273300,2024-05-07,1,7,5,2.5504169015971048,-1.9767449855030421,2.3481744385260894,2.2054757899193276,16.770000457763672,16.910000228881835,17.069000244140625
16.40778923034668,17.18000030517578,17.190000534057617,16.709999084472656,16.770000457763672,8134900,2024-05-08,2,8,5,2.7939548373602294,2.444841003103849,2.1405407738211415,2.331297603132527,16.918000411987304,16.935000228881837,17.028000259399413
16.293184280395508,17.059999465942383,17.270000457763672,16.895000457763672,17.229999542236328,8599600,2024-05-09,3,9,5,2.198124336103461,-0.9866516587955785,2.1082970706266906,2.3890595773101126,17.02400016784668,16.944000244140625,16.984000205993652
16.293184280395508,17.059999465942383,17.290000915527344,16.989999771118164,17.100000381469727,6454400,2024-05-10,4,10,5,1.7585061770258845,-0.23392347739764038,2.1515757443835564,2.329033267321432,17.063999938964844,16.93300018310547,16.966000175476076
16.598798751831055,17.3799991607666,17.459999084472656,17.1299991607666,17.1299991607666,11969900,2024-05-13,0,13,5,1.8987338299244139,1.4594279757618622,2.2399472164022187,2.2860780057126466,17.107999801635742,16.95300006866455,16.972000122070312
16.85666847229004,17.649999618530273,17.65999984741211,17.420000076293945,17.469999313354492,11483000,2024-05-14,1,14,5,1.3597721037126516,1.03033950916177,2.001818256825328,2.174996347675709,17.265999603271485,17.018000030517577,16.997500133514404
17.162282943725586,17.969999313354492,18.0,17.65999984741211,17.75,11307200,2024-05-15,2,15,5,1.8920432141319998,1.2394327512929137,1.821435932179682,1.9809883530004118,17.423999404907228,17.170999908447264,17.044500064849853
17.085878372192383,17.889999389648438,18.079999923706055,17.75,17.979999542236328,10222600,2024-05-16,3,16,5,1.8446055615686616,-0.5005570349235756,1.7507321772727225,1.9295146239497065,17.589999389648437,17.30699977874756,17.08699998855591
17.057226181030273,17.860000610351562,18.024999618530273,17.729999542236328,18.010000228881836,9238500,2024-05-17,4,17,5,1.651736093015388,-0.8328684987450791,1.7293781604706229,1.9404769524270897,17.749999618530275,17.406999778747558,17.140499973297118
16.999921798706055,17.799999237060547,18.040000915527344,17.719999313354492,17.899999618530273,10130500,2024-05-20,0,20,5,1.7977618870150913,-0.5586613608986063,1.7091837718887586,1.9745654941454887,17.833999633789062,17.470999717712402,17.188999938964844
16.980817794799805,17.780000686645508,17.829999923706055,17.59000015258789,17.760000228881836,9328200,2024-05-21,1,21,5,1.3498299316626403,0.11261518865943786,1.707195337478756,1.8545067971520421,17.85999984741211,17.562999725341797,17.236499977111816
17.33418846130371,18.149999618530273,18.18000030517578,17.739999771118164,17.799999237060547,10667200,2024-05-22,2,22,5,2.4242454176604937,1.966294362198663,1.8136357781844552,1.8175358551820686,17.895999908447266,17.659999656677247,17.29749994277954
17.420143127441406,18.239999771118164,18.950000762939453,18.149999618530273,18.850000381469727,15612200,2024-05-23,3,23,5,4.385971241490521,-3.236077443007463,2.3219089141688274,2.0363205457207747,17.96599998474121,17.777999687194825,17.360999965667723
17.58250617980957,18.40999984741211,18.600000381469727,18.299999237060547,18.329999923706055,13605300,2024-05-24,4,24,5,1.629555387809255,0.43644257522658997,2.3174727731276006,2.023425466799112,18.07599983215332,17.9129997253418,17.422999954223634
17.58250617980957,18.40999984741211,18.780000686645508,18.219999313354492,18.489999771118164,17948100,2024-05-28,1,28,5,3.041832579752764,-0.4326658988445016,2.5662869116751352,2.1377353417819465,18.197999954223633,18.015999794006348,17.48449993133545
17.362844467163086,18.18000030517578,18.399999618530273,18.170000076293945,18.239999771118164,14206500,2024-05-29,2,29,5,1.265123973462465,-0.3289444446012988,2.5493457200350997,2.1282705287569277,18.277999877929688,18.0689998626709,17.54349994659424
17.687559127807617,18.520000457763672,18.679000854492188,18.290000915527344,18.510000228881836,31909300,2024-05-30,3,30,5,2.1004315839623704,0.05402608729432759,2.484582953295475,2.149109365739965,18.352000045776368,18.123999977111815,17.64749994277954
16.85666847229004,17.649999618530273,17.969999313354492,17.309999465942383,17.90999984741211,33499300,2024-05-31,4,31,5,3.7393759868368086,-1.4517042495642705,2.355263902364733,2.3385864082667798,18.23400001525879,18.1,17.70349988937378
17.14318084716797,17.950000762939453,18.079999923706055,17.649999618530273,17.90999984741211,22762900,2024-06-03,0,3,6,2.3955447738118387,0.2233440305312099,2.5084617795652493,2.412967276346425,18.142000198364258,18.10900001525879,17.757999897003174
16.808914184570312,17.600000381469727,17.959999084472656,17.59000015258789,17.850000381469727,30743300,2024-06-04,1,4,6,2.1022666128707663,-1.4005601941584698,2.32054858618885,2.4434177489319926,17.980000305175782,18.089000129699706,17.779999923706054
18.60441017150879,19.479999542236328,20.43000030517578,19.440000534057617,20.350000381469727,88492100,2024-06-05,2,5,6,5.082134468081773,-4.275188319041028,3.0839506851127116,2.816648202573906,18.24000015258789,18.25900001525879,17.910999870300294
18.70946502685547,19.59000015258789,20.040000915527344,19.084999084472656,19.3700008392334,30573600,2024-06-06,3,6,6,4.874945500847938,1.1357733806024917,3.638853468489825,3.06171821089265,18.454000091552736,18.40300006866455,18.0314998626709
19.129690170288086,20.030000686645508,20.040000915527344,19.709999084472656,19.719999313354492,21612900,2024-06-07,4,7,6,1.6475377920216836,1.572015132277824,3.2204858295267997,2.787874865945766,18.93000030517578,18.582000160217284,18.179999923706056
19.664520263671875,20.59000015258789,20.639999389648438,19.950000762939453,20.0,23519100,2024-06-10,0,10,6,3.35113463620961,2.950000762939453,3.411603802006354,2.9600327907858017,19.45800018310547,18.800000190734863,18.35649995803833
19.635866165161133,20.559999465942383,20.68000030517578,20.190000534057617,20.5,15196800,2024-06-11,1,11,6,2.383267431158489,0.29268032167016006,3.4678039656638986,2.894176275926374,20.05,19.01500015258789,18.515499973297118
19.970134735107422,20.90999984741211,21.165000915527344,20.649999618530273,20.8700008392334,20247700,2024-06-12,2,12,6,2.4629426148025946,0.1916579136092655,2.9439655950080628,3.0139581400603874,20.336000061035158,19.288000106811523,18.67849998474121
20.781925201416016,21.760000228881836,21.899999618530273,20.790000915527344,20.860000610351562,22925400,2024-06-13,3,13,6,5.1010969270562745,4.3144755138868875,2.9891958802497305,3.314024674369777,20.770000076293947,19.61200008392334,18.868000030517578
20.629119873046875,21.600000381469727,21.81999969482422,21.260000228881836,21.6200008392334,18473700,2024-06-14,4,14,6,2.5925900743168357,-0.09250905174516659,3.1782063367087607,3.1993460831177805,21.084000015258788,20.007000160217284,19.05350008010864
20.68642234802246,21.65999984741211,21.959999084472656,21.19499969482422,21.854999542236328,20204900,2024-06-17,0,17,6,3.531853162685216,-0.892242960002667,3.2143500420038817,3.312976922005118,21.297999954223634,20.37800006866455,19.24350004196167
20.984275817871094,21.84000015258789,22.81999969482422,21.55500030517578,21.889999389648438,44296100,2024-06-18,1,18,6,5.792121707007148,-0.22841132231456807,3.8961208971736134,3.6819624314187562,21.554000091552734,20.802000045776367,19.445500087738036
20.638381958007812,21.479999542236328,22.739999771118164,21.405000686645508,22.65999984741211,25498900,2024-06-20,3,20,6,6.215079669101644,-5.207415327103559,4.646548308033424,3.795256951520743,21.66800003051758,21.002000045776366,19.630500030517577
20.100322723388672,20.920000076293945,21.3799991607666,20.43000030517578,21.25,59893400,2024-06-21,4,21,6,4.541103499647386,-1.5529408174402575,4.534549622551646,3.7618727514006887,21.5,21.135000038146973,19.76900005340576
19.66795539855957,20.469999313354492,21.030000686645508,20.454999923706055,20.829999923706055,19621200,2024-06-24,0,24,6,2.808992585379944,-1.7282794607303653,4.577830124764267,3.878018230736514,21.273999786376955,21.17899990081787,19.880500030517577
20.2924861907959,21.1200008392334,21.139999389648438,20.329999923706055,20.510000228881836,15186900,2024-06-25,1,25,6,3.8352245916472407,2.9741618895380113,4.638504410556672,3.926427226280277,21.165999984741212,21.231999969482423,20.016000080108643
20.100322723388672,20.920000076293945,21.010000228881836,20.72100067138672,20.780000686645508,17304900,2024-06-26,2,26,6,1.3814510346135453,0.6737217758534995,3.756370276077952,3.826245586625783,20.981999969482423,21.268000030517577,20.141500091552736
20.215621948242188,21.040000915527344,21.309999465942383,20.889999389648438,20.920000076293945,12921000,2024-06-27,3,27,6,1.9961979943831123,0.5736177762703767,2.9125939411342454,3.779571124583834,20.894000244140624,21.2810001373291,20.284500122070312
20.340530395507812,21.170000076293945,21.274999618530273,20.895000457763672,21.040000915527344,17398900,2024-06-28,4,28,6,1.7949889437748403,0.6178667067959264,2.3633710299597364,3.4489603262556914,20.944000244140625,21.222000122070312,20.417000102996827
20.330921173095703,21.15999984741211,21.31999969482422,20.600000381469727,21.31999969482422,13452100,2024-07-01,0,1,7,3.402643282355925,-0.7504683381911679,2.482101169354933,3.5299656470596004,21.08200035095215,21.178000068664552,20.592500114440917
20.2924861907959,21.1200008392334,21.165000915527344,20.809999465942383,20.860000610351562,11762400,2024-07-02,1,2,7,1.680878008894277,1.2464056628685498,2.05123185280434,3.3448681316805065,21.08200035095215,21.12400016784668,20.751000118255615
19.860118865966797,20.670000076293945,21.100000381469727,20.520000457763672,21.100000381469727,11412800,2024-07-03,2,3,7,2.8059986529523346,-2.0379161014300866,2.336141376472098,3.046255826275025,21.03200035095215,21.007000160217284,20.904500102996828
19.74481964111328,20.549999237060547,20.684999465942383,20.290000915527344,20.68000030517578,15281400,2024-07-05,4,5,7,1.9221341366411615,-0.6286318481470127,2.321328604923708,2.6169612730289766,20.93400001525879,20.91400012969971,20.958000087738036
20.07149887084961,20.889999389648438,20.979999542236328,20.690000534057617,20.7450008392334,11118800,2024-07-08,0,8,7,1.3882193233687377,0.6989565897766301,2.2399746808424874,2.301672855401112,20.87799987792969,20.911000061035157,21.023000049591065
20.417394638061523,21.25,21.614999771118164,20.799999237060547,20.809999465942383,15683100,2024-07-09,1,9,7,3.835296630859375,2.1143707128763816,2.326505350543177,2.4043032599490552,20.895999908447266,20.989000129699708,21.084000015258788
20.51347541809082,21.350000381469727,21.489999771118164,21.100000381469727,21.389999389648438,10414200,2024-07-10,2,10,7,1.8266950008437897,-0.18699864104749914,2.3556687489330796,2.2034503008687096,20.94199981689453,21.01200008392334,21.12200002670288
20.369354248046875,21.200000762939453,21.40999984741211,20.969999313354492,21.360000610351562,9411900,2024-07-11,3,11,7,2.0754741425613497,-0.7490629346450939,2.209563846854883,2.2728526116634904,21.047999954223634,21.04000015258789,21.154000091552735
20.340530395507812,21.170000076293945,21.40999984741211,20.979999542236328,21.190000534057617,9206500,2024-07-12,4,12,7,2.0311776269537822,-0.09438630136665713,2.2313725449174067,2.2763505749205573,21.172000122070312,21.053000068664552,21.167000102996827
20.599950790405273,21.440000534057617,21.479999542236328,21.149999618530273,21.260000228881836,9921600,2024-07-15,0,15,7,1.5391787102889625,0.8466618214389753,2.2615644223014515,2.2507695515719695,21.28200035095215,21.080000114440917,21.151000118255617
20.590341567993164,21.43000030517578,21.530000686645508,21.229999542236328,21.479999542236328,7878100,2024-07-16,1,16,7,1.3999119931730626,-0.2327711272164271,1.7744874947641893,2.050496422653683,21.318000411987306,21.107000160217286,21.142500114440917
19.994632720947266,20.809999465942383,21.290000915527344,20.729999542236328,21.18000030517578,12520200,2024-07-17,2,17,7,2.6910206038568774,-1.746935004259565,1.9473526153668068,2.1515106821499437,21.210000228881835,21.076000022888184,21.10000009536743
19.860118865966797,20.670000076293945,21.209999084472656,20.625,21.020000457763672,10713200,2024-07-18,3,18,7,2.8301842395423176,-1.6650826538895485,2.0982946347630005,2.1539292408089414,21.104000091552734,21.076000022888184,21.041500091552734
19.677566528320312,20.479999542236328,20.71500015258789,20.440000534057617,20.65999984741211,10035700,2024-07-19,4,19,7,1.342771604868135,-0.8712502735005018,1.9606134303458709,2.0959929876316385,20.96599998474121,21.069000053405762,20.991500091552734
19.783252716064453,20.59000015258789,20.790000915527344,20.479999542236328,20.6200008392334,9656900,2024-07-22,0,22,7,1.505591894092592,-0.14549313978894662,1.9538960671065972,2.1077302447040243,20.795999908447264,21.03900012969971,20.97500009536743
19.735214233398438,20.540000915527344,20.674999237060547,20.40999984741211,20.5,6290300,2024-07-23,1,23,7,1.2901625016389826,0.19512641720655488,1.9319461687997808,1.8532168317819853,20.618000030517578,20.968000221252442,20.978500175476075
19.2644100189209,20.049999237060547,20.670000076293945,20.030000686645508,20.40999984741211,9554200,2024-07-24,2,24,7,3.1920170274393755,-1.7638442579273654,2.032145453516281,1.9897490344415438,20.46599998474121,20.838000106811524,20.92500009536743
18.68791961669922,19.450000762939453,19.989999771118164,19.40999984741211,19.920000076293945,11529800,2024-07-25,3,25,7,2.9820046321602307,-2.35943429495174,2.062509532039863,2.080402083401432,20.222000122070312,20.663000106811523,20.85150012969971
18.98577308654785,19.760000228881836,19.90999984741211,19.53499984741211,19.579999923706055,7954800,2024-07-26,4,26,7,1.8977732573701505,0.9193069758792481,2.1735098625402665,2.0670616464430687,20.078000259399413,20.522000122070313,20.78750009536743
18.64948844909668,19.40999984741211,19.924999237060547,19.389999389648438,19.850000381469727,7886100,2024-07-29,0,29,7,2.756310415342119,-2.216627333006826,2.4236535667901715,2.188774816948384,19.842000198364257,20.319000053405762,20.69950008392334
18.26515769958496,19.010000228881836,19.690000534057617,18.989999771118164,19.559999465942383,11214600,2024-07-30,1,30,7,3.6822764571877498,-2.811857116960552,2.902076357899925,2.4170112633498535,19.536000061035157,20.077000045776366,20.592000102996828
19.12989616394043,19.90999984741211,20.094999313354492,19.639999389648438,19.799999237060547,12120400,2024-07-31,2,31,7,2.2852834113165263,0.555558659546155,2.7207296346753553,2.376437544095818,19.50800018310547,19.98700008392334,20.53150005340576
18.33241844177246,19.079999923706055,19.979999542236328,18.829999923706055,19.75,9310000,2024-08-01,3,1,8,6.027251693546654,-3.3924054495895963,3.32977904695264,2.6961442894962517,19.43400001525879,19.82800006866455,20.452000045776366
17.323558807373047,18.030000686645508,18.690000534057617,17.950000762939453,18.549999237060547,12776500,2024-08-02,4,2,8,4.104269234256149,-2.803226802166913,3.77107824232984,2.972294052435053,19.088000106811524,19.58300018310547,20.326000118255614
16.67020034790039,17.350000381469727,17.56999969482422,17.0,17.260000228881836,12876400,2024-08-05,0,5,8,3.2853007624887085,0.5214377253442317,3.8768763117591574,3.1502649392746647,18.67600021362305,19.25900020599365,20.14900016784668
16.574119567871094,17.25,17.559999465942383,17.229999542236328,17.399999618530273,14081300,2024-08-06,1,6,8,1.9130430359771287,-0.8620667920620533,3.523029627517033,3.212552992708479,18.32400016784668,18.93000011444092,19.94900016784668
16.064884185791016,16.719999313354492,17.270000457763672,16.610000610351562,17.25,18905800,2024-08-07,2,7,8,3.947367670553422,-3.0724677486696104,3.8554464793644123,3.288088057019884,17.686000061035156,18.597000122070312,19.717500114440917
16.631765365600586,17.309999465942383,17.329999923706055,16.913000106811523,16.913000106811523,9934500,2024-08-08,3,8,8,2.409011148238237,2.347303001381596,3.1317983703027292,3.230788708627684,17.33199996948242,18.382999992370607,19.523000049591065
16.660593032836914,17.34000015258789,17.434999465942383,17.110000610351562,17.200000762939453,7352800,2024-08-09,4,9,8,1.8742725070986586,0.8139499037121659,2.6857990248712307,3.2284386336005353,17.1939998626709,18.14099998474121,19.33150005340576
16.51647186279297,17.190000534057617,17.41900062561035,17.059999465942383,17.389999389648438,13676700,2024-08-12,0,12,8,2.0884301833307055,-1.1500797159882106,2.4464249090396306,3.161650610399394,17.161999893188476,17.91900005340576,19.119000053405763
17.102567672729492,17.799999237060547,17.8799991607666,17.31999969482422,17.360000610351562,16886400,2024-08-13,1,13,8,3.1460645502525306,2.53455421220791,2.693029211894711,3.108029419705872,17.271999740600585,17.797999954223634,18.9375
17.083351135253906,17.780000686645508,17.850000381469727,17.540000915527344,17.829999923706055,10201100,2024-08-14,2,14,8,1.7435289874607387,-0.2804219701317547,2.252261475276174,3.0538539773202933,17.48400001525879,17.585000038146973,18.786000061035157
18.02495574951172,18.760000228881836,18.80500030517578,18.110000610351562,18.299999237060547,13126900,2024-08-15,3,15,8,3.704689159620779,2.5136667267707336,2.511397077552682,2.821597723927706,17.77400016784668,17.553000068664552,18.69050006866455
17.9384822845459,18.670000076293945,18.829999923706055,18.559999465942383,18.690000534057617,8302500,2024-08-16,4,16,8,1.446172772685215,-0.10701154195916845,2.4257771306699936,2.5557880777706123,18.04000015258789,17.617000007629393,18.60000009536743
18.1402530670166,18.8799991607666,18.899999618530273,18.5,18.670000076293945,9017300,2024-08-19,0,19,8,2.1186421414757723,1.1247942346786628,2.431819522299007,2.4391222156693186,18.37799987792969,17.76999988555908,18.514500045776366
18.034563064575195,18.770000457763672,18.84000015258789,18.469999313354492,18.81999969482422,9747600,2024-08-20,1,20,8,1.9712351103345775,-0.26567076445966903,2.196853634315416,2.4449414231050635,18.572000122070314,17.92199993133545,18.426000022888182
18.1402530670166,18.8799991607666,18.899999618530273,18.5,18.809999465942383,7719800,2024-08-21,2,21,8,2.1186421414757723,0.372140865559093,2.271876265118423,2.2620688701972984,18.79199981689453,18.13799991607666,18.367500019073486
18.034563064575195,18.770000457763672,19.049999237060547,18.735000610351562,18.90999984741211,7195100,2024-08-22,3,22,8,1.6782025520872816,-0.7403457999900346,1.8665789436117237,2.188988010582203,18.793999862670898,18.28400001525879,18.3335000038147
18.45732307434082,19.209999084472656,19.31999969482422,18.8799991607666,19.06999969482422,7959500,2024-08-23,4,23,8,2.2904766008722373,0.7341341997317109,2.035439709249128,2.230608419959561,18.90199966430664,18.470999908447265,18.305999946594238
18.428497314453125,19.18000030517578,19.479999542236328,19.09000015258789,19.229999542236328,7313700,2024-08-26,0,26,8,2.0333648771798765,-0.2600064391615283,2.0183842563899494,2.225101889344478,18.961999893188477,18.669999885559083,18.294499969482423
18.351634979248047,19.100000381469727,19.34000015258789,19.030000686645508,19.059999465942383,7637300,2024-08-27,1,27,8,1.6230338206858645,0.20986839794418632,1.9487439984602062,2.0727988163878113,19.027999877929688,18.8,18.298999977111816
18.255550384521484,19.0,19.174999237060547,18.799999237060547,19.0,8707000,2024-08-28,2,28,8,1.9736842105263157,0.0,1.9197524122703151,2.095814338694369,19.052000045776367,18.92199993133545,18.25349998474121
17.948089599609375,18.68000030517578,19.040000915527344,18.65999984741211,18.959999084472656,9558700,2024-08-29,3,29,8,2.034266926697775,-1.4767868819475882,1.9909652871924137,1.9287721154020687,19.03400001525879,18.913999938964842,18.233500003814697
18.611055374145508,19.3700008392334,19.56999969482422,19.110000610351562,19.149999618530273,18330200,2024-08-30,4,30,8,2.374801572238143,1.1488314625878289,2.007830281465595,2.021634995357361,19.066000366210936,18.98400001525879,18.300500011444093
18.313201904296875,19.059999465942383,19.440000534057617,18.959999084472656,19.280000686645508,15341500,2024-09-03,1,3,9,2.518370739950219,-1.1410851289829627,2.1048314540196635,2.061607855204806,19.042000198364256,19.002000045776366,18.385999965667725
18.034563064575195,18.770000457763672,19.020999908447266,18.559999465942383,18.93000030517578,21890700,2024-09-04,2,4,9,2.4560491809375704,-0.8452184090475832,2.271434526070004,2.110089262265105,18.976000213623045,19.002000045776366,18.46199998855591
16.94883918762207,17.639999389648438,18.0,16.854999542236328,17.149999618530273,29090200,2024-09-05,3,5,9,6.49093252483662,2.857141586106672,3.1748841889320656,2.54731830060119,18.704000091552736,18.87800006866455,18.507999992370607
16.84314727783203,17.530000686645508,17.799999237060547,17.299999237060547,17.575000762939453,16208800,2024-09-06,4,6,9,2.8522531683692627,-0.2560459421932848,3.3384814372663625,2.664723362229388,18.47400016784668,18.754000091552733,18.51900005340576
16.9104061126709,17.600000381469727,17.850000381469727,17.530000686645508,17.600000381469727,13693000,2024-09-09,0,9,9,1.8181800448205245,0.0,3.22715713178284,2.617493706624217,18.120000076293945,18.593000221252442,18.532000064849854
15.469179153442383,16.100000381469727,16.530000686645508,15.949999809265137,16.389999389648438,70663200,2024-09-10,1,10,9,3.6024898362606397,-1.769365582538508,3.4439809510449235,2.7744062025322935,17.528000259399413,18.285000228881835,18.47750005722046
15.75742244720459,16.399999618530273,16.459999084472656,15.770000457763672,16.100000381469727,70763400,2024-09-11,2,11,9,4.207308797308499,1.8633492543629413,3.7942328743191096,3.032833700194557,17.054000091552734,18.01500015258789,18.407500076293946
16.199399948120117,16.860000610351562,16.934999465942383,16.200000762939453,16.360000610351562,41955200,2024-09-12,3,12,9,4.359422754419483,3.056234604805772,3.3679309202356817,3.271407554583874,16.89800033569336,17.80100021362305,18.36150007247925
16.478036880493164,17.149999618530273,17.200000762939453,16.84000015258789,16.920000076293945,19822600,2024-09-13,4,13,9,2.0991289700239304,1.3593353498772907,3.2173060805666154,3.277893758916489,16.822000122070314,17.648000144958495,18.28100004196167
16.554903030395508,17.229999542236328,17.309999465942383,16.809999465942383,16.84000015258789,14943400,2024-09-16,0,16,9,2.901915341171876,2.3159108439111518,3.434053139836885,3.3306051358098627,16.747999954223634,17.43400001525879,18.209000015258788
17.486896514892578,18.200000762939453,18.399999618530273,17.709999084472656,17.969999313354492,28391600,2024-09-17,1,17,9,3.7912115666646615,1.2799190783164596,3.4717974859176897,3.4578892184813066,17.16800003051758,17.348000144958498,18.17500009536743
17.582979202270508,18.299999237060547,18.56999969482422,18.034000396728516,18.270000457763672,17767100,2024-09-18,2,18,9,2.9289580352015276,0.16419692690334492,3.2161273334962956,3.5051801039077026,17.547999954223634,17.301000022888182,18.151500034332276
18.241008758544922,18.850000381469727,18.940000534057617,18.645000457763672,18.670000076293945,17085300,2024-09-19,3,19,9,1.5649871104721127,0.9641151817901433,2.6572402047068215,3.0125855624712514,17.945999908447266,17.422000122070312,18.15000009536743
18.202299118041992,18.809999465942383,18.889999389648438,18.5049991607666,18.790000915527344,30623000,2024-09-20,4,20,9,2.0467849006530923,0.10643187568188472,2.6467713908326536,2.932038735699635,18.277999877929688,17.55,18.15200004577637
18.221654891967773,18.829999923706055,18.864999771118164,18.625,18.81999969482422,11338800,2024-09-23,0,23,9,1.2745606590046559,0.0531361798299399,2.3213004543992097,2.877676797118048,18.59799995422363,17.672999954223634,18.133000087738036
18.270038604736328,18.8799991607666,18.959999084472656,18.79199981689453,18.950000762939453,10154800,2024-09-24,1,24,9,0.8898266686750401,-0.3694015797073413,1.7410234748012858,2.6064104803594876,18.73399963378906,17.95099983215332,18.118000030517578
19.20870018005371,19.850000381469727,20.084999084472656,19.579999923706055,19.690000534057617,24344100,2024-09-25,2,25,9,2.544076327766854,0.8125944290116146,1.664047133314351,2.4400872334053236,19.043999862670898,18.295999908447264,18.15550003051758
19.692546844482422,20.350000381469727,20.489999771118164,19.979999542236328,20.229999542236328,17618600,2024-09-26,3,26,9,2.5061435838902058,0.5931826097319473,1.8522784279979696,2.254759316352396,19.3439998626709,18.64499988555908,18.223000049591064
19.48933219909668,20.139999389648438,20.479999542236328,20.1299991607666,20.450000762939453,10396800,2024-09-27,4,27,9,1.7378371006784632,-1.5158990793429021,1.790488868003044,2.218630129417849,19.60999984741211,18.9439998626709,18.296000003814697
19.798994064331055,20.459999084472656,20.510000228881836,19.940000534057617,20.09000015258789,16962200,2024-09-30,0,30,9,2.7859223867551317,1.8417069640345636,2.092761213553139,2.2070308339761744,19.93599967956543,19.266999816894533,18.35049991607666
19.30547332763672,19.950000762939453,20.3799991607666,19.81999969482422,20.329999923706055,14802400,2024-10-01,1,1,10,2.807014759531628,-1.8691547574650933,2.4761988317244565,2.108611153262871,20.15,19.44199981689453,18.394999980926514
19.837703704833984,20.5,20.65999984741211,19.950000762939453,20.0,12851100,2024-10-02,2,2,10,3.463410168159299,2.5,2.6600655998029454,2.162056366558648,20.279999923706054,19.661999893188476,18.48149995803833
19.692546844482422,20.350000381469727,20.829999923706055,20.229999542236328,20.389999389648438,10884200,2024-10-03,3,3,10,2.9484047676779115,-0.19616973700851392,2.7485178365604868,2.300398132279228,20.279999923706054,19.811999893188478,18.617000007629393
19.953826904296875,20.6200008392334,20.75,20.283000946044922,20.690000534057617,8528200,2024-10-04,4,4,10,2.2647867844240106,-0.3383262108137354,2.8539077733095963,2.32219832065632,20.376000213623048,19.993000030517578,18.771500015258788
20.186073303222656,20.860000610351562,20.924999237060547,20.5,20.510000228881836,10961300,2024-10-07,0,7,10,2.037388421022602,1.7064864825153045,2.7042009801630904,2.3984810968581143,20.456000518798827,20.19600009918213,18.93450002670288
20.292516708374023,20.969999313354492,21.049999237060547,20.760000228881836,20.959999084472656,11588800,2024-10-08,1,8,10,1.3829233079374903,0.04771101774161904,2.4193826898442627,2.44779076078436,20.660000228881835,20.405000114440917,19.17799997329712
20.176395416259766,20.850000381469727,20.895999908447266,20.503000259399414,20.81999969482422,10816900,2024-10-09,2,9,10,1.884890368621417,0.14409551914146224,2.1036787299366866,2.381872164869816,20.730000305175782,20.505000114440918,19.40050001144409
19.87640953063965,20.540000915527344,20.940000534057617,20.389999389648438,20.700000762939453,18463700,2024-10-10,3,10,10,2.6777074970498314,-0.7729460942753559,2.04953927581107,2.3990285561857787,20.768000411987305,20.52400016784668,19.58450002670288
20.00221061706543,20.670000076293945,20.81999969482422,20.5,20.530000686645508,8488000,2024-10-11,4,11,10,1.5481359150608842,0.6819258887775159,1.9062091019384446,2.38005843762402,20.778000259399413,20.577000236511232,19.760500049591066
20.050594329833984,20.719999313354492,20.93000030517578,20.6299991607666,20.649999618530273,8153300,2024-10-14,0,14,10,1.447882019068516,0.33898157926068206,1.7883078215476278,2.246254400855359,20.75,20.603000259399415,19.935000038146974
20.069948196411133,20.739999771118164,21.09000015258789,20.65999984741211,20.809999465942383,14362600,2024-10-15,1,15,10,2.0732898260422616,-0.3363752840973406,1.9263811251685818,2.1728819075064223,20.704000091552736,20.682000160217285,20.061999988555907
20.215103149414062,20.889999389648438,20.969999313354492,20.690000534057617,20.799999237060547,13599300,2024-10-16,2,16,10,1.340348432157552,0.43269305715902245,1.8174727378758093,1.9605757339062477,20.711999893188477,20.721000099182127,20.191499996185303
20.26348876953125,20.940000534057617,21.0,20.674999237060547,20.81999969482422,9672800,2024-10-17,3,17,10,1.5520570900218433,0.5763729154291497,1.5923426564702114,1.8209409661406408,20.79199981689453,20.780000114440917,20.296000003814697
20.021562576293945,20.690000534057617,21.059999465942383,20.389999389648438,21.030000686645508,10429200,2024-10-18,4,18,10,3.2382796471709336,-1.6167386661275664,1.9303714028922214,1.9182902524153331,20.795999908447264,20.78700008392334,20.39000005722046
19.3248233795166,19.969999313354492,20.68000030517578,19.889999389648438,20.68000030517578,15063900,2024-10-21,0,21,10,3.955938621385171,-3.4332736041768355,2.4319827233555524,2.1101452724515903,20.645999908447266,20.697999954223633,20.44700002670288
19.24740982055664,19.889999389648438,19.959999084472656,19.56999969482422,19.850000381469727,11112200,2024-10-22,1,22,10,1.9607813052594107,0.2015063345593213,2.4094810191989824,2.167931072183782,20.47599983215332,20.589999961853028,20.497500038146974
18.686145782470703,19.309999465942383,19.850000381469727,19.2450008392334,19.829999923706055,10069800,2024-10-23,2,23,10,3.1330893783989158,-2.622291778942621,2.768029208447255,2.292750973161532,20.15999984741211,20.435999870300293,20.470499992370605
18.773237228393555,19.399999618530273,19.469999313354492,19.235000610351562,19.420000076293945,9434600,2024-10-24,3,24,10,1.2113335444525797,-0.10298896851234567,2.699884499333402,2.146113577901807,19.85199966430664,20.321999740600585,20.422999954223634
18.831300735473633,19.459999084472656,19.860000610351562,19.440000534057617,19.579999923706055,7901400,2024-10-25,4,25,10,2.1582738748896855,-0.6128745643564076,2.4838833448771527,2.207127373884687,19.605999374389647,20.200999641418456,20.388999938964844
19.092578887939453,19.729999542236328,19.8799991607666,19.479999542236328,19.594999313354492,8955900,2024-10-28,0,28,10,2.027367601676765,0.6889524552819445,2.0981691409354712,2.265075932145512,19.557999420166016,20.10199966430664,20.352499961853027
19.228055953979492,19.8700008392334,19.975000381469727,19.690000534057617,19.729999542236328,9709400,2024-10-29,1,29,10,1.4343222716396469,0.7095859110253261,1.992877334211519,2.20117917670525,19.55399971008301,20.014999771118163,20.348499965667724
19.682872772216797,20.34000015258789,21.049999237060547,20.229999542236328,20.950000762939453,15599700,2024-10-30,2,30,10,4.0314635627959365,-2.9116973180767296,2.172552171090923,2.4702906897690893,19.75999984741211,19.95999984741211,20.34049997329712
18.86033058166504,19.489999771118164,20.239999771118164,19.489999771118164,20.190000534057617,12163500,2024-10-31,3,31,10,3.8481272899315773,-3.4670665895161954,2.6999109201867224,2.6998977097600623,19.777999877929688,19.814999771118163,20.29749994277954
19.411916732788086,20.059999465942383,20.2450008392334,19.510000228881836,19.55500030517578,12602000,2024-11-01,4,1,11,3.6640111162487186,2.5824553970113686,3.001058368458529,2.7424708566678406,19.897999954223632,19.75199966430664,20.26949987411499
19.3635311126709,20.010000228881836,20.389999389648438,20.010000228881836,20.149999618530273,8093400,2024-11-04,0,4,11,1.8990462589706627,-0.6947860659991861,2.9753940999173087,2.5367816204263898,19.954000091552736,19.755999755859374,20.226999855041505
19.353857040405273,20.0,20.274999618530273,19.860000610351562,20.020000457763672,9456000,2024-11-05,1,5,11,2.0749950408935547,-0.09990238414762764,3.10352865376809,2.5482029939898045,19.979999923706053,19.766999816894533,20.17849988937378
20.640888214111328,21.329999923706055,21.389999389648438,20.68000030517578,20.729999542236328,15601000,2024-11-06,2,6,11,3.328640820497926,2.894357909884446,2.9629641053084876,2.567758138199705,20.177999877929686,19.9689998626709,20.202499866485596
20.74733543395996,21.440000534057617,21.665000915527344,21.170000076293945,21.360000610351562,11975400,2024-11-07,3,7,11,2.308772513541152,0.37453146732254694,2.6550931500304027,2.6775020351085628,20.568000030517577,20.172999954223634,20.247499847412108
21.327951431274414,22.040000915527344,22.200000762939453,21.3799991607666,21.469999313354492,14164900,2024-11-08,4,8,11,3.7205152818081526,2.6548748039237546,2.6663939831422896,2.8337261758004093,20.96400032043457,20.4310001373291,20.315999889373778
21.3085994720459,22.020000457763672,22.399999618530273,21.889999389648438,22.1200008392334,10395900,2024-11-11,0,11,11,2.3160772855571095,-0.45208127339832516,2.749800188459579,2.8625971441884435,21.366000366210937,20.660000228881835,20.380999946594237
21.027965545654297,21.729999542236328,22.110000610351562,21.700000762939453,21.829999923706055,8487500,2024-11-12,1,12,11,1.8867917903780798,-0.45808695290526413,2.712159538356484,2.907844096062287,21.7120002746582,20.846000099182127,20.430499935150145
21.14409065246582,21.850000381469727,22.149999618530273,21.610000610351562,21.760000228881836,10682400,2024-11-13,2,13,11,2.4713912986320428,0.4136036380571095,2.5407096339833073,2.7518368696458975,21.816000366210936,20.99700012207031,20.478499984741212
20.65056610107422,21.34000015258789,22.040000915527344,21.34000015258789,21.709999084472656,9000700,2024-11-14,3,14,11,3.2802284814162217,-1.7042788921598568,2.7350008275583213,2.6950469887943624,21.796000289916993,21.182000160217285,20.498499965667726
20.38928985595703,21.06999969482422,21.489999771118164,20.979999542236328,21.389999389648438,10918000,2024-11-15,4,15,11,2.4205042063057833,-1.4960247964246352,2.474998612457848,2.5706962978000685,21.602000045776368,21.283000183105468,20.517499923706055
20.68927001953125,21.3799991607666,21.860000610351562,21.290000915527344,21.809999465942383,12030800,2024-11-18,0,18,11,2.6660417081315773,-1.971574120610376,2.5449914969727407,2.64739584271616,21.473999786376954,21.420000076293945,20.58799991607666
20.834426879882812,21.530000686645508,21.565000534057617,20.860000610351562,21.219999313354492,9248700,2024-11-19,1,19,11,3.2745002379091774,1.4608924755992845,2.8225331864789602,2.7673463624177224,21.43400001525879,21.573000144958495,20.669999980926512
20.495737075805664,21.18000030517578,21.559999465942383,21.075000762939453,21.559999465942383,10338300,2024-11-20,2,20,11,2.2898899717409824,-1.7625193422053356,2.7862329211007486,2.663471277542028,21.3,21.55800018310547,20.763500022888184
21.037641525268555,21.739999771118164,21.959999084472656,21.299999237060547,21.31999969482422,12939500,2024-11-21,3,21,11,3.0358778949433414,1.9699816243238844,2.7373628038061724,2.736181815682247,21.379999923706055,21.588000106811524,20.880500030517577
21.38601303100586,22.100000381469727,22.219999313354492,21.719999313354492,21.809999465942383,8865800,2024-11-22,4,22,11,2.262443399861825,1.329669521451376,2.7057506425173807,2.590374627487614,21.586000061035158,21.59400005340576,21.012500095367432
21.49245834350586,22.209999084472656,22.6200008392334,22.06999969482422,22.399999618530273,21880100,2024-11-25,0,25,11,2.4763672538541153,-0.8482166843451208,2.6678157516618883,2.606403624317315,21.752000045776366,21.61299991607666,21.136500072479247
21.415042877197266,22.1299991607666,22.25,21.934999465942383,22.170000076293945,8299400,2024-11-26,1,26,11,1.423409606883624,-0.18042812534816427,2.297597625456778,2.5600654059678694,21.871999740600586,21.652999877929688,21.249499988555907
20.128009796142578,20.799999237060547,21.450000762939453,20.635000228881836,21.1200008392334,16174000,2024-11-27,2,27,11,3.918271942075287,-1.515159040990203,2.6232740195236386,2.704753470312194,21.79599952697754,21.547999763488768,21.27249994277954
20.534440994262695,21.219999313354492,21.420000076293945,20.809999465942383,20.829999923706055,7085600,2024-11-29,4,29,11,2.874649529171604,1.8722966446321962,2.591028346369291,2.6641955750877315,21.691999435424805,21.53599967956543,21.358999919891357
20.563472747802734,21.25,21.600000381469727,20.989999771118164,21.200000762939453,12697300,2024-12-02,0,2,12,2.8705911075367645,0.2358454493452306,2.712657887904279,2.70920426521083,21.52199935913086,21.55399971008301,21.41849994659424
20.611854553222656,21.299999237060547,21.31999969482422,20.959999084472656,21.059999465942383,9325900,2024-12-03,1,3,12,1.6901437711095595,1.1396000816917622,2.5554131913553677,2.611614471508628,21.339999389648437,21.5459997177124,21.482999897003175
21.056995391845703,21.760000228881836,22.079999923706055,21.3700008392334,21.5,11767000,2024-12-04,2,4,12,3.2628634053518133,1.2093033901480743,2.9233039510490055,2.6104507882528916,21.265999603271485,21.568999671936034,21.570999908447266
20.95054817199707,21.649999618530273,22.739999771118164,21.56999969482422,22.600000381469727,26020400,2024-12-05,3,5,12,5.404157491497322,-4.203543127894728,3.2204810609334125,2.9218775402285257,21.43599967956543,21.615999603271483,21.586999893188477
23.176244735717773,23.950000762939453,24.239999771118164,22.459999084472656,22.68000030517578,37723200,2024-12-06,4,6,12,7.4321529433932385,5.59964920932495,4.1319817437777395,3.3615050450735153,21.981999969482423,21.836999702453614,21.71249990463257
22.363380432128906,23.110000610351562,23.920000076293945,23.059999465942383,23.850000381469727,22240200,2024-12-09,0,9,12,3.7213352991706374,-3.1027243575774,4.302130582104514,3.5073942350043965,22.354000091552734,21.937999725341797,21.76599988937378
21.21182632446289,21.920000076293945,22.899999618530273,21.770000457763672,22.6299991607666,20630800,2024-12-10,1,10,12,5.1551056424889055,-3.1374242633803293,4.995122956380383,3.7752680738678754,22.478000259399415,21.908999824523924,21.760999870300292
21.202150344848633,21.90999984741211,22.0,21.204999923706055,21.829999923706055,16182300,2024-12-11,2,11,12,3.628480519537048,0.3664678148678307,5.06824637921743,3.9957751651332183,22.50800018310547,21.886999893188477,21.76999988555908
21.12473487854004,21.829999923706055,22.170000076293945,21.760000228881836,21.823999404907227,12668200,2024-12-12,3,12,12,1.87814864335787,0.027495046565474524,4.363044609589539,3.7917628352614763,22.544000244140626,21.989999961853027,21.7689998626709
21.12473487854004,21.829999923706055,22.06999969482422,21.68000030517578,21.72800064086914,10279500,2024-12-13,4,13,12,1.7865295053204369,0.4694370389747651,3.2339199219749792,3.6829508328763594,22.120000076293945,22.051000022888182,21.793499851226805
21.14409065246582,21.850000381469727,22.040000915527344,21.25,21.83300018310547,22024400,2024-12-16,0,16,12,3.6155647676661724,0.07786469207934459,3.2127658156740866,3.7574481988893,21.868000030517578,22.111000061035156,21.83249988555908
20.844104766845703,21.540000915527344,21.90999984741211,21.360000610351562,21.360000610351562,13269400,2024-12-17,1,17,12,2.5533853931458004,0.8426980338593663,2.6924217658054657,3.843772361092925,21.792000198364256,22.135000228881836,21.84049997329712
19.92479705810547,20.59000015258789,21.799999237060547,20.549999237060547,21.670000076293945,15360500,2024-12-18,2,18,12,6.070908162877753,-4.983848269052516,3.1809072944736068,4.1245768368455185,21.528000259399413,22.018000221252443,21.79349994659424
20.215103149414062,20.889999389648438,21.200000762939453,20.760000228881836,21.09000015258789,18372300,2024-12-19,3,19,12,2.10627356109761,-0.9483203484705126,3.226532278021555,3.7947884438055475,21.34000015258789,21.94200019836426,21.778999900817873
21.04279136657715,21.610000610351562,21.639999389648438,20.600000381469727,20.610000610351562,43682400,2024-12-20,4,20,12,4.812582039819719,4.85201344194886,3.831742784921411,3.532831353448195,21.296000289916993,21.70800018310547,21.77249994277954
21.24728012084961,21.81999969482422,21.860000610351562,21.389999389648438,21.600000381469727,14384000,2024-12-23,0,23,12,2.1539927922850106,1.0185153216165028,3.539428389845179,3.3760971027596325,21.29000015258789,21.579000091552736,21.758499908447266
21.315444946289062,21.889999389648438,21.920000076293945,21.749000549316406,21.860000610351562,5955400,2024-12-24,1,24,12,0.781176481249255,0.1372313744706366,3.1849866074658695,2.9387041866356673,21.35999984741211,21.576000022888184,21.742499923706056
21.45176887512207,22.030000686645508,22.049999237060547,21.774999618530273,21.790000915527344,4815400,2024-12-26,3,26,12,1.2482960052605765,1.1014215742742008,2.220464175942434,2.7006857352080202,21.647999954223632,21.588000106811524,21.7375
21.081741333007812,21.649999618530273,21.915000915527344,21.520000457763672,21.825000762939453,6571000,2024-12-27,4,27,12,1.8244825160439737,-0.8018379761358141,2.1641059669317073,2.6953191224766306,21.8,21.570000076293944,21.780000019073487
20.83830451965332,21.399999618530273,21.610000610351562,21.125,21.315000534057617,7219100,2024-12-30,0,30,12,2.2663580326964126,0.39877589651871076,1.6548611655070455,2.7433019752142282,21.75799980163574,21.52700004577637,21.789000034332275
20.78961944580078,21.350000381469727,21.594999313354492,21.184999465942383,21.469999313354492,7318600,2024-12-31,1,31,12,1.9203739582504173,-0.558914465405341,1.608137398700127,2.573782894272653,21.663999938964842,21.477000045776368,21.79400005340576
20.906465530395508,21.469999313354492,21.56999969482422,21.149999618530273,21.440000534057617,11584500,2025-01-02,3,2,1,1.9562183964891993,0.13991967607100425,1.843145781748116,2.5140661946069924,21.579999923706055,21.469999885559083,21.80250005722046
21.24728012084961,21.81999969482422,21.850000381469727,21.440000534057617,21.56999969482422,8661800,2025-01-03,4,3,1,1.8790094094701697,1.15901716985183,1.9692884625900344,2.0948763192662345,21.5379997253418,21.592999839782713,21.805500030517578
22.250246047973633,22.850000381469727,23.059999465942383,22.170000076293945,22.219999313354492,21505800,2025-01-06,0,6,1,3.894964441095524,2.835288422968564,2.3833848476003445,2.273745407266026,21.777999877929688,21.788999938964842,21.865500068664552
21.695207595825195,22.280000686645508,23.049999237060547,22.2549991607666,23.049999237060547,12107300,2025-01-07,1,7,1,3.568222853648579,-3.340557813021573,2.6437578117907776,2.1493094886489117,21.954000091552736,21.85599994659424,21.782000064849854
21.45176887512207,22.030000686645508,22.2450008392334,21.600000381469727,22.200000762939453,14520700,2025-01-08,2,8,1,2.92782767889185,-0.7657660831153773,2.8452485559190643,2.226692977309596,22.09000015258789,21.877000045776366,21.72800006866455
21.500455856323242,22.079999923706055,22.979999542236328,21.485000610351562,21.829999923706055,26537200,2025-01-10,4,10,1,6.770828519250443,1.145213013622209,3.8081705804713133,2.825658181109715,22.2120002746582,21.896000099182128,21.736000061035156
21.4030818939209,21.979999542236328,22.0,21.165000915527344,21.540000915527344,14949500,2025-01-13,0,13,1,3.798904012114007,2.042704772550899,4.19214950100008,3.0807189817950578,22.244000244140626,21.89099998474121,21.739500045776367
21.948381423950195,22.540000915527344,22.899999618530273,22.030000686645508,22.15999984741211,17645900,2025-01-14,1,14,1,3.8597998959504976,1.7148062758656186,4.1851165919710756,3.2842507197857103,22.182000350952148,21.98000011444092,21.77500009536743
22.68843650817871,23.299999237060547,23.34000015258789,22.950000762939453,23.155000686645508,17963000,2025-01-15,2,15,1,1.6738171777624427,0.6262083615426797,3.8062354567938477,3.224996634292313,22.386000061035155,22.170000076293945,21.848500061035157
22.795549392700195,23.40999984741211,23.510000228881836,23.21500015258789,23.360000610351562,11090300,2025-01-16,3,16,1,1.2601455711951082,0.2140378242900842,3.4726990352545,3.1589737955867823,22.661999893188476,22.376000022888185,21.926500034332275
22.532634735107422,23.139999389648438,23.700000762939453,23.09000015258789,23.700000762939453,19931100,2025-01-17,4,17,1,2.636130624205821,-2.3628749167245178,2.6457594562455755,3.2269650183584444,22.873999786376952,22.54300003051758,22.00649995803833
23.077938079833984,23.700000762939453,23.75,23.110000610351562,23.29199981689453,11827700,2025-01-21,1,21,1,2.7004192786745715,1.7516784700856127,2.426062509557688,3.309106005278884,23.21800003051758,22.7310001373291,22.16199998855591
23.779037475585938,24.420000076293945,24.65999984741211,23.84000015258789,24.09000015258789,14117400,2025-01-22,2,22,1,3.357902097716391,1.3698626883180163,2.325682949910867,3.255399770940971,23.5939998626709,22.888000106811525,22.338500022888184
23.720613479614258,24.360000610351562,24.415000915527344,24.059999465942383,24.270000457763672,9303000,2025-01-23,3,23,1,1.457312974918836,0.3708288046574828,2.2823821093421452,3.0443087830679967,23.8060001373291,23.096000099182127,22.476000022888183
23.7303524017334,24.3700008392334,24.53499984741211,24.15999984741211,24.520000457763672,9462800,2025-01-24,4,24,1,1.5387771320725006,-0.6117439466962965,2.338108421517624,2.905403728386062,23.99800033569336,23.330000114440917,22.603500080108642
22.34762191772461,22.950000762939453,23.469999313354492,22.3799991607666,23.260000228881836,17887200,2025-01-27,0,27,1,4.749455844672846,-1.3327577940324262,2.7607734656110288,2.703266460928302,23.960000610351564,23.417000198364256,22.656500148773194
20.896730422973633,21.459999084472656,23.040000915527344,20.979999542236328,23.040000915527344,30977900,2025-01-28,1,28,1,9.599261235670443,-6.857646563676467,4.140541857010203,3.2833021832839457,23.512000274658202,23.36500015258789,22.62800006866455
21.091482162475586,21.65999984741211,22.200000762939453,21.625,21.84000015258789,15537200,2025-01-29,2,29,1,2.6546665142666335,-0.8241772157426127,3.999894740320252,3.1627888451155592,22.960000228881835,23.27700004577637,22.628500080108644
20.63381576538086,21.190000534057617,22.09000015258789,20.34000015258789,22.049999237060547,27898800,2025-01-30,3,30,1,8.258612344946917,-3.900221010246052,5.360154614325868,3.8212683618340066,22.326000213623047,23.066000175476074,22.61800012588501
20.63381576538086,21.190000534057617,21.56999969482422,20.979999542236328,21.209999084472656,17010800,2025-01-31,4,31,1,2.7843328821045246,-0.094288313428922,5.609265764332273,3.9736870929249486,21.690000152587892,22.844000244140624,22.610000133514404
19.922977447509766,20.459999084472656,20.929000854492188,20.40999984741211,20.614999771118164,16941500,2025-02-03,0,3,2,2.536661927194094,-0.7518830384013171,5.166706980836522,3.9637402232237755,21.19199981689453,22.576000213623047,22.55950012207031
20.283266067504883,20.829999923706055,20.84000015258789,20.389999389648438,20.579999923706055,15540300,2025-02-04,1,4,2,2.1603493259129567,1.214771627438276,3.6789245988850245,3.9097332279476147,21.06599998474121,22.28900012969971,22.510000133514403
20.799354553222656,21.360000610351562,21.479999542236328,20.780000686645508,20.809999465942383,12062000,2025-02-05,2,5,2,3.2771481066886503,2.6429656824802463,3.803420917369428,3.901657828844841,21.006000137329103,21.983000183105467,22.435500144958496
20.799354553222656,21.360000610351562,21.700000762939453,21.239999771118164,21.559999465942383,10698800,2025-02-06,3,6,2,2.1535626342555516,-0.92763849974464,2.582410975231155,3.9712827947785114,21.04000015258789,21.68300018310547,22.3895001411438
20.71171760559082,21.270000457763672,21.700000762939453,21.139999389648438,21.559999465942383,10204900,2025-02-07,4,7,2,2.632822572820453,-1.3450789209749878,2.5521089133743406,4.080687338853307,21.0560001373291,21.373000144958496,22.35150012969971
20.86751937866211,21.43000030517578,21.469999313354492,21.075000762939453,21.389999389648438,10673500,2025-02-10,0,10,2,1.8432036621093228,0.18700755805865968,2.4134172603573867,3.790062120596955,21.250000381469725,21.221000099182127,22.319000148773192
20.624080657958984,21.18000030517578,21.424999237060547,21.1200008392334,21.229999542236328,11291800,2025-02-11,1,11,2,1.4400301861781164,-0.2355121909497698,2.2693534324104183,2.9741390156477214,21.320000457763673,21.19300022125244,22.279000186920165
20.536441802978516,21.09000015258789,21.274999618530273,20.860000610351562,20.989999771118164,7928600,2025-02-12,2,12,2,1.9677525138746272,0.4764191641741948,2.007474313847614,2.9054476156085216,21.26600036621094,21.13600025177002,22.206500148773195
20.72145652770996,21.280000686645508,21.440000534057617,20.989999771118164,21.25,9625100,2025-02-13,3,13,2,2.114665171142856,0.14117970186121326,1.999694821225075,2.2910528982281155,21.250000381469725,21.14500026702881,22.10550022125244
21.140167236328125,21.709999084472656,21.770000457763672,21.18000030517578,21.290000915527344,9807700,2025-02-14,4,14,2,2.717642457248505,1.9727484776151283,2.016658798110685,2.2843838557425133,21.338000106811524,21.197000122070314,22.02050018310547
21.208332061767578,21.780000686645508,21.860000610351562,21.290000915527344,21.80500030517578,11685600,2025-02-18,1,18,2,2.6170784061256542,-0.11465085154958407,2.1714337469139515,2.2924255036356693,21.408000183105468,21.3290002822876,21.95250024795532
21.2764949798584,21.850000381469727,21.905000686645508,21.600000381469727,21.700000762939453,8427700,2025-02-19,2,19,2,1.3958823791803778,0.6912424574032812,2.162604185514404,2.2159788089624115,21.542000198364256,21.431000328063966,21.860000228881837
21.16938018798828,21.739999771118164,21.96500015258789,21.53499984741211,21.860000610351562,8675800,2025-02-20,3,20,2,1.9779223077409667,-0.548951673755093,2.1646381442876717,2.086056229067643,21.672000122070312,21.469000244140624,21.726000213623045
20.585128784179688,21.139999389648438,21.975000381469727,21.059999465942383,21.889999389648438,7811900,2025-02-21,4,21,2,4.328292062181371,-3.4262221147190504,2.6073635224953744,2.303529171860225,21.6439998626709,21.447000122070314,21.565000152587892
20.205364227294922,20.75,21.256000518798828,20.65999984741211,21.200000762939453,13306200,2025-02-24,0,24,2,2.8722923922251504,-2.122645031815834,2.638293509490704,2.3274761538006947,21.452000045776366,21.395000076293947,21.38400011062622
19.757436752319336,20.290000915527344,20.729999542236328,20.165000915527344,20.709999084472656,11058000,2025-02-25,1,25,2,2.784616073016574,-2.027997042550362,2.6718010428688874,2.4216173948914195,21.154000091552735,21.2810001373291,21.251000118255615
19.83534049987793,20.3700008392334,20.78499984741211,20.239999771118164,20.489999771118164,10821500,2025-02-26,2,26,2,2.675503455278482,-0.5856463310161234,2.9277252580885085,2.5451647218014566,20.858000183105467,21.200000190734862,21.19650020599365
19.319252014160156,19.84000015258789,20.68000030517578,19.809999465942383,20.489999771118164,9331100,2025-02-27,3,27,2,4.385084841442994,-3.1722773342656905,3.409157764828914,2.786897954558293,20.478000259399415,21.075000190734862,21.10550022125244
19.290037155151367,19.809999465942383,20.030000686645508,19.239999771118164,19.600000381469727,17708400,2025-02-28,4,28,2,3.9878896356636653,1.0714238795178495,3.341077279525373,2.974220401010374,20.2120002746582,20.928000068664552,21.03650016784668
18.53050994873047,19.030000686645508,20.09000015258789,18.885000228881836,20.06999969482422,11757900,2025-03-03,0,3,3,6.332106569768416,-5.181858614810605,4.0330401150340265,3.335666812262365,19.868000411987303,20.660000228881835,20.928500175476074
18.345497131347656,18.84000015258789,19.1200008392334,18.334999084472656,18.860000610351562,16369000,2025-03-04,1,4,3,4.166675946936833,-0.10604696244121199,4.309452089818078,3.490626566343483,19.578000259399413,20.366000175476074,20.847500228881835
18.394184112548828,18.889999389648438,19.100000381469727,18.575000762939453,18.950000762939453,15371900,2025-03-05,2,5,3,2.779246349885902,-0.3166299254634354,4.330200668739562,3.6289629634140352,19.28199996948242,20.070000076293944,20.750500202178955
17.488595962524414,17.959999084472656,18.687999725341797,17.8799991607666,18.31999969482422,25150000,2025-03-06,3,6,3,4.498889787103349,-1.9650688665309866,4.352961657871632,3.881059711350274,18.905999755859376,19.692000007629396,20.58050012588501
15.395027160644531,15.8100004196167,16.040000915527344,14.930000305175781,15.260000228881836,81950800,2025-03-07,4,7,3,7.020876539473702,3.6041951670086183,4.95955903863364,4.150318159079506,18.10599994659424,19.15900011062622,20.303000116348265
14.684187889099121,15.079999923706055,15.670000076293945,14.850000381469727,15.510000228881836,32930200,2025-03-10,0,10,3,5.437663786291956,-2.7724068267585147,4.780670481938348,4.406855298486187,17.31599979400635,18.592000102996828,19.993500089645387
14.93736457824707,15.34000015258789,15.505000114440918,14.920000076293945,15.020000457763672,29627200,2025-03-11,1,11,3,3.8135595327766794,2.13049057970444,4.7100471991063175,4.509749644462198,16.61599979400635,18.09700002670288,19.68900008201599
14.693926811218262,15.09000015258789,15.520000457763672,14.930000305175781,15.25,26594000,2025-03-12,2,12,3,3.909875060449932,-1.0491793272925205,4.936172941219124,4.633186804979343,15.855999946594238,17.56899995803833,19.384500074386597
14.382326126098633,14.770000457763672,15.425000190734863,14.640000343322754,15.109999656677246,30915000,2025-03-13,3,13,3,5.314826154927326,-2.250160202772245,5.0993602147839185,4.726160936327776,15.218000221252442,17.061999988555907,19.068500089645386
15.210015296936035,15.619999885559082,15.6899995803833,15.050000190734863,15.050000190734863,27800100,2025-03-14,4,14,3,4.097307262083441,3.787373339537391,4.514646359305866,4.737102698969753,15.180000114440919,16.643000030517577,18.785500049591064
15.424240112304688,15.84000015258789,15.960000038146973,15.600000381469727,15.649999618530273,19419600,2025-03-17,0,17,3,2.2727250833923156,1.2140609500887678,3.8816586187259383,4.331164550332144,15.332000160217286,16.323999977111818,18.492000102996826
15.511878967285156,15.930000305175781,16.040000915527344,15.720000267028809,15.755000114440918,24407600,2025-03-18,1,18,3,2.008792481909523,1.1107596919308138,3.5207052085525072,4.115376203829412,15.450000190734864,16.032999992370605,18.19950008392334
15.911115646362305,16.34000015258789,16.545000076293945,16.06399917602539,16.079999923706055,21482800,2025-03-19,2,19,3,2.94370193253869,1.6169168539517762,3.327470582970259,4.131821762094691,15.700000190734864,15.77800006866455,17.92400007247925
15.80400276184082,16.229999542236328,16.479999542236328,16.06100082397461,16.100000381469727,19402600,2025-03-20,3,20,3,2.5816311157084915,0.8074481843877714,2.7808315751264923,3.9400958949552054,15.992000007629395,15.605000114440918,17.648500061035158
15.754921913146973,16.049999237060547,16.1200008392334,15.781000137329102,15.9399995803833,47407400,2025-03-21,4,21,3,2.1121540063473714,0.6900856936823143,2.3838009239792783,3.449223641642573,16.077999877929688,15.628999996185303,17.39400005340576
16.177017211914062,16.479999542236328,16.549999237060547,16.315000534057617,16.399999618530273,24161700,2025-03-24,0,24,3,1.425963043267418,0.4878044241882981,2.2144485159542984,3.048053567340119,16.205999755859374,15.76899995803833,17.180500030517578
16.216283798217773,16.520000457763672,16.59000015258789,16.399999618530273,16.459999084472656,21198200,2025-03-25,1,25,3,1.150124266300037,0.36452841208002984,2.042714872832401,2.7817100406924546,16.32399978637695,15.886999988555909,16.992000007629393
15.774555206298828,16.06999969482422,16.549999237060547,16.03499984741211,16.5,23621500,2025-03-26,2,26,3,3.2047255720503034,-2.6060624556107954,2.094919600734724,2.7111950918524914,16.269999694824218,15.984999942779542,16.776999950408936
15.646944999694824,15.9399995803833,16.059999465942383,15.760000228881836,15.960000038146973,18129300,2025-03-27,3,27,3,1.8820529796609504,-0.12531615110192706,1.9550039735252156,2.3679177743258544,16.211999702453614,16.101999855041505,16.581999921798705
15.499703407287598,15.789999961853027,15.920000076293945,15.520000457763672,15.850000381469727,19216400,2025-03-28,4,28,3,2.533246481929261,-0.378551534212238,2.0392224686415936,2.211511696310436,16.15999984741211,16.118999862670897,16.380999946594237
15.146322250366211,15.430000305175781,15.550000190734863,15.239999771118164,15.479999542236328,31786500,2025-03-31,0,31,3,2.0090759137102143,-0.32299249702254,2.1558450427301525,2.185146779342226,15.95,16.077999877929688,16.20099992752075
15.352460861206055,15.640000343322754,15.734999656677246,15.274999618530273,15.489999771118164,22897300,2025-04-01,1,1,4,2.9411766499312275,0.9683703965204247,2.5140555194563907,2.2783851961443964,15.773999977111817,16.048999881744386,16.040999937057496
15.823637008666992,16.1200008392334,16.200000762939453,15.390000343322754,15.390000343322754,23638200,2025-04-02,2,2,4,5.024816237262799,4.7433429475352105,2.87807365249889,2.4864966266168076,15.784000205993653,16.026999950408936,15.902500009536743
13.428495407104492,13.680000305175781,15.300000190734863,13.600000381469727,15.130000114440918,35325800,2025-04-03,3,3,4,12.426898913313238,-9.583607391259541,4.987042839229348,3.4710234063772822,15.332000350952148,15.77200002670288,15.6885000705719
12.554858207702637,12.789999961853027,13.3100004196167,11.96500015258789,13.3100004196167,32655000,2025-04-04,4,4,4,10.516030266148208,-3.906840280765722,6.583599596073137,4.311411032357365,14.732000350952148,15.446000099182129,15.537500047683716
13.084929466247559,13.329999923706055,14.199999809265137,12.3100004196167,12.34000015258789,35719900,2025-04-07,0,7,4,14.17854013852817,8.022688483602211,9.017492441036728,5.586668741883441,14.312000274658203,15.131000137329101,15.450000047683716
12.28000545501709,12.510000228881836,13.949999809265137,12.260000228881836,13.710000038146973,31348400,2025-04-08,1,8,4,13.50918904447019,-8.752733814195723,11.13109491994452,6.8225752197004566,13.68600025177002,14.730000114440918,15.308500051498413
14.233419418334961,14.5,14.595000267028809,12.149999618530273,12.369999885559082,39493500,2025-04-09,2,9,4,16.862073437920934,17.21907949997244,13.498546360076148,8.18831000628752,13.36200008392334,14.573000144958495,15.279000043869019
13.487391471862793,13.739999771118164,14.069999694824219,13.199999809265137,13.9399995803833,23011200,2025-04-10,3,10,4,6.331877001831137,-1.4347189044867779,12.279541977779727,8.633292408504538,13.373999977111817,14.353000164031982,15.227500009536744
13.88003921508789,14.140000343322754,14.180000305175781,13.430000305175781,13.729999542236328,23791800,2025-04-11,4,11,4,5.304101709970381,2.9861676238602795,11.237156266544163,8.910377931308648,13.644000053405762,14.188000202178955,15.153500032424926
14.017464637756348,14.279999732971191,14.859999656677246,14.270000457763672,14.859999656677246,24166100,2025-04-14,0,14,4,4.131647128475226,-3.9030951353046324,9.227777664533573,9.122635052785153,13.83400001525879,14.073000144958495,15.075500011444092
14.734044075012207,15.010000228881836,15.539999961853027,14.199999809265137,14.279999732971191,48695200,2025-04-15,1,15,4,8.927382625947592,5.112048386283519,8.311416380829055,9.721255650386787,14.33400001525879,14.010000133514405,15.029500007629395
14.606433868408203,14.880000114440918,15.1899995803833,14.600000381469727,14.720000267028809,25806100,2025-04-16,2,16,4,3.9650483493006483,1.086955465418649,5.732011363104997,9.615278861590571,14.410000038146972,13.886000061035157,14.956500005722045
14.861653327941895,15.140000343322754,15.260000228881836,14.75,14.970000267028809,22462900,2025-04-17,3,17,4,3.368561541062072,1.1356050318072994,5.139348270951183,8.709445124365455,14.69000015258789,14.032000064849854,14.902000045776367
14.54753589630127,14.819999694824219,15.020000457763672,14.550000190734863,14.949999809265137,19119900,2025-04-21,0,21,4,3.171391880614902,-0.8695659939764782,4.712806305080088,7.974981285812126,14.826000022888184,14.235000038146973,14.84050006866455
14.871469497680664,15.149999618530273,15.244999885559082,14.90999984741211,15.020000457763672,15465600,2025-04-22,1,22,4,2.211221429584904,0.8655070359828546,4.328721165302024,6.778249414917798,15.0,14.417000007629394,14.774000072479248
15.067792892456055,15.350000381469727,16.260000228881836,15.3149995803833,15.779999732971191,19315600,2025-04-23,2,23,4,6.156355863282744,-2.7249642508105474,3.7745158127690543,6.042966096799054,15.068000030517577,14.701000022888184,14.71550006866455
15.88253402709961,16.18000030517578,16.270000457763672,15.420000076293945,15.4399995803833,18837500,2025-04-24,3,24,4,5.253401516919761,4.792750938495232,4.032186446292878,4.882098904698937,15.32800006866455,14.869000053405761,14.72100009918213
15.941431045532227,16.239999771118164,16.334999084472656,16.059999465942383,16.219999313354492,10292000,2025-04-25,4,25,4,1.6933474286086092,0.12330738970626712,3.6971436238021846,4.418245947376684,15.547999954223632,15.119000053405761,14.736000108718873
16.18683433532715,16.489999771118164,16.540000915527344,16.200000762939453,16.28499984741211,15464700,2025-04-28,0,28,4,2.0618566240576466,1.258826684844162,3.475236572490733,4.09402143878541,15.881999969482422,15.353999996185303,14.771000099182128
16.010143280029297,16.309999465942383,16.485000610351562,16.260000228881836,16.350000381469727,10251100,2025-04-29,1,29,4,1.379524149829432,-0.24465391189029445,3.308897116539639,3.8188091409208313,16.113999938964845,15.556999969482423,14.815000057220459
15.921797752380371,16.219999313354492,16.290000915527344,15.711000442504883,15.720000267028809,18477400,2025-04-30,2,30,4,3.5696701450890296,3.180655456949219,2.791559972900896,3.283037892834975,16.2879997253418,15.677999877929688,14.844000005722046
16.108304977416992,16.40999984741211,16.760000228881836,16.399999618530273,16.399999618530273,14720300,2025-05-01,3,1,5,2.193788017666163,0.06097700679539487,2.179637273050176,3.1059118596715267,16.333999633789062,15.830999851226807,14.85849995613098
16.550033569335938,16.860000610351562,16.989999771118164,16.645000457763672,16.780000686645508,15404600,2025-05-02,4,2,5,2.0462591984882397,0.4767575711109669,2.250219627026102,2.9736816254141436,16.457999801635744,16.00299987792969,15.017499971389771
16.363523483276367,16.670000076293945,16.989999771118164,16.6299991607666,16.65999984741211,14118200,2025-05-05,0,5,5,2.159571737876065,0.060025383994162095,2.2697626497897856,2.8724996111402596,16.493999862670897,16.18799991607666,15.211499977111817
16.18683433532715,16.489999771118164,16.639999389648438,16.334999084472656,16.56999969482422,12831500,2025-05-06,1,6,5,1.8496076980545622,-0.48279978985783173,2.3637793594348118,2.836338237987225,16.529999923706054,16.321999931335448,15.369499969482423
16.25554656982422,16.559999465942383,16.600000381469727,16.174999237060547,16.559999465942383,13249300,2025-05-07,2,7,5,2.5664321142234656,0.0,2.163131753261699,2.4773458630812977,16.59799995422363,16.442999839782715,15.57199993133545
16.55984878540039,16.8700008392334,17.1299991607666,16.690000534057617,16.709999084472656,11542200,2025-05-08,3,8,5,2.6081719313594216,0.9575210264937702,2.246008536000351,2.2128229045252636,16.690000152587892,16.511999893188477,15.690499973297118
16.579479217529297,16.889999389648438,17.110000610351562,16.760000228881836,16.96500015258789,15585200,2025-05-09,4,9,5,2.0722344234318633,-0.44209114214486045,2.2512035809890754,2.2507116040075887,16.695999908447266,16.576999855041503,15.847999954223633
17.413850784301758,17.739999771118164,17.979999542236328,17.545000076293945,17.850000381469727,19595800,2025-05-12,0,12,5,2.45208270323988,-0.6162499047661382,2.3097057740618387,2.289734211925812,16.90999984741211,16.701999855041503,16.027999925613404
17.590543746948242,17.920000076293945,18.059999465942383,17.674999237060547,17.799999237060547,14354000,2025-05-13,1,13,5,2.148438768095464,0.6741620470609363,2.3694719880700186,2.3666256737524156,17.195999908447266,16.86299991607666,16.20999994277954
17.52182960510254,17.850000381469727,18.18000030517578,17.764999389648438,17.96500015258789,16650200,2025-05-14,2,14,5,2.324935051307677,-0.6401323136175879,2.3211725754868615,2.2421521643742803,17.454000091552736,17.026000022888184,16.351999950408935
17.296058654785156,17.6200008392334,17.719999313354492,17.440000534057617,17.719999313354492,16691600,2025-05-15,3,15,5,1.589096288085404,-0.5643254965914754,2.1173574468320577,2.181682991416204,17.604000091552734,17.147000122070313,16.488999986648558
17.423669815063477,17.75,17.834999084472656,17.575000762939453,17.68000030517578,11741700,2025-05-16,4,16,5,1.4647792762433978,0.39592586886848913,1.9958664173943645,2.12353499919172,17.776000213623046,17.236000061035156,16.619499969482423
17.138999938964844,17.459999084472656,17.545000076293945,17.329999923706055,17.360000610351562,16883600,2025-05-19,0,19,5,1.2313869636974513,0.5760280564821285,1.751727269485879,2.0307165217738588,17.720000076293946,17.314999961853026,16.751499938964844
17.39422035217285,17.719999313354492,18.020000457763672,17.58300018310547,18.020000457763672,16293800,2025-05-20,1,20,5,2.4661416004054946,-1.6648231786249943,1.8152678359478849,2.092369912008952,17.679999923706056,17.43799991607666,16.879999923706055
17.217531204223633,17.540000915527344,18.06999969482422,17.485000610351562,17.600000381469727,19962700,2025-05-21,2,21,5,3.3352283576837434,-0.34090604910187183,2.017326497223098,2.1692495363549797,17.618000030517578,17.536000061035157,16.989499950408934
17.227344512939453,17.549999237060547,17.704999923706055,17.34000015258789,17.53499984741211,14241400,2025-05-22,3,22,5,2.079770866014567,0.08553971929832195,2.115461412808931,2.1164094298204943,17.60399971008301,17.603999900817872,17.057999897003175
17.099735260009766,17.420000076293945,17.469999313354492,17.030000686645508,17.18000030517578,9263400,2025-05-23,4,23,5,2.5258244821006497,1.3969718676073588,2.3276704539803807,2.1617684356873728,17.5379997253418,17.65699996948242,17.116999912261964
17.61017417907715,17.940000534057617,17.979999542236328,17.600000381469727,17.829999923706055,16322100,2025-05-27,1,27,5,2.1181669423320493,0.616941171184808,2.5050264497073007,2.1283768595965897,17.63400001525879,17.677000045776367,17.189499950408937
17.36477279663086,17.690000534057617,18.0049991607666,17.6299991607666,17.950000762939453,10687900,2025-05-28,2,28,5,2.1198416544874177,-1.448469180116396,2.435766460523685,2.1255171482357853,17.628000259399414,17.654000091552735,17.258500003814696
17.32550621032715,17.649999618530273,17.900999069213867,17.575000762939453,17.84000015258789,15549200,2025-05-29,3,29,5,1.8470159394913355,-1.0650254060118687,2.1381239768852036,2.077725237054151,17.65,17.63400001525879,17.330000019073488
16.962308883666992,17.280000686645508,17.450000762939453,17.09000015258789,17.3799991607666,26151300,2025-05-30,4,30,5,2.0833367826760654,-0.5753652413679575,2.1388371602175034,2.127149286513217,17.596000289916994,17.6,17.373500061035156
17.02120590209961,17.34000015258789,17.375,17.024999618530273,17.280000686645508,15657300,2025-06-02,0,2,6,2.018456622778582,0.3472191178137635,2.0373635883530903,2.1825170211667357,17.58000030517578,17.55900001525879,17.397500038146973
17.36477279663086,17.690000534057617,17.770000457763672,17.155000686645508,17.31999969482422,27275600,2025-06-03,1,3,6,3.4765390195106987,2.136263543607144,2.30903800378882,2.4070322267480604,17.530000305175783,17.582000160217284,17.448500061035155
17.512014389038086,17.84000015258789,19.200000762939453,17.579999923706055,19.170000076293945,45635500,2025-06-04,2,4,6,9.0807221153437,-6.937923413734164,3.7012140959600766,3.068490278241881,17.560000228881837,17.594000244140624,17.516000080108643
17.43348503112793,17.760000228881836,18.059999465942383,17.520000457763672,17.780000686645508,23709700,2025-06-05,3,5,6,3.0405349167763447,-0.11248850951223047,3.9399178914170783,3.0390209341511407,17.58200035095215,17.616000175476074,17.576000118255614
17.777050018310547,18.110000610351562,18.229999542236328,17.760000228881836,17.860000610351562,14262900,2025-06-06,4,6,6,2.5952473634144635,1.3997759879980145,4.042300007564758,3.0905685838911308,17.74800033569336,17.672000312805174,17.638000106811525
17.973371505737305,18.309999465942383,18.59000015258789,18.15999984741211,18.200000762939453,13415500,2025-06-09,0,9,6,2.3484452087265524,0.6043884527022623,4.108297724754353,3.072830656553721,17.94200019836426,17.76100025177002,17.70900011062622
18.00282096862793,18.34000015258789,18.520000457763672,18.184999465942383,18.520000457763672,12940900,2025-06-10,1,10,6,1.826613898768252,-0.9719238700143998,3.7783127006058628,3.043675352197341,18.072000122070314,17.80100021362305,17.739000129699708
17.885026931762695,18.219999313354492,18.420000076293945,18.1200008392334,18.299999237060547,12487100,2025-06-11,2,11,6,1.646538135929896,-0.4371580712639677,2.2914759047231015,2.996345000341589,18.147999954223632,17.854000091552734,17.754000091552733
17.796682357788086,18.1299991607666,18.235000610351562,17.96500015258789,18.059999465942383,12763100,2025-06-12,3,12,6,1.4892469402202404,0.38759522089812043,1.9812183094118807,2.9605681004144797,18.221999740600587,17.90200004577637,17.768000030517577
17.32550621032715,17.649999618530273,17.959999084472656,17.530000686645508,17.760000228881836,13037100,2025-06-13,4,13,6,2.4362515984176247,-0.6193727980514114,1.9494191564125132,2.9958595819886353,18.129999542236327,17.938999938964844,17.76949996948242
17.904659271240234,18.239999771118164,18.239999771118164,17.760000228881836,17.799999237060547,13992300,2025-06-16,0,16,6,2.6315764707211,2.4719132186338113,2.006045408811423,3.057171566782887,18.115999603271483,18.028999900817873,17.79399995803833
17.57090950012207,17.899999618530273,18.260000228881836,17.84000015258789,18.030000686645508,14023000,2025-06-17,1,17,6,2.3463691913108016,-0.7210264179941146,2.1099964673199323,2.9441545839628973,18.027999496459962,18.049999809265138,17.81599998474121
17.580799102783203,17.780000686645508,18.170000076293945,17.704999923706055,17.8700008392334,18678700,2025-06-18,2,18,6,2.615298844938462,-0.5036382113105236,2.3037486091216457,2.297612256922374,17.939999771118163,18.043999862670898,17.819000053405762
17.75878143310547,17.959999084472656,18.190000534057617,17.780000686645508,18.024999618530273,33361800,2025-06-20,4,20,6,2.2828500462818804,-0.36061323402633844,2.4624692303339737,2.2218437698729274,17.905999755859376,18.063999748229982,17.839999961853028
17.610464096069336,17.809999465942383,17.96500015258789,17.489999771118164,17.899999618530273,25782800,2025-06-23,0,23,6,2.667043210068916,-0.5027941592508275,2.508627552664232,2.2290233545383726,17.937999725341797,18.033999633789062,17.85299997329712
17.946653366088867,18.149999618530273,18.25,17.940000534057617,17.989999771118164,12645900,2025-06-24,1,24,6,1.707986074147838,0.8893821536839553,2.3239094733495795,2.1649774410805014,17.91999969482422,18.01799964904785,17.889499950408936
18.28284454345703,18.489999771118164,18.6200008392334,18.200000762939453,18.239999771118164,12015900,2025-06-25,2,25,6,2.2714985478258134,1.370614052286659,2.308935344652582,2.2094659059862574,18.0379997253418,18.03299961090088,17.916999912261964
18.1641902923584,18.3700008392334,18.6299991607666,18.325000762939453,18.594999313354492,15446600,2025-06-26,3,26,6,1.6603069346396198,-1.2099945277196387,2.1179369625928137,2.2108427858572295,18.155999755859376,18.047999763488768,17.95099992752075
18.2037410736084,18.40999984741211,18.575000762939453,18.270000457763672,18.440000534057617,17126500,2025-06-27,4,27,6,1.6567099820951658,-0.16269352373443957,1.9927089497554704,2.227589090044722,18.245999908447267,18.07599983215332,17.988999938964845
20.220888137817383,20.450000762939453,20.969999313354492,20.1200008392334,20.690000534057617,58082000,2025-06-30,0,30,6,4.156471601025585,-1.159979530803311,2.2905946279468044,2.3996110903055183,18.77400016784668,18.35599994659424,18.14749994277954
20.25054931640625,20.479999542236328,20.704999923706055,20.100000381469727,20.1200008392334,26402600,2025-07-01,1,1,7,2.954099393355088,1.7892578925789258,2.539817291788254,2.431863382568917,19.24000015258789,18.579999923706055,18.304499912261964
21.01192283630371,21.25,21.469999313354492,20.260000228881836,20.540000915527344,29651200,2025-07-02,2,2,7,5.694113338694852,3.45666530100263,3.2243402499620624,2.7666377973073226,19.792000198364256,18.914999961853027,18.482499885559083
21.100915908813477,21.34000015258789,21.469999313354492,21.149999618530273,21.440000534057617,12296600,2025-07-03,3,3,7,1.4995299556519102,-0.4664196780726527,3.19218485416452,2.6550609083786667,20.386000061035155,19.270999908447266,18.657499885559083
20.675731658935547,20.90999984741211,21.28499984741211,20.770000457763672,21.219999313354492,24657200,2025-07-07,0,7,7,2.462933493096967,-1.4608834871511482,3.3534295563648806,2.6730692530601754,20.886000061035155,19.56599998474121,18.814999866485596
20.586740493774414,20.81999969482422,21.010000228881836,20.549999237060547,20.940000534057617,23841100,2025-07-08,1,8,7,2.2094188211522585,-0.573069895763491,2.964019000390215,2.62730681416851,20.95999984741211,19.867000007629393,18.95049982070923
20.56696319580078,20.799999237060547,21.020000457763672,20.594999313354492,21.020000457763672,18238600,2025-07-09,2,9,7,2.0432748076833143,-1.0466280490582398,2.7818540832558605,2.660835687522057,21.023999786376955,20.131999969482422,19.074999809265137
21.051475524902344,21.290000915527344,21.719999313354492,20.71500015258789,20.940000534057617,34641500,2025-07-10,3,10,7,4.720521923668072,1.6714439949534508,2.5871358002505045,2.905738025106283,21.03199996948242,20.41200008392334,19.22249984741211
20.48785972595215,20.719999313354492,21.049999237060547,20.68000030517578,21.049999237060547,20877600,2025-07-11,4,11,7,1.7857091898950657,-1.5676956563735074,2.6443716470991356,2.918278250631828,20.907999801635743,20.64699993133545,19.34749984741211
20.43842124938965,20.670000076293945,20.847999572753906,20.450000762939453,20.579999923706055,12232300,2025-07-14,0,14,7,1.9254901226193555,0.4373185273155403,2.536882973003613,2.945156264684247,20.85999984741211,20.872999954223634,19.474499893188476
20.052791595458984,20.280000686645508,20.899999618530273,20.280000686645508,20.860000610351562,11868700,2025-07-15,1,15,7,3.057193840693696,-2.7804405883777186,2.706437976911901,2.8352284886510577,20.752000045776366,20.85599994659424,19.60599994659424
20.122005462646484,20.350000381469727,20.510000228881836,20.06999969482422,20.389999389648438,15635300,2025-07-16,2,16,7,2.162164745993185,-0.19616973700851392,2.7302159645738753,2.7560350239148677,20.662000274658205,20.84300003051758,19.711499977111817
20.596628189086914,20.829999923706055,21.15999984741211,20.600000381469727,20.889999389648438,18801600,2025-07-17,3,17,7,2.688427594783919,-0.28721621682820236,2.323797098797044,2.455466449523774,20.570000076293944,20.801000022888182,19.857999992370605
20.873493194580078,21.110000610351562,21.184999465942383,20.8799991607666,20.969999313354492,14176300,2025-07-18,4,18,7,1.4448142887604674,0.6676266169828254,2.2556181185701245,2.44999488283463,20.64800033569336,20.77800006866455,20.02449998855591
20.42853355407715,20.65999984741211,21.09000015258789,20.639999389648438,21.010000228881836,15437700,2025-07-21,0,21,7,2.1781256837512544,-1.6658751911320362,2.306145230796504,2.4215141019000592,20.64600028991699,20.75300006866455,20.15950002670288
20.181333541870117,20.40999984741211,20.69499969482422,20.260000228881836,20.649999618530273,13488100,2025-07-22,1,22,7,2.131305581550696,-1.162226515988893,2.120967578967904,2.4137027779399025,20.672000122070312,20.71200008392334,20.289500045776368
20.52741241455078,20.760000228881836,21.155000686645508,20.65999984741211,20.65999984741211,16135000,2025-07-23,2,23,7,2.3843970798456002,0.4840289555096618,2.1654140457383875,2.447815005156131,20.754000091552733,20.70800018310547,20.420000076293945
20.280214309692383,20.510000228881836,20.729999542236328,20.4950008392334,20.700000762939453,12227700,2025-07-24,3,24,7,1.1457762085834036,-0.9178769422935839,1.8568837684982842,2.090340433647664,20.690000152587892,20.630000114440918,20.521000099182128
20.49774932861328,20.729999542236328,20.729999542236328,20.5,20.729999542236328,8927400,2025-07-25,4,25,7,1.1095009518341554,0.0,1.7898211011130218,2.022719609841573,20.613999938964845,20.631000137329103,20.639000034332277
20.646066665649414,20.8799991607666,20.927000045776367,20.670000076293945,20.81999969482422,21449000,2025-07-28,0,28,7,1.2308428151918862,0.2881818771462253,1.6003645274011482,1.9532548790988264,20.657999801635743,20.65200004577637,20.7625
20.616403579711914,20.850000381469727,21.100000381469727,20.719999313354492,20.940000534057617,18352500,2025-07-29,1,29,7,1.8225470559365426,-0.4298001446633726,1.5386128222783175,1.8297902006231113,20.745999908447267,20.709000015258788,20.782499980926513
20.655956268310547,20.889999389648438,21.09000015258789,20.760000228881836,20.875,14022900,2025-07-30,2,30,7,1.57970288821348,0.07185336358532934,1.3776739839518934,1.7715440148451402,20.771999740600585,20.76299991607666,20.80299997329712
20.45819664001465,20.690000534057617,21.198999404907227,20.65999984741211,20.920000076293945,11267300,2025-07-31,3,31,7,2.6051210419636046,-1.0994241940608702,1.669542950627934,1.763213359563109,20.80799980163574,20.748999977111815,20.775
19.588054656982422,19.809999465942383,20.290000915527344,19.65999984741211,20.290000915527344,14724600,2025-08-01,4,1,8,3.1802174916679866,-2.3657044254622477,2.0836862585947,1.936753679853861,20.623999786376952,20.618999862670897,20.698499965667725
19.795703887939453,20.020000457763672,20.05500030517578,19.829999923706055,20.030000686645508,14705200,2025-08-04,0,4,8,1.1238780036214853,-0.049926253315125124,2.0622932962806195,1.831328911840884,20.452000045776366,20.554999923706056,20.653999996185302
19.647384643554688,19.8700008392334,20.135000228881836,19.635000228881836,20.079999923706055,12199300,2025-08-05,1,5,8,2.516356209773016,-1.0458121776421696,2.2010551270479146,1.8698339746631158,20.256000137329103,20.501000022888185,20.60650005340576
19.904468536376953,20.1299991607666,20.309999465942383,19.649999618530273,19.860000610351562,18907400,2025-08-06,2,6,8,3.2786879032685214,1.3595092755148688,2.5408521300589224,1.9592630570054084,20.104000091552734,20.43799991607666,20.573000049591066
20.171445846557617,20.399999618530273,20.549999237060547,20.1299991607666,20.459999084472656,16213100,2025-08-07,3,7,8,2.0588239419006635,-0.2932525348347505,2.4315927100463344,2.050567830337134,20.045999908447264,20.426999855041505,20.52849998474121
20.57685089111328,20.809999465942383,21.014999389648438,20.510000228881836,20.559999465942383,15199300,2025-08-08,4,8,8,2.426713953515869,1.2159533389780712,2.280892002415911,2.1822891305053056,20.245999908447267,20.434999847412108,20.532999992370605
20.359317779541016,20.59000015258789,21.079999923706055,20.56999969482422,20.93000030517578,15792900,2025-08-11,0,11,8,2.4769316420706082,-1.6244631993809,2.5515027301057356,2.3068980131931776,20.35999984741211,20.40599994659424,20.528999996185302
21.081138610839844,21.31999969482422,21.434999465942383,20.739999771118164,20.899999618530273,17056900,2025-08-12,1,12,8,3.259848521446937,2.00956977971218,2.70020119244052,2.450628159744217,20.649999618530273,20.452999877929688,20.58099994659424
21.318449020385742,21.559999465942383,21.760000228881836,21.280000686645508,21.399999618530273,16222700,2025-08-13,2,13,8,2.226343015428027,0.7476628517019478,2.4897322148724212,2.5152921724656716,20.93599967956543,20.51999988555908,20.64149990081787
21.081138610839844,21.31999969482422,21.479999542236328,21.1299991607666,21.239999771118164,7800500,2025-08-14,3,14,8,1.6416528446512826,0.3766474791343331,2.4062979954225447,2.41894535273444,21.11999969482422,20.582999801635744,20.66599988937378
20.922931671142578,21.15999984741211,21.3799991607666,21.03499984741211,21.3799991607666,14998500,2025-08-15,4,15,8,1.6304315493494013,-1.0289958933122985,2.2470415145892515,2.2639667585025807,21.189999771118163,20.717999839782713,20.668499851226805
21.387664794921875,21.6299991607666,21.665000915527344,21.100000381469727,21.110000610351562,12214900,2025-08-18,0,18,8,2.612115376696079,2.4632806034124464,2.274078261514345,2.4127904958100403,21.397999572753907,20.878999710083008,20.716999816894532
21.100915908813477,21.34000015258789,21.68000030517578,21.299999237060547,21.549999237060547,11587600,2025-08-19,1,19,8,1.7806985257643113,-0.9744737443494241,1.9782482623778201,2.33922472740917,21.40199966430664,21.02599964141846,20.76349983215332
20.804275512695312,21.040000915527344,21.6200008392334,20.440000534057617,21.600000381469727,16999500,2025-08-20,2,20,8,5.608366225426117,-2.5925900743168357,2.6546529043774383,2.5721925596249293,21.297999954223634,21.11699981689453,20.777499866485595
21.575536727905273,21.81999969482422,21.90999984741211,21.415000915527344,21.68000030517578,20562600,2025-08-21,3,21,8,2.2685560898618213,0.6457536331999714,2.7800335534195457,2.5931657744210455,21.397999954223632,21.258999824523926,20.842999839782713
22.19847869873047,22.450000762939453,22.690000534057617,21.84000015258789,21.8700008392334,18245300,2025-08-22,4,22,8,3.7861931072755706,2.652034300179685,3.2111858650047793,2.7291136897970154,21.6560001373291,21.422999954223634,20.92899990081787
22.3072452545166,22.559999465942383,22.670000076293945,22.344999313354492,22.489999771118164,17378800,2025-08-25,0,25,8,1.4406062528063854,0.31124809042511825,2.976884040226841,2.6254811508705935,21.842000198364257,21.619999885559082,21.01299991607666
22.2479190826416,22.5,22.7450008392334,22.399999618530273,22.549999237060547,17056400,2025-08-26,1,26,8,1.5333387586805556,-0.22172611420036753,2.92741208681009,2.452830174593955,22.07400016784668,21.73799991607666,21.095499897003172
22.475341796875,22.729999542236328,22.8700008392334,22.239999771118164,22.31999969482422,23389900,2025-08-27,2,27,8,2.771672154874363,1.836916904202217,2.360073272699739,2.5073630885385887,22.411999893188476,21.854999923706053,21.187499904632567
22.900524139404297,23.15999984741211,23.309999465942383,22.700000762939453,22.81999969482422,24964900,2025-08-28,3,28,8,2.6338458852411897,1.4899218104065344,2.433131231775613,2.6065823925975793,22.679999923706056,22.038999938964842,21.310999870300293
22.317134857177734,22.56999969482422,22.864999771118164,22.43000030517578,22.84000015258789,19962600,2025-08-29,4,29,8,1.9273348330710764,-1.182138598773518,2.0613595769347137,2.636272720969747,22.703999710083007,22.179999923706056,21.448999881744385
22.4259033203125,22.68000030517578,22.709999084472656,21.920000076293945,22.049999237060547,27797200,2025-09-02,1,2,9,3.4832407299325565,2.8571478000614157,2.4698864723599483,2.723385256293395,22.727999877929687,22.285000038146972,21.58199987411499
22.564332962036133,22.81999969482422,23.040000915527344,22.575000762939453,22.959999084472656,34179900,2025-09-03,2,3,9,2.0376869360491567,-0.6097534635492038,2.570756107833668,2.7490840973218793,22.79199981689453,22.432999992370604,21.72949981689453
22.900524139404297,23.15999984741211,24.174999237060547,22.68000030517578,23.899999618530273,62528800,2025-09-04,3,4,9,6.45509042199677,-3.0962334013780635,3.3074397612581494,2.8337565169789447,22.87799987792969,22.64499988555908,21.880999851226807
23.25649070739746,23.520000457763672,23.559999465942383,22.700000762939453,23.15999984741211,24237500,2025-09-05,4,5,9,3.6564569994260117,1.5544067906882515,3.5119619840951137,2.9725466079353637,22.95,22.814999961853026,22.036999893188476
23.23671531677246,23.5,23.774999618530273,23.049999237060547,23.600000381469727,19157100,2025-09-08,0,8,9,3.0851080062541554,-0.423730423107302,3.74351661873173,2.9024380978332216,23.136000061035155,22.919999885559083,22.171499919891357
23.612455368041992,23.8799991607666,23.979999542236328,23.375,23.420000076293945,16873500,2025-09-09,1,9,9,2.5334990096243635,1.9641293039032641,3.5535682746700914,3.0117273735150194,23.37599983215332,23.051999855041505,22.33599987030029
24.166183471679688,24.440000534057617,24.679000854492188,23.93000030517578,24.010000228881836,21361400,2025-09-10,2,10,9,3.0646502984836657,1.7909217037762881,3.758960947156993,3.1648585274953307,23.7,23.245999908447267,22.491999912261964
24.581478118896484,24.860000610351562,24.959999084472656,24.44499969482422,24.579999923706055,20845500,2025-09-11,3,11,9,2.071598459390201,1.1391403072197026,2.8822625546356795,3.094851157946915,24.04000015258789,23.459000015258788,22.65699996948242
24.45293426513672,24.729999542236328,25.100000381469727,24.729999542236328,24.854999542236328,20692400,2025-09-12,4,12,9,1.4961619332077811,-0.5029169273875317,2.4502035413920336,2.981082762743574,24.28199996948242,23.61599998474121,22.82749996185303
24.56170082092285,24.84000015258789,25.03700065612793,24.5049991607666,24.799999237060547,18368000,2025-09-15,0,15,9,2.1417129311325827,0.1612940191851591,2.261524526367719,3.002520572549724,24.55,23.84300003051758,23.011499977111818
24.156295776367188,24.43000030517578,24.969999313354492,24.34000015258789,24.90999984741211,21439300,2025-09-16,1,16,9,2.578793094133236,-1.9269351472364427,2.270583343269493,2.9120758089697922,24.660000228881835,24.018000030517577,23.151500034332276
24.45293426513672,24.729999542236328,24.958999633789062,24.25,24.549999237060547,25280500,2025-09-17,2,17,9,2.8669617748199436,0.7331988218722784,2.2310456385367488,2.995003292846871,24.71800003051758,24.209000015258788,23.321000003814696
25.089107513427734,25.239999771118164,25.350000381469727,24.889999389648438,25.0,22034800,2025-09-18,3,18,9,1.822507908053402,0.9599990844726562,2.1812275282693894,2.531745041452534,24.793999862670898,24.417000007629394,23.53099994659424
24.84060287475586,24.989999771118164,25.31999969482422,24.860000610351562,25.209999084472656,32895700,2025-09-19,4,19,9,1.8407326478021564,-0.8726668835541298,2.2501416711882642,2.3501726062901485,24.845999908447265,24.563999938964844,23.689499950408937
25.009586334228516,25.15999984741211,25.356000900268555,24.899999618530273,24.954999923706055,28153200,2025-09-22,0,22,9,1.8124057412710373,0.8214783583762489,2.184280233215955,2.2229023797918366,24.90999984741211,24.729999923706053,23.82499990463257
24.552337646484375,24.700000762939453,25.315000534057617,24.68000030517578,25.1200008392334,25207500,2025-09-23,1,23,9,2.570851049667202,-1.671974770151969,2.182691824322748,2.226637583796121,24.963999938964843,24.81200008392334,23.931999969482423
24.313770294189453,24.459999084472656,25.06599998474121,24.3700008392334,24.889999389648438,25135600,2025-09-24,2,24,9,2.845458591818332,-1.7276027148261608,2.178391187722426,2.2047184131295876,24.90999984741211,24.813999938964844,24.029999923706054
24.065265655517578,24.209999084472656,24.2549991607666,23.8700008392334,24.020000457763672,32909800,2025-09-25,3,25,9,1.5902450891876572,0.7910017613991077,2.131938623949277,2.156583076109333,24.703999710083007,24.748999786376952,24.103999900817872
23.856521606445312,24.0,24.149999618530273,23.80500030517578,24.079999923706055,20647700,2025-09-26,4,26,9,1.4374971389770508,-0.33222559783854944,2.051291522184256,2.15071659668626,24.505999755859374,24.67599983215332,24.145999908447266
23.995683670043945,24.139999389648438,24.684999465942383,24.100000381469727,24.309999465942383,19445300,2025-09-29,0,29,9,2.4233599803797508,-0.6993010285010931,2.173482370005998,2.178881301610977,24.301999664306642,24.605999755859376,24.224499893188476
24.41317367553711,24.559999465942383,24.565000534057617,23.979999542236328,24.100000381469727,22897400,2025-09-30,1,30,9,2.3819259142595515,1.9087098638651698,2.1356973429244688,2.1591945836236084,24.273999404907226,24.618999671936034,24.318499851226807
24.780961990356445,24.93000030517578,24.975000381469727,24.229999542236328,24.3799991607666,27908400,2025-10-01,2,1,10,2.9883707585784784,2.255952269654982,2.164279776276498,2.171335481999462,24.367999649047853,24.63899974822998,24.423999881744386
24.333650588989258,24.479999542236328,25.309999465942383,24.40999984741211,25.170000076293945,17599900,2025-10-02,3,2,10,3.676469098692048,-2.7413608739218307,2.5815245781773757,2.356731601063326,24.421999740600587,24.562999725341797,24.489999866485597
24.283950805664062,24.43000030517578,25.0,24.299999237060547,24.600000381469727,20800300,2025-10-03,4,3,10,2.865332600062022,-0.6910572099909401,2.86709167039437,2.4591915962893127,24.50799980163574,24.50699977874756,24.535499858856202
24.641799926757812,24.790000915527344,25.2549991607666,24.764999389648438,24.969999313354492,15656000,2025-10-06,0,6,10,1.97660247285933,-0.7208586414773405,2.777740168890286,2.4756112694481422,24.638000106811525,24.469999885559083,24.59999990463257
24.761079788208008,24.90999984741211,25.920000076293945,24.665000915527344,25.459999084472656,21949800,2025-10-07,1,7,10,5.038133956058546,-2.1602484557667405,3.308981777250085,2.7223395600872764,24.70800018310547,24.49099979400635,24.651499938964843
25.92408561706543,26.079999923706055,26.440000534057617,24.850000381469727,24.860000610351562,29025300,2025-10-08,2,8,10,6.09662636978239,4.90747901609661,3.930632899490867,3.0474563378836823,24.938000106811522,24.652999877929688,24.733499908447264
26.093069076538086,26.25,26.3700008392334,25.739999771118164,26.040000915527344,20274400,2025-10-09,3,9,10,2.4000040690104165,0.8064480686997069,3.675339893554541,3.1284322358659584,25.292000198364256,24.856999969482423,24.802999877929686
24.25412940979004,24.399999618530273,26.367000579833984,24.389999389648438,26.25,35814900,2025-10-10,4,10,10,8.102464020877026,-7.047620500837054,4.722766177717541,3.794928924055956,25.286000061035157,24.89699993133545,24.786499881744383
24.651737213134766,24.799999237060547,25.454999923706055,24.75,24.950000762939453,35267900,2025-10-13,0,13,10,2.842741715300213,-0.6012085021725426,4.895994026205718,3.8368670975480024,25.2879997253418,24.96299991607666,24.784499835968017
24.850542068481445,25.0,25.3700008392334,24.280000686645508,24.3799991607666,34533600,2025-10-14,1,14,10,4.3600006103515625,2.5430716184401345,4.760367357064321,4.034674567157203,25.305999755859375,25.006999969482422,24.81299982070923
24.890304565429688,25.040000915527344,26.309999465942383,24.864999771118164,25.25,50347700,2025-10-15,2,15,10,5.770765343415672,-0.8316795424659653,4.695195151790978,4.312914025640923,25.09799995422363,25.018000030517577,24.82849988937378
22.365488052368164,22.5,23.489999771118164,22.110000610351562,22.969999313354492,78889800,2025-10-16,3,16,10,6.133329603407118,-2.0461442203058318,5.441860258670318,4.558600076112429,24.34799995422363,24.820000076293944,24.69149990081787
22.822736740112305,22.959999084472656,23.270000457763672,22.239999771118164,22.350000381469727,65685500,2025-10-17,4,17,10,4.486065887267716,2.7293006379931724,4.718580631948456,4.720673404832999,24.059999847412108,24.672999954223634,24.589999866485595
22.733278274536133,22.8700008392334,23.104999542236328,22.440000534057617,23.065000534057617,60189800,2025-10-20,0,20,10,2.907734953108999,-0.8454354663303978,4.731579279510213,4.813786652857965,23.67400016784668,24.48099994659424,24.47549991607666
23.13088607788086,23.270000457763672,23.43000030517578,22.6200008392334,22.959999084472656,81272500,2025-10-21,1,21,10,3.480874301711237,1.3501802510988024,4.5557540177821485,4.658060687423235,23.328000259399413,24.317000007629396,24.403999900817873
22.951961517333984,23.09000015258789,23.2450008392334,22.600000381469727,23.139999389648438,50450400,2025-10-22,2,22,10,2.793419027723052,-0.21607276741292303,3.9602847546436246,4.327739953217302,22.938000106811522,24.018000030517577,24.335499954223632
23.05136489868164,23.190000534057617,23.459999084472656,23.05500030517578,23.139999389648438,30706700,2025-10-23,3,23,10,1.7464371279426238,0.21608101006064612,3.0829062595507253,4.262383259110522,23.076000213623047,23.71200008392334,24.28450002670288
23.35951042175293,23.5,23.698999404907227,23.274999618530273,23.65999984741211,19914300,2025-10-24,4,24,10,1.8042544101146942,-0.6762461895349923,2.5465439641201213,3.6325622980342893,23.184000396728514,23.62200012207031,24.25950002670288
24.035446166992188,24.18000030517578,24.21500015258789,23.579999923706055,23.780000686645508,35603400,2025-10-27,0,27,10,2.626138216987172,1.6820841336430543,2.490224616895756,3.610901948202985,23.44600028991699,23.560000228881837,24.261500072479247
24.105026245117188,24.25,24.697999954223633,23.690000534057617,24.25,38284100,2025-10-28,1,28,10,4.156698639859859,0.0,2.62538948452548,3.5905717511538144,23.642000198364258,23.485000228881837,24.24600009918213
24.124906539916992,24.270000457763672,24.59000015258789,24.079999923706055,24.549999237060547,35121100,2025-10-29,2,29,10,2.101360606767905,-1.1405245946981144,2.4869778003344507,3.223631277489038,23.878000259399414,23.408000183105468,24.213000106811524
24.264070510864258,24.40999984741211,24.74799919128418,24.040000915527344,24.149999618530273,39387200,2025-10-30,3,30,10,2.9004435894410556,1.0766055196221949,2.7177790926341374,2.900342676092431,24.12200012207031,23.59900016784668,24.209500122070313
24.274009704589844,24.420000076293945,24.920000076293945,24.200000762939453,24.489999771118164,33572100,2025-10-31,4,31,10,2.9484001273752716,-0.2858297079560271,2.9466082360862527,2.746576100103187,24.3060001373291,23.745000267028807,24.20900011062622
24.353532791137695,24.5,24.780000686645508,24.110000610351562,24.6200008392334,28309400,2025-11-03,0,3,11,2.734694188954879,-0.4874120030173603,2.968319430479794,2.7292720236877748,24.370000076293945,23.908000183105468,24.194500064849855
23.419151306152344,23.559999465942383,24.100000381469727,23.43000030517578,23.934999465942383,35378300,2025-11-04,1,4,11,2.843803444318736,-1.566743297962448,2.7057403913715694,2.665564937948525,24.231999969482423,23.93700008392334,24.127000045776366
23.568254470825195,23.709999084472656,24.030000686645508,23.389999389648438,23.600000381469727,27393700,2025-11-05,2,5,11,2.699288577434818,0.4660961916309907,2.825325985504952,2.656151892919701,24.11999969482422,23.998999977111815,24.008500003814696
23.260107040405273,23.399999618530273,23.899999618530273,23.125,23.68000030517578,22854200,2025-11-06,3,6,11,3.3119642357453607,-1.1824353168792296,2.907630114765813,2.812704603699975,23.91799964904785,24.01999988555908,23.86599998474121
23.309810638427734,23.450000762939453,23.524999618530273,22.790000915527344,23.270000457763672,21932600,2025-11-07,4,7,11,3.134322725330256,0.7735294440689491,2.94481463435681,2.9457114352215314,23.723999786376954,24.01499996185303,23.81850004196167
23.73723793029785,23.8799991607666,24.40999984741211,23.579999923706055,24.114999771118164,34049800,2025-11-10,0,10,11,3.475711695458074,-0.9744997411653137,3.0930181356574487,3.0306687830686214,23.599999618530273,23.98499984741211,23.772500038146973
22.753156661987305,22.889999389648438,23.75,22.764999389648438,23.700000762939453,28882000,2025-11-11,1,11,11,4.303191946772223,-3.417727203442306,3.3848958361481465,3.045318113759858,23.465999603271484,23.848999786376954,23.667000007629394
23.339630126953125,23.479999542236328,23.69499969482422,23.0,23.06999969482422,37546600,2025-11-12,2,12,11,2.9599646864304163,1.777199188711274,3.437031057947266,3.1311785217261088,23.41999969482422,23.769999694824218,23.588999938964843
22.792917251586914,22.93000030517578,23.594999313354492,22.649999618530273,23.270000457763672,42098300,2025-11-13,3,13,11,4.12123716636372,-1.4611093506637851,3.5988856440709385,3.2532578794183755,23.32599983215332,23.621999740600586,23.610499954223634
22.69351577758789,22.829999923706055,23.420000076293945,22.350000381469727,22.479999542236328,29807000,2025-11-14,4,14,11,4.686814272448419,1.5569412304129802,3.90938395349457,3.42709929392569,23.20199966430664,23.462999725341795,23.6039999961853
21.10308074951172,21.229999542236328,22.190000534057617,20.735000610351562,21.940000534057617,50382100,2025-11-17,0,17,11,6.853508973522981,-3.236102892154216,4.584943409107552,3.838980772382501,22.671999740600587,23.13599967956543,23.52199993133545
20.775053024291992,20.899999618530273,21.454999923706055,20.719999313354492,21.010000228881836,43252800,2025-11-18,1,18,11,3.5167493960138603,-0.5235631087730683,4.427654898955879,3.9062753675520128,22.273999786376955,22.86999969482422,23.40349988937378
20.476848602294922,20.600000381469727,21.145000457763672,20.56999969482422,20.81999969482422,26653200,2025-11-19,2,19,11,2.791265787823394,-1.056672990293959,4.393915119234475,3.9154730885908706,21.697999954223633,22.558999824523926,23.278999900817873
19.900314331054688,20.020000457763672,21.309999465942383,19.924999237060547,21.1200008392334,24343600,2025-11-20,3,20,11,6.918082903163665,-5.208334932574054,4.953284266594464,4.276084955332701,21.11599998474121,22.220999908447265,23.120499897003175
20.39732551574707,20.520000457763672,20.790000915527344,19.950000762939453,20.18000030517578,22404400,2025-11-21,4,21,11,4.0935679037476795,1.6848372024091947,4.8346349928543155,4.372009473174443,20.654000091552735,21.927999877929686,22.971499919891357
20.963918685913086,21.09000015258789,21.25,20.655000686645508,20.829999923706055,35604100,2025-11-24,0,24,11,2.8212390187274683,1.248200815334314,4.028181001895213,4.306562205501383,20.626000213623048,21.648999977111817,22.816999912261963
21.232303619384766,21.360000610351562,21.450000762939453,20.93000030517578,21.110000610351562,21491200,2025-11-25,1,25,11,2.4344590023638264,1.1842728222253545,3.811722923165207,4.119688911060543,20.718000411987305,21.49600009918213,22.67249994277954
21.401288986206055,21.530000686645508,21.610000610351562,21.100000381469727,21.600000381469727,19609800,2025-11-26,2,26,11,2.368788725576658,-0.3240726554999059,3.727227510715859,4.060571314975167,20.90400047302246,21.30100021362305,22.53549995422363
21.739255905151367,21.8700008392334,21.934999465942383,21.540000915527344,21.584999084472656,7707800,2025-11-28,4,28,11,1.8061204172723975,1.3203695475982693,2.7048350135376062,3.829059640066035,21.274000549316405,21.19500026702881,22.408500003814698
21.808835983276367,21.940000534057617,22.030000686645508,21.479999542236328,21.559999465942383,25190200,2025-12-01,0,1,12,2.5068419827766597,1.762528188906078,2.3874898293434024,3.611062411098859,21.558000564575195,21.106000328063963,22.28450002670288
21.788955688476562,21.920000076293945,22.239999771118164,21.844999313354492,22.229999542236328,16830400,2025-12-02,1,2,12,1.8020093813359845,-1.3945095471252402,2.1836439018651053,3.105912451880159,21.724000549316408,21.175000381469726,22.15550003051758
22.126924514770508,22.260000228881836,22.40999984741211,21.81999969482422,21.885000228881836,19079400,2025-12-03,2,3,12,2.6504948181553885,1.7135023809828847,2.2268510650234177,3.0192869940943123,21.90400047302246,21.311000442504884,22.09050006866455
22.763097763061523,22.899999618530273,23.09000015258789,22.299999237060547,22.309999465942383,33710900,2025-12-04,3,4,12,3.4497857147914055,2.644554758903347,2.443050462866367,3.0851389867911134,22.178000259399415,21.541000366210938,22.05000009536743
23.190526962280273,23.329999923706055,23.55500030517578,20.610000610351562,20.899999618530273,47409100,2025-12-05,4,5,12,12.623230623467549,11.626795930758316,4.6064725041053975,3.6556537588215017,22.470000076293946,21.872000312805177,22.04650011062622
23.71735954284668,23.860000610351562,24.364999771118164,23.049999237060547,23.135000228881836,26246100,2025-12-08,0,8,12,5.511318107373014,3.1337816049149327,5.207367729024669,3.7974287791840355,22.854000091552734,22.206000328063965,22.067000102996825
24.621917724609375,24.770000457763672,24.809999465942383,23.670000076293945,23.690000534057617,31516600,2025-12-09,1,9,12,4.602338993058544,4.558885180915919,5.7674336513691795,3.9755387766171424,23.42400016784668,22.574000358581543,22.11150016784668
25.10898780822754,25.260000228881836,25.40999984741211,24.579999923706055,24.739999771118164,40648800,2025-12-10,2,10,12,3.285827063283426,2.1018612068490317,5.894500100394788,4.060675582709103,24.02400016784668,22.96400032043457,22.23000020980835
24.393293380737305,24.540000915527344,24.899999618530273,24.045000076293945,24.729999542236328,31575300,2025-12-11,3,11,12,3.484105584101014,-0.7682920753172114,5.901364074256709,4.172207268561538,24.352000427246093,23.265000343322754,22.2830002784729
23.727298736572266,23.8700008392334,24.434999465942383,23.684999465942383,24.389999389648438,49512900,2025-12-12,4,12,12,3.142019160582848,-2.132015430208399,4.005121781679769,4.305797142892583,24.460000610351564,23.465000343322753,22.33000030517578
23.906221389770508,24.049999237060547,24.09000015258789,23.71500015258789,24.0,35706300,2025-12-15,0,15,12,1.5592516087157826,0.2083301544189453,3.2147084819483225,4.211038105486495,24.49800033569336,23.67600021362305,22.391000270843506
24.154726028442383,24.299999237060547,24.5,23.834999084472656,23.920000076293945,33437500,2025-12-16,1,16,12,2.736629367926621,1.588625248973983,2.841566556921938,4.304500104145559,24.404000091552735,23.91400012969971,22.544500255584715
23.876401901245117,24.020000457763672,24.670000076293945,23.84000015258789,24.3700008392334,31541800,2025-12-17,2,17,12,3.4554534050301595,-1.4361935552593785,2.875491825271285,4.384995962833036,24.1560001373291,24.09000015258789,22.700500297546387
23.77699851989746,23.920000076293945,24.190000534057617,23.385000228881836,24.100000381469727,23603100,2025-12-18,3,18,12,3.3653858804690446,-0.7468892212723028,2.851747884544891,4.3765559794008,24.03199996948242,24.19200019836426,22.866500282287596
24.43000030517578,24.43000030517578,24.579999923706055,23.889999389648438,23.90999984741211,29907700,2025-12-19,4,19,12,2.824398384929338,2.1748241785118787,2.788223729414189,3.3966727555469793,24.1439998626709,24.30200023651123,23.0870002746582
24.700000762939453,24.700000762939453,24.799999237060547,24.385000228881836,24.670000076293945,18592700,2025-12-22,0,22,12,1.6801578759519173,0.12160797143383986,2.812404982861416,3.0135567324048695,24.27400016784668,24.38600025177002,23.296000289916993
24.579999923706055,24.579999923706055,24.799999237060547,24.459999084472656,24.729999542236328,16269200,2025-12-23,1,23,12,1.383239030281604,-0.6065492167684408,2.5417269153324127,2.691646736127175,24.33000030517578,24.36700019836426,23.4705002784729
24.440000534057617,24.440000534057617,24.700000762939453,24.440000534057617,24.600000381469727,5180800,2025-12-24,2,24,12,1.0638307004925003,-0.6504058737032841,2.0634023744248813,2.4694470998480833,24.41400032043457,24.285000228881835,23.624500274658203
24.489999771118164,24.489999771118164,24.55500030517578,24.344999313354492,24.5,11203600,2025-12-26,4,26,12,0.8574969121435023,-0.0408172607421875,1.5618245807597724,2.2067862326523318,24.528000259399413,24.280000114440917,23.772500228881835
24.329999923706055,24.329999923706055,24.524999618530273,24.1299991607666,24.25,13836300,2025-12-29,0,29,12,1.6235119564418956,0.3298965926022874,1.321647295062284,2.0549355122382367,24.50800018310547,24.326000022888184,23.89550018310547
24.06999969482422,24.06999969482422,24.440000534057617,24.06999969482422,24.329999923706055,9611600,2025-12-30,1,30,12,1.5371867217470712,-1.0686404837531602,1.2930530642213147,2.052729023541365,24.381999969482422,24.32800006866455,24.0020001411438
24.020000457763672,24.020000457763672,24.239999771118164,23.84000015258789,24.020000457763672,14245400,2025-12-31,2,31,12,1.6652773143515356,0.0,1.349460721035301,1.9455938181838568,24.270000076293947,24.300000190734863,24.107000160217286
24.170000076293945,24.170000076293945,24.389999389648438,23.81999969482422,24.280000686645508,11238800,2026-01-02,4,2,1,2.3582941374637283,-0.4530502769386867,1.6083534084295465,1.8358778914272136,24.21599998474121,24.315000152587892,24.20250015258789
24.1299991607666,24.1299991607666,24.40999984741211,23.729999542236328,24.219999313354492,18144700,2026-01-05,0,5,1,2.818070156759085,-0.3715943647375171,2.000468057352663,1.781146319056218,24.1439998626709,24.336000061035158,24.264000129699706
23.790000915527344,23.790000915527344,24.350000381469727,23.780000686645508,24.09000015258789,17048400,2026-01-06,1,6,1,2.3959633160509433,-1.2453268375273097,2.1549583292744727,1.7383028121683783,24.036000061035157,24.272000122070313,24.28700017929077
22.43000030517578,22.43000030517578,23.799999237060547,22.43000030517578,23.709999084472656,23267100,2026-01-07,2,7,1,6.107886372023966,-5.398561065888561,3.0690982593298517,2.181075661775583,23.70800018310547,24.045000076293945,24.215500164031983
22.020000457763672,22.020000457763672,22.329999923706055,21.80500030517578,22.299999237060547,27026500,2026-01-08,3,8,1,2.384194403343767,-1.2555999501181274,3.2128816771282978,2.2811711990817995,23.30800018310547,23.78900012969971,24.078000164031984
22.170000076293945,22.170000076293945,22.389999389648438,21.760000228881836,22.100000381469727,25301900,2026-01-09,4,9,1,2.841674147941255,0.31674069509479136,3.3095576792238033,2.458955543826675,22.908000183105468,23.56200008392334,23.92350015640259
22.100000381469727,22.100000381469727,22.399999618530273,21.8700008392334,21.959999084472656,14571600,2026-01-12,0,12,1,2.398184480310078,0.6375287014290524,3.225580543934002,2.6130243006433327,22.502000427246095,23.323000144958495,23.801500129699708
22.290000915527344,22.290000915527344,22.71500015258789,22.229999542236328,22.5,11503000,2026-01-13,1,13,1,2.175866264831368,-0.9333292643229166,3.181561133690087,2.66825973148228,22.202000427246094,23.119000244140626,23.722500133514405
22.09000015258789,22.09000015258789,22.584999084472656,21.885000228881836,22.18000030517578,14093700,2026-01-14,2,14,1,3.1688494828227243,-0.4057716472027675,2.5937537558498382,2.8314260075898448,22.134000396728517,22.921000289916993,23.62450017929077
21.950000762939453,21.950000762939453,22.549999237060547,21.940000534057617,22.420000076293945,14910500,2026-01-15,3,15,1,2.7790372747178034,-2.0963394815125427,2.672722330124646,2.942802003626472,22.120000457763673,22.71400032043457,23.507000255584718
21.440000534057617,21.440000534057617,22.0,21.420000076293945,22.0,15541600,2026-01-16,4,16,1,2.705223457362886,-2.545452117919922,2.6454321920089723,2.977494935616387,21.974000549316408,22.441000366210936,23.378000259399414
20.389999389648438,20.389999389648438,21.110000610351562,20.075000762939453,20.989999771118164,26347300,2026-01-20,1,20,1,5.076017059311715,-2.8585058981054186,3.1809987078092994,3.2032896258716503,21.632000350952147,22.06700038909912,23.20150022506714
21.020000457763672,21.020000457763672,21.100000381469727,20.3700008392334,20.53499984741211,20480300,2026-01-21,2,21,1,3.4728807152176113,2.3618242705401524,3.440401597886548,3.3109813657883174,21.378000259399414,21.790000343322752,23.031000232696535
21.360000610351562,21.360000610351562,21.934999465942383,21.299999237060547,21.299999237060547,14748500,2026-01-22,3,22,1,2.9728474285440787,0.2816965983107517,3.401201187030819,2.997477471440329,21.23200035095215,21.683000373840333,22.864000225067137
21.049999237060547,21.049999237060547,21.309999465942383,20.969999313354492,21.309999465942383,9391800,2026-01-23,4,23,1,1.6152026836622764,-1.2200855720215666,3.1684342688197136,2.92057829947218,21.052000045776367,21.58600025177002,22.687500190734863
21.3700008392334,21.3700008392334,21.415000915527344,21.020000457763672,21.06999969482422,10641900,2026-01-26,0,26,1,1.8483876567682984,1.423830796176395,2.997067108700796,2.821249650354884,21.038000106811523,21.506000328063966,22.534000205993653
21.600000381469727,21.600000381469727,21.84000015258789,21.43000030517578,21.600000381469727,10058800,2026-01-27,1,27,1,1.8981474082002392,0.0,2.3614931784785007,2.7712459431439003,21.280000305175783,21.456000328063965,22.389500236511232
21.709999084472656,21.709999084472656,21.920000076293945,21.53499984741211,21.75,16653000,2026-01-28,2,28,1,1.7733774533283806,-0.18391225529813218,2.0215925261006547,2.730997061993601,21.41800003051758,21.398000144958495,22.258500194549562
22.010000228881836,22.010000228881836,22.010000228881836,21.354999542236328,21.81999969482422,15125000,2026-01-29,3,29,1,2.975923125098411,0.8707632296744989,2.0222076654115213,2.71170442622117,21.547999954223634,21.39000015258789,22.155500221252442
21.520000457763672,21.520000457763672,21.80500030517578,21.260000228881836,21.6299991607666,19367800,2026-01-30,4,30,1,2.5325281816958705,-0.5085469591808859,2.2056727650182397,2.6870535169189766,21.642000198364258,21.347000122070312,22.030500221252442
22.010000228881836,22.010000228881836,22.079999923706055,21.350000381469727,21.40999984741211,16061700,2026-02-02,0,2,2,3.3166721246936306,2.802430573311052,2.4993296586033065,2.7481983836520514,21.770000076293947,21.404000091552735,21.922500228881837
21.780000686645508,21.780000686645508,22.485000610351562,21.665000915527344,22.190000534057617,20537400,2026-02-03,1,3,2,3.7649204268712664,-1.8476784026338087,2.872684262337512,2.6170887204080064,21.8060001373291,21.54300022125244,21.80500030517578
23.239999771118164,23.239999771118164,23.290000915527344,21.729999542236328,21.780000686645508,29903000,2026-02-04,2,4,2,6.712570519168977,6.70339319763135,3.860522875505631,2.9410577008031433,22.112000274658204,21.76500015258789,21.777500247955324
22.709999084472656,22.709999084472656,23.100000381469727,22.165000915527344,22.920000076293945,23404300,2026-02-05,3,5,2,4.1171268323901575,-0.9162346907602856,4.0887636169639805,3.0554856411877505,22.252000045776366,21.9,21.791500186920167
23.610000610351562,23.610000610351562,23.799999237060547,22.979999542236328,23.079999923706055,15011600,2026-02-06,4,6,2,3.473103234333244,2.296363467926751,4.276878627491454,3.241275696254847,22.670000076293945,22.1560001373291,21.87100019454956
23.90999984741211,23.90999984741211,24.06999969482422,23.299999237060547,23.40999984741211,14122000,2026-02-09,0,9,2,3.2204118054271444,2.135839398799796,4.257626563638158,3.3784781111207325,23.05,22.410000038146972,21.95800018310547
23.969999313354492,23.969999313354492,24.25,23.905000686645508,24.010000228881836,12868400,2026-02-10,1,10,2,1.4392963005313124,-0.16660106266565672,3.7925017383701674,3.3325930003538398,23.487999725341798,22.64699993133545,22.051500129699708
23.809999465942383,23.809999465942383,24.3799991607666,23.290000915527344,24.229999542236328,15772900,2026-02-11,2,11,2,4.577901174665635,-1.7333887091571156,3.3655678694694986,3.613045372487565,23.60199966430664,22.856999969482423,22.12750005722046
