Adj Close,Close,High,Low,Open,Volume,date,day_of_week,day,month,hl_pct,oc_pct,volatility_5d,volatility_10d,ma_5,ma_10,ma_20
INTC,INTC,INTC,INTC,INTC,INTC,,,,,,,,,,,
44.39689254760742,44.86000061035156,44.93000030517578,43.65999984741211,43.869998931884766,35051000,2024-03-11,0,11,3,2.831030852617991,2.2566713074325206,4.185439397995712,3.4479771716444154,44.53600006103515,43.988000106811526,43.788500022888186
44.77296829223633,45.2400016784668,45.27000045776367,44.459999084472656,45.060001373291016,31795800,2024-03-12,1,12,3,1.7904538975217539,0.39946804192171,3.5333354078601387,3.4491610719577137,44.95200042724609,44.23900032043457,43.84900016784668
42.78371810913086,43.22999954223633,44.97999954223633,43.20000076293945,44.5099983215332,53195900,2024-03-13,2,13,3,4.117508207599657,-2.8757556224791694,3.480630793807685,3.7323096317169933,44.69600067138672,44.363000106811526,43.85250015258789
42.30867385864258,42.75,43.349998474121094,42.5099983215332,43.22999954223633,38100000,2024-03-14,3,14,3,1.9649126376324926,-1.1103389944923818,3.336236150035849,3.745293130200829,44.01600036621094,44.33300018310547,43.78050022125244
42.199806213378906,42.63999938964844,43.150001525878906,42.349998474121094,42.45000076293945,66952900,2024-03-15,4,15,3,1.876179791766194,0.4475821514586656,2.516017077427618,3.672756066568745,43.74400024414062,44.21500015258789,43.71000022888184
42.26908493041992,42.709999084472656,43.380001068115234,42.599998474121094,43.09000015258789,27668300,2024-03-18,0,18,3,1.8262763069871215,-0.8818776207231281,2.315066168301444,3.2502527831485777,43.31399993896484,43.925,43.67000026702881
41.61589813232422,42.04999923706055,42.290000915527344,41.439998626708984,42.25,34673000,2024-03-19,1,19,3,2.0214085713210057,-0.4733745868389423,2.361257103061294,2.9472962554607163,42.67599945068359,43.81399993896484,43.54650020599365
41.76435470581055,42.20000076293945,43.0099983215332,41.40999984741211,42.9900016784668,74865000,2024-03-20,2,20,3,3.7914655099395915,-1.8376387175696396,2.2960485635292813,2.888339678668483,42.46999969482422,43.58300018310547,43.48300018310547
41.98208236694336,42.41999816894531,43.599998474121094,42.31999969482422,42.9900016784668,50807600,2024-03-21,3,21,3,3.017441854191149,-1.3258978536095118,2.5065544068410124,2.9213952784384305,42.40399932861328,43.20999984741211,43.45500011444092
42.13053512573242,42.56999969482422,42.79999923706055,42.09000015258789,42.25,28503100,2024-03-22,4,22,3,1.667839064041572,0.7573957273946006,2.464886261296088,2.490451669361853,42.38999938964844,43.06699981689453,43.43400001525879
41.39817428588867,41.83000183105469,42.220001220703125,40.56999969482422,40.88999938964844,47276500,2024-03-25,0,25,3,3.9445408884824418,2.298856579695175,2.888539177595152,2.601802672948298,42.21399993896485,42.763999938964844,43.376000022888185
41.556522369384766,41.9900016784668,42.27000045776367,41.65999984741211,41.95000076293945,39109700,2024-03-26,1,26,3,1.4527282352179123,0.09535378974934938,2.7748031103745334,2.568030106717914,42.20200042724609,42.43899993896484,43.339000129699706
43.318145751953125,43.77000045776367,43.83000183105469,42.5,42.540000915527344,51017800,2024-03-27,2,27,3,3.0386150722984047,2.891395194557627,2.6242330228462962,2.4601407931877888,42.51600036621094,42.49300003051758,43.42800006866455
43.714012145996094,44.16999816894531,44.599998474121094,43.709999084472656,43.7599983215332,54204200,2024-03-28,3,28,3,2.01494097021306,0.9369283892553503,2.423732846050678,2.465143626445845,42.86600036621094,42.63499984741211,43.484000015258786
44.060401916503906,44.52000045776367,45.40999984741211,44.18000030517578,44.290000915527344,31712600,2024-04-01,0,1,4,2.7628021778733682,0.5193035391329018,2.642725468817037,2.5538058650565625,43.25600051879883,42.82299995422363,43.51900005340576
43.48638916015625,43.939998626708984,44.08000183105469,43.5,43.93000030517578,32748400,2024-04-02,1,2,4,1.3199860017795555,0.022759666432383644,2.11781449147646,2.5031768345358065,43.677999877929686,42.94599990844726,43.43549995422363
39.913658142089844,40.33000183105469,41.650001525878906,40.220001220703125,41.400001525878906,83718000,2024-04-03,2,3,4,3.5457481781581777,-2.584540230404021,2.5364184800645133,2.6556107952195234,43.34599990844727,42.77400016784668,43.29400005340576
39.31985092163086,39.72999954223633,40.779998779296875,39.70000076293945,40.59000015258789,57307200,2024-04-04,3,4,4,2.7183438932821864,-2.1187499559463085,2.4723642442612697,2.5482986335537827,42.5379997253418,42.52700004577637,43.055000114440915
38.31037902832031,38.709999084472656,39.459999084472656,38.5099983215332,39.349998474121094,67263000,2024-04-05,4,5,4,2.4541482444015794,-1.6264279910184476,2.5602056990989737,2.491969272574826,41.44599990844726,42.1560001373291,42.682999992370604
37.58791732788086,37.97999954223633,38.86000061035156,37.90999984741211,38.63999938964844,56967800,2024-04-08,0,8,4,2.5013185212995803,-1.708074166245773,2.507908967784216,2.5753172183006265,40.1379997253418,41.697000122070314,42.38199996948242
37.93430709838867,38.33000183105469,38.58000183105469,37.33000183105469,38.04999923706055,78671700,2024-04-09,1,9,4,3.26115298796375,0.7358806822824302,2.896142365021055,2.5069784282487575,39.01600036621094,41.34700012207031,42.05550003051758
36.81596755981445,37.20000076293945,38.220001220703125,37.02000045776367,38.02000045776367,51108400,2024-04-10,2,10,4,3.2258084363669033,-2.1567587715711745,2.8321544166628,2.6842864483636566,38.39000015258789,40.86800003051758,41.65349998474121
37.24153137207031,37.630001068115234,37.66999816894531,37.08000183105469,37.43000030517578,41909100,2024-04-11,3,11,4,1.567888177368516,0.534332784688215,2.6020632734800655,2.5372137588706676,37.970000457763675,40.25400009155273,41.37350006103516
35.321556091308594,35.689998626708984,36.70000076293945,35.599998474121094,36.689998626708984,80254800,2024-04-12,4,12,4,3.082102356807493,-2.725538395828765,2.727654095961248,2.643929897530111,37.36600036621094,39.4060001373291,41.0204999923706
35.935157775878906,36.310001373291016,36.70000076293945,35.88999938964844,36.040000915527344,50751600,2024-04-15,0,15,4,2.230794113620822,0.7491688426881973,2.673549214425497,2.5907290911048566,37.03200073242188,38.58500022888184,40.704000091552736
35.88566970825195,36.2599983215332,36.5099983215332,35.7599983215332,36.27000045776367,30607500,2024-04-16,1,16,4,2.068395021283297,-0.027576884764907057,2.434997621089406,2.66556999305523,36.61800003051758,37.817000198364255,40.38150005340576
35.31166076660156,35.68000030517578,36.130001068115234,35.369998931884766,36.099998474121094,41173300,2024-04-17,2,17,4,2.1300508120237374,-1.1634298800494283,2.215846096220773,2.5240002564417865,36.31399993896484,37.352000045776364,40.06300010681152
34.67826843261719,35.040000915527344,35.65999984741211,34.77000045776367,35.41999816894531,42334400,2024-04-18,3,18,4,2.539952529664605,-1.0728325044102727,2.410258966679991,2.5061611200800282,35.795999908447264,36.883000183105466,39.70500011444092
33.84694290161133,34.20000076293945,35.130001068115234,34.18000030517578,35.130001068115234,59070300,2024-04-19,4,19,4,2.777779946627702,-2.64731077967393,2.3493944846440327,2.5385242903026404,35.49800033569336,36.43200035095215,39.294000244140626
34.054771423339844,34.40999984741211,34.56999969482422,34.08000183105469,34.41999816894531,39909900,2024-04-22,0,22,4,1.423998447958095,-0.029048001351214162,2.188035351511487,2.430792282968492,35.11800003051758,36.07500038146973,38.88600025177002
33.92611312866211,34.279998779296875,34.599998474121094,34.18000030517578,34.34000015258789,46834000,2024-04-23,1,23,4,1.225198902862759,-0.1747273530122389,2.0193961278273798,2.2271968744583925,34.72200012207031,35.670000076293945,38.50850009918213
34.14384078979492,34.5,35.18000030517578,34.34000015258789,34.86000061035156,53261100,2024-04-24,2,24,4,2.434783050979393,-1.0327039703053291,2.0803425756185105,2.148094335919642,34.486000061035156,35.4,38.13400001525879
34.74754333496094,35.11000061035156,35.29999923706055,34.5,34.560001373291016,66549400,2024-04-25,3,25,4,2.2785509061617084,1.5914329143678865,2.0280622509179316,2.219160608798961,34.5,35.147999954223636,37.70100002288818
31.55088996887207,31.8799991607666,32.2400016784668,30.639999389648438,31.780000686645508,119742500,2024-04-26,4,26,4,5.018827888764239,0.31465850207836776,2.4762718393452388,2.412833161994636,34.03599967956543,34.76700000762939,37.08650007247925
31.036256790161133,31.360000610351562,31.90999984741211,31.06999969482422,31.860000610351562,58533300,2024-04-29,0,29,4,2.6785718630076065,-1.5693659460808238,2.727186522355141,2.457610936933314,33.42599983215332,34.27199993133545,36.42850008010864
30.155445098876953,30.469999313354492,31.18000030517578,30.420000076293945,31.040000915527344,72346400,2024-04-30,1,30,4,2.4942574532607242,-1.836345313661753,2.980998232434734,2.500197180131057,32.66399993896484,33.69300003051758,35.75500011444092
30.05647850036621,30.3700008392334,31.040000915527344,30.020000457763672,30.170000076293945,60654800,2024-05-01,2,1,5,3.358578958107855,0.6629127027964563,3.165757413860427,2.6230499947394685,31.838000106811524,33.16200008392334,35.257000064849855
30.195032119750977,30.510000228881836,30.670000076293945,30.190000534057617,30.59000015258789,50899400,2024-05-02,3,2,5,1.5732531584249014,-0.26152312293887564,3.0246978643130653,2.5263800576154987,30.91800003051758,32.70900001525879,34.79600009918213
30.58100700378418,30.899999618530273,31.059999465942383,30.700000762939453,30.979999542236328,36794800,2024-05-03,4,3,5,1.165044360670619,-0.2582308743968425,2.2539411586943414,2.36510649901979,30.722000122070312,32.378999900817874,34.40550012588501
30.774776458740234,30.969999313354492,31.200000762939453,30.729999542236328,31.1200008392334,36185600,2024-05-06,0,6,5,1.5176016503831726,-0.48201003159934797,2.0217471161694545,2.374466819262298,30.6439998626709,32.03499984741211,34.055000114440915
30.486604690551758,30.68000030517578,31.450000762939453,30.610000610351562,31.09000015258789,44683400,2024-05-07,1,7,5,2.7379404961941307,-1.318751513026228,2.070483724756136,2.5257409785954352,30.686000061035156,31.675,33.67250003814697
29.81089210510254,30.0,30.149999618530273,29.729999542236328,30.0,63734600,2024-05-08,2,8,5,1.4000002543131511,0.0,1.678767983997195,2.4222626989288107,30.611999893188475,31.225,33.3125
29.90032386779785,30.09000015258789,30.389999389648438,29.809999465942383,29.93000030517578,45003400,2024-05-09,3,9,5,1.927550417962267,0.5345801730060146,1.749627435904668,2.3871626501088667,30.527999877929688,30.72299995422363,32.93549995422363
29.66183853149414,29.850000381469727,30.459999084472656,29.84000015258789,30.329999923706055,42931300,2024-05-10,4,10,5,2.0770483214789115,-1.5825899882748053,1.9320282280663263,2.092984693380334,30.318000030517577,30.520000076293947,32.64350004196167
30.317676544189453,30.510000228881836,31.1299991607666,30.0,30.030000686645508,51459100,2024-05-13,0,13,5,3.7037009252359976,1.598400037499121,2.3692480830368914,2.195497599603173,30.226000213623045,30.435000038146974,32.35349998474121
30.854272842407227,31.049999237060547,31.110000610351562,30.610000610351562,30.6200008392334,47759900,2024-05-14,1,14,5,1.6103059976993874,1.404305636975005,2.143721183337943,2.1071024540470393,30.3,30.493000030517578,32.09300003051758
31.072887420654297,31.270000457763672,31.399999618530273,30.809999465942383,31.3799991607666,36992900,2024-05-15,2,15,5,1.886792913178248,-0.35053762251357073,2.2410797151109625,1.9599238495540785,30.554000091552734,30.582999992370606,31.872500038146974
31.828094482421875,32.029998779296875,32.2599983215332,31.520000457763672,31.6299991607666,47752800,2024-05-16,3,16,5,2.3103274803989104,1.2646210216357745,2.317635127598291,2.0336312817514797,30.94199981689453,30.73499984741211,31.72199993133545
31.629356384277344,31.829999923706055,32.11000061035156,31.59000015258789,32.060001373291016,41449800,2024-05-17,4,17,5,1.6336803613260165,-0.7174093566214681,2.228961535567712,2.0804948818170197,31.337999725341795,30.827999877929688,31.60349988937378
31.897653579711914,32.099998474121094,32.41999816894531,31.760000228881836,31.850000381469727,31989000,2024-05-20,0,20,5,2.0560684468429633,0.7849233584211058,1.8994350398891051,2.1343415614629984,31.655999374389648,30.94099979400635,31.487999820709227
31.5399227142334,31.739999771118164,32.2400016784668,31.6200008392334,31.979999542236328,42975400,2024-05-21,1,21,5,1.9533737986903474,-0.7504683381911679,1.9680486000872972,2.05588489171262,31.793999481201173,31.046999740600587,31.360999870300294
31.221940994262695,31.420000076293945,32.06999969482422,31.100000381469727,31.90999984741211,36706400,2024-05-22,2,22,5,3.0872034086541786,-1.5355680772837825,2.208130699182483,2.2246052071467224,31.823999404907227,31.188999748229982,31.20699987411499
29.8903865814209,30.079999923706055,31.56999969482422,29.8700008392334,31.450000762939453,62014500,2024-05-23,3,23,5,5.651591954463573,-4.356123389503384,2.8763835939954157,2.597009360796853,31.433999633789064,31.187999725341797,30.955499839782714
30.526351928710938,30.719999313354492,31.020000457763672,30.1299991607666,30.290000915527344,42434500,2024-05-24,4,24,5,2.897139703418457,1.4196051001329666,3.129075462413904,2.679018498990808,31.21199951171875,31.274999618530273,30.89749984741211
30.86421012878418,31.059999465942383,31.3700008392334,30.65999984741211,30.940000534057617,36799100,2024-05-28,1,28,5,2.2859014939772058,0.38784398776165246,3.1750420718407524,2.5372385558649286,31.003999710083008,31.32999954223633,30.882499790191652
29.94007110595703,30.1299991607666,30.670000076293945,30.110000610351562,30.469999313354492,35848600,2024-05-29,2,29,5,1.8586109576517316,-1.1158521832945176,3.156089503633029,2.562069051860163,30.681999588012694,31.237999534606935,30.865499782562257
29.99969482421875,30.190000534057617,30.5,30.059999465942383,30.209999084472656,33351000,2024-05-30,3,30,5,1.4574379803711779,-0.06619844760378667,2.830136417976429,2.519133558579456,30.43599967956543,31.129999542236327,30.856499767303468
30.655534744262695,30.850000381469727,30.959999084472656,29.940000534057617,30.219999313354492,95797500,2024-05-31,4,31,5,3.30631616791716,2.084715693017343,2.3610812606671465,2.618732427331281,30.589999771118165,31.011999702453615,30.87349977493286
30.099063873291016,30.290000915527344,31.06999969482422,30.049999237060547,31.030000686645508,35544900,2024-06-03,0,3,6,3.367449412128596,-2.3847881235679136,2.4551432024091744,2.792109332411539,30.504000091552733,30.857999801635742,30.842999839782713
29.8407039642334,30.030000686645508,30.75,29.940000534057617,30.75,51027200,2024-06-04,1,4,6,2.697300857214411,-2.341461181640625,2.537423075056615,2.856232573448684,30.29800033569336,30.651000022888184,30.795999908447264
30.585975646972656,30.780000686645508,30.84000015258789,30.010000228881836,30.270000457763672,44161700,2024-06-05,2,5,6,2.6965558973043366,1.6848372024091947,2.7050120629871364,2.930550783310083,30.42800064086914,30.55500011444092,30.800999927520753
30.22824478149414,30.420000076293945,30.59000015258789,30.15999984741211,30.549999237060547,34248100,2024-06-06,3,6,6,1.413544720898528,-0.4255291784390558,2.696233411092606,2.7631849145345178,30.474000549316408,30.455000114440917,30.821999931335448
30.546226501464844,30.739999771118164,30.780000686645508,30.209999084472656,30.25,34085500,2024-06-07,4,7,6,1.8542667742906032,1.6198339541096334,2.405823532367295,2.3834523965172205,30.452000427246094,30.521000099182128,30.854499912261964
30.71515464782715,30.90999984741211,30.950000762939453,30.290000915527344,30.549999237060547,37396500,2024-06-10,0,10,6,2.1352308336144064,1.1783980993192358,2.1593798166644573,2.307261509536816,30.576000213623047,30.54000015258789,30.907499885559083
30.7250919342041,30.920000076293945,31.030000686645508,30.530000686645508,30.770000457763672,25326900,2024-06-11,1,11,6,1.6170763220125117,0.4874865658067502,1.943334909624077,2.240378992340346,30.754000091552733,30.526000213623046,30.927999877929686
30.56610107421875,30.760000228881836,31.479999542236328,30.389999389648438,31.459999084472656,51323900,2024-06-12,2,12,6,3.543563538612865,-2.2250441066805706,2.1127364378857827,2.4088742504364595,30.75,30.58900032043457,30.913499927520753
30.26799201965332,30.459999084472656,30.579999923706055,30.139999389648438,30.3799991607666,33787200,2024-06-13,3,13,6,1.4445191965941742,0.26333089504942564,2.118931333024912,2.4075823720587595,30.75799980163574,30.616000175476074,30.8729998588562
30.258056640625,30.450000762939453,30.559999465942383,30.209999084472656,30.290000915527344,28125900,2024-06-14,4,14,6,1.1494265113310287,0.5282266179466829,1.9779632804329974,2.1918934064001463,30.7,30.576000213623047,30.79399995803833
30.784713745117188,30.979999542236328,31.0,30.18000030517578,30.34000015258789,36235300,2024-06-17,0,17,6,2.646868001745058,2.109424477355673,2.080290714059127,2.1198352653617922,30.713999938964843,30.645000076293947,30.751499938964844
30.436920166015625,30.6299991607666,31.469999313354492,30.5,30.989999771118164,33294700,2024-06-18,1,18,6,3.166827750347921,-1.1616670313340023,2.3902409997262093,2.1667879546751427,30.655999755859376,30.704999923706055,30.67799997329712
30.426984786987305,30.6200008392334,31.110000610351562,30.450000762939453,30.559999465942383,43826300,2024-06-20,3,20,6,2.1554533942613476,0.19633957571852778,2.112618970855906,2.1126777043708445,30.62799987792969,30.688999938964844,30.62200002670288
30.894020080566406,31.09000015258789,31.360000610351562,30.670000076293945,30.850000381469727,90795200,2024-06-21,4,21,6,2.2193648461599715,0.7779571090777737,2.2675881007690655,2.1932597168969883,30.754000091552733,30.755999946594237,30.60550003051758
30.37729835510254,30.56999969482422,31.420000076293945,30.530000686645508,31.139999389648438,40611800,2024-06-24,0,24,6,2.911349030203368,-1.830442215787898,2.619972604543533,2.2989679424882654,30.777999877929688,30.738999938964845,30.630000019073485
30.546226501464844,30.739999771118164,30.829999923706055,30.290000915527344,30.700000762939453,29323600,2024-06-25,1,25,6,1.7566656219889378,0.13028992568298922,2.441932128592309,2.2611114213257184,30.729999923706053,30.72199993133545,30.63100004196167
30.347488403320312,30.540000915527344,30.68000030517578,30.270000457763672,30.639999389648438,30743000,2024-06-26,2,26,6,1.342501097318745,-0.3263657836588525,2.077066797986474,2.2336538988563417,30.7120002746582,30.68400001525879,30.60500011444092
30.397172927856445,30.59000015258789,30.65999984741211,30.290000915527344,30.420000076293945,30184300,2024-06-27,3,27,6,1.2095421053911437,0.5588431159355091,1.8878845402124333,2.00025175553417,30.706000137329102,30.667000007629394,30.62800016403198
30.774776458740234,30.969999313354492,31.309999465942383,30.719999313354492,30.75,41467700,2024-06-28,4,28,6,1.9050699569550145,0.7154449214780234,1.8250255623714415,2.0463068315702535,30.681999969482423,30.71800003051758,30.667000102996827
30.645597457885742,30.84000015258789,31.020000457763672,30.610000610351562,30.90999984741211,32401800,2024-07-01,0,1,7,1.3294417813992938,-0.2264629413451109,1.508644112610627,2.06430835857708,30.736000061035156,30.756999969482422,30.666500091552734
30.874147415161133,31.06999969482422,31.309999465942383,30.59000015258789,30.860000610351562,35999300,2024-07-02,1,2,7,2.3173457368087225,0.6804895668155462,1.6207801355745837,2.0313561320834466,30.802000045776367,30.76599998474121,30.705500030517577
31.033138275146484,31.229999542236328,31.34000015258789,30.90999984741211,31.1200008392334,24065700,2024-07-03,2,3,7,1.3768822013405309,0.35346625975746393,1.627656356378941,1.8523615771827078,30.939999771118163,30.826000022888184,30.765499973297118
31.818159103393555,32.02000045776367,32.34000015258789,31.309999465942383,31.399999618530273,45309400,2024-07-05,4,5,7,3.216741636228711,1.9745249896994062,2.0290962625464544,1.9584904013794435,31.22599983215332,30.96599998474121,30.82749996185303
33.77574157714844,33.9900016784668,34.09000015258789,32.81999969482422,33.029998779296875,82315900,2024-07-08,0,8,7,3.736394219033644,2.9064575678145332,2.3953611149621805,2.1101933386668112,31.83000030517578,31.256000137329103,31.00600004196167
34.3719596862793,34.59000015258789,35.220001220703125,33.720001220703125,35.02000045776367,97546900,2024-07-09,1,9,7,4.3365134240618834,-1.2278706440749159,2.9967754434946983,2.2527097780526626,32.58000030517578,31.658000183105468,31.198500061035155
34.65019226074219,34.869998931884766,34.970001220703125,34.130001068115234,34.439998626708984,52256200,2024-07-10,2,10,7,2.408948030737687,1.2485491356620046,3.0150959022804913,2.3179380189275376,33.34000015258789,32.07100009918213,31.396500015258788
33.2888298034668,33.5,35.150001525878906,33.310001373291016,35.029998779296875,55213700,2024-07-11,3,11,7,5.492537768919076,-4.367681509030259,3.8382270157962006,2.73294168608757,33.794000244140626,32.36700000762939,31.52550001144409
34.27259063720703,34.4900016784668,35.47999954223633,33.77000045776367,33.77000045776367,62792600,2024-07-12,4,12,7,4.957955932893627,2.132073470367981,4.186469875129184,3.107783068837819,34.28800048828125,32.75700016021729,31.71200008392334
34.242774963378906,34.459999084472656,35.22999954223633,34.310001373291016,34.70000076293945,39847900,2024-07-15,0,15,7,2.6697568003124377,-0.6916474731698715,3.973142391384942,3.1842517531735615,34.38199996948242,33.106000137329104,31.91200008392334
34.12353515625,34.34000015258789,34.45000076293945,33.84000015258789,34.36000061035156,28409900,2024-07-16,1,16,7,1.7763558754835718,-0.0582085489184956,3.46111088166928,3.2289431625819893,34.331999969482425,33.4560001373291,32.10650005340576
34.242774963378906,34.459999084472656,37.15999984741211,34.400001525878906,36.08000183105469,112304200,2024-07-17,2,17,7,8.00928147086583,-4.490029557558577,4.581177569694908,3.7981367359876996,34.25,33.795000076293945,32.28050003051758
34.65019226074219,34.869998931884766,36.29999923706055,34.529998779296875,34.959999084472656,84188600,2024-07-18,3,18,7,5.075998026903298,-0.25743751414416893,4.497869621291753,4.168048318543977,34.523999786376955,34.15900001525879,32.49250001907349
32.7721061706543,32.97999954223633,34.58000183105469,32.849998474121094,34.56999969482422,69628700,2024-07-19,4,19,7,5.245613647501841,-4.599364092056801,4.555401164213396,4.37093551967129,34.22199935913086,34.25499992370605,32.610499954223634
33.15964889526367,33.369998931884766,33.40999984741211,32.7599983215332,33.279998779296875,48503700,2024-07-22,0,22,7,1.9478619918619027,0.27043316072438905,4.411022202523289,4.192082296954115,34.00399932861328,34.19299964904785,32.72449989318848
32.7422981262207,32.95000076293945,33.22999954223633,32.83000183105469,32.959999084472656,29466400,2024-07-23,1,23,7,1.2139535718358418,-0.030334714232177578,4.298541741793743,3.8798263117315117,33.725999450683595,34.028999710083006,32.843499946594235
31.50017547607422,31.700000762939453,32.79999923706055,31.65999984741211,32.529998779296875,62216700,2024-07-24,2,24,7,3.596212499089948,-2.5514849293067265,3.415927947438566,3.998552758566737,33.17399978637695,33.71199989318848,32.8914999961853
30.90395736694336,31.100000381469727,31.989999771118164,30.950000762939453,31.3700008392334,49774000,2024-07-25,3,25,7,3.344048216791574,-0.8606963676774642,3.0695379854162215,3.783703803353987,32.420000076293945,33.471999931335446,32.91949996948242
31.152381896972656,31.350000381469727,31.559999465942383,31.020000457763672,31.43000030517578,38352500,2024-07-26,4,26,7,1.7224848536138841,-0.25453363960954395,2.36491222663863,3.460156695426013,32.094000244140624,33.15799980163574,32.957499980926514
30.63566017150879,30.829999923706055,31.469999313354492,30.790000915527344,31.420000076293945,32342200,2024-07-29,0,29,7,2.2056386620496826,-1.8777853314934885,2.4164675606761863,3.4137448815997375,31.586000442504883,32.79499988555908,32.95050001144409
29.94007110595703,30.1299991607666,30.90999984741211,30.010000228881836,30.850000381469727,48256600,2024-07-30,1,30,7,2.9870549073967334,-2.3338775098868356,2.7710878277883646,3.5348147847910534,31.022000122070313,32.373999786376956,32.91499996185303
30.546226501464844,30.739999771118164,30.8700008392334,30.280000686645508,30.540000915527344,56110600,2024-07-31,2,31,7,1.9193238678623108,0.6548750805345772,2.435710101542837,2.9258190244907016,30.829999923706055,32.001999855041504,32.898499965667725
28.866878509521484,29.049999237060547,30.709999084472656,28.889999389648438,30.43000030517578,107672500,2024-08-01,3,1,8,6.265059354983918,-4.5350018214771834,3.019912329181306,3.044725157298764,30.41999969482422,31.419999885559083,32.78949995040894
21.3445987701416,21.479999542236328,21.979999542236328,20.420000076293945,21.940000534057617,300895900,2024-08-02,4,2,8,7.262567500874202,-2.0966316345673115,4.12792885863337,3.2464205426359998,28.445999526977538,30.26999988555908,32.26249990463257
19.983234405517578,20.110000610351562,20.389999389648438,19.290000915527344,20.200000762939453,147385700,2024-08-05,0,5,8,5.469907711265174,-0.4455452930131178,4.780782668476467,3.598625114576327,26.301999664306642,28.944000053405762,31.568499851226807
19.704999923706055,19.829999923706055,20.6299991607666,19.75,20.31999969482422,106670400,2024-08-06,1,6,8,4.437716410248666,-2.411416232663496,5.0709149690468545,3.9210013984176095,24.24199981689453,27.631999969482422,30.830499839782714
18.989999771118164,18.989999771118164,20.25,18.950000762939453,19.920000076293945,97972300,2024-08-07,2,7,8,6.8457043324334945,-4.668676212921004,6.0561910619610915,4.2459505817519645,21.891999816894533,26.360999870300294,30.036499881744383
20.489999771118164,20.489999771118164,20.549999237060547,18.84000015258789,19.100000381469727,96836800,2024-08-08,3,8,8,8.345530032084229,7.277483570089219,6.472285197381153,4.746098763281229,20.179999923706056,25.299999809265138,29.385999870300292
19.709999084472656,19.709999084472656,20.149999618530273,19.5,20.079999923706055,76394500,2024-08-09,4,9,8,3.297816584082628,-1.8426336685219937,5.679335014022838,4.903631936328104,19.82599983215332,24.13599967956543,28.646999740600585
19.360000610351562,19.360000610351562,19.969999313354492,19.0,19.8700008392334,54677600,2024-08-12,0,12,8,5.010326873832045,-2.566684485864935,5.587418846536212,5.18410075750634,19.67599983215332,22.98899974822998,27.891999816894533
20.469999313354492,20.469999313354492,20.479999542236328,19.469999313354492,19.479999542236328,77511300,2024-08-13,1,13,8,4.9340511126588975,5.082134468081773,5.686685787018258,5.378800378032556,19.80399971008301,22.02299976348877,27.198499774932863
19.920000076293945,19.920000076293945,20.5,19.790000915527344,20.489999771118164,56758200,2024-08-14,2,14,8,3.5642524184404993,-2.7818433440280765,5.03039540421966,5.543293233090376,19.989999771118164,20.94099979400635,26.471499824523924
20.690000534057617,20.690000534057617,21.059999465942383,20.229999542236328,20.31999969482422,84814900,2024-08-15,3,15,8,4.011599334373141,1.8208702991646337,4.163609264677442,5.317947231029298,20.029999923706054,20.104999923706053,25.76249990463257
20.8700008392334,20.8700008392334,20.899999618530273,20.40999984741211,20.530000686645508,48582700,2024-08-16,4,16,8,2.3478665616391172,1.6561136932112048,3.9736192601887397,4.8264771371057895,20.262000274658202,20.04400005340576,25.15699996948242
21.520000457763672,21.520000457763672,21.860000610351562,20.84000015258789,20.889999389648438,65956300,2024-08-19,0,19,8,4.739778978005044,3.0158022332323142,3.91950968102334,4.753464263779776,20.694000244140625,20.185000038146974,24.564500045776366
20.989999771118164,20.989999771118164,21.229999542236328,20.81999969482422,21.209999084472656,84161300,2024-08-20,1,20,8,1.9533103948684234,-1.0372433892066903,3.323361537465245,4.5050236622417525,20.79800033569336,20.301000022888182,23.966499996185302
21.40999984741211,21.40999984741211,21.440000534057617,21.06999969482422,21.06999969482422,57028900,2024-08-21,2,21,8,1.7281683412908644,1.6136694708705224,2.956144722035318,3.993270063127489,21.096000289916994,20.54300003051758,23.451999950408936
20.100000381469727,20.100000381469727,21.399999618530273,20.040000915527344,21.389999389648438,81444700,2024-08-22,3,22,8,6.766162573094865,-6.0308510752132065,3.5070573697796634,3.835333317228552,20.978000259399415,20.504000091552733,22.901999950408936
20.540000915527344,20.540000915527344,20.93000030517578,20.260000228881836,20.31999969482422,73398400,2024-08-23,4,23,8,3.2619281715194792,1.0826831890118693,3.689869691755735,3.8317444759722377,20.912000274658205,20.5870002746582,22.361499977111816
20.1299991607666,20.1299991607666,20.559999465942383,19.950000762939453,20.530000686645508,58534800,2024-08-26,0,26,8,3.0302967135329943,-1.9483756088673778,3.347973238861325,3.6337414599423328,20.63400001525879,20.66400012969971,21.826499938964844
20.06999969482422,20.06999969482422,20.260000228881836,19.84000015258789,20.1299991607666,43862000,2024-08-27,1,27,8,2.0926760472361026,-0.29805995252757816,3.375846369334861,3.3496039534000532,20.45,20.62400016784668,21.323499965667725
19.610000610351562,19.610000610351562,20.110000610351562,19.510000228881836,19.979999542236328,50144900,2024-08-28,2,28,8,3.0596652870729817,-1.8518465483575897,3.642145758491284,3.2991452402633015,20.09000015258789,20.593000221252442,20.767000007629395
20.1299991607666,20.1299991607666,20.600000381469727,19.75,19.760000228881836,64529700,2024-08-29,3,29,8,4.222555473953415,1.8724642084971415,3.1334243386629947,3.3202408542213293,20.095999908447265,20.53700008392334,20.321000003814696
22.040000915527344,22.040000915527344,22.1200008392334,21.0,21.25,177785400,2024-08-30,4,30,8,5.081673288154674,3.7176513671875,3.4973733619900336,3.5936215268728846,20.395999908447266,20.654000091552735,20.34900007247925
20.100000381469727,20.100000381469727,21.690000534057617,19.989999771118164,21.540000915527344,115305500,2024-09-03,1,3,9,8.457715077989207,-6.685238964031692,4.582857034881276,3.965415136871301,20.39000015258789,20.51200008392334,20.348500061035157
19.43000030517578,19.43000030517578,20.049999237060547,19.280000686645508,19.760000228881836,85871900,2024-09-04,2,4,9,3.962936378389691,-1.6700400803827748,4.956909101111994,4.166377735223428,20.262000274658202,20.3560001373291,20.328500080108643
19.399999618530273,19.399999618530273,19.899999618530273,19.239999771118164,19.280000686645508,65388800,2024-09-05,3,5,9,3.4020611360306328,0.6224010768209367,5.025388270903524,4.333767014697404,20.220000076293946,20.155000114440917,20.34900007247925
18.889999389648438,18.889999389648438,19.489999771118164,18.639999389648438,19.440000534057617,92686500,2024-09-06,4,6,9,4.499737474504736,-2.82922391614966,5.080824671013788,4.107124504838391,19.972000122070312,20.03400001525879,20.26900005340576
19.06999969482422,19.06999969482422,19.540000915527344,18.950000762939453,19.0,64244100,2024-09-09,0,9,9,3.0938655586241164,0.3684194464432566,4.683263125107676,4.090318243548856,19.37799987792969,19.886999893188477,20.23700008392334
18.979999542236328,18.979999542236328,19.110000610351562,18.510000228881836,19.030000686645508,55621300,2024-09-10,1,10,9,3.161224425398649,-0.2627490415398066,3.623964994589565,4.10341101473542,19.153999710083006,19.77199993133545,20.21800003051758
19.639999389648438,19.639999389648438,19.690000534057617,18.520000457763672,19.010000228881836,71403100,2024-09-11,2,11,9,5.9572307161608755,3.314040784752047,4.0228238621438015,4.489866481627898,19.195999526977538,19.728999900817872,20.176500034332275
19.360000610351562,19.360000610351562,19.540000915527344,19.040000915527344,19.43000030517578,51520600,2024-09-12,3,12,9,2.5826445466776273,-0.36026605107963977,3.8589405442732008,4.442164407588362,19.187999725341797,19.70399990081787,20.148500061035158
19.65999984741211,19.65999984741211,19.799999237060547,19.489999771118164,19.489999771118164,44236300,2024-09-13,4,13,9,1.5768029926164457,0.8722425771695748,3.2743536478955426,4.177589159454666,19.341999816894532,19.65699996948242,20.09700002670288
20.90999984741211,20.90999984741211,21.06999969482422,19.760000228881836,20.030000686645508,149337000,2024-09-16,0,16,9,6.264942494031212,4.393405544680378,3.908569034976962,4.2959160800423195,19.70999984741211,19.543999862670898,20.098999977111816
21.469999313354492,21.469999313354492,22.579999923706055,21.239999771118164,21.709999084472656,196249800,2024-09-17,1,17,9,6.2412677943329085,-1.1054803373520903,4.524577708763813,4.074271351676689,20.207999801635744,19.680999755859375,20.096499919891357
20.770000457763672,20.770000457763672,21.739999771118164,20.719999313354492,21.360000610351562,118727900,2024-09-18,2,18,9,4.910931320573964,-2.762172920079237,4.315317829646432,4.169070845895116,20.43400001525879,19.814999771118163,20.085499954223632
21.139999389648438,21.139999389648438,21.690000534057617,21.030000686645508,21.280000686645508,99829200,2024-09-19,3,19,9,3.12204288773674,-0.6579008105245486,4.423197497858254,4.141069021065727,20.789999771118165,19.98899974822998,20.071999931335448
21.84000015258789,21.84000015258789,23.139999389648438,20.350000381469727,20.889999389648438,260377900,2024-09-20,4,20,9,12.774720644166823,4.547634230234608,6.66278102816833,4.968567338031936,21.22599983215332,20.283999824523924,20.158999919891357
22.559999465942383,22.559999465942383,22.81999969482422,22.030000686645508,22.43000030517578,184439100,2024-09-23,0,23,9,3.501768736170982,0.5795771689606438,6.110146276596284,5.009357655786623,21.555999755859375,20.63299980163574,20.25999984741211
22.809999465942383,22.809999465942383,23.110000610351562,22.290000915527344,22.530000686645508,113082500,2024-09-24,1,24,9,3.5949132574446594,1.2427819385857464,5.580875369218634,5.052726538991224,21.82399978637695,21.015999794006348,20.3939998626709
23.540000915527344,23.540000915527344,24.059999465942383,22.729999542236328,22.799999237060547,117013400,2024-09-25,2,25,9,5.649956975272531,3.2456215053900164,5.728680500158347,5.02199916490239,22.37799987792969,21.40599994659424,20.567499923706055
23.920000076293945,23.920000076293945,24.420000076293945,23.25,24.280000686645508,95416900,2024-09-26,3,26,9,4.891304651179666,-1.482704284063592,6.082532852846932,5.252865175352594,22.93400001525879,21.861999893188475,20.782999897003172
23.90999984741211,23.90999984741211,24.65999984741211,23.700000762939453,24.15999984741211,85883300,2024-09-27,4,27,9,4.015052658298371,-1.0347682184558402,4.330599255673242,5.496690141920785,23.34799995422363,22.286999893188476,20.97199993133545
23.459999084472656,23.459999084472656,23.950000762939453,23.09000015258789,23.739999771118164,66308200,2024-09-30,0,30,9,3.665816896475356,-1.179446880139206,4.363408887734117,5.2367775821652,23.527999877929688,22.54199981689453,21.042999839782716
22.690000534057617,22.690000534057617,23.719999313354492,22.260000228881836,23.459999084472656,86344400,2024-10-01,1,1,10,6.4345484799843975,-3.2821763873156917,4.931335932242065,5.256105650730349,23.504000091552733,22.663999938964842,21.17249984741211
22.389999389648438,22.389999389648438,23.06999969482422,22.350000381469727,22.670000076293945,59033900,2024-10-02,2,2,10,3.2157183250633286,-1.235115508174634,4.4444882022002234,5.086584351179285,23.273999786376955,22.82599983215332,21.32049980163574
22.260000228881836,22.260000228881836,22.729999542236328,21.649999618530273,22.139999389648438,49565900,2024-10-03,3,3,10,4.851751628936552,0.542009225571636,4.436577597751601,5.259555225299267,22.94199981689453,22.93799991607666,21.46349983215332
22.59000015258789,22.59000015258789,22.90999984741211,22.299999237060547,22.700000762939453,49845500,2024-10-04,4,4,10,2.7003125552510516,-0.4845841702840471,4.173629577142137,4.252114416407689,22.677999877929686,23.01299991607666,21.64849987030029
22.3799991607666,22.3799991607666,22.649999618530273,22.020000457763672,22.399999618530273,54928700,2024-10-07,0,7,10,2.815009760460695,-0.08928775939409664,4.003468149939205,4.1834385188366605,22.461999893188477,22.994999885559082,21.81399984359741
23.31999969482422,23.31999969482422,23.420000076293945,22.049999237060547,22.25,58650500,2024-10-08,1,8,10,5.874789267417806,4.808987392468398,3.891516307425887,4.411426119833975,22.587999725341795,23.045999908447264,22.030999851226806
23.459999084472656,23.459999084472656,23.479999542236328,23.059999465942383,23.25,44759000,2024-10-09,2,9,10,1.7902817249977154,0.9032218686995966,3.6064289874127637,4.025458594806493,22.801999664306642,23.0379997253418,22.221999835968017
23.219999313354492,23.219999313354492,23.530000686645508,22.959999084472656,23.190000534057617,44874600,2024-10-10,3,10,10,2.4547873343175644,0.12936083918073993,3.1270361284889665,3.7818068631202832,22.993999481201172,22.96799964904785,22.414999771118165
23.559999465942383,23.559999465942383,23.81999969482422,22.979999542236328,23.049999237060547,43585300,2024-10-11,4,11,10,3.565365753943116,2.212582411117137,3.3000467682273795,3.7368381726847586,23.18799934387207,22.93299961090088,22.60999975204468
23.440000534057617,23.440000534057617,23.770000457763672,23.270000457763672,23.579999923706055,35403600,2024-10-14,0,14,10,2.1331057534470403,-0.5937209079788406,3.1636659668246487,3.5835670583819272,23.399999618530273,22.930999755859375,22.736499786376953
22.65999984741211,22.65999984741211,23.719999313354492,22.469999313354492,23.40999984741211,68900600,2024-10-15,1,15,10,5.516328369008161,-3.203759098199694,3.0919737871427193,3.491745047284303,23.26799964904785,22.927999687194824,22.795999813079835
22.309999465942383,22.309999465942383,22.540000915527344,21.739999771118164,22.3799991607666,62151800,2024-10-16,2,16,10,3.585841163422849,-0.31277791532241056,3.451085674827746,3.528757331120255,23.0379997253418,22.91999969482422,22.87299976348877
22.440000534057617,22.440000534057617,22.81999969482422,22.399999618530273,22.719999313354492,43807600,2024-10-17,3,17,10,1.8716580494572768,-1.2323890306294847,3.334459817855689,3.2307479731723276,22.881999969482422,22.937999725341797,22.93799982070923
22.770000457763672,22.770000457763672,22.81999969482422,22.5,22.610000610351562,39971700,2024-10-18,4,18,10,1.405356558590281,0.7076507876733823,2.9024579787851215,3.1012523735062505,22.72400016784668,22.955999755859374,22.984499835968016
22.84000015258789,22.84000015258789,22.8799991607666,22.25,22.610000610351562,39727000,2024-10-21,0,21,10,2.7583150462248107,1.0172469527976358,3.027499837340676,3.095582902082662,22.604000091552734,23.001999855041504,22.998499870300293
22.399999618530273,22.399999618530273,22.81999969482422,22.170000076293945,22.729999542236328,50160400,2024-10-22,1,22,10,2.9017840607129517,-1.4518254744917918,2.504590975681634,2.798282381412177,22.552000045776367,22.90999984741211,22.977999877929687
21.979999542236328,21.979999542236328,22.43000030517578,21.579999923706055,22.299999237060547,45799100,2024-10-23,2,23,10,3.867153772393775,-1.4349762590682456,2.560853497475819,3.0059695861517826,22.486000061035156,22.761999893188477,22.899999809265136
22.34000015258789,22.34000015258789,22.3700008392334,21.969999313354492,22.09000015258789,40554400,2024-10-24,3,24,10,1.7905171134592386,1.1317338083889148,2.5446253102762113,2.93954256406595,22.46599998474121,22.673999977111816,22.820999813079833
22.68000030517578,22.68000030517578,23.34000015258789,22.40999984741211,22.420000076293945,67503000,2024-10-25,4,25,10,4.10053039092573,1.1596798750984407,3.083660076743301,2.9930590277642115,22.447999954223633,22.586000061035158,22.75949983596802
22.920000076293945,22.920000076293945,23.270000457763672,22.559999465942383,22.670000076293945,41915000,2024-10-28,0,28,10,3.0977355560990594,1.1027789993764727,3.151544178718151,3.0895220080294132,22.463999938964843,22.53400001525879,22.732499885559083
22.899999618530273,22.899999618530273,23.139999389648438,22.40999984741211,22.8700008392334,83422200,2024-10-29,1,29,10,3.187770979898294,0.1311708709927645,3.2087415625552196,2.856666269118427,22.563999938964844,22.557999992370604,22.742999839782716
22.299999237060547,22.299999237060547,22.93000030517578,22.260000228881836,22.420000076293945,50941200,2024-10-30,2,30,10,3.00448474984908,-0.5352401374890393,3.03620775804628,2.7985306277610498,22.62799987792969,22.556999969482423,22.73849983215332
21.520000457763672,21.520000457763672,22.25,21.469999313354492,22.149999618530273,112485500,2024-10-31,3,31,10,3.6245384296175076,-2.844240052444769,3.4030120212779345,2.973818665777073,22.463999938964843,22.464999961853028,22.70149984359741
23.200000762939453,23.200000762939453,23.579999923706055,21.90999984741211,23.0,173471100,2024-11-01,4,1,11,7.198275954204561,0.8695685345193614,4.022561133933701,3.553110605338501,22.568000030517577,22.507999992370607,22.73199987411499
22.520000457763672,22.520000457763672,23.0,22.0,22.959999084472656,84616300,2024-11-04,0,4,11,4.440497245439683,-1.9163704018026104,4.2911134718018245,3.721328825259988,22.488000106811523,22.476000022888183,22.738999938964845
23.31999969482422,23.31999969482422,23.579999923706055,22.399999618530273,22.579999923706055,59153300,2024-11-05,1,5,11,5.06003568017918,3.2772354898959093,4.665566411858002,3.937153987206611,22.572000122070314,22.568000030517577,22.738999938964845
25.049999237060547,25.049999237060547,25.1200008392334,24.049999237060547,24.299999237060547,116760500,2024-11-06,2,6,11,4.271463611822486,3.0864198499897726,4.918962184252683,3.977584971149482,23.12200012207031,22.875,22.818499946594237
26.229999542236328,26.229999542236328,26.3799991607666,25.190000534057617,25.43000030517578,101489300,2024-11-07,3,7,11,4.536784778790457,3.145887642391112,5.101411454087273,4.252211737682603,24.063999938964844,23.263999938964844,22.96899995803833
26.200000762939453,26.200000762939453,26.43000030517578,25.829999923706055,26.0,76428000,2024-11-08,4,8,11,2.2900777251825195,0.7692337036132812,4.119771808282866,4.071166471108283,24.663999938964842,23.61599998474121,23.101000022888183
25.049999237060547,25.049999237060547,26.290000915527344,24.829999923706055,25.959999084472656,80185300,2024-11-11,0,11,11,5.828347450251702,-3.5053924480159315,4.397341849245268,4.344227660523547,25.16999969482422,23.82899990081787,23.18149995803833
24.15999984741211,24.15999984741211,24.959999084472656,23.889999389648438,24.65999984741211,62539700,2024-11-12,1,12,11,4.428806711846199,-2.0275750328217113,4.271096055578672,4.468331233718337,25.337999725341795,23.954999923706055,23.25649995803833
24.920000076293945,24.920000076293945,25.139999389648438,24.020000457763672,24.059999465942383,58202000,2024-11-13,2,13,11,4.494377722535424,3.57439995611354,4.31567887772126,4.617320530986971,25.311999893188478,24.217000007629395,23.386999988555907
25.030000686645508,25.030000686645508,25.610000610351562,24.93000030517578,25.1200008392334,49252100,2024-11-14,3,14,11,2.716741056817422,-0.35828085024314515,3.9516701333266533,4.526540793706963,25.072000122070314,24.568000030517577,23.516499996185303
24.350000381469727,24.350000381469727,24.81999969482422,24.229999542236328,24.809999465942383,55104900,2024-11-15,4,15,11,2.4229985352972676,-1.8540874420578457,3.978254295349603,4.0490130518162335,24.702000045776366,24.682999992370604,23.595499992370605
24.84000015258789,24.84000015258789,25.020000457763672,24.15999984741211,24.329999923706055,59589500,2024-11-18,0,18,11,3.46216024584833,2.096178505882011,3.5050168544689284,3.951179351857099,24.660000228881835,24.914999961853027,23.695499992370607
24.200000762939453,24.200000762939453,24.540000915527344,24.100000381469727,24.5,61190900,2024-11-19,1,19,11,1.818183967710638,-1.2244866818797833,2.9828923056418164,3.6269941806102444,24.668000411987304,25.00300006866455,23.785500049591064
24.010000228881836,24.010000228881836,24.209999084472656,23.549999237060547,24.06999969482422,50191500,2024-11-20,2,20,11,2.7488539821761013,-0.24927073827626395,2.633787557569952,3.474733217645606,24.48600044250488,24.89900016784668,23.88700008392334
24.440000534057617,24.440000534057617,24.770000457763672,23.829999923706055,24.079999923706055,58928400,2024-11-21,3,21,11,3.846155947286941,1.4950191507149984,2.859670535663856,3.4056703344952544,24.368000411987303,24.72000026702881,23.992000102996826
24.5,24.5,24.68000030517578,24.139999389648438,24.350000381469727,36784700,2024-11-22,4,22,11,2.2040853694993623,0.6160148508433809,2.815887902504275,3.3970710989269386,24.39800033569336,24.550000190734863,24.083000087738036
24.8700008392334,24.8700008392334,25.56999969482422,24.760000228881836,25.040000915527344,91128400,2024-11-25,0,25,11,3.2569338102497243,-0.6789140178845919,2.774842615384553,3.139929734926741,24.40400047302246,24.53200035095215,24.18050012588501
24.049999237060547,24.049999237060547,24.989999771118164,23.809999465942383,24.950000762939453,69613600,2024-11-26,1,26,11,4.9064463310145365,-3.6072204343005945,3.392495088045333,3.187693696843575,24.37400016784668,24.52100028991699,24.238000106811523
23.649999618530273,23.649999618530273,23.93000030517578,23.059999465942383,23.829999923706055,53992300,2024-11-27,2,27,11,3.6786505423523748,-0.7553516817124165,3.578454400080588,3.1061209788252695,24.302000045776367,24.394000244140624,24.30550012588501
24.049999237060547,24.049999237060547,24.280000686645508,23.600000381469727,23.719999313354492,36616800,2024-11-29,4,29,11,2.8274441860601596,1.3912307472971253,3.3747120478352315,3.1171912917495432,24.223999786376954,24.29600009918213,24.432000064849852
23.93000030517578,23.93000030517578,25.479999542236328,23.440000534057617,24.84000015258789,150497900,2024-12-02,0,2,12,8.524859933819068,-3.6634454179635076,4.638866960699173,3.727377431601724,24.10999984741211,24.254000091552733,24.46850004196167
22.469999313354492,22.469999313354492,23.75,22.440000534057617,23.68000030517578,138160500,2024-12-03,1,3,12,5.829993351018114,-5.109801419879276,5.153478868852851,3.9641607421187017,23.629999542236327,24.017000007629395,24.46599998474121
21.959999084472656,21.959999084472656,22.540000915527344,21.809999465942383,22.530000686645508,104649000,2024-12-04,2,4,12,3.3242326048234037,-2.52996708744317,4.837036123614625,4.114765605829978,23.21199951171875,23.792999839782716,24.397999954223632
20.799999237060547,20.799999237060547,22.190000534057617,20.65999984741211,22.040000915527344,167993500,2024-12-05,3,5,12,7.355772801757696,-5.626141683112211,5.572460575495688,4.575457487788138,22.641999435424804,23.471999740600587,24.185499954223634
20.920000076293945,20.920000076293945,21.049999237060547,20.65999984741211,20.950000762939453,78539100,2024-12-06,4,6,12,1.8642418175245405,-0.14320136302132752,5.379820101788565,4.377266074811898,22.015999603271485,23.11999969482422,23.919999980926512
20.809999465942383,20.809999465942383,21.059999465942383,20.729999542236328,20.920000076293945,68818200,2024-12-09,0,9,12,1.5857757432725172,-0.5258155351357413,3.992003263679254,4.315435112189214,21.391999435424804,22.750999641418456,23.65049991607666
20.15999984741211,20.15999984741211,20.860000610351562,19.959999084472656,20.829999923706055,90004800,2024-12-10,1,10,12,4.464293316919034,-3.2165150203934303,3.718863256859438,4.436171062856145,20.929999542236327,22.27999954223633,23.40599994659424
20.1200008392334,20.1200008392334,20.25,19.8700008392334,20.139999389648438,75209300,2024-12-11,2,11,12,1.8886637421287507,-0.09929767140568001,3.4317494843205076,4.134392803967566,20.561999893188478,21.886999702453615,23.203999996185303
20.780000686645508,20.780000686645508,20.899999618530273,19.920000076293945,20.020000457763672,77695000,2024-12-12,3,12,12,4.716070788516072,3.7962048526682777,2.9038090816721827,4.238134828583935,20.55800018310547,21.599999809265135,22.99700002670288
20.34000015258789,20.34000015258789,20.799999237060547,20.25,20.600000381469727,55104100,2024-12-13,4,13,12,2.7040276938767356,-1.2621370100347833,3.0717662569426216,4.225793179365594,20.44200019836426,21.228999900817872,22.7625
20.829999923706055,20.829999923706055,21.100000381469727,20.0,20.170000076293945,73832900,2024-12-16,0,16,12,5.280846785879467,3.2721856465822006,3.810780465464012,3.9013918645716332,20.44600028991699,20.918999862670898,22.586499977111817
20.440000534057617,20.440000534057617,20.770000457763672,20.290000915527344,20.639999389648438,51767200,2024-12-17,1,17,12,2.348334294006213,-0.9689867320980909,3.3875886608814474,3.553225958870443,20.502000427246095,20.71599998474121,22.366499996185304
19.299999237060547,19.299999237060547,20.579999923706055,19.209999084472656,20.479999542236328,86041200,2024-12-18,2,18,12,7.098450224820081,-5.761720368900606,4.429545957419714,3.930647720870111,20.338000106811524,20.45,22.121499919891356
19.059999465942383,19.059999465942383,19.690000534057617,19.030000686645508,19.530000686645508,69117800,2024-12-19,3,19,12,3.4627485094710466,-2.4065601852462244,4.178881501610709,3.541345291641446,19.993999862670897,20.276000022888184,21.873999881744385
19.520000457763672,19.520000457763672,19.760000228881836,18.899999618530273,18.969999313354492,108453700,2024-12-20,4,20,12,4.40574072840001,2.8993208451093095,4.519224108515364,3.7954951827289927,19.829999923706055,20.136000061035155,21.62799987792969
20.200000762939453,20.200000762939453,20.229999542236328,19.520000457763672,19.579999923706055,57988400,2024-12-23,0,23,12,3.514846820081699,3.166500723438441,4.1660241153558095,3.988402290409911,19.704000091552736,20.075000190734862,21.41299991607666
20.399999618530273,20.399999618530273,20.399999618530273,19.959999084472656,20.219999313354492,29884000,2024-12-24,1,24,12,2.156865403359832,0.8902092546407672,4.1277303372265335,3.757659499053991,19.695999908447266,20.09900016784668,21.189499855041504
20.440000534057617,20.440000534057617,20.670000076293945,20.079999923706055,20.229999542236328,39846200,2024-12-26,3,26,12,2.886497735676759,1.038067209951476,3.2853398393978694,3.8574428984087916,19.92400016784668,20.131000137329103,21.00899991989136
20.299999237060547,20.299999237060547,20.610000610351562,20.09000015258789,20.209999084472656,48260800,2024-12-27,4,27,12,2.5615787059456476,0.4453248721670539,3.1051058786927896,3.641993690151749,20.172000122070312,20.082999992370606,20.841499900817873
19.81999969482422,19.81999969482422,20.110000610351562,19.729999542236328,20.010000228881836,59608100,2024-12-30,0,30,12,1.9172607162777484,-0.9495278954738647,2.607409876268337,3.56331699239185,20.231999969482423,20.03099994659424,20.629999923706055
20.049999237060547,20.049999237060547,20.399999618530273,19.8799991607666,19.989999771118164,49846700,2024-12-31,1,31,12,2.5935185912750547,0.30014740685025365,2.4231442305070083,3.294584172931409,20.20199966430664,19.952999877929688,20.435999870300293
20.219999313354492,20.219999313354492,20.43000030517578,20.0,20.229999542236328,46438500,2025-01-02,3,2,1,2.1266089009794547,-0.04943266983747278,2.417092930030933,3.272411633628733,20.165999603271484,19.930999755859375,20.323499870300292
20.559999465942383,20.559999465942383,20.670000076293945,20.059999465942383,20.389999389648438,48983900,2025-01-03,4,3,1,2.966929115742575,0.8337424295375442,2.433179206044096,2.8592595227209823,20.189999389648438,20.05699977874756,20.253499889373778
19.8700008392334,19.8700008392334,20.979999542236328,19.780000686645508,20.829999923706055,83271000,2025-01-06,0,6,1,6.039249143972947,-4.608733019629575,3.128713293649556,3.1169095861711726,20.10399971008301,20.13799991607666,20.20699996948242
20.010000228881836,20.010000228881836,20.34000015258789,19.899999618530273,20.020000457763672,61726100,2025-01-07,1,7,1,2.198903193526873,-0.04995119207381382,3.1850417890993805,2.8962258326838595,20.141999816894533,20.186999893188478,20.161499977111816
19.8799991607666,19.8799991607666,20.1200008392334,19.709999084472656,19.829999923706055,47897100,2025-01-08,2,8,1,2.0623831593005555,0.2521393709173674,3.078814702704481,2.7509794666057448,20.107999801635742,20.15499973297119,20.114999961853027
19.149999618530273,19.149999618530273,19.65999984741211,18.90999984741211,19.65999984741211,71244600,2025-01-10,4,10,1,3.9164491641779002,-2.5941008791460822,3.43678275534417,2.9269378426875514,19.8939998626709,20.02999973297119,20.064499950408937
19.200000762939453,19.200000762939453,19.25,18.729999542236328,18.920000076293945,50669000,2025-01-13,0,13,1,2.708335609899536,1.4799190566406935,3.3850640541755626,2.909121630109829,19.62200012207031,19.905999755859376,20.01849994659424
19.200000762939453,19.200000762939453,19.520000457763672,18.81999969482422,19.360000610351562,47147500,2025-01-14,1,14,1,3.6458371621037653,-0.8264454667762735,2.906381657801726,3.017547475725641,19.488000106811523,19.795999908447264,19.939499950408937
19.719999313354492,19.719999313354492,19.770000457763672,19.170000076293945,19.399999618530273,56306000,2025-01-15,2,15,1,3.0425983892575648,1.6494829954458607,3.0751206969478644,3.1300812430236227,19.429999923706056,19.785999870300294,19.908499908447265
19.670000076293945,19.670000076293945,19.950000762939453,19.399999618530273,19.75,44898100,2025-01-16,3,16,1,2.7961420552917775,-0.4050629048407832,3.221872476146109,3.1503435894252947,19.388000106811525,19.747999954223634,19.85049991607666
21.489999771118164,21.489999771118164,21.6200008392334,20.790000915527344,21.260000228881836,166483900,2025-01-17,4,17,1,3.8622612030994374,1.0818416733781235,3.2110348839304157,3.3239088196372935,19.8560001373291,19.875,19.902999877929688
21.770000457763672,21.770000457763672,22.40999984741211,21.75,22.030000686645508,96262200,2025-01-21,1,21,1,3.0316942284525243,-1.1802098083430699,3.275706607641014,3.330385330908288,20.370000076293945,19.99600009918213,20.026499938964843
21.860000610351562,21.860000610351562,22.290000915527344,21.56999969482422,21.729999542236328,60972600,2025-01-22,2,22,1,3.29369259194886,0.598256193528918,3.205277693610033,3.0558296757058794,20.90200004577637,20.195000076293944,20.1664999961853
21.56999969482422,21.56999969482422,21.75,21.350000381469727,21.690000534057617,55778200,2025-01-23,3,23,1,1.8544257032430764,-0.5532542013771427,2.967643156407135,3.0213819266775,21.272000122070313,20.351000022888183,20.26899995803833
20.829999923706055,20.829999923706055,21.40999984741211,20.75,21.360000610351562,66300600,2025-01-24,4,24,1,3.1685062401799704,-2.4812765519709625,3.0421159933847735,3.131994234765441,21.504000091552733,20.44600009918213,20.30049991607666
20.290000915527344,20.290000915527344,21.059999465942383,20.139999389648438,20.809999465942383,83582100,2025-01-27,0,27,1,4.5342534981844,-2.498791752811277,3.176514452401766,3.1937746681660912,21.26400032043457,20.560000228881837,20.294999980926512
19.799999237060547,19.799999237060547,20.34000015258789,19.739999771118164,20.34000015258789,73411400,2025-01-28,1,28,1,3.0303050736824217,-2.6548717378384024,3.1762366214477455,3.2259716145443798,20.870000076293945,20.620000076293945,20.26299991607666
19.75,19.75,20.079999923706055,19.65999984741211,19.8700008392334,86506800,2025-01-29,2,29,1,2.1265826647794697,-0.603929713965871,2.9428146360138676,3.0740461648119504,20.447999954223633,20.675,20.235499954223634
20.010000228881836,20.010000228881836,20.100000381469727,19.43000030517578,19.719999313354492,108167000,2025-01-30,3,30,1,3.348326180061144,1.4705929291333877,3.2415947313774813,3.1046189438923077,20.136000061035155,20.704000091552736,20.244999980926515
19.43000030517578,19.43000030517578,20.329999923706055,19.3799991607666,20.100000381469727,117081700,2025-01-31,4,31,1,4.889350221401649,-3.333333649643216,3.585763527621817,3.3139397605032954,19.8560001373291,20.68000011444092,20.214000034332276
19.3799991607666,19.3799991607666,19.75,18.780000686645508,18.969999313354492,77523100,2025-02-03,0,3,2,5.0051566324016425,2.1613066012262734,3.6799441544652653,3.4282293034335156,19.673999786376953,20.46900005340576,20.172000026702882
19.290000915527344,19.290000915527344,19.530000686645508,19.020000457763672,19.100000381469727,54098200,2025-02-04,1,4,2,2.6438579817345422,0.9947671741512124,3.6026547360756895,3.3894456787617173,19.572000122070314,20.221000099182127,20.10850009918213
19.649999618530273,19.649999618530273,19.770000457763672,18.90999984741211,19.190000534057617,66059200,2025-02-05,2,5,2,4.376593521867388,2.3970769758774573,4.052656907493273,3.4977357717535704,19.552000045776367,20.0,20.097500038146972
19.3799991607666,19.3799991607666,19.700000762939453,19.219999313354492,19.510000228881836,45553800,2025-02-06,3,6,2,2.476787772812132,-0.6663304284475913,3.8783492260434707,3.559971978710476,19.42599983215332,19.78099994659424,20.06599998474121
19.100000381469727,19.100000381469727,19.360000610351562,19.030000686645508,19.350000381469727,58277900,2025-02-07,4,7,2,1.727748257147739,-1.291989638612148,3.246028833192689,3.4158961804072527,19.35999984741211,19.607999992370605,20.02700004577637
19.770000457763672,19.770000457763672,20.079999923706055,19.239999771118164,19.25,73007300,2025-02-10,0,10,2,4.248862585423072,2.701301079291802,3.0947700237969746,3.3873570891311204,19.438000106811522,19.555999946594238,20.058000087738037
20.969999313354492,20.969999313354492,21.8799991607666,19.860000610351562,19.8700008392334,150960700,2025-02-11,1,11,2,9.63280217719715,5.535975982190912,4.492558862889496,4.047606799482592,19.773999786376955,19.672999954223634,20.146500015258788
22.479999542236328,22.479999542236328,22.559999465942383,20.93000030517578,21.979999542236328,162631200,2025-02-12,2,12,2,7.250886094121547,2.274795315801577,5.067417377340329,4.5600371424168005,20.339999771118165,19.945999908447266,20.310499954223634
24.1299991607666,24.1299991607666,24.829999923706055,22.790000915527344,22.84000015258789,248661300,2025-02-13,3,13,2,8.45420256580689,5.647981609284479,6.26290033593928,5.070624780991375,21.289999771118165,20.357999801635742,20.53099994659424
23.600000381469727,23.600000381469727,25.190000534057617,22.860000610351562,24.360000610351562,230254100,2025-02-14,4,14,2,9.872880873067809,-3.119869498520787,7.891926859123293,5.568977846157991,22.189999771118163,20.774999809265136,20.727499961853027
27.389999389648438,27.389999389648438,27.549999237060547,24.489999771118164,24.600000381469727,284292200,2025-02-18,1,18,2,11.171958868676919,11.34145920696942,9.276546115774064,6.185658069785519,23.713999557495118,21.57599983215332,21.02249994277954
25.719999313354492,25.719999313354492,26.329999923706055,25.459999084472656,25.979999542236328,151881700,2025-02-19,2,19,2,3.382585001787583,-1.0007707215665926,8.02650268069215,6.259530771790823,24.663999557495117,22.218999671936036,21.219999885559083
26.09000015258789,26.09000015258789,26.1200008392334,24.479999542236328,25.559999465942383,144939600,2025-02-20,3,20,2,6.285938242259446,2.073555155397054,7.83351311031973,6.4504652438300285,25.38599967956543,22.862999725341798,21.431499862670897
24.8700008392334,24.8700008392334,26.290000915527344,24.84000015258789,25.959999084472656,111630900,2025-02-21,4,21,2,5.830320522756156,-4.19876072295863,7.308736701709583,6.78581851882443,25.53400001525879,23.411999893188476,21.596499919891357
24.270000457763672,24.270000457763672,24.799999237060547,23.6200008392334,24.549999237060547,91358100,2025-02-24,0,24,2,4.861962816525954,-1.1405245946981144,6.306553090401212,7.099239974762253,25.66800003051758,23.92899990081787,21.76849994659424
22.989999771118164,22.989999771118164,24.280000686645508,22.770000457763672,24.209999084472656,88886500,2025-02-25,1,25,2,6.5680741362112425,-5.039237337835968,5.3857761439080765,7.331161129841069,24.788000106811523,24.25099983215332,21.90349988937378
23.520000457763672,23.520000457763672,23.81999969482422,23.209999084472656,23.25,67449300,2025-02-26,2,26,2,2.593539959520743,1.1612922914566532,5.227967135454708,6.6272349080734285,24.34800033569336,24.505999946594237,22.089499950408936
23.09000015258789,23.09000015258789,24.399999618530273,23.06999969482422,23.700000762939453,97871900,2025-02-27,3,27,2,5.760068925582014,-2.573842154914368,5.122793272119222,6.4781531912194765,23.74800033569336,24.567000007629396,22.25649995803833
23.729999542236328,23.729999542236328,24.440000534057617,22.639999389648438,23.020000457763672,104133800,2025-02-28,4,28,2,7.585339987914498,3.084270505447378,5.4737971651508905,6.391266933430236,23.520000076293947,24.52700004577637,22.442499923706055
22.739999771118164,22.739999771118164,25.040000915527344,22.520000457763672,25.0,141348700,2025-03-03,0,3,3,11.081796319823619,-9.040000915527344,6.717763865810423,6.5121584781058175,23.213999938964843,24.44099998474121,22.607999897003175
21.329999923706055,21.329999923706055,22.6299991607666,20.760000228881836,22.540000915527344,152182200,2025-03-04,1,4,3,8.766989866729714,-5.368238432447198,7.157547011914119,6.271661577911097,22.881999969482422,23.835000038146973,22.705499935150147
20.809999465942383,20.809999465942383,21.360000610351562,20.18000030517578,21.329999923706055,127219300,2025-03-05,2,5,3,5.670352404895388,-2.437883073716029,7.772909500989046,6.500438318221877,22.339999771118165,23.34400005340576,22.7814998626709
20.75,20.75,21.1299991607666,20.0,20.260000228881836,96466400,2025-03-06,3,6,3,5.445779088031815,2.4185575793806766,7.710051533479006,6.416422402799114,21.871999740600586,22.810000038146974,22.836499881744384
20.639999389648438,20.639999389648438,21.200000762939453,20.110000610351562,20.270000457763672,81099600,2025-03-07,4,7,3,5.281008647386674,1.8253523607743742,7.249185265373441,6.361491215262166,21.253999710083008,22.386999893188477,22.899499893188477
19.93000030517578,19.93000030517578,20.510000228881836,19.649999618530273,20.239999771118164,82760600,2025-03-10,0,10,3,4.315105856411964,-1.5316179320552274,5.895847172691111,6.3068055192507675,20.69199981689453,21.952999877929688,22.940999889373778
19.780000686645508,19.780000686645508,20.059999465942383,19.290000915527344,19.969999313354492,80789000,2025-03-11,1,11,3,3.892813567670422,-0.951420296654327,4.921011912879253,6.039279462396685,20.381999969482422,21.631999969482422,22.94149990081787
20.68000030517578,20.68000030517578,21.170000076293945,20.209999084472656,20.790000915527344,128671100,2025-03-12,2,12,3,4.642171071830306,-0.5291034415944003,4.715375646266236,6.2441425736276415,20.3560001373291,21.34799995422363,22.926999950408934
23.700000762939453,23.700000762939453,24.530000686645508,23.1299991607666,23.5,243261000,2025-03-13,3,13,3,5.907179243927026,0.8510670763380985,4.807655677445278,6.258853605462143,20.94600028991699,21.40900001525879,22.988000011444093
24.049999237060547,24.049999237060547,24.3700008392334,23.520000457763672,23.68000030517578,116901600,2025-03-14,4,14,3,3.5343052325752002,1.5624954692415873,4.4583149944829845,5.853750129928214,21.628000259399414,21.44099998474121,22.98400001525879
25.690000534057617,25.690000534057617,26.149999618530273,24.3700008392334,24.420000076293945,160723600,2025-03-17,0,17,3,6.928761161126112,5.20065705895121,4.981046055425813,5.438446614058462,22.780000305175783,21.736000061035156,23.088500022888184
25.920000076293945,25.920000076293945,26.40999984741211,25.389999389648438,25.549999237060547,132488800,2025-03-18,1,18,3,3.9351869396657504,1.4481442281090493,4.989520729824879,4.955266321352065,24.00800018310547,22.195000076293944,23.01500005722046
24.1200008392334,24.1200008392334,25.229999542236328,24.030000686645508,24.899999618530273,135491400,2025-03-19,2,19,3,4.975119460356369,-3.1325252660502434,5.056110407530092,4.885743026898164,24.69600028991699,22.526000213623046,22.935000133514404
23.959999084472656,23.959999084472656,24.309999465942383,23.729999542236328,23.770000457763672,68937600,2025-03-20,3,20,3,2.4207009426887884,0.7993210898190275,4.358814747282445,4.583235212363862,24.747999954223634,22.847000122070312,22.828500080108643
24.260000228881836,24.260000228881836,24.700000762939453,23.489999771118164,23.600000381469727,94110700,2025-03-21,4,21,3,4.987638006617854,2.796609477728351,4.649481302090974,4.553898148286979,24.79000015258789,23.209000205993654,22.798000049591064
24.219999313354492,24.219999313354492,24.989999771118164,24.1299991607666,24.719999313354492,69169000,2025-03-24,0,24,3,3.5507870963372525,-2.0226537778659437,3.9738864891332026,4.477466272279508,24.495999908447267,23.638000106811525,22.795499992370605
24.200000762939453,24.200000762939453,24.75,24.110000610351562,24.18000030517578,51743300,2025-03-25,1,25,3,2.6446254936840754,0.08271487804485567,3.715774199936868,4.3526474648808735,24.15200004577637,24.080000114440917,22.85600004196167
23.420000076293945,23.420000076293945,24.420000076293945,23.25,24.25,59496700,2025-03-26,2,26,3,4.995730454664839,-3.4226800977569263,3.719896398798562,4.388003403164326,24.011999893188477,24.354000091552734,22.851000022888183
23.6200008392334,23.6200008392334,23.760000228881836,22.860000610351562,23.290000915527344,57720600,2025-03-27,3,27,3,3.810328478207978,1.4169167485349696,3.9978219059024,4.1783183265924215,23.944000244140625,24.346000099182127,22.87750005722046
22.709999084472656,22.709999084472656,23.579999923706055,22.559999465942383,23.350000381469727,58365300,2025-03-28,4,28,3,4.491415670998725,-2.7409048674147667,3.898577438778574,4.274029370434774,23.63400001525879,24.21200008392334,22.826500034332277
22.709999084472656,22.709999084472656,22.75,21.75,22.3799991607666,65832000,2025-03-31,0,31,3,4.403346720888786,1.47453054549065,4.069089363688881,4.021487926411043,23.33199996948242,23.913999938964842,22.825
22.049999237060547,22.049999237060547,22.6200008392334,21.65999984741211,22.559999465942383,64060400,2025-04-01,1,1,4,4.3537461452958555,-2.260639365935074,4.410913494011236,4.063343846974052,22.90199966430664,23.526999855041502,22.860999965667723
21.979999542236328,21.979999542236328,22.3799991607666,21.700000762939453,21.889999389648438,58878800,2025-04-02,2,2,4,3.093714340259549,0.41114735083295983,4.030510271130178,3.8752033349643704,22.613999557495116,23.312999725341797,22.919499969482423
22.43000030517578,22.43000030517578,23.899999618530273,20.860000610351562,21.399999618530273,242972100,2025-04-03,3,3,4,13.553272255093207,4.813087406569997,5.979099026507225,4.9884604662048115,22.375999450683594,23.15999984741211,23.00349998474121
19.850000381469727,19.850000381469727,22.200000762939453,19.700000762939453,21.700000762939453,175014700,2025-04-04,4,4,4,12.594458196251662,-8.525347080306405,7.5997075315578115,5.749142485168193,21.80399971008301,22.7189998626709,22.964000034332276
19.56999969482422,19.56999969482422,20.670000076293945,18.559999465942383,19.139999389648438,142491200,2025-04-07,0,7,4,10.781812178104456,2.24660563682327,8.875400623000946,6.472244993344913,21.17599983215332,22.25399990081787,22.946000003814696
18.1299991607666,18.1299991607666,20.389999389648438,17.670000076293945,20.059999465942383,163982700,2025-04-08,1,8,4,15.002754767030451,-9.621138367687953,11.005202347347865,7.7080579206795505,20.391999816894533,21.646999740600585,22.863499927520753
21.530000686645508,21.530000686645508,21.729999542236328,17.979999542236328,18.06999969482422,224183500,2025-04-09,2,9,4,17.41755634186313,19.147764528254726,13.86997074766858,8.95024050939938,20.302000045776367,21.457999801635744,22.90599994659424
19.8799991607666,19.8799991607666,20.81999969482422,19.15999984741211,20.68000030517578,129064900,2025-04-10,3,10,4,8.350100188576151,-3.8684774303845426,12.82933633436517,9.404217680436197,19.79199981689453,21.083999633789062,22.714999866485595
19.739999771118164,19.739999771118164,19.799999237060547,18.18000030517578,19.25,128425800,2025-04-11,4,11,4,8.206681614328112,2.545453356457995,11.951781017980458,9.775744274769135,19.769999694824218,20.786999702453613,22.499499893188478
20.309999465942383,20.309999465942383,21.049999237060547,19.979999542236328,20.59000015258789,101964400,2025-04-14,0,14,4,5.268339354801508,-1.3598867633340714,10.84908645331987,9.862243538160408,19.91799964904785,20.546999740600587,22.230499839782716
19.850000381469727,19.850000381469727,20.469999313354492,19.809999465942383,20.200000762939453,64056900,2025-04-15,1,15,4,3.324936195105715,-1.7326750903488353,8.513522738934922,9.759362543141394,20.261999893188477,20.326999855041503,21.926999855041505
19.229999542236328,19.229999542236328,19.43000030517578,18.719999313354492,19.34000015258789,89469700,2025-04-16,2,16,4,3.6921529314749035,-0.568772541280685,5.768442056857277,9.81920640226293,19.801999664306642,20.051999855041505,21.68249979019165
18.93000030517578,18.93000030517578,19.100000381469727,18.559999465942383,18.90999984741211,85646700,2025-04-17,3,17,4,2.852619687384254,0.10576656755715942,4.668945956618899,8.749141145492034,19.611999893188475,19.701999855041503,21.430999851226808
18.84000015258789,18.84000015258789,18.989999771118164,18.25,18.93000030517578,72409900,2025-04-21,0,21,4,3.9278119167982948,-0.47543661456404235,3.8131720171129353,7.882476517546697,19.431999969482423,19.60099983215332,21.15999984741211
19.510000228881836,19.510000228881836,19.739999771118164,19.040000915527344,19.059999465942383,83365600,2025-04-22,1,22,4,3.58789773131099,2.3609694414920788,3.477083692414831,7.163085072867349,19.272000122070313,19.594999885559083,20.924499893188475
20.59000015258789,20.59000015258789,21.030000686645508,20.309999465942383,20.719999313354492,97188100,2025-04-23,2,23,4,3.4968490304388387,-0.6274090978507624,3.5114662594814563,6.01249449920819,19.420000076293945,19.84099998474121,20.743999862670897
21.489999771118164,21.489999771118164,21.549999237060547,20.8799991607666,21.040000915527344,117086200,2025-04-24,3,24,4,3.1177295645875382,2.1387777376888084,3.396581586103983,4.58251182148063,19.87200012207031,19.836999893188477,20.64749984741211
20.049999237060547,20.049999237060547,20.18000030517578,19.34000015258789,19.729999542236328,147711200,2025-04-25,4,25,4,4.189527104994742,1.6218940813414122,3.6639630696260808,4.16645451312249,20.095999908447265,19.853999900817872,20.468999767303465
20.510000228881836,20.510000228881836,21.079999923706055,20.049999237060547,20.1200008392334,96624400,2025-04-28,0,28,4,5.021943808635742,1.9383666669036632,3.88278944799357,3.8479807325532525,20.429999923706056,19.930999946594238,20.358999824523927
20.34000015258789,20.34000015258789,20.850000381469727,20.219999313354492,20.309999465942383,70031900,2025-04-29,1,29,4,3.097350360811469,0.14771387215354503,3.784679973893666,3.6308818331542483,20.595999908447265,19.93400001525879,20.240499877929686
20.100000381469727,20.100000381469727,20.18000030517578,19.549999237060547,19.709999084472656,68297300,2025-04-30,2,30,4,3.1343336127298533,1.97869769209837,3.7121768903518686,3.6118215749166622,20.497999954223634,19.959000015258788,20.142999935150147
19.979999542236328,19.979999542236328,20.649999618530273,19.940000534057617,20.219999313354492,72607500,2025-05-01,3,1,5,3.5535490527503146,-1.186942528527456,3.7993407879844243,3.5979611870442043,20.195999908447266,20.03400001525879,20.042999935150146
20.6200008392334,20.6200008392334,20.780000686645508,20.209999084472656,20.260000228881836,63298500,2025-05-02,4,2,5,2.764314156032027,1.7769032886700575,3.514298198191881,3.589130633908981,20.310000228881837,20.20300006866455,19.95249996185303
20.270000457763672,20.270000457763672,20.579999923706055,20.239999771118164,20.389999389648438,44237000,2025-05-05,0,5,5,1.6773564129726803,-0.5885185653594796,2.8453807190592686,3.3640850835264198,20.262000274658202,20.346000099182127,19.973499965667724
19.940000534057617,19.940000534057617,20.1200008392334,19.770000457763672,19.920000076293945,51330800,2025-05-06,1,6,5,1.7552676634683344,0.1004039040515551,2.5769641795906417,3.180822076742154,20.182000350952148,20.389000129699706,19.992000007629393
20.309999465942383,20.309999465942383,20.3700008392334,19.81999969482422,19.969999313354492,61002600,2025-05-07,2,7,5,2.708031309067588,1.7025546533720866,2.4917037188581888,3.101940304605029,20.22400016784668,20.361000061035156,20.101000022888183
21.0,21.0,21.239999771118164,20.639999389648438,21.010000228881836,71651700,2025-05-08,3,8,5,2.8571446736653643,-0.047597471551137416,2.352422843041199,3.0758818155128114,20.428000259399415,20.31200008392334,20.074499988555907
21.420000076293945,21.420000076293945,21.450000762939453,20.829999923706055,21.200000762939453,51768600,2025-05-09,4,9,5,2.8944950374653313,1.03773257281708,2.3784590193278596,2.9463786087598707,20.588000106811524,20.44900016784668,20.151500034332276
22.18000030517578,22.18000030517578,22.670000076293945,21.8799991607666,22.18000030517578,94578700,2025-05-12,0,12,5,3.561771436689269,0.0,2.7553420240711772,2.800361371565223,20.970000076293946,20.616000175476074,20.273500061035158
22.559999465942383,22.559999465942383,22.8799991607666,22.299999237060547,22.360000610351562,76850400,2025-05-13,1,13,5,2.5709217084940508,0.8944492403020368,2.9184728330763208,2.7477185063334812,21.493999862670897,20.838000106811524,20.386000061035155
21.520000457763672,21.520000457763672,22.459999084472656,21.459999084472656,22.350000381469727,91584800,2025-05-14,2,14,5,4.646840049853412,-3.7136461276940445,3.3062345812334852,2.898969150045837,21.736000061035156,20.98000011444092,20.469500064849854
21.549999237060547,21.549999237060547,21.6299991607666,21.190000534057617,21.229999542236328,66705500,2025-05-15,3,15,5,2.0417570407719463,1.5072995841925987,3.143157054654802,2.7477899488480007,21.845999908447265,21.13700008392334,20.585500049591065
21.65999984741211,21.65999984741211,21.760000228881836,21.350000381469727,21.530000686645508,55795100,2025-05-16,4,16,5,1.8928894289031828,0.6038047218792548,2.9428359329423723,2.6606474761351158,21.8939998626709,21.24099998474121,20.72200002670288
21.3799991607666,21.3799991607666,21.559999465942383,21.049999237060547,21.18000030517578,64279100,2025-05-19,0,19,5,2.3854080865340377,0.9442816464074666,2.707563262911326,2.7314526434912514,21.73399963378906,21.351999855041505,20.848999977111816
21.270000457763672,21.270000457763672,21.40999984741211,21.1200008392334,21.329999923706055,48497400,2025-05-20,1,20,5,1.36341796867644,-0.2812914493998648,2.466062514947804,2.6922676740120624,21.47599983215332,21.48499984741211,20.936999988555907
20.690000534057617,20.690000534057617,21.6299991607666,20.59000015258789,21.190000534057617,62904700,2025-05-21,2,21,5,5.026577966814347,-2.3596035271276907,2.5420100983399907,2.924122339786738,21.309999847412108,21.522999954223632,20.942000007629396
20.549999237060547,20.549999237060547,20.899999618530273,20.510000228881836,20.729999542236328,56077500,2025-05-22,3,22,5,1.897807319355515,-0.868308293056349,2.5132201540567047,2.8281886043557534,21.10999984741211,21.477999877929687,20.894999980926514
20.049999237060547,20.049999237060547,20.270000457763672,19.940000534057617,20.15999984741211,68206100,2025-05-23,4,23,5,1.6458849688935684,-0.5456379523022814,2.4638192620547814,2.703327597498577,20.7879997253418,21.340999794006347,20.894999980926514
20.549999237060547,20.549999237060547,20.670000076293945,20.18000030517578,20.440000534057617,69504600,2025-05-27,1,27,5,2.3844271985883205,0.5381541102195532,2.463623084465638,2.5855931736884825,20.621999740600586,21.177999687194824,20.89699993133545
20.3700008392334,20.3700008392334,20.639999389648438,20.329999923706055,20.56999969482422,46096500,2025-05-28,2,28,5,1.5218431672585502,-0.9722841932814594,2.4953081241820603,2.480685319564932,20.44199981689453,20.958999824523925,20.898499965667725
20.25,20.25,20.600000381469727,20.100000381469727,20.540000915527344,66372200,2025-05-29,3,29,5,2.4691358024691357,-1.4118836543386701,1.983819691313018,2.2629148948265043,20.35399971008301,20.83199977874756,20.90599994659424
19.549999237060547,19.549999237060547,20.260000228881836,19.309999465942383,20.260000228881836,114281900,2025-05-30,4,30,5,4.8593391305026525,-3.504447106615233,2.5761260535424455,2.5446731037995756,20.153999710083006,20.63199977874756,20.884499931335448
19.739999771118164,19.739999771118164,19.81999969482422,19.3700008392334,19.479999542236328,67885500,2025-06-02,0,2,6,2.2796294873783087,1.334703465049402,2.7028749572393935,2.5833471096470877,20.091999816894532,20.439999771118163,20.840499877929688
20.290000915527344,20.290000915527344,20.40999984741211,19.399999618530273,19.75,80401900,2025-06-03,1,3,6,4.977822490431296,2.734181850771361,3.221554015607989,2.842588550036813,20.04000015258789,20.33099994659424,20.841499900817873
20.25,20.25,20.5,20.010000228881836,20.34000015258789,71166500,2025-06-04,2,4,6,2.4197519561390815,-0.442478622973067,3.4011357733840955,2.948221948783078,20.01599998474121,20.228999900817872,20.85699987411499
19.989999771118164,19.989999771118164,20.549999237060547,19.850000381469727,20.270000457763672,72458400,2025-06-05,3,5,6,3.501745190623707,-1.381355107657454,3.607657651015009,2.7957386711640138,19.963999938964843,20.158999824523924,20.84099988937378
20.059999465942383,20.059999465942383,20.440000534057617,20.030000686645508,20.170000076293945,70072800,2025-06-06,4,6,6,2.043867688571986,-0.5453674265517113,3.044563362628876,2.8103447080856605,20.06599998474121,20.10999984741211,20.793999862670898
20.479999542236328,20.479999542236328,20.959999084472656,20.219999313354492,20.219999313354492,92893900,2025-06-09,0,9,6,3.613280213176017,1.2858567641499192,3.3112935077884176,3.0070842325139053,20.213999938964843,20.152999877929688,20.74699983596802
22.079999923706055,22.079999923706055,22.440000534057617,20.280000686645508,20.5,171457000,2025-06-10,1,10,6,9.782608038386083,7.707316701005144,4.272250617379375,3.7469023164936814,20.571999740600585,20.305999946594238,20.74199981689453
20.68000030517578,20.68000030517578,21.829999923706055,20.3799991607666,21.780000686645508,146784500,2025-06-11,2,11,6,7.01160900165242,-5.050506642748621,5.1906220264820435,4.295878899933069,20.657999801635743,20.336999893188477,20.647999858856203
20.770000457763672,20.770000457763672,20.979999542236328,20.40999984741211,20.5,78175900,2025-06-12,3,12,6,2.744341272323646,1.3170754037252286,5.039141242822031,4.32339944691852,20.813999938964844,20.388999938964844,20.6104998588562
20.139999389648438,20.139999389648438,20.600000381469727,20.100000381469727,20.329999923706055,87655900,2025-06-13,4,13,6,2.4826217236977186,-0.934582069703132,5.126892049847177,4.085727706238027,20.829999923706055,20.447999954223633,20.539999866485594
20.739999771118164,20.739999771118164,20.93000030517578,20.299999237060547,20.40999984741211,86745100,2025-06-16,0,16,6,3.0376136695649967,1.6168541213776495,5.011758741124973,4.161526124456695,20.881999969482422,20.547999954223634,20.493999862670897
20.799999237060547,20.799999237060547,21.479999542236328,20.6200008392334,20.6299991607666,87512200,2025-06-17,1,17,6,4.134609300709112,0.8240430596683951,3.8821589935895786,4.077204805484477,20.62599983215332,20.598999786376954,20.464999866485595
21.489999771118164,21.489999771118164,21.600000381469727,20.65999984741211,20.809999465942383,94200600,2025-06-18,2,18,6,4.374130032895329,3.2676613292982966,3.3546631998381606,4.272642613160102,20.7879997253418,20.72299976348877,20.47599983215332
21.079999923706055,21.079999923706055,21.889999389648438,20.8799991607666,21.700000762939453,133472800,2025-06-20,4,20,6,4.791272450366636,-2.857146624124883,3.7640494354467586,4.401595339134395,20.849999618530273,20.83199977874756,20.49549980163574
21.190000534057617,21.190000534057617,21.579999923706055,20.729999542236328,21.06999969482422,81461000,2025-06-23,0,23,6,4.011327796351698,0.5695341289581332,4.069790649977554,4.598341349912365,21.059999847412108,20.94499988555908,20.527499866485595
22.549999237060547,22.549999237060547,22.690000534057617,21.329999923706055,21.34000015258789,130368700,2025-06-24,1,24,6,6.0310450393116835,5.67009876204673,4.6684769239268915,4.840117832525932,21.421999740600587,21.151999855041502,20.652499866485595
22.200000762939453,22.200000762939453,22.770000457763672,22.1299991607666,22.579999923706055,64975100,2025-06-25,2,25,6,2.8828886261368267,-1.6829015148385897,4.418132789012435,4.1501458913010065,21.702000045776366,21.163999938964842,20.73499994277954
22.5,22.5,22.6200008392334,22.209999084472656,22.399999618530273,63229300,2025-06-26,3,26,6,1.8222300211588542,0.44643028202108453,3.90775278666514,3.6312079932516506,21.904000091552735,21.345999908447265,20.841499900817873
22.690000534057617,22.690000534057617,23.3799991607666,22.420000076293945,22.709999084472656,95542400,2025-06-27,4,27,6,4.23093460501114,-0.08806055139259132,3.7956852175940403,3.7798673265203995,22.226000213623045,21.53799991607666,20.96349992752075
22.399999618530273,22.399999618530273,22.969999313354492,22.270000457763672,22.969999313354492,77102400,2025-06-30,0,30,6,3.1249949442487943,-2.4814963511680537,3.61841864717346,3.8441046485755073,22.46800003051758,21.763999938964844,21.10599994659424
22.850000381469727,22.850000381469727,23.15999984741211,22.280000686645508,22.329999923706055,79094900,2025-07-01,1,1,7,3.851199764006304,2.3287078349320867,3.1824495921123837,3.925463258019638,22.528000259399413,21.975,21.261499977111818
21.8799991607666,21.8799991607666,22.770000457763672,21.520000457763672,22.530000686645508,138245300,2025-07-02,2,2,7,5.712980109438927,-2.885048850727243,3.7484678887728036,4.083300338892619,22.463999938964843,22.082999992370606,21.34099988937378
22.489999771118164,22.489999771118164,22.6299991607666,21.989999771118164,22.149999618530273,61176000,2025-07-03,3,3,7,2.8457065191718223,1.5349894286384227,3.9531631883753975,3.930457987520269,22.461999893188477,22.182999992370604,21.452999877929688
22.0,22.0,22.389999389648438,21.860000610351562,22.209999084472656,80725200,2025-07-07,0,7,7,2.409085360440341,-0.9455159528550803,3.5887933394612377,3.6922392785276386,22.32399978637695,22.275,21.55349988937378
23.59000015258789,23.59000015258789,23.790000915527344,22.1299991607666,22.18000030517578,119545500,2025-07-08,1,8,7,7.036887426974584,6.357077673633219,4.371171836006395,3.994795241589928,22.561999893188478,22.51499996185303,21.729999923706053
23.440000534057617,23.440000534057617,23.530000686645508,23.1299991607666,23.290000915527344,70247700,2025-07-09,2,9,7,1.7064911124797804,0.6440515785049598,3.9422301057010913,3.5623398489067375,22.679999923706056,22.604000091552734,21.87799997329712
23.81999969482422,23.81999969482422,24.040000915527344,23.479999542236328,23.6299991607666,54599800,2025-07-10,3,10,7,2.350971370552523,0.8040649208870019,3.26982835792381,3.5091481233483073,23.068000030517577,22.76599998474121,21.964999961853028
23.43000030517578,23.43000030517578,23.65999984741211,23.15999984741211,23.559999465942383,49367900,2025-07-11,4,11,7,2.134016190727697,-0.5517791329092532,3.1274902922349854,3.540326740305191,23.256000137329103,22.85900001525879,22.102499961853027
23.299999237060547,23.299999237060547,23.399999618530273,22.8799991607666,23.239999771118164,48420500,2025-07-14,0,14,7,2.231761694380525,0.258173263912627,3.092025559023022,3.34040944924213,23.51599998474121,22.919999885559083,22.228999900817872
22.920000076293945,22.920000076293945,23.780000686645508,22.899999618530273,23.56999969482422,66099400,2025-07-15,1,15,7,3.839446183184858,-2.7577413107604243,2.4525373102650767,3.4118545731357366,23.381999969482422,22.97199993133545,22.367999935150145
22.690000534057617,22.690000534057617,23.1299991607666,22.25,22.989999771118164,58865900,2025-07-16,2,16,7,3.878356721260212,-1.3049118749336805,2.886910432021163,3.4145702688611266,23.231999969482423,22.95599994659424,22.46549997329712
22.799999237060547,22.799999237060547,23.049999237060547,22.59000015258789,22.65999984741211,49384000,2025-07-17,3,17,7,2.0175399116897554,0.6178260838092026,2.8202241402486097,3.0450262490862103,23.027999877929688,23.047999954223634,22.56549997329712
23.100000381469727,23.100000381469727,23.59000015258789,22.899999618530273,23.219999313354492,60195600,2025-07-18,4,18,7,2.987015249623629,-0.516791280935787,2.990823952027796,3.0591571221313907,22.961999893188477,23.10900001525879,22.6460000038147
23.260000228881836,23.260000228881836,23.829999923706055,23.15999984741211,23.399999618530273,61658000,2025-07-21,0,21,7,2.880481812988158,-0.5982879997039534,3.1205679757493225,3.1062967673861723,22.954000091552736,23.23500003814697,22.755000019073485
23.239999771118164,23.239999771118164,23.540000915527344,23.079999923706055,23.34000015258789,53969800,2025-07-22,1,22,7,1.979350242477032,-0.4284506461695063,2.7485487876077572,2.600543048936417,23.018000030517577,23.2,22.857499980926512
23.489999771118164,23.489999771118164,23.6200008392334,22.920000076293945,23.260000228881836,68711700,2025-07-23,2,23,7,2.979994762708045,0.9888200342781542,2.568876395897324,2.7278934139592437,23.177999877929686,23.204999923706055,22.904500007629395
22.6299991607666,22.6299991607666,23.579999923706055,22.600000381469727,23.489999771118164,131963300,2025-07-24,3,24,7,4.330532826246602,-3.661135030784315,3.031474978808693,2.9258495595286513,23.1439998626709,23.08599987030029,22.925999927520753
20.700000762939453,20.700000762939453,21.049999237060547,20.360000610351562,20.68000030517578,245077700,2025-07-25,4,25,7,3.3333265762208732,0.0967140109696525,3.100737244128142,3.045780598077969,22.663999938964842,22.81299991607666,22.835999965667725
20.68000030517578,20.68000030517578,21.290000915527344,20.649999618530273,20.81999969482422,86105600,2025-07-28,0,28,7,3.0947837889387797,-0.6724274337200921,3.1435976393182665,3.1320828075337945,22.147999954223632,22.551000022888182,22.735499954223634
20.40999984741211,20.40999984741211,20.850000381469727,20.34000015258789,20.690000534057617,100831500,2025-07-29,1,29,7,2.498776250341332,-1.3533140619527837,3.2474828408911263,2.9980158142494417,21.58199996948242,22.3,22.635999965667725
20.34000015258789,20.34000015258789,20.6200008392334,20.079999923706055,20.43000030517578,67420300,2025-07-30,2,30,7,2.6548717378384024,-0.44052937466226955,3.182458235917198,2.8756673159072608,20.952000045776366,22.064999961853026,22.510499954223633
19.799999237060547,19.799999237060547,20.229999542236328,19.65999984741211,20.170000076293945,90665200,2025-07-31,3,31,7,2.8787864484223045,-1.8344116898059166,2.8921089603523384,2.9617919695805157,20.386000061035155,21.76499996185303,22.40649995803833
19.309999465942383,19.309999465942383,19.549999237060547,18.969999313354492,19.5,86496100,2025-08-01,4,1,8,3.003624752703995,-0.9743617131159855,2.826168595648963,2.963452919888552,20.107999801635742,21.385999870300292,22.24749994277954
19.5,19.5,19.59000015258789,19.350000381469727,19.520000457763672,69249400,2025-08-04,0,4,8,1.2307680570162258,-0.10246135909139854,2.4533654492644517,2.798481544291359,19.871999740600586,21.00999984741211,22.12249994277954
20.190000534057617,20.190000534057617,20.540000915527344,19.68000030517578,19.700000762939453,97338200,2025-08-05,1,5,8,4.259537333349078,2.487308386505112,2.805517665866001,3.026500253378564,19.827999877929688,20.704999923706055,21.95249996185303
20.40999984741211,20.40999984741211,20.479999542236328,19.8700008392334,20.1200008392334,67074200,2025-08-06,2,6,8,2.9887246818391064,1.441346899018123,2.872288254666142,3.0273732452916695,19.841999816894532,20.39699993133545,21.800999927520753
19.770000457763672,19.770000457763672,20.440000534057617,19.600000381469727,20.0,131382800,2025-08-07,3,7,8,4.248862585423072,-1.1499977111816406,3.1463034820662954,3.019206221209317,19.836000061035158,20.111000061035156,21.598499965667724
19.950000762939453,19.950000762939453,20.020000457763672,19.610000610351562,20.0,75415000,2025-08-08,4,8,8,2.0551370011662073,-0.24999618530273438,2.956605931758738,2.8913872637038502,19.96400032043457,20.036000061035157,21.424499988555908
20.649999618530273,20.649999618530273,21.600000381469727,20.440000534057617,20.450000762939453,175545600,2025-08-11,0,11,8,5.617432778890629,0.9779894774051479,3.833938876133618,3.143652162699035,20.194000244140625,20.032999992370605,21.292000007629394
21.809999465942383,21.809999465942383,21.860000610351562,20.760000228881836,21.200000762939453,134153600,2025-08-12,1,12,8,5.043559873476581,2.8773522691060096,3.9907433841591193,3.39813052501256,20.518000030517577,20.172999954223634,21.236499977111816
22.219999313354492,22.219999313354492,22.299999237060547,21.360000610351562,21.6200008392334,86024400,2025-08-13,2,13,8,4.230416992605547,2.7752009751650335,4.239081846312407,3.5556850504892745,20.879999923706055,20.360999870300294,21.21299991607666
23.860000610351562,23.860000610351562,24.200000762939453,21.899999618530273,21.989999771118164,188052500,2025-08-14,3,14,8,9.63956867382197,8.503869298304732,5.317223063992187,4.231763273029241,21.697999954223633,20.767000007629395,21.26599998474121
24.559999465942383,24.559999465942383,25.649999618530273,24.110000610351562,25.010000228881836,310161100,2025-08-15,4,15,8,6.27035440417759,-1.7992833219560995,6.160266544594464,4.5584362381766015,22.61999969482422,21.292000007629394,21.338999938964843
23.65999984741211,23.65999984741211,24.899999618530273,23.209999084472656,24.0,212515600,2025-08-18,0,18,8,7.142859446140134,-1.4166673024495444,6.465351878044364,5.149645377088992,23.221999740600587,21.707999992370606,21.358999919891357
25.309999465942383,25.309999465942383,26.530000686645508,24.940000534057617,24.940000534057617,297659200,2025-08-19,1,19,8,6.28210267142607,1.4835562308008043,6.7130604376342635,5.351901910896691,23.921999740600587,22.219999885559083,21.46249990463257
23.540000915527344,23.540000915527344,24.93000030517578,23.329999923706055,24.899999618530273,161149400,2025-08-20,2,20,8,6.796942732548247,-5.46184226441046,7.226365585622803,5.732723715967604,24.186000061035156,22.532999992370605,21.464999961853028
23.5,23.5,23.56999969482422,22.780000686645508,23.530000686645508,97718300,2025-08-21,3,21,8,3.361697907143451,-0.1274997270294801,5.970791432287099,5.644007248139642,24.113999938964845,22.90599994659424,21.508500003814696
24.799999237060547,24.799999237060547,25.229999542236328,23.649999618530273,23.649999618530273,200266800,2025-08-22,4,22,8,6.370967630293066,4.862577746636513,5.990914077510193,6.075590311052329,24.161999893188476,23.390999794006348,21.71349992752075
24.549999237060547,24.549999237060547,25.8799991607666,24.440000534057617,25.5,156825600,2025-08-25,0,25,8,5.86557503649601,-3.7254931879978552,5.735457195581369,6.100404536812867,24.339999771118165,23.780999755859376,21.90699987411499
24.350000381469727,24.350000381469727,24.739999771118164,24.100000381469727,24.579999923706055,78558200,2025-08-26,1,26,8,2.6283342078937912,-0.9357182382027034,5.004703502874913,5.858881970254588,24.147999954223632,24.03499984741211,22.103999900817872
24.850000381469727,24.850000381469727,24.989999771118164,24.049999237060547,24.190000534057617,90934400,2025-08-27,2,27,8,3.7826982681197925,2.72839947433189,4.401854609989223,5.8141100978060125,24.40999984741211,24.297999954223634,22.329499912261962
24.93000030517578,24.93000030517578,25.139999389648438,24.610000610351562,24.959999084472656,60035100,2025-08-28,3,28,8,2.1259477449217705,-0.120187421463236,4.154704577544886,5.062748004915993,24.695999908447266,24.404999923706054,22.585999965667725
24.350000381469727,24.350000381469727,24.969999313354492,24.280000686645508,24.760000228881836,63734400,2025-08-29,4,29,8,2.833669880490315,-1.6558959758564793,3.447245027584336,4.719079552547265,24.6060001373291,24.38400001525879,22.83800001144409
24.209999084472656,24.209999084472656,24.239999771118164,23.68000030517578,23.8799991607666,57661800,2025-09-02,1,2,9,2.3130916444418395,1.381909276815322,2.7367483491735016,4.236102772377436,24.538000106811523,24.438999938964844,23.073499965667725
24.0,24.0,24.09000015258789,23.719999313354492,24.09000015258789,47822900,2025-09-03,2,3,9,1.5416701634724936,-0.37359963477718067,2.519415540289242,3.762059521582078,24.46800003051758,24.307999992370604,23.263999938964844
24.610000610351562,24.610000610351562,24.639999389648438,23.75,23.850000381469727,59056500,2025-09-04,3,4,9,3.616413521233649,3.186583717928653,2.486158590912013,3.444006600450618,24.420000076293945,24.414999961853027,23.473999977111816
24.489999771118164,24.489999771118164,24.709999084472656,24.170000076293945,24.600000381469727,55975300,2025-09-05,4,5,9,2.20497759585751,-0.44715694571461023,2.5019645610991614,3.328334569322024,24.33199996948242,24.513999938964844,23.70999994277954
24.479999542236328,24.479999542236328,24.739999771118164,24.1200008392334,24.479999542236328,51122100,2025-09-08,0,8,9,2.5326754227060198,0.0,2.4417656695423027,2.944505348563319,24.357999801635742,24.481999969482423,23.936499881744385
24.440000534057617,24.440000534057617,24.809999465942383,24.270000457763672,24.530000686645508,42146200,2025-09-09,1,9,9,2.2094885285547017,-0.36689828809050146,2.421045046364875,2.578896697769188,24.404000091552735,24.471000099182127,24.125999927520752
24.770000457763672,24.770000457763672,24.8700008392334,24.280000686645508,24.420000076293945,61600700,2025-09-10,2,10,9,2.3819141771673507,1.433252990893699,2.589093849103846,2.554254694696544,24.55800018310547,24.513000106811525,24.273999977111817
24.610000610351562,24.610000610351562,24.93000030517578,24.56999969482422,24.760000228881836,55536900,2025-09-11,3,11,9,1.462822435689569,-0.6058142857175872,2.1583756319950305,2.322267111453522,24.55800018310547,24.489000129699708,24.39350004196167
24.079999923706055,24.079999923706055,24.6299991607666,24.049999237060547,24.610000610351562,52672800,2025-09-12,4,12,9,2.4086375645502462,-2.153598835843087,2.1991076257335775,2.3505360934163697,24.476000213623045,24.404000091552735,24.404500007629395
24.770000457763672,24.770000457763672,25.459999084472656,24.219999313354492,24.329999923706055,83951600,2025-09-15,0,15,9,5.006054696012371,1.8084691140048075,2.693783480394848,2.567774574968575,24.534000396728516,24.44600009918213,24.41500005722046
25.270000457763672,25.270000457763672,25.34000015258789,24.690000534057617,24.81999969482422,60336600,2025-09-16,1,16,9,2.572218467572583,1.8130570849011454,2.766329468198424,2.5936872572816494,24.700000381469728,24.55200023651123,24.495500087738037
24.899999618530273,24.899999618530273,25.260000228881836,24.450000762939453,25.079999923706055,63093700,2025-09-17,2,17,9,3.2530099532194017,-0.7177045682749059,2.9405486234088345,2.7648212362563402,24.726000213623045,24.642000198364258,24.47500009536743
30.56999969482422,30.56999969482422,32.380001068115234,30.15999984741211,31.780000686645508,523908000,2025-09-18,3,18,9,7.262025655430385,-3.807429092755658,4.100389267356998,3.129382449676014,25.91800003051758,25.238000106811523,24.826500034332277
29.579999923706055,29.579999923706055,30.6299991607666,29.329999923706055,30.3799991607666,225702900,2025-09-19,4,19,9,4.394858824927512,-2.633308950494256,4.49763351943245,3.348370572583014,27.018000030517577,25.74700012207031,25.130500030517577
28.760000228881836,28.760000228881836,30.100000381469727,28.729999542236328,29.670000076293945,130314500,2025-09-22,0,22,9,4.76356338084307,-3.067070593434851,4.44913525639859,3.5714593683967193,27.81599998474121,26.175000190734863,25.328500080108643
29.34000015258789,29.34000015258789,30.200000762939453,28.81999969482422,28.989999771118164,126317900,2025-09-23,1,23,9,4.703480098630856,1.2073141919042754,4.875387582610245,3.820858525404335,28.629999923706055,26.66500015258789,25.56800012588501
31.219999313354492,31.219999313354492,31.700000762939453,29.229999542236328,29.3799991607666,164458500,2025-09-24,2,24,9,7.911599215335572,6.2627644831419405,5.807105435033479,4.3738270292211565,29.8939998626709,27.310000038146974,25.91150007247925
33.9900016784668,33.9900016784668,34.25,31.209999084472656,31.610000610351562,295709300,2025-09-25,3,25,9,8.943809253923138,7.529266125151031,6.143462154732029,5.121925711044514,30.578000259399413,28.248000144958496,26.3685001373291
35.5,35.5,36.29999923706055,34.4900016784668,35.02000045776367,268583300,2025-09-26,4,26,9,5.09858467209507,1.3706440204512214,6.284207324165541,5.390920421798996,31.762000274658202,29.39000015258789,26.897000122070313
34.47999954223633,34.47999954223633,35.04999923706055,33.72999954223633,34.52000045776367,152605900,2025-09-29,0,29,9,3.8283054302459694,-0.11587750578475847,6.0971557340461215,5.273145495222356,32.9060001373291,30.361000061035156,27.403500080108643
33.54999923706055,33.54999923706055,34.2400016784668,33.02000045776367,33.93000030517578,124818400,2025-09-30,1,30,9,3.6363673575153688,-1.1199559820141467,5.883733185823024,5.379560384216634,33.74799995422363,31.188999938964844,27.870500087738037
35.939998626708984,35.939998626708984,36.060001373291016,33.5,33.529998779296875,162649700,2025-10-01,2,1,10,7.12298684226587,7.187593006714231,5.726010711209083,5.766558073121281,34.69199981689453,32.292999839782716,28.467500019073487
37.29999923706055,37.29999923706055,37.56999969482422,35.439998626708984,35.7599983215332,149361700,2025-10-02,3,2,10,5.710458744457311,4.306490458082651,5.079340609315918,5.611401382023974,35.353999328613284,32.96599979400635,29.101999950408935
36.83000183105469,36.83000183105469,38.08000183105469,36.45000076293945,37.95000076293945,125359300,2025-10-03,4,3,10,4.425742566053401,-2.95124877303959,4.944772188107583,5.614489756136563,35.619999694824216,33.69099998474121,29.71900005340576
36.59000015258789,36.59000015258789,38.68000030517578,36.43000030517578,37.189998626708984,112086100,2025-10-06,0,6,10,6.1492210730173085,-1.613332875173028,5.408955316661851,5.753055525353987,36.04199981689453,34.473999977111816,30.32450008392334
37.16999816894531,37.16999816894531,38.04999923706055,36.349998474121094,36.63999938964844,111140200,2025-10-07,1,7,10,4.573583122637237,1.4465032427009556,5.596398469686226,5.740065827754624,36.76599960327148,35.256999778747556,30.960999965667725
37.43000030517578,37.43000030517578,37.790000915527344,35.90999984741211,36.54999923706055,103202100,2025-10-08,2,8,10,5.022711869588924,2.4076637113112196,5.176343475150836,5.451177093179959,37.06399993896484,35.87799987792969,31.59399995803833
37.79999923706055,37.79999923706055,38.099998474121094,36.86000061035156,37.529998779296875,89884700,2025-10-09,3,9,10,3.2804176952305077,0.7194257035590832,4.690335265305476,4.884837937310697,37.16399993896484,36.25899963378906,32.25349988937378
36.369998931884766,36.369998931884766,39.650001525878906,36.29999923706055,38.459999084472656,183063300,2025-10-10,4,10,10,9.21089465823846,-5.434217894798859,5.647365683742487,5.296068935925036,37.07199935913086,36.345999526977536,32.86799983978271
37.220001220703125,37.220001220703125,37.5099983215332,36.279998779296875,36.439998626708984,104020700,2025-10-13,0,13,10,3.304673567694988,2.1405121388298616,5.078456182678023,5.243705749669938,37.19799957275391,36.619999694824216,33.490499877929686
35.630001068115234,35.630001068115234,36.54999923706055,34.689998626708984,36.0,117908300,2025-10-14,1,14,10,5.220321511626476,-1.0277748107910156,5.207803860475871,5.402101165081048,36.89000015258789,36.827999877929685,34.00849990844726
37.150001525878906,37.150001525878906,37.4900016784668,35.63999938964844,36.400001525878906,99242700,2025-10-15,2,15,10,4.979817531177319,2.0604394740664524,5.19922499279355,5.187784233972193,36.83400039672851,36.94900016784668,34.6210000038147
36.84000015258789,36.84000015258789,38.02000045776367,36.40999984741211,37.150001525878906,83357800,2025-10-16,3,16,10,4.3702513672179375,-0.8344585748538043,5.417191727191036,5.053763496248256,36.64200057983398,36.90300025939941,34.93450002670288
37.0099983215332,37.0099983215332,38.380001068115234,36.08000183105469,36.36000061035156,119394700,2025-10-17,4,17,10,6.214534832124968,1.7876724429883222,4.817919761968338,5.232642722855412,36.77000045776367,36.920999908447264,35.30599994659424
38.099998474121094,38.099998474121094,38.52000045776367,37.560001373291016,37.56999969482422,80230200,2025-10-20,0,20,10,2.5196827373227393,1.4106967889326056,4.660921595893887,4.869688889285955,36.94599990844726,37.07199974060059,35.7729998588562
38.119998931884766,38.119998931884766,38.349998474121094,37.66999816894531,38.13999938964844,73134900,2025-10-21,1,21,10,1.78384135422157,-0.05243958595631281,3.973625564412907,4.590714712444388,37.443999481201175,37.16699981689453,36.21199979782104
36.91999816894531,36.91999816894531,37.93000030517578,36.040000915527344,37.84000015258789,87099900,2025-10-22,2,22,10,5.119175198763096,-2.431294872972295,4.001497097930062,4.600361045361806,37.39799880981445,37.11599960327148,36.496999740600586
38.15999984741211,38.15999984741211,38.400001525878906,36.43000030517578,36.599998474121094,121974200,2025-10-23,3,23,10,5.162477014099685,4.262299011826604,4.159942227306411,4.788566977248723,37.6619987487793,37.15199966430664,36.70549964904785
38.279998779296875,38.279998779296875,41.119998931884766,37.83000183105469,40.02000045776367,246380000,2025-10-24,4,24,10,8.59455905366805,-4.347830231294377,4.635947071615028,4.726933416791683,37.91599884033203,37.342999649047854,36.844499588012695
39.540000915527344,39.540000915527344,40.66999816894531,38.22999954223633,38.38999938964844,160007600,2025-10-27,0,27,10,6.170962494213797,2.995575785783928,5.36620302299324,5.0135623094435635,38.20399932861328,37.57499961853027,37.09749965667724
41.529998779296875,41.529998779296875,42.47999954223633,39.540000915527344,39.59000015258789,181256400,2025-10-28,1,28,10,7.079216742415614,4.900223842464855,6.425278100632047,5.1994518325224774,38.885999298095705,38.164999389648436,37.496499633789064
41.34000015258789,41.34000015258789,42.040000915527344,40.91999816894531,41.599998474121094,106962900,2025-10-29,2,29,10,2.709247078974476,-0.6249959881487622,5.9432924766743245,4.972394787302194,39.76999969482422,38.58399925231934,37.76649971008301
40.15999984741211,40.15999984741211,41.43000030517578,40.11000061035156,40.970001220703125,84855500,2025-10-30,3,30,10,3.2868518422299715,-1.9770596757553975,5.568167442300381,4.8640548348033965,40.16999969482422,38.915999221801755,37.90949974060059
39.9900016784668,39.9900016784668,40.83000183105469,39.790000915527344,40.68000030517578,80471400,2025-10-31,4,31,10,2.600652342776338,-1.6961618031777517,4.369386100122039,4.502666585868534,40.512000274658206,39.213999557495114,38.06749973297119
39.5,39.5,40.45000076293945,39.04999923706055,40.25,61267500,2025-11-03,0,3,11,3.544307660452927,-1.8633540372670807,3.844055133369865,4.605129078181553,40.50400009155273,39.35399971008301,38.212999725341795
37.029998779296875,37.029998779296875,38.25,36.630001068115234,38.13999938964844,102250300,2025-11-04,1,4,11,4.374828477689531,-2.9103320086911886,3.3031774804246483,4.864227790528349,39.604000091552734,39.244999694824216,38.205999755859374
38.380001068115234,38.380001068115234,38.689998626708984,37.11000061035156,37.41999816894531,74631600,2025-11-05,2,5,11,4.116722179223776,2.565480882269588,3.584672500474509,4.763982488574416,39.012000274658206,39.390999984741214,38.253499794006345
37.2400016784668,37.2400016784668,39.84000015258789,36.79999923706055,38.34000015258789,77629900,2025-11-06,3,6,11,8.16326739664235,-2.8690622580679506,4.559955611356985,5.0640615268286835,38.42800064086914,39.29900016784668,38.22549991607666
38.130001068115234,38.130001068115234,38.27000045776367,36.970001220703125,37.2599983215332,95521400,2025-11-07,4,7,11,3.409386836203427,2.334951115870667,4.721702510042403,4.545544305082221,38.056000518798825,39.284000396728516,38.313500022888185
38.45000076293945,38.45000076293945,39.529998779296875,37.970001220703125,38.93000030517578,77820300,2025-11-10,0,10,11,4.057210735083715,-1.2329810903508052,4.82428312496856,4.334169129169212,37.84600067138672,39.17500038146973,38.375
37.880001068115234,37.880001068115234,38.220001220703125,37.4900016784668,38.150001525878906,53741900,2025-11-11,1,11,11,1.9271370687758278,-0.7077338059358087,4.3347448431858195,3.818961161805234,38.01600112915039,38.810000610351565,38.4875
37.88999938964844,37.88999938964844,38.20000076293945,37.349998474121094,38.060001373291016,53876000,2025-11-12,2,12,11,2.2433420493814533,-0.4466683591921221,3.960068817217355,3.7723706588459316,37.91800079345703,38.465000534057616,38.52449989318848
35.90999984741211,35.90999984741211,37.310001373291016,35.45000076293945,37.27000045776367,95593200,2025-11-13,3,13,11,5.179617427610781,-3.649049084109314,3.3633388234110413,3.9616472173840123,37.652000427246094,38.04000053405762,38.47799987792969
35.52000045776367,35.52000045776367,36.099998474121094,34.619998931884766,35.029998779296875,71716200,2025-11-14,4,14,11,4.166665324219729,1.3988058679476558,3.5147945210143012,4.118248515528352,37.130000305175784,37.593000411987305,38.40349998474121
34.709999084472656,34.709999084472656,35.72999954223633,34.22999954223633,35.45000076293945,72580100,2025-11-17,0,17,11,4.321521289440245,-2.087451798422577,3.5676566318856073,4.195969878427084,36.38199996948242,37.11400032043457,38.234000015258786
34.33000183105469,34.33000183105469,34.7599983215332,33.56999969482422,34.25,61504800,2025-11-18,1,18,11,3.466351771739551,0.23358198848083944,3.875499572478352,4.105122207832086,35.672000122070315,36.84400062561035,38.04450016021728
35.11000061035156,35.11000061035156,35.75,34.25,34.33000183105469,67115500,2025-11-19,2,19,11,4.27228702342361,2.27206157207744,4.281288567286784,4.120678692252069,35.11600036621094,36.51700057983398,37.954000282287595
33.619998931884766,33.619998931884766,36.68000030517578,33.47999954223633,36.0,96389100,2025-11-20,3,20,11,9.518146533623517,-6.611114078097874,5.1489943884893306,4.2561666059501855,34.65800018310547,36.15500030517578,37.72700023651123
34.5,34.5,34.97999954223633,32.88999938964844,33.5099983215332,105641700,2025-11-21,4,21,11,6.057971456776494,2.9543471442988145,5.5272556150006835,4.521025068007492,34.454000091552736,35.792000198364256,37.53800029754639
35.790000915527344,35.790000915527344,36.15999984741211,34.689998626708984,34.970001220703125,103804200,2025-11-24,0,24,11,4.107295845486751,2.3448660743504868,5.4844105262099845,4.526033579047796,34.67000045776367,35.52600021362305,37.35050029754639
35.83000183105469,35.83000183105469,36.130001068115234,34.68000030517578,35.54999923706055,62203300,2025-11-25,1,25,11,4.046890005131688,0.7876303797560719,5.600518172888412,4.738008872683382,34.970000457763675,35.321000289916995,37.06550045013428
36.810001373291016,36.810001373291016,37.2400016784668,36.130001068115234,36.20000076293945,54563400,2025-11-26,2,26,11,3.015486468188421,1.6850845234679224,5.349158061841375,4.815223314564078,35.310000610351565,35.21300048828125,36.83900051116943
40.560001373291016,40.560001373291016,40.59000015258789,37.34000015258789,37.400001525878906,95799500,2025-11-28,4,28,11,8.012820241520362,8.449197108255596,5.048092803420744,5.098543595955038,36.698001098632815,35.67800064086914,36.85900058746338
40.0099983215332,40.0099983215332,40.380001068115234,39.599998474121094,39.86000061035156,74534900,2025-12-01,0,1,12,1.9495191869936837,0.3763113619789723,4.226402349464182,4.876828982232433,37.800000762939455,36.127000427246095,36.860000419616696
43.470001220703125,43.470001220703125,43.68000030517578,40.04999923706055,40.470001220703125,167205800,2025-12-02,1,2,12,8.35058883409095,7.412898219694884,5.075060947185021,5.279735736697503,39.33600082397461,37.00300064086914,37.05850048065186
43.7599983215332,43.7599983215332,44.02000045776367,42.5099983215332,43.38999938964844,91957200,2025-12-03,2,3,12,3.450644867797983,0.8527285943521732,4.95581191971828,5.2781650463033465,40.922000122070315,37.946000289916995,37.39500045776367
40.5,40.5,43.279998779296875,40.13999938964844,43.2599983215332,107850200,2025-12-04,3,4,12,7.753084912712191,-6.380024106841861,5.9033316086230325,5.626244835232204,41.65999984741211,38.48500022888184,37.50100040435791
41.40999984741211,41.40999984741211,42.83000183105469,41.150001525878906,41.15999984741211,103042000,2025-12-05,4,5,12,4.056991816870948,0.607385813719138,5.1121659236931505,5.0801293635569476,41.82999954223633,39.26400032043457,37.709500312805176
40.29999923706055,40.29999923706055,42.119998931884766,39.70000076293945,41.939998626708984,93953600,2025-12-08,0,8,12,6.004958349279178,-3.9103467891008075,5.92325375615025,5.074828052807216,41.8879997253418,39.844000244140624,37.81800022125244
40.5,40.5,41.2599983215332,40.029998779296875,40.72999954223633,61877200,2025-12-09,1,9,12,3.037035906756366,-0.5646932109533231,4.860543170683333,4.967802058934177,41.29399948120117,40.31500015258789,37.92050018310547
40.779998779296875,40.779998779296875,40.9900016784668,38.88999938964844,40.11000061035156,75974900,2025-12-10,2,10,12,5.149588895732104,1.6704017919471181,5.200331976270158,5.078071947994219,40.69799957275391,40.80999984741211,38.06550006866455
39.5099983215332,39.5099983215332,40.189998626708984,39.08000183105469,40.06999969482422,59096800,2025-12-11,3,11,12,2.8094073470242127,-1.3975577178837617,4.211596463132563,5.057464035877798,40.49999923706055,41.07999954223633,38.14650001525879
37.810001373291016,37.810001373291016,40.029998779296875,37.619998931884766,39.25,87784500,2025-12-12,4,12,12,6.373974503779133,-3.6687863100865843,4.674993000514199,4.893579462103675,39.779999542236325,40.80499954223633,38.24150009155274
37.5099983215332,37.5099983215332,38.47999954223633,37.31999969482422,38.33000183105469,60898500,2025-12-15,0,15,12,3.092508395944644,-2.1393255161734,4.0925030098472925,5.00787838299877,39.22199935913086,40.55499954223633,38.34099998474121
37.310001373291016,37.310001373291016,37.959999084472656,36.91999816894531,37.58000183105469,50490300,2025-12-16,1,16,12,2.787458797232438,-0.7184684529220904,4.042587587942506,4.451565379312919,38.58399963378906,39.938999557495116,38.47100009918213
36.04999923706055,36.04999923706055,37.84000015258789,35.970001220703125,37.59000015258789,54792000,2025-12-17,2,17,12,5.187237091429249,-4.096836683362775,4.050117227081936,4.625224601676046,37.6379997253418,39.16799964904785,38.55699996948242
36.279998779296875,36.279998779296875,37.4900016784668,35.66999816894531,37.380001068115234,69468400,2025-12-18,3,18,12,5.016547879709595,-2.9427561727831257,4.491545333619012,4.351570898375787,36.991999816894534,38.74599952697754,38.615499877929686
36.81999969482422,36.81999969482422,37.58000183105469,36.439998626708984,36.47999954223633,163221300,2025-12-19,4,19,12,3.0961521287192006,0.9320179738331423,3.835980858607025,4.255486929560612,36.79399948120117,38.28699951171875,38.77549991607666
36.369998931884766,36.369998931884766,37.900001525878906,36.290000915527344,37.88999938964844,51685400,2025-12-22,0,22,12,4.4267271312458325,-4.011613835441065,4.102824605667263,4.097663807757277,36.565999603271486,37.89399948120117,38.8689998626709
36.349998474121094,36.349998474121094,36.79999923706055,36.029998779296875,36.2400016784668,35958000,2025-12-23,1,23,12,2.1182957086280587,0.3035231527587239,3.9689919879463873,4.005789787944447,36.3739990234375,37.478999328613284,38.896999740600585
36.15999984741211,36.15999984741211,36.18000030517578,34.95000076293945,35.16999816894531,37443800,2025-12-24,2,24,12,3.4015474209808563,2.8149039806915783,3.611854053856708,3.830985640469322,36.395999145507815,37.01699943542481,38.913499641418454
36.20000076293945,36.20000076293945,36.4900016784668,35.849998474121094,36.16999816894531,28779400,2025-12-26,4,26,12,1.7679646156276343,0.08294884023494402,2.9621374010403163,3.7268413673296643,36.37999954223633,36.68599967956543,38.88299961090088
36.68000030517578,36.68000030517578,36.79999923706055,35.81999969482422,36.0099983215332,38062300,2025-12-29,0,29,12,2.6717544549694128,1.8605998746796149,2.877257866290359,3.356619362448692,36.35199966430664,36.57299957275391,38.688999557495116
37.29999923706055,37.29999923706055,38.2599983215332,36.81999969482422,36.90999984741211,61935300,2025-12-30,1,30,12,3.8605862095520638,1.0566225718252928,2.7640296819516053,3.433427143809434,36.5379997253418,36.55199966430664,38.55349960327148
36.900001525878906,36.900001525878906,37.58000183105469,36.869998931884766,37.400001525878906,51524700,2025-12-31,2,31,12,1.9241270184554837,-1.3368983411779416,2.72519594391709,3.3470939659317387,36.64800033569336,36.51099967956543,38.224999618530276
39.380001068115234,39.380001068115234,39.86000061035156,37.7599983215332,37.77000045776367,95396400,2026-01-02,4,2,1,5.332661838139629,4.262643873017547,3.1114188273488446,3.361636440602777,37.29200057983398,36.8439998626709,38.00599975585938
39.369998931884766,39.369998931884766,42.099998474121094,39.27000045776367,41.59000015258789,96665400,2026-01-05,0,5,1,7.188209532983955,-5.337824507233112,4.195467810820109,3.5788026059302127,37.92600021362305,37.15299987792969,37.949499702453615
40.040000915527344,40.040000915527344,40.310001373291016,38.95000076293945,39.86000061035156,66395100,2026-01-06,1,6,1,3.3966048432934977,0.45158129056584995,4.340437888484926,3.6088478773876416,38.59800033569336,37.475,37.88099975585938
42.630001068115234,42.630001068115234,44.56999969482422,40.119998931884766,40.18000030517578,166028400,2026-01-07,2,7,1,10.43865975004114,6.097562828101464,5.656052596582741,4.210041139267173,39.6640007019043,38.101000213623045,37.99749984741211
41.11000061035156,41.11000061035156,43.34000015258789,40.68000030517578,42.619998931884766,88242000,2026-01-08,3,8,1,6.4704446799310364,-3.5429337385636277,6.565316128877852,4.645256036397471,40.50600051879883,38.57700042724609,38.02799987792969
45.54999923706055,45.54999923706055,45.72999954223633,41.56999969482422,41.83000183105469,186691400,2026-01-09,4,9,1,9.132820893721192,8.893132304967114,7.325347939994164,5.218383383671505,41.74000015258789,39.51600036621094,38.26649990081787
44.060001373291016,44.060001373291016,45.45000076293945,43.88999938964844,44.2400016784668,101989100,2026-01-12,0,12,1,3.5406294250292096,-0.40687228378518325,6.595831918403215,5.395649864611662,42.67800064086914,40.30200042724609,38.49400005340576
47.290000915527344,47.290000915527344,48.2400016784668,45.220001220703125,45.88999938964844,168656400,2026-01-13,1,13,1,6.386128989843338,3.0507769546728505,7.193736747713183,5.767087318099055,44.12800064086914,41.36300048828125,38.96800003051758
48.720001220703125,48.720001220703125,49.0,47.41999816894531,48.95000076293945,148225800,2026-01-14,2,14,1,3.2430250235364935,-0.4698662689510378,5.754609802412254,5.705331199497498,45.34600067138672,42.50500068664551,39.528500175476076
48.31999969482422,48.31999969482422,50.38999938964844,47.83000183105469,49.349998474121094,132328900,2026-01-15,3,15,1,5.29800822591471,-2.0871303164011272,5.520122511608989,6.042719320243419,46.78800048828125,43.64700050354004,40.079000091552736
46.959999084472656,46.959999084472656,50.209999084472656,46.709999084472656,49.27000045776367,127314700,2026-01-16,4,16,1,7.45315176370452,-4.688454134014564,5.184188685605654,6.254768312799909,47.07000045776367,44.40500030517578,40.62450008392334
48.560001373291016,48.560001373291016,50.22999954223633,47.0,47.29999923706055,150153000,2026-01-20,1,20,1,6.65156394335049,2.663852339437736,5.80637558926991,6.201103753836563,47.970000457763675,45.32400054931641,41.23850021362305
54.25,54.25,54.40999984741211,50.150001525878906,50.31999969482422,220565300,2026-01-21,2,21,1,7.85253146826397,7.810016552086766,6.099656084954036,6.64669641633361,49.3620002746582,46.74500045776367,42.11000022888184
54.31999969482422,54.31999969482422,54.599998474121094,53.08000183105469,54.209999084472656,190066400,2026-01-22,3,22,1,2.798226530938726,0.20291572073291167,6.010696386434483,5.882653094423369,50.48199996948242,47.91400032043457,43.00750026702881
45.06999969482422,45.06999969482422,48.130001068115234,44.45000076293945,46.86000061035156,294675400,2026-01-23,4,23,1,8.165077279994719,-3.8198909351527526,6.584110197250484,6.052116354429737,49.831999969482425,48.31000022888183,43.44350032806396
42.4900016784668,42.4900016784668,44.459999084472656,42.279998779296875,44.279998779296875,149407800,2026-01-26,0,26,1,5.130619484725904,-4.042450655321589,6.119603741454762,5.6518962135302075,48.93800048828125,48.00400047302246,43.7600004196167
43.93000030517578,43.93000030517578,44.529998779296875,43.099998474121094,43.970001220703125,121832200,2026-01-27,1,27,1,3.2551793654490373,-0.09097319630846282,5.440326825874472,5.62335120757219,48.012000274658206,47.99100036621094,44.14650039672851
48.779998779296875,48.779998779296875,49.290000915527344,46.31999969482422,46.599998474121094,201995100,2026-01-28,2,28,1,6.088563540439545,4.6781123960474496,5.087533240309587,5.593594662631811,46.918000030517575,48.14000015258789,44.75150032043457
48.65999984741211,48.65999984741211,48.77000045776367,46.9900016784668,47.560001373291016,124256600,2026-01-29,3,29,1,3.6580328501409585,2.3128646811579707,5.259494504150033,5.635095445292258,45.78600006103515,48.13400001525879,45.31950035095215
46.470001220703125,46.470001220703125,49.58000183105469,45.959999084472656,48.97999954223633,114920100,2026-01-30,4,30,1,7.789977730771529,-5.124537249880508,5.184474594305395,5.88429239577794,46.066000366210936,47.94900016784668,45.79800033569336
48.810001373291016,48.810001373291016,49.84000015258789,45.5,45.630001068115234,101414600,2026-02-02,0,2,2,8.89162063200177,6.969099782462776,5.936674823760567,6.028139282607666,47.33000030517578,48.13400039672852,46.26950035095215
49.25,49.25,51.4900016784668,48.43000030517578,50.060001373291016,122205100,2026-02-03,1,3,2,6.213200757951301,-1.6180610289059705,6.52827910226102,5.984302964067746,48.39400024414063,48.20300025939942,46.76350040435791
48.599998474121094,48.599998474121094,49.70000076293945,47.0,49.540000915527344,128702300,2026-02-04,2,4,2,5.555557299815906,-1.8974614938120127,6.421677854136293,5.754605547222939,48.35800018310547,47.638000106811525,47.1915002822876
48.2400016784668,48.2400016784668,50.86000061035156,46.790000915527344,47.59000015258789,114307800,2026-02-05,3,5,2,8.436980831700449,1.365836360148782,7.377467450448191,6.318480977299112,48.274000549316405,47.03000030517578,47.47200031280518
50.59000015258789,50.59000015258789,51.29999923706055,48.83000183105469,49.099998474121094,115600200,2026-02-06,4,6,2,4.882382681470517,3.0346267306955723,6.795948440587989,5.990211517446691,49.09800033569336,47.58200035095215,47.946000289916995
50.2400016784668,50.2400016784668,51.220001220703125,47.59000015258789,49.59000015258789,94841400,2026-02-09,0,9,2,7.225320355972594,1.3107512076605337,6.462688385382154,6.199681604571361,49.38400039672852,48.35700035095215,48.1805004119873
47.130001068115234,47.130001068115234,50.540000915527344,46.77000045776367,50.40999984741211,99832900,2026-02-10,1,10,2,7.999152073676023,-6.506643104989535,6.819878648527097,6.674078875394059,48.960000610351564,48.67700042724609,48.33400039672851
48.290000915527344,48.290000915527344,49.54999923706055,46.86000061035156,48.11000061035156,107504500,2026-02-11,2,11,2,5.570508543610386,0.3741432194807571,6.8228688972859945,6.622273375711144,48.89800109863281,48.62800064086914,48.38400039672852
