Adj Close,Close,High,Low,Open,Volume,date,day_of_week,day,month,hl_pct,oc_pct,volatility_5d,volatility_10d,ma_5,ma_10,ma_20
MSFT,MSFT,MSFT,MSFT,MSFT,MSFT,,,,,,,,,,,
399.3143310546875,404.5199890136719,405.67999267578125,401.260009765625,403.760009765625,16120800,2024-03-11,0,11,3,1.0926488258178175,0.18822548783076076,1.8997076387860539,1.5986662311168538,404.9239990234375,408.38800354003905,408.00350189208984
409.9358825683594,415.2799987792969,415.57000732421875,406.7900085449219,407.6199951171875,22457000,2024-03-12,1,12,3,2.114235890268113,1.8792021377428223,1.6465341756938863,1.7003911576280921,407.45,409.1680023193359,408.00450134277344
409.7582092285156,415.1000061035156,418.17999267578125,411.45001220703125,418.1000061035156,17115900,2024-03-13,2,13,3,1.6212913442048251,-0.7175316805083334,1.6340524572021242,1.7649047603887578,410.052001953125,409.9060028076172,408.4435012817383
419.7479553222656,425.2200012207031,427.82000732421875,417.989990234375,420.239990234375,34157300,2024-03-14,3,14,3,2.31174852114768,1.185039763481502,1.7278237640631802,1.7959055846998027,413.26799926757815,411.0640014648437,409.23000183105466
411.06121826171875,416.4200134277344,422.6000061035156,412.7900085449219,419.2900085449219,45079900,2024-03-15,4,15,3,2.3557939681725166,-0.6844892696459316,1.8991437099221904,1.9113889469953935,415.30800170898436,411.1560028076172,409.7230026245117
411.94964599609375,417.32000732421875,420.7300109863281,413.7799987792969,414.25,20106000,2024-03-18,0,18,3,1.665391566436866,0.7411001386164756,2.0136922580460004,1.956699948416027,417.8680053710938,411.3960021972656,410.386003112793
415.9869689941406,421.4100036621094,421.6700134277344,415.54998779296875,417.8299865722656,19837900,2024-03-19,1,19,3,1.452273458527748,0.8568119103209864,1.8812997716979272,1.7639169736959068,419.09400634765626,413.2720031738281,411.31700286865237
419.7578430175781,425.2300109863281,425.9599914550781,420.6600036621094,422.0,17860100,2024-03-20,2,20,3,1.24638140677685,0.765405446997186,1.806317784212332,1.720185120707228,421.12000732421876,415.58600463867185,412.46950378417966
423.84454345703125,429.3699951171875,430.82000732421875,427.1600036621094,429.8299865722656,21296200,2024-03-21,3,21,3,0.8524125355127468,-0.10701706941071884,1.5144505870853453,1.621137175574263,421.95000610351565,417.6090026855469,413.35550384521486
423.22265625,428.739990234375,429.8599853515625,426.07000732421875,429.70001220703125,17648500,2024-03-22,4,22,3,0.8839805275155044,-0.22341678970995874,1.220087898953943,1.5596158044380668,424.41400146484375,419.8610015869141,414.27550354003904
417.4183654785156,422.8599853515625,427.4100036621094,421.6099853515625,425.239990234375,18060500,2024-03-25,0,25,3,1.3716167316528627,-0.5596851042868142,1.1613329319971424,1.5875125950215714,425.5219970703125,421.69500122070315,415.04150238037107
416.2239074707031,421.6499938964844,425.989990234375,421.3500061035156,425.6099853515625,16725600,2024-03-26,1,26,3,1.1004350048676859,-0.93042729056441,1.0909652412651298,1.4861325064815285,425.5699951171875,422.3320007324219,415.75000152587893
416.0067138671875,421.42999267578125,424.45001220703125,419.010009765625,424.44000244140625,16705000,2024-03-27,2,27,3,1.290843683636776,-0.7091720262725544,1.099857696637115,1.4530877404247238,424.80999145507815,422.9649993896484,416.4355010986328
415.305908203125,420.7200012207031,421.8699951171875,419.1199951171875,420.9599914550781,21871200,2024-03-28,3,28,3,0.6536413747910675,-0.057010224070334264,1.0601034644927794,1.2872770257890624,423.0799926757812,422.51499938964844,416.7895004272461
419.1063537597656,424.57000732421875,427.8900146484375,422.2200012207031,423.95001220703125,16316000,2024-04-01,0,1,4,1.3354719669127557,0.14624250485567442,1.1504017523722296,1.1852448256630863,422.24599609375,423.3299987792969,417.24300079345704
416.0165710449219,421.44000244140625,422.3800048828125,417.8399963378906,420.1099853515625,17912000,2024-04-02,1,2,4,1.0772609431049638,0.3165878308583277,1.0915305946626497,1.126431763329896,421.9619995117188,423.74199829101565,417.5690002441406
415.03936767578125,420.45001220703125,423.260009765625,419.0899963378906,419.7300109863281,16502300,2024-04-03,2,3,4,0.9917976707492742,0.1715391327418276,1.0698031278389675,1.0803841845520488,421.7220031738281,423.6459991455078,418.459001159668
412.50244140625,417.8800048828125,428.6700134277344,417.57000732421875,424.989990234375,19370900,2024-04-04,3,4,4,2.656266385999597,-1.6729771323888027,1.3428876683115316,1.2213726824743234,421.0120056152344,422.91099853515624,419.2485015869141
420.0440673828125,425.5199890136719,426.510009765625,418.32000732421875,420.010009765625,16554800,2024-04-05,4,5,4,1.9247045151486661,1.3118685554950387,1.5971002963830514,1.3286018804379154,421.9720031738281,422.5259979248047,420.06750030517577
419.1260681152344,424.5899963378906,427.2799987792969,423.29998779296875,425.1700134277344,14272400,2024-04-08,0,8,4,0.9373774748948193,-0.13642003705003405,1.5174813979794641,1.3339415751758468,421.9760009765625,422.1109985351562,420.98600006103516
420.7942810058594,426.2799987792969,427.739990234375,421.6199951171875,426.44000244140625,12496900,2024-04-09,1,9,4,1.4356749401127964,-0.03752079101241443,1.5891641973810309,1.3403473960218402,422.9440002441406,422.4529998779297,422.0740005493164
417.81317138671875,423.260009765625,424.0299987792969,419.70001220703125,422.19000244140625,16216600,2024-04-10,2,10,4,1.023008664263676,0.25344212748553924,1.595406396083911,1.3326047619614392,423.50599975585936,422.61400146484374,422.47300109863284
422.42303466796875,427.92999267578125,429.3699951171875,422.3599853515625,425.82000732421875,17966400,2024-04-11,3,11,4,1.6381206939463329,0.49551108808186184,1.391777257673258,1.3673324629923949,425.5159973144531,423.2640014648438,423.11450042724607
416.4706726074219,421.8999938964844,425.17999267578125,419.7699890136719,424.04998779296875,19253800,2024-04-12,4,12,4,1.2822952691098524,-0.5070142573695942,1.2632954084654955,1.4301978524242733,424.7919982910156,423.3820007324219,422.94850006103513
408.3169860839844,413.6400146484375,426.82000732421875,413.42999267578125,426.6000061035156,20273500,2024-04-15,0,15,4,3.237117825706005,-3.0379726370499274,1.7232434786277324,1.6203624383035984,422.602001953125,422.28900146484375,422.8095001220703
409.24493408203125,414.5799865722656,418.3999938964844,413.7300109863281,414.57000732421875,16765600,2024-04-16,1,16,4,1.126437131895228,0.002407132178057113,1.6613959169842185,1.625280057182625,420.2619995117187,421.6029998779297,422.67249908447263
406.5401306152344,411.8399963378906,418.8800048828125,410.3299865722656,417.25,15855500,2024-04-17,2,17,4,2.0760534155434685,-1.2965856589836728,1.8720048672401775,1.733705631662044,417.9779968261719,420.74199829101565,422.1939987182617
399.0675354003906,404.2699890136719,411.8900146484375,403.95001220703125,410.6300048828125,21029900,2024-04-18,3,18,4,1.9640345949938247,-1.548843434116724,1.9371876474496759,1.664482452561467,413.24599609375,419.38099670410156,421.14599761962893
393.98388671875,399.1199951171875,405.4800109863281,397.7699890136719,404.0299987792969,30565800,2024-04-19,4,19,4,1.9317553785779322,-1.2152572029166293,2.0670796693432916,1.6651875389043937,408.68999633789065,416.7409973144531,419.6334976196289
395.80010986328125,400.9599914550781,402.8500061035156,395.75,400.0799865722656,20286900,2024-04-22,0,22,4,1.7707517594834843,0.21995723663961547,1.7738064560987876,1.7485249673632601,406.15399169921875,414.37799682617185,418.24449768066404
402.3251037597656,407.57000732421875,408.20001220703125,403.05999755859375,404.239990234375,15734500,2024-04-23,1,23,4,1.2611366283262002,0.8237723061276134,1.8007463553849816,1.7310711361846003,404.7519958496094,412.5069976806641,417.47999877929686
403.7958984375,409.05999755859375,412.4700012207031,406.7799987792969,409.55999755859375,15065300,2024-04-24,2,24,4,1.3909945913474988,-0.12208223532095988,1.663734590545788,1.767869728892983,404.19599609375,411.0869964599609,416.85049896240236
393.9049072265625,399.0400085449219,399.8900146484375,388.0299987792969,394.0299987792969,40586500,2024-04-25,3,25,4,2.972137032671872,1.2714792734426281,1.8653550780813972,1.9012713627655367,403.15,408.197998046875,415.7309997558594
401.0911560058594,406.32000732421875,413.0,405.760009765625,412.1700134277344,29694700,2024-04-26,4,26,4,1.7818443846891168,-1.4193187065854573,1.8353728793036344,1.951226274323463,404.5900024414062,406.63999938964844,415.01100006103513
397.0735778808594,402.25,406.32000732421875,399.19000244140625,405.25,19582100,2024-04-29,0,29,4,1.772530735316967,-0.7402837754472548,1.835728674470331,1.8047675652845594,404.84800415039064,405.50099792480466,413.8949996948242
384.31976318359375,389.3299865722656,402.1600036621094,389.1700134277344,401.489990234375,28781400,2024-04-30,1,30,4,3.336498775432459,-3.02871901115413,2.2508011038915825,2.0257737296382823,401.2,402.9759979248047,412.2894989013672
389.8576354980469,394.94000244140625,401.7200012207031,390.30999755859375,392.6099853515625,23562500,2024-05-01,2,1,5,2.8890473468314153,0.5934686270797053,2.550411654988366,2.107073122767077,398.3760009765625,401.28599853515624,411.0139984130859
392.72027587890625,397.8399963378906,399.92999267578125,394.6499938964844,397.6600036621094,17709400,2024-05-02,3,2,5,1.3271664055648402,0.04526295682836368,2.22141752956696,2.0433863038241786,398.13599853515626,400.64299926757815,410.01199798583986
401.4267578125,406.6600036621094,407.1499938964844,401.8599853515625,402.2799987792969,17446700,2024-05-03,4,3,5,1.3008430869236163,1.0887950920014555,2.1252172700138594,1.980295074658747,398.20399780273436,401.3970001220703,409.0689987182617
408.21826171875,413.5400085449219,413.92999267578125,406.3699951171875,408.760009765625,16996600,2024-05-06,0,6,5,1.8281175708232653,1.1693900247330047,2.136334637115119,1.986031655792725,400.4619995117188,402.6550018310547,408.5164993286133
404.072265625,409.3399963378906,414.6700134277344,409.0899963378906,414.6600036621094,20018200,2024-05-07,1,7,5,1.3631741681156688,-1.2829805810144692,1.741669715651761,1.996235409771672,404.46400146484376,402.8320007324219,407.669499206543
405.25689697265625,410.5400085449219,412.2300109863281,406.7099914550781,408.1700134277344,11792300,2024-05-08,2,8,5,1.3445752950643277,0.5806392040622315,1.4327753052983438,1.9915934801433548,407.58400268554686,402.98000183105466,407.0334991455078
407.01397705078125,412.32000732421875,412.7200012207031,409.1000061035156,410.57000732421875,14689700,2024-05-09,3,9,5,0.8779576670750775,0.4262366877223111,1.3429335576003911,1.7821755435836752,410.4800048828125,404.30800170898436,406.2529998779297
409.4028015136719,414.739990234375,415.3800048828125,411.79998779296875,412.94000244140625,13402300,2024-05-10,4,10,5,0.863195537961178,0.4358957190697837,1.2554040478079034,1.6903106589108816,412.09600219726565,405.15,405.8949996948242
408.3959655761719,413.7200012207031,418.3500061035156,410.82000732421875,418.010009765625,15440200,2024-05-13,0,13,5,1.820071245547522,-1.026293257266076,1.2537947827527547,1.695064709933937,412.1320007324219,406.2970001220703,405.8989990234375
411.1993713378906,416.55999755859375,417.489990234375,411.54998779296875,412.0199890136719,15109300,2024-05-14,1,14,5,1.4259656414969906,1.1018903611424606,1.266353077429019,1.50401139654039,413.5760009765625,409.02000122070314,405.9979995727539
418.3887634277344,423.0799865722656,423.80999755859375,417.2699890136719,417.8999938964844,22239500,2024-05-15,2,15,5,1.5458090083409763,1.2395292537535563,1.3065998200843487,1.3696875626913463,416.08399658203126,411.83399963378906,406.5599990844727
416.32196044921875,420.989990234375,425.4200134277344,420.3500061035156,421.79998779296875,17530100,2024-05-16,3,16,5,1.2043059079376586,-0.1920335661534726,1.371869468256865,1.357401512928628,417.8179931640625,414.1489990234375,407.3959991455078
415.55059814453125,420.2099914550781,422.9200134277344,418.0299987792969,422.5400085449219,15352200,2024-05-17,4,17,5,1.1637073719986164,-0.5514311172254441,1.4319718350643529,1.3436879414361282,418.9119934082031,415.5039978027344,408.4504989624023
420.6237487792969,425.3399963378906,426.7699890136719,419.989990234375,420.2099914550781,16272100,2024-05-20,0,20,5,1.5940186292546152,1.2208193491660264,1.3867613118057716,1.3202780472792632,421.2359924316406,416.6839965820312,409.669499206543
424.2826843261719,429.0400085449219,432.9700012207031,424.8500061035156,426.8299865722656,21453300,2024-05-21,1,21,5,1.8925962510410752,0.5177757051242406,1.4800874337145884,1.3732202555718038,423.73199462890625,418.65399780273435,410.7429992675781
425.74627685546875,430.5199890136719,432.4100036621094,427.1300048828125,430.0899963378906,18073700,2024-05-22,2,22,5,1.226423607273947,0.09997737204829936,1.4162103535011825,1.3614050867927658,425.2199951171875,420.65199584960936,411.81599884033204
422.26531982421875,427.0,433.6000061035156,425.4200134277344,432.9700012207031,17211700,2024-05-23,3,23,5,1.9156891512368268,-1.3788486971086855,1.5584870021610162,1.4651782352089406,426.4219970703125,422.1199951171875,413.21399841308596
425.3902893066406,430.1600036621094,431.05999755859375,424.4100036621094,427.19000244140625,11855300,2024-05-24,4,24,5,1.5459349637043298,0.6952412752474217,1.634932520502159,1.5334521777832557,428.41199951171876,423.66199645996096,414.40599822998047
425.54852294921875,430.32000732421875,430.82000732421875,426.6000061035156,429.6300048828125,15718000,2024-05-28,1,28,5,0.9806658181997154,0.16060387625730602,1.512261958291179,1.4495116350484751,429.4080017089844,425.3219970703125,415.8094985961914
424.4112548828125,429.1700134277344,430.94000244140625,425.69000244140625,425.69000244140625,15517100,2024-05-29,2,29,5,1.223291431306866,0.8174988762643369,1.3784009943443372,1.4292442140294628,429.4340026855469,426.58299865722654,417.80149993896487
410.0720520019531,414.6700134277344,424.29998779296875,414.239990234375,424.29998779296875,28394500,2024-05-30,3,30,5,2.426024846946627,-2.2696145751324384,1.618321242278873,1.5172657978900277,426.2640075683594,425.74200134277345,418.7880004882812
410.5270080566406,415.1300048828125,416.75,404.510009765625,416.75,47995300,2024-05-31,4,31,5,2.9484715849027197,-0.38872108390821836,1.8248777290120515,1.691682365586534,423.8900085449219,425.1560028076172,419.65250091552736
408.9347839355469,413.5199890136719,416.42999267578125,408.9200134277344,415.5299987792969,17484700,2024-06-03,0,3,6,1.8161103326491381,-0.48372193861569773,1.8789128028010134,1.7569226616515863,420.5620056152344,424.48700256347655,419.9955001831055
411.4565124511719,416.07000732421875,416.44000244140625,409.67999267578125,412.42999267578125,14348900,2024-06-04,1,4,6,1.6247289270137955,0.8825775799722164,2.007725424563829,1.759993691427504,417.7120056152344,423.56000366210935,420.1220001220703
419.30853271484375,424.010009765625,424.0799865722656,416.29998779296875,417.80999755859375,16988000,2024-06-05,2,5,6,1.8348620551664176,1.4839310316316112,2.1300395493357396,1.7542202718400381,416.6800048828125,423.0570037841797,420.85550079345705
419.8127746582031,424.5199890136719,425.30999755859375,420.5799865722656,424.010009765625,14861300,2024-06-06,3,6,6,1.1142021833454332,0.1202752850879087,1.867675016615501,1.7429981294471868,418.65,422.4570037841797,421.5544998168945
419.1502685546875,423.8500061035156,426.2799987792969,423.0,426.20001220703125,13621700,2024-06-07,4,7,6,0.773858377271277,-0.5513857428924906,1.4327523750892124,1.6288150520506322,420.3940002441406,422.1420043945312,422.13099975585936
423.12567138671875,427.8699951171875,428.0799865722656,423.8900146484375,424.70001220703125,13982900,2024-06-10,0,10,6,0.979262853587233,0.7464051846108631,1.2653828792768311,1.5721478410389222,423.2640014648438,421.9130035400391,422.7875
427.8823547363281,432.67999267578125,432.82000732421875,425.25,425.4800109863281,14551100,2024-06-11,1,11,6,1.7495625987705794,1.692202101988871,1.290349613628188,1.6490375190960087,426.58599853515625,422.1490020751953,423.7354995727539
436.16949462890625,441.05999755859375,443.3999938964844,433.25,435.32000732421875,22366200,2024-06-12,2,12,6,2.301272831965672,1.3185679816687028,1.3836317689880389,1.7568356591618894,429.99599609375,423.33800048828124,424.9604995727539
436.6836853027344,441.5799865722656,443.3900146484375,439.3699951171875,440.8500061035156,15960600,2024-06-13,3,13,6,0.9103717680810506,0.16558477002234495,1.3428656859351622,1.6052703512753315,433.4079956054687,426.02899780273435,425.88549957275393
437.6626892089844,442.57000732421875,443.1400146484375,436.7200012207031,438.2799987792969,13582000,2024-06-14,4,14,6,1.4506209913658226,0.978828273448586,1.4782182087540714,1.4554852919216419,437.15199584960936,428.772998046875,426.9645004272461
443.3983459472656,448.3699951171875,450.94000244140625,440.7200012207031,442.5899963378906,20790000,2024-06-17,0,17,6,2.2793677837501125,1.3059488075017847,1.7382391947866473,1.5018110370317392,441.2519958496094,432.25799865722655,428.37250061035155
441.390869140625,446.3399963378906,450.1400146484375,444.8900146484375,449.7099914550781,17112500,2024-06-18,1,18,6,1.1762333743502604,-0.7493707458630328,1.6235733499025833,1.456961481765386,443.98399658203124,435.2849975585938,429.42250061035156
440.758056640625,445.70001220703125,446.5299987792969,441.2699890136719,446.29998779296875,19877400,2024-06-20,3,20,6,1.1801681897153915,-0.13443325170239953,1.3993524214525275,1.3914920952202832,444.91199951171876,437.45399780273436,430.25550079345703
444.7927551269531,449.7799987792969,450.5799865722656,446.510009765625,447.3800048828125,34187100,2024-06-21,4,21,6,0.9048816794180585,0.5364553333386085,1.398254403719929,1.3705600448275457,446.552001953125,439.97999877929686,431.21850128173827
442.7061767578125,447.6700134277344,452.75,446.4100036621094,449.79998779296875,15913700,2024-06-24,0,24,6,1.4162209099837477,-0.47353811094693643,1.391374387443514,1.4347962980987927,447.57200317382814,442.36199951171875,432.252001953125
445.9497985839844,450.95001220703125,451.4200134277344,446.75,448.25,16413400,2024-06-25,1,25,6,1.0355944786160403,0.6023451660973229,1.1426197264166997,1.4404294606016737,448.0880065917969,444.6700012207031,433.29150238037107
447.1463623046875,452.1600036621094,453.6000061035156,448.19000244140625,449.0,16507000,2024-06-26,2,26,6,1.196479922658566,0.7037870071513085,1.1466690360783607,1.385121192990472,449.25200805664065,446.6180023193359,434.3835021972656
447.8287048339844,452.8500061035156,456.1700134277344,451.7699890136719,452.17999267578125,14806300,2024-06-27,3,27,6,0.9716295362170563,0.148174054267541,1.1049613053786937,1.2521568634156106,450.6820068359375,447.7970031738281,435.5675018310547
441.994140625,446.95001220703125,455.3800048828125,446.4100036621094,453.07000732421875,28362300,2024-06-28,4,28,6,2.0069361171754796,-1.3507835474105896,1.3253721929301778,1.3618132983250535,450.1160095214844,448.33400573730466,437.1815017700195
451.6656799316406,456.7300109863281,457.3699951171875,445.6600036621094,448.6600036621094,17662800,2024-07-01,0,1,7,2.56387606975725,1.7986910485331247,1.5549032248848784,1.4731388061641961,451.9280090332031,449.7500061035156,439.2615020751953
454.1874084472656,459.2799987792969,459.5899963378906,453.1099853515625,453.20001220703125,13979800,2024-07-02,1,2,7,1.4109064195155685,1.3415680513018522,1.629965613064784,1.3862926697407418,453.59400634765626,450.84100646972655,441.54950256347655
455.6608581542969,460.7699890136719,461.0199890136719,457.8800048828125,458.19000244140625,9932800,2024-07-03,2,3,7,0.6814645497161939,0.5630822493983936,1.5269625384763095,1.3368157872773352,455.3160034179688,452.2840057373047,443.78450164794924
462.37554931640625,467.55999755859375,468.3500061035156,458.9700012207031,459.6099853515625,16000300,2024-07-05,4,5,7,2.006160692058994,1.7297300886424756,1.733868769644697,1.4194150375116954,458.25800170898435,454.4700042724609,445.96200103759764
461.0701904296875,466.239990234375,467.70001220703125,464.4599914550781,466.54998779296875,12962300,2024-07-08,0,8,7,0.6949255361652683,-0.06644466117343704,1.4714666534426548,1.3984194231864164,462.1159973144531,456.1160034179687,448.0480010986328
454.4444885253906,459.5400085449219,467.3299865722656,458.0,467.0,17207200,2024-07-09,1,9,7,2.030288200979041,-1.5974285771045236,1.364749079687013,1.4598261522859457,462.67799682617186,457.3030029296875,449.83250122070314
461.0801696777344,466.25,466.4599914550781,458.8599853515625,461.2200012207031,18196100,2024-07-10,2,10,7,1.630028118716488,1.0905855700065181,1.408573419527197,1.5192695162959904,464.0719970703125,458.8330017089844,451.7515014648437
449.658203125,454.70001220703125,464.7799987792969,451.54998779296875,462.9800109863281,23111200,2024-07-11,3,11,7,2.9096130704092253,-1.7884138802574316,1.8542031236658034,1.6905828310710564,462.8580017089844,459.0870025634766,452.8525024414063
448.5209655761719,453.54998779296875,456.3599853515625,450.6499938964844,454.3299865722656,16324300,2024-07-12,4,12,7,1.2589552659594725,-0.1716811133646818,1.7047620384458988,1.719315404045298,460.0559997558594,459.15700073242186,453.477001953125
448.9263916015625,453.9599914550781,457.260009765625,451.42999267578125,453.29998779296875,14429400,2024-07-15,0,15,7,1.2842579080937935,0.1455997528971503,1.822628512831604,1.6470475831371296,457.6,459.8579986572266,454.09600219726565
444.5356140136719,449.5199890136719,454.29998779296875,446.6600036621094,454.2200012207031,17175700,2024-07-16,1,16,7,1.6995871857940916,-1.0347435591563787,1.7564883097946145,1.5606186947408136,455.59599609375,459.1369964599609,454.4435012817383
438.6021423339844,443.5199890136719,444.8500061035156,439.17999267578125,442.5899963378906,21778000,2024-07-17,2,17,7,1.2784121501138457,0.2101251007651011,1.6861651160740856,1.5473692678006414,451.04999389648435,457.5609954833984,454.2010009765625
435.487060546875,440.3699951171875,444.6499938964844,434.3999938964844,444.3399963378906,20794800,2024-07-18,3,18,7,2.3275881903062805,-0.8934602451777055,1.5697601400534968,1.71198163185965,448.1839904785156,455.52099609375,453.90250091552736
432.26318359375,437.1099853515625,441.1400146484375,432.0,433.1000061035156,20940400,2024-07-19,4,19,7,2.0910102616590405,0.9258783633192668,1.7361711391934105,1.7204665888196549,444.8959899902344,452.4759948730469,453.4729995727539
438.028564453125,442.94000244140625,444.6000061035156,438.9100036621094,441.7900085449219,15808800,2024-07-22,0,22,7,1.284598909568784,0.2603032830624647,1.7362393394884084,1.779433926160006,442.6919921875,450.14599609375,453.13099975585936
439.91741943359375,444.8500061035156,448.3900146484375,443.1000061035156,443.8999938964844,13107100,2024-07-23,1,23,7,1.189166791579385,0.21401491779537823,1.634155260645467,1.6953217852200406,441.75799560546875,448.6769958496094,452.98999938964846
424.1442565917969,428.8999938964844,441.4800109863281,427.5899963378906,440.45001220703125,26805800,2024-07-24,2,24,7,3.238520598298231,-2.622322168336744,2.026176950282344,1.8561710331782149,438.83399658203126,444.94199523925784,451.8874984741211
413.76068115234375,418.3999938964844,429.79998779296875,417.510009765625,428.79998779296875,29943800,2024-07-25,3,25,7,2.9373752883907525,-2.425371779979073,2.1481343698992386,1.8589472549763677,434.43999633789065,441.31199340820314,450.19949798583986
420.5544738769531,425.2699890136719,428.9200134277344,417.2699890136719,418.20001220703125,23583800,2024-07-26,4,26,7,2.739441934541957,1.6905730751486947,2.277820704475822,2.006995921834616,432.0719970703125,438.48399353027344,448.8204971313477
421.9983215332031,426.7300109863281,432.1499938964844,424.70001220703125,431.5799865722656,15125800,2024-07-29,0,29,7,1.745830266831599,-1.123772124944306,2.3700669759283852,2.0531531577083966,428.8299987792969,435.76099548339846,447.8094970703125
418.2305908203125,422.9200134277344,429.04998779296875,417.3599853515625,427.7200012207031,32687600,2024-07-30,1,30,7,2.7641166344102928,-1.122226638751916,2.6850569444945664,2.1596061025700166,424.4440002441406,433.1009979248047,446.11899719238284
413.7112731933594,418.3500061035156,421.7799987792969,412.2099914550781,420.5,42891400,2024-07-31,2,31,7,2.287559981976137,-0.5112946246098394,2.4948648212301476,2.2605208857562458,422.33400268554686,430.58399963378906,444.07249755859374
412.4849853515625,417.1099853515625,427.4599914550781,413.0899963378906,420.7900085449219,30296400,2024-08-01,3,1,8,3.4451333273826337,-0.874550991855718,2.596416429028524,2.3722753994638817,422.0760009765625,428.25799865722655,441.8894973754883
403.9605407714844,408.489990234375,415.0,404.3399963378906,412.489990234375,29437900,2024-08-02,4,2,8,2.609611965275599,-0.9697205010301505,2.5704504351752524,2.424135569825537,418.7200012207031,425.3959991455078,438.93599700927734
390.7684631347656,395.1499938964844,401.0400085449219,385.5799865722656,389.1700134277344,40709200,2024-08-05,0,5,8,3.9124439355821528,1.5365984691573449,3.003773168925363,2.686920072426874,412.40399780273435,420.61699829101565,435.3814971923828
395.17901611328125,399.6099853515625,405.6700134277344,398.5,400.0,24946500,2024-08-06,1,6,8,1.7942528191397558,-0.097503662109375,2.809800405871256,2.7474286751829107,407.7419921875,416.09299621582034,432.38499603271487
394.0121154785156,398.42999267578125,410.0799865722656,397.4700012207031,408.6400146484375,20650900,2024-08-07,2,7,8,3.1649187017463722,-2.4985370024127884,2.985272149825303,2.740068485527725,403.75798950195315,413.04599609375,428.9939956665039
398.2248840332031,402.69000244140625,405.8599853515625,399.94000244140625,402.44000244140625,20203000,2024-08-08,3,8,8,1.4701092339677944,0.0621210611478413,2.5902673311423348,2.593341880085429,400.8739929199219,411.47499694824216,426.3934951782227
401.5179748535156,406.0199890136719,408.04998779296875,402.260009765625,404.0299987792969,19276700,2024-08-09,4,9,8,1.4260327530694024,0.4925352672790123,2.3535514887010955,2.462000961938174,400.37999267578124,409.5499969482422,424.0169952392578
402.2991943359375,406.80999755859375,408.760009765625,404.239990234375,407.05999755859375,16762900,2024-08-12,0,12,8,1.1110886060756096,-0.06141600783653865,1.793280422799787,2.398526795862575,402.7119934082031,407.55799560546876,421.6594955444336
409.41937255859375,414.010009765625,414.95001220703125,409.57000732421875,409.5899963378906,19414300,2024-08-13,1,13,8,1.2994866684161022,1.0791311963801216,1.6943271926550563,2.252063799263156,405.5919982910156,406.6669952392578,419.8839965820313
412.23773193359375,416.8599853515625,417.7200012207031,412.45001220703125,414.79998779296875,18267000,2024-08-14,2,14,8,1.264210813908508,0.49662430550068326,1.314185615087483,2.149728882456393,409.2779968261719,406.5179931640625,418.5509963989258
417.11199951171875,421.0299987792969,421.1099853515625,417.6600036621094,419.79998779296875,20752100,2024-08-15,3,15,8,0.819414697160712,0.29299929063712243,1.1840467077260668,1.8871570194342007,412.94599609375,406.9099945068359,417.58399658203126
414.5757751464844,418.4700012207031,421.3399963378906,417.29998779296875,420.6000061035156,22775600,2024-08-16,4,16,8,0.9654236942043438,-0.5064205544229773,1.0919248959530552,1.7227381923270753,415.4359985351563,407.9079956054687,416.6519973754883
417.6072998046875,421.5299987792969,421.75,416.4599914550781,418.9599914550781,15234000,2024-08-19,0,19,8,1.2549542287004816,0.6134254765694762,1.1206980204780295,1.456989221638908,418.3799987792969,410.54599609375,415.5814971923828
420.846923828125,424.79998779296875,425.8599853515625,421.6400146484375,421.70001220703125,16387600,2024-08-20,1,20,8,0.993401794818707,0.7351139426611124,1.0594810457585506,1.3769041192068032,420.5379943847656,413.06499633789065,414.5789962768555
420.19305419921875,424.1400146484375,426.3999938964844,421.7200012207031,424.0799865722656,16067300,2024-08-21,2,21,8,1.103407486714126,0.014154894848273128,1.0273203803196742,1.1707529977035787,421.99400024414064,415.63599853515626,414.34099731445315
411.6829528808594,415.54998779296875,426.7900085449219,414.6099853515625,424.3599853515625,19361900,2024-08-22,3,22,8,2.9310608954770534,-2.0760669862157424,1.4496496199829423,1.3168481638545046,420.897998046875,416.9219970703125,414.19849700927733
412.91143798828125,416.7900085449219,419.260009765625,412.0899963378906,416.9800109863281,18493800,2024-08-23,4,23,8,1.7202939803585977,-0.04556631886425841,1.6006236772137932,1.346274286583424,420.56199951171874,417.9989990234375,413.77449798583984
409.6421203613281,413.489990234375,417.2799987792969,411.3399963378906,416.3699951171875,13152800,2024-08-26,0,26,8,1.436552898907983,-0.6916936658708852,1.6369434112552934,1.3788207158666614,418.95399780273436,418.6669982910156,413.1124969482422
409.9888916015625,413.8399963378906,414.3599853515625,410.25,412.8599853515625,13492900,2024-08-27,1,27,8,0.9931339135733981,0.23737126897720945,1.6368898350062318,1.348185440382391,416.7619995117187,418.6499969482422,412.65849609375
406.7790222167969,410.6000061035156,415.0,407.30999755859375,414.8800048828125,14882700,2024-08-28,2,28,8,1.8728695389905907,-1.0316232956335913,1.7907822454615245,1.4090513128905993,414.0539978027344,418.0239990234375,412.27099609375
409.27557373046875,413.1199951171875,422.04998779296875,410.6000061035156,414.94000244140625,17045200,2024-08-29,3,29,8,2.7715873898103554,-0.43861939401124705,1.758887544328185,1.6042685821555636,413.5679992675781,417.2329986572266,412.0714965820313
413.2581787109375,417.1400146484375,417.489990234375,412.1300048828125,415.6000061035156,24308300,2024-08-30,4,30,8,1.284936751052247,0.370550655030139,1.6718160984669148,1.636219887840354,413.63800048828125,417.1,412.5039978027344
405.62982177734375,409.44000244140625,419.8800048828125,407.0299987792969,417.9100036621094,20313600,2024-09-03,1,3,9,3.1384344536180366,-2.0267524458570585,2.0121924094089256,1.8245679103321095,412.8280029296875,415.89100036621096,413.21849822998047
405.0948791503906,408.8999938964844,411.239990234375,404.3699951171875,405.9100036621094,15135800,2024-09-04,2,4,9,1.6801162190593435,0.7366140788350587,2.149588870506115,1.8932393527561728,411.8400024414062,414.3010009765625,413.68299865722656
404.589599609375,408.3900146484375,413.1000061035156,406.1300048828125,407.6199951171875,14195500,2024-09-05,3,5,9,1.7067021647684626,0.18890622159706016,2.116355395661689,1.9535688205616069,411.39800415039065,412.7260009765625,414.1809997558594
397.9618835449219,401.70001220703125,410.6499938964844,400.79998779296875,409.05999755859375,19609500,2024-09-06,4,6,9,2.452080110577406,-1.7992434839606275,2.0524539398150994,1.905670742071642,409.1140075683594,411.34100341796875,414.1315002441406
401.9444580078125,405.7200012207031,408.6499938964844,402.1499938964844,407.239990234375,15295100,2024-09-09,0,9,9,1.6020901065866202,-0.37324158975573346,2.115884610921974,1.8938503546944443,406.8300048828125,410.2340026855469,414.1165008544922
410.3455505371094,414.20001220703125,416.3299865722656,407.70001220703125,408.20001220703125,19594300,2024-09-10,1,10,9,2.0835282739974472,1.4698676679502192,1.904903374997856,1.9585478922033908,407.7820068359375,410.3050048828125,414.4860015869141
419.1033020019531,423.0400085449219,423.989990234375,409.5799865722656,415.5,19266900,2024-09-11,2,11,9,3.4062980737149835,1.8146831636394405,2.2501397459289842,2.1998643082175495,410.610009765625,411.2250061035156,414.93750152587893
423.02642822265625,427.0,427.3699951171875,419.75,423.30999755859375,17395700,2024-09-12,3,12,9,1.784542182011124,0.8717021716208078,2.2657077493775164,2.191031572519603,414.3320068359375,412.86500549316406,415.44450225830076
426.5830078125,430.5899963378906,431.8299865722656,425.4599914550781,425.8299865722656,15874600,2024-09-13,4,13,9,1.4793644003259347,1.117819297776767,2.071164607327222,2.0618092735711606,420.11000366210936,414.61200561523435,415.9225021362305
427.3260498046875,431.3399963378906,433.5299987792969,428.2200012207031,430.6000061035156,13834700,2024-09-16,0,16,9,1.2310468780256951,0.17185095770693218,1.9969559616150367,2.0564202862685055,425.2340026855469,416.03200378417966,416.56600189208984
431.1005859375,435.1499938964844,441.8500061035156,432.2699890136719,440.2300109863281,18874200,2024-09-17,1,17,9,2.201543657179205,-1.1539461106847428,2.0205590382513883,1.9627312066246223,429.4239990234375,418.6030029296875,417.2470016479492
426.80096435546875,430.80999755859375,436.0299987792969,430.4100036621094,435.0,18898000,2024-09-18,2,18,9,1.304518267690186,-0.9632189520474137,1.6002030770464288,1.9251714114877063,430.9779968261719,420.79400329589845,417.5475021362305
434.607666015625,438.69000244140625,441.5,436.8999938964844,441.2300109863281,21706600,2024-09-19,3,19,9,1.0485778289716154,-0.5756654084439826,1.453010206438527,1.8593589779080215,433.3159973144531,423.8240020751953,418.2750015258789
431.2194519042969,435.2699890136719,439.239990234375,434.2200012207031,437.2200012207031,55167100,2024-09-20,4,20,9,1.153304647776715,-0.44600251625883613,1.3877982559286832,1.7294814316279523,434.2519958496094,427.1809997558594,419.26100158691406
429.47589111328125,433.510009765625,436.4599914550781,430.3900146484375,434.2799987792969,15128900,2024-09-23,0,23,9,1.4001929989857276,-0.17730243525748626,1.4216274801206898,1.7092917208678635,434.6859985351563,429.9600006103516,420.09700164794924
425.1762390136719,429.1700134277344,433.3500061035156,426.1000061035156,433.0,17015800,2024-09-24,1,24,9,1.6893072146618622,-0.8845234577980658,1.3191801916172214,1.6698696149343046,433.49000244140626,431.4570007324219,420.88100280761716
428.0888671875,432.1099853515625,433.1199951171875,428.57000732421875,429.8299865722656,13396400,2024-09-25,2,25,9,1.0529698334249098,0.5304420004474368,1.268870504764166,1.4345367909052975,433.75,432.36399841308594,421.7945022583008
427.2962951660156,431.30999755859375,435.29998779296875,429.1300048828125,435.0899963378906,14492000,2024-09-26,3,26,9,1.4305216538176937,-0.8687854952108184,1.3452592697333816,1.3991347380859545,432.2739990234375,432.7949981689453,422.8300018310547
424.0368957519531,428.0199890136719,431.8500061035156,427.4700012207031,431.5199890136719,14896100,2024-09-27,4,27,9,1.0233178345024894,-0.8110864129376656,1.3192619070785365,1.3535300815036098,430.8239990234375,432.5379974365234,423.5750015258789
426.2956848144531,430.29998779296875,430.4200134277344,425.3699951171875,428.2099914550781,16807300,2024-09-30,0,30,9,1.1736041026746675,0.4880774338750754,1.2739441278163244,1.3477858039685071,430.18199462890624,432.4339965820312,424.23300018310545
416.7751770019531,420.69000244140625,428.4800109863281,418.80999755859375,428.45001220703125,19092900,2024-10-01,1,1,10,2.2986078517711426,-1.8111820619753625,1.3958042552381804,1.357492223427701,428.4859924316406,430.9879974365234,424.79550018310545
413.2482604980469,417.1300048828125,422.82000732421875,416.7099914550781,422.5799865722656,16582300,2024-10-02,2,2,10,1.4647749616710404,-1.2896923334349912,1.4781652808874068,1.3735178928257863,425.4899963378906,429.6199981689453,425.2070007324219
412.6637878417969,416.5400085449219,419.54998779296875,414.2900085449219,417.6300048828125,13686400,2024-10-03,3,3,10,1.2627788784134553,-0.26099569598608685,1.444616725806559,1.3949379977699703,422.53599853515624,427.4049987792969,425.61450042724607
412.188232421875,416.05999755859375,419.75,414.9700012207031,418.239990234375,19169700,2024-10-04,4,4,10,1.1488724720822765,-0.5212300895855552,1.4697276533225163,1.3944947802005265,420.1440002441406,425.48399963378904,426.3324996948242
405.7289123535156,409.5400085449219,417.1099853515625,409.0,416.0,20919800,2024-10-07,0,7,10,1.980266929323201,-1.5528825613168569,1.6310602186522232,1.4525021732342738,415.99200439453125,423.0869995117188,426.5235000610352
410.85076904296875,414.7099914550781,415.6600036621094,408.1700134277344,410.8999938964844,19229300,2024-10-08,1,8,10,1.8060790404627431,0.927232322995259,1.532554456390543,1.4641793558143619,414.79600219726564,421.6409973144531,426.5489990234375
413.5751953125,417.4599914550781,420.3800048828125,414.29998779296875,415.8599853515625,14974300,2024-10-09,2,9,10,1.4564310866417498,0.3847463472983584,1.5308856813846852,1.504525481136046,414.86199951171875,420.1759979248047,426.26999816894534
411.97027587890625,415.8399963378906,417.3500061035156,413.1499938964844,415.2300109863281,13848400,2024-10-10,3,10,10,1.01000679203992,0.14690300205265858,1.4803312641099782,1.4624739949582686,414.7219970703125,418.6289978027344,425.71199798583984
412.4458312988281,416.32000732421875,417.1300048828125,413.25,416.1400146484375,14144900,2024-10-11,4,11,10,0.9319765599905115,0.0432529123480978,1.4369520816916252,1.4533398675070708,414.7739990234375,417.45899963378906,424.9984985351563
415.2395324707031,419.1400146484375,424.0400085449219,417.5199890136719,417.7699890136719,16653100,2024-10-14,0,14,10,1.555570764752395,0.32793778174448757,1.352012848777464,1.4915365337148436,416.6940002441406,416.34300231933594,424.3884994506836
414.8432922363281,418.739990234375,422.4800109863281,415.260009765625,422.17999267578125,18900200,2024-10-15,1,15,10,1.7242206116167655,-0.8148189163592235,1.3356411630082683,1.434097809699406,417.5,416.1480010986328,423.5679992675781
412.2476806640625,416.1199951171875,416.3599853515625,410.4800109863281,415.1700134277344,15508900,2024-10-16,2,16,10,1.413047782906577,0.2288175105927975,1.326964502261234,1.4289250918229595,417.23200073242185,416.0470001220703,422.8334991455078
412.8421325683594,416.7200012207031,422.5,415.5899963378906,422.3599853515625,14820000,2024-10-17,3,17,10,1.6581886259041598,-1.335350015737117,1.4566008690340817,1.46846606657203,417.4080017089844,416.06499938964845,421.73499908447263
414.2687072753906,418.1600036621094,419.6499938964844,416.260009765625,417.1400146484375,17145300,2024-10-18,4,18,10,0.8106906689236169,0.24451958044147698,1.4323436908207028,1.434647886256164,417.7760009765625,416.275,420.8794998168945
414.8829040527344,418.7799987792969,418.9599914550781,413.75,416.1199951171875,14206100,2024-10-21,0,21,10,1.244087938837754,0.6392395687114882,1.3700471256377746,1.3610299872076195,417.70399780273436,417.1989990234375,420.14299926757815
423.53173828125,427.510009765625,430.5799865722656,418.0400085449219,418.489990234375,25482200,2024-10-22,1,22,10,2.9332595122669938,2.1553728265276657,1.6118549057678202,1.4737480343880445,419.4580017089844,418.4790008544922,420.0599990844727
420.6487731933594,424.6000061035156,431.0799865722656,422.5299987792969,430.8599853515625,19654400,2024-10-23,2,23,10,2.0136570113200376,-1.4529033702071477,1.7319767514505124,1.529470626855873,421.15400390625,419.19300231933596,419.6845001220703
420.7775573730469,424.7300109863281,425.9800109863281,422.3999938964844,425.3299865722656,13581600,2024-10-24,3,24,10,0.8428924251267447,-0.1410612006862491,1.5689175112950293,1.5127591901645556,422.756005859375,420.0820037841797,419.35550079345705
424.16571044921875,428.1499938964844,432.5199890136719,426.57000732421875,426.760009765625,16899100,2024-10-25,4,25,10,1.3896956146849035,0.3257062749676918,1.6847185004472867,1.5585310956339948,424.75400390625,421.26500244140624,419.3620010375977
422.6202392578125,426.5899963378906,431.94000244140625,426.29998779296875,431.6600036621094,14882400,2024-10-28,0,28,10,1.3221160122963114,-1.1745372008538928,1.7003241151389983,1.5351856203883865,426.3160034179688,422.01000061035154,419.17650146484374
427.93035888671875,431.95001220703125,433.1700134277344,425.79998779296875,428.0,17644100,2024-10-29,1,29,10,1.7062218836639857,0.9229000483717874,1.4549165894183966,1.5333857475931083,427.20400390625,423.3310028076172,419.739501953125
428.50494384765625,432.5299987792969,438.5,432.1000061035156,437.44000244140625,29749100,2024-10-30,2,30,10,1.4796647433811962,-1.1224404797700354,1.3481181358306285,1.5400474436405702,428.7900024414063,424.9720031738281,420.5095016479492
402.5685729980469,406.3500061035156,416.1600036621094,406.29998779296875,415.3599853515625,53971000,2024-10-31,3,31,10,2.4264835046240494,-2.1691976997786124,1.6648363517300893,1.6168769315125595,425.11400146484374,423.93500366210935,420.00000152587893
406.5511474609375,410.3699951171875,415.5,407.5,409.010009765625,24230400,2024-11-01,4,1,11,1.949460266390937,0.33250661819788035,1.7767892820712958,1.7307538912592915,421.55800170898436,423.1560028076172,419.7155014038086
404.6589050292969,408.4599914550781,410.4200134277344,405.57000732421875,409.79998779296875,19672300,2024-11-04,0,4,11,1.187388288933317,-0.3269878911191164,1.749843737398697,1.7250839262688475,417.9320007324219,422.12400207519534,419.66150054931643
407.63104248046875,411.4599914550781,414.8999938964844,408.0799865722656,408.3699951171875,17626000,2024-11-05,1,5,11,1.6575140878462145,0.7566658605767319,1.740102178235143,1.5975093838267695,413.83399658203126,420.5190002441406,419.4990005493164
416.2698974609375,420.17999267578125,420.45001220703125,410.5199890136719,412.4200134277344,26681800,2024-11-06,2,6,11,2.3632784441075394,1.8815719401082374,1.9168249183804114,1.6324715271055197,411.36399536132814,420.0769989013672,419.63500061035154
421.4710388183594,425.42999267578125,426.8500061035156,419.8800048828125,421.2799987792969,19901800,2024-11-07,3,7,11,1.6383426981404527,0.9850916038049323,1.7591967570836922,1.7120165544068908,415.17999267578125,420.1469970703125,420.11450042724607
418.6079406738281,422.5400085449219,426.5,421.7799987792969,425.32000732421875,16891400,2024-11-08,4,8,11,1.1170542730278104,-0.6536252072378292,1.5927155584110668,1.6847524202411814,417.61399536132814,419.58599853515625,420.4255004882813
414.1201171875,418.010009765625,424.80999755859375,416.0,422.5199890136719,24503300,2024-11-11,0,11,11,2.1076044479254095,-1.0674002095320847,1.7767587902094852,1.7633012638040912,419.5239990234375,418.7279998779297,420.36900024414064
419.0933837890625,423.0299987792969,424.44000244140625,417.20001220703125,418.25,19401200,2024-11-12,1,12,11,1.7114602404715618,1.1428568509974597,1.7875480207345547,1.7638250994848488,421.83800048828124,417.83599853515625,420.58350067138673
421.2431945800781,425.20001220703125,429.3299865722656,418.2099914550781,421.6400146484375,21502200,2024-11-13,2,13,11,2.6152386636746234,0.8443215622127487,1.8379400646479715,1.8773824915141915,422.8420043945313,417.1029998779297,421.0375015258789
422.91748046875,426.8900146484375,428.1700134277344,420.0,425.0,30246900,2024-11-14,3,14,11,1.913845053148581,0.44470932904411764,1.8930405356495972,1.8261186463666443,423.1340087890625,419.15700073242186,421.54600219726564
411.1380920410156,415.0,422.79998779296875,413.6400146484375,419.82000732421875,28247600,2024-11-15,4,15,11,2.207222444465361,-1.1481128198105035,2.1110741699371074,1.851894864174087,421.6260070800781,419.6200012207031,421.3880020141602
411.8910217285156,415.760009765625,418.3999938964844,412.1000061035156,414.8699951171875,24727000,2024-11-18,0,18,11,1.515294315227725,0.2145285653126347,1.99261214339757,1.8846854668035278,421.17600708007814,420.3500030517578,421.23700256347655
413.9021301269531,417.7900085449219,417.94000244140625,411.54998779296875,413.1099853515625,18133500,2024-11-19,1,19,11,1.529480006162098,1.1328758343559786,1.9562160965356774,1.8718820586351164,420.1280090332031,420.9830047607422,420.7510025024414
411.62353515625,415.489990234375,417.2900085449219,410.5799865722656,416.8699951171875,19191700,2024-11-20,2,20,11,1.614965975202236,-0.3310396284157038,1.7561615588412003,1.797050811744586,418.1860046386719,420.5140045166016,420.2955017089844
409.8466491699219,412.8699951171875,419.7799987792969,410.2900085449219,419.5,20780200,2024-11-21,3,21,11,2.298541997870636,-1.580454084103099,1.8331009477856113,1.863070741717604,415.3820007324219,419.2580047607422,419.70250091552737
413.9463806152344,417.0,417.3999938964844,411.05999755859375,411.3699951171875,24814600,2024-11-22,4,22,11,1.5203828148418763,1.368598816063061,1.6957330218609143,1.903403595899011,415.78200073242186,418.70400390625,419.14500122070314
415.7232971191406,418.7900085449219,421.0799865722656,414.8500061035156,418.3800048828125,27691100,2024-11-25,0,25,11,1.4876143990149029,0.09799791035047584,1.69019703861835,1.8414045910079602,416.38800048828125,418.78200378417966,418.7550018310547
424.8559265136719,427.989990234375,429.0400085449219,418.8500061035156,419.5899963378906,23458900,2024-11-26,1,26,11,2.3808973746853335,2.001952851545098,1.8604805123229968,1.9083483044293374,418.42799682617186,419.2780029296875,418.5570007324219
419.89251708984375,422.989990234375,427.2300109863281,422.0199890136719,425.1099853515625,18332400,2024-11-27,2,27,11,1.2317128284216428,-0.49869332413687745,1.7838298829668784,1.7699957209040391,419.92799682617186,419.0570007324219,418.08000030517576
420.3591003417969,423.4599914550781,424.8800048828125,417.79998779296875,420.0899963378906,16271900,2024-11-29,4,29,11,1.671944748668144,0.8022078951094361,1.65851043312638,1.7458056904559958,422.04599609375,418.71399841308596,418.9354995727539
427.82403564453125,430.9800109863281,433.0,421.30999755859375,421.57000732421875,20207200,2024-12-02,0,2,12,2.712423347582375,2.2321330973795726,1.8969185396744799,1.7963257807676967,424.8419982910156,420.31199951171874,419.96600036621095
428.04241943359375,431.20001220703125,432.4700012207031,427.739990234375,429.8399963378906,18302000,2024-12-03,1,3,12,1.0969412923061592,0.31640049337603693,1.818783918332731,1.7544904784755402,427.3239990234375,421.8559997558594,421.1030014038086
434.2168884277344,437.4200134277344,439.6700134277344,432.6300048828125,433.0299987792969,26009400,2024-12-04,2,4,12,1.6094390582988143,1.0137899593129496,1.664492255055427,1.7624863836892117,429.2100036621094,423.8190002441406,422.40100250244143
439.3788146972656,442.6199951171875,444.6600036621094,436.1700134277344,437.9200134277344,21697800,2024-12-05,3,5,12,1.9181217134411657,1.0732511749497187,1.8017740320593318,1.792801957513105,433.13600463867186,426.53200073242186,423.5230026245117
440.32183837890625,443.57000732421875,446.1000061035156,441.7699890136719,442.29998779296875,18821000,2024-12-06,4,6,12,0.9761744523630087,0.28713985220466914,1.6626199727983046,1.6605652029623421,437.1580078125,429.602001953125,424.4300033569336
442.7538757324219,446.0199890136719,448.3299865722656,440.5,442.6000061035156,19144400,2024-12-09,0,9,12,1.7555236906715435,0.7727028610470426,1.4712400414161384,1.6840792905453088,440.16600341796874,432.5040008544922,425.60400238037107
440.0835876464844,443.3299865722656,449.6199951171875,441.6000061035156,444.3900146484375,18469500,2024-12-10,1,10,12,1.8090337348214918,-0.23853552987919327,1.613658529919205,1.7162212241259678,442.5919982910156,434.95799865722654,426.8700012207031
445.7021484375,448.989990234375,450.3500061035156,444.04998779296875,444.04998779296875,19200200,2024-12-11,2,11,12,1.4031533993125849,1.1124879128944931,1.572401398121959,1.618446826588693,444.90599365234374,437.05799865722656,428.16800079345705
446.2679748535156,449.55999755859375,456.1600036621094,449.1099853515625,449.1099853515625,20834800,2024-12-12,3,12,12,1.568204099304455,0.1002008910309534,1.502417875294617,1.6520959536769744,446.293994140625,439.7149993896484,429.38600006103513
443.9947204589844,447.2699890136719,451.42999267578125,445.5799865722656,448.44000244140625,20177800,2024-12-13,4,13,12,1.3079362012229276,-0.2609074617261091,1.5687702250666007,1.6156950989324526,447.03399047851565,442.0959991455078,430.4049987792969
448.2831115722656,451.5899963378906,452.17999267578125,445.2799987792969,447.2699890136719,23598800,2024-12-16,0,16,12,1.5279332917998547,0.9658612091871648,1.5232521452922627,1.4972460933542004,448.1479919433594,444.15699768066406,432.23449859619143
451.1321105957031,454.4599914550781,455.2900085449219,449.57000732421875,451.010009765625,22733500,2024-12-17,1,17,12,1.2586369159557862,0.7649457029226395,1.4131727815191217,1.5134156557191631,450.3739929199219,446.4829956054688,434.16949768066405
434.1871032714844,437.3900146484375,452.6499938964844,437.0199890136719,451.32000732421875,24444500,2024-12-18,2,18,12,3.5734708976782388,-3.0865001439597686,1.8472362811922522,1.7098188396571057,448.0539978027344,446.47999572753906,435.14949798583984
433.8297119140625,437.0299987792969,443.17999267578125,436.32000732421875,441.6199951171875,22963700,2024-12-19,3,19,12,1.5696829441282452,-1.0393542839183791,1.8475320501570103,1.6749749627258137,445.547998046875,445.92099609375,436.22649841308595
433.4029235839844,436.6000061035156,443.739990234375,428.6300048828125,433.1099853515625,64263700,2024-12-20,4,20,12,3.4608303115735644,0.8058047308976767,2.2781108722271375,1.923440548646869,443.41400146484375,445.2239959716797,437.41299896240236
432.0627746582031,435.25,437.6499938964844,432.8299865722656,436.739990234375,19152500,2024-12-23,0,23,12,1.1074112175114876,-0.3411618509162401,2.1940064573694644,1.8586293013308635,440.1460021972656,444.1469970703125,438.3254989624023
436.1128845214844,439.3299865722656,439.6000061035156,434.19000244140625,434.6499938964844,7164500,2024-12-24,1,24,12,1.231421443439186,1.0767267321981904,2.188563362866144,1.8008680721926331,437.1200012207031,443.7469970703125,439.35249786376954
434.9018249511719,438.1099853515625,440.94000244140625,436.6300048828125,439.0799865722656,8194200,2024-12-26,3,26,12,0.9837706746480981,-0.22091674646243029,1.6706233182601165,1.7589297997261841,437.2639953613281,442.65899658203125,439.8584976196289
427.3773193359375,430.5299987792969,435.2200012207031,426.3500061035156,434.6000061035156,18117700,2024-12-27,4,27,12,2.060250189844387,-0.9364949993234309,1.7687367674033445,1.8081344087801774,435.9639953613281,440.75599670410156,440.235498046875
421.71905517578125,424.8299865722656,427.54998779296875,421.8999938964844,426.05999755859375,13158700,2024-12-30,0,30,12,1.3299423475426644,-0.2886943138000108,1.3425591745971643,1.8103350234121511,433.6099914550781,438.5119964599609,440.3039978027344
418.4134521484375,421.5,426.7300109863281,420.6600036621094,426.1000061035156,13246500,2024-12-31,1,31,12,1.4400966368253263,-1.0795602059667917,1.4090962584599325,1.8015513579146982,430.8599914550781,435.50299682617185,439.82999725341796
415.51483154296875,418.5799865722656,426.07000732421875,414.8500061035156,425.5299987792969,16896500,2025-01-02,3,2,1,2.680491562098622,-1.633260223008603,1.6989102821918194,1.943736822528982,426.7099914550781,431.9149963378906,439.19899597167966
420.2499084472656,423.3500061035156,424.0299987792969,419.5400085449219,421.0799865722656,16662900,2025-01-03,4,3,1,1.0605858437798459,0.5390946147141144,1.7142733160181691,1.6924483171391427,423.75799560546875,430.51099548339846,438.49549560546876
424.7169189453125,427.8500061035156,434.32000732421875,425.4800109863281,428.0,20573600,2025-01-06,0,6,1,2.06614379146505,-0.03504530291691005,1.7154520363423018,1.7420944018728228,423.2219970703125,429.59299621582034,437.75699615478516
419.277099609375,422.3699951171875,430.6499938964844,420.79998779296875,429.0,18139100,2025-01-07,1,7,1,2.332079981387579,-1.5454556836392774,1.9158795631112846,1.6292193688542245,422.72999877929686,428.1699951171875,436.6969955444336
421.4510498046875,424.55999755859375,426.9700012207031,421.5400085449219,423.4599914550781,15054600,2025-01-08,2,8,1,1.2789694523756572,0.25976624137166376,1.8836541262213504,1.6463751923406413,423.3419982910156,427.1009948730469,435.6239959716797
415.88214111328125,418.95001220703125,424.7099914550781,415.0199890136719,424.6300048828125,20201100,2025-01-10,4,10,1,2.3129256854199043,-1.3376333774031792,1.8101409508856072,1.7545256165387133,423.41600341796874,425.06299743652346,434.40499725341795
414.135009765625,417.19000244140625,418.5,412.2900085449219,415.239990234375,17604800,2025-01-13,0,13,1,1.4885283488906975,0.469610888375804,1.8957294519077774,1.805001383962973,422.1840026855469,422.9709991455078,432.8149978637695
412.62615966796875,415.6700134277344,419.739990234375,410.7200012207031,417.80999755859375,16935900,2025-01-14,1,14,1,2.1699879044173658,-0.5121907430085522,1.9164982744982406,1.8159751554202714,419.7480041503906,421.48500061035156,431.12049865722656
423.188232421875,426.30999755859375,428.1499938964844,418.2699890136719,419.1300048828125,19637800,2025-01-15,2,15,1,2.317563495905243,1.7130705490266092,1.913594977401773,1.9147372702565288,420.5360046386719,421.63300170898435,430.07249908447267
421.4708557128906,424.5799865722656,429.489990234375,424.3900146484375,428.70001220703125,15300000,2025-01-16,3,16,1,1.2011813432636818,-0.9610509721133269,1.8980373555793784,1.8908457409003645,420.5400024414063,421.9410003662109,428.7219985961914
425.8883056640625,429.0299987792969,434.4800109863281,428.1700134277344,434.0899963378906,26197500,2025-01-17,4,17,1,1.4707590556714802,-1.165656338842489,1.7296040296296937,1.7698724902576504,422.5559997558594,422.9860015869141,427.4504989624023
425.3621826171875,428.5,430.8999938964844,425.6000061035156,430.20001220703125,26085700,2025-01-21,1,21,1,1.2368699633532674,-0.395167865828216,1.6792723525222075,1.7875009022149926,424.8179992675781,423.5010009765625,427.0059982299805
442.9325866699219,446.20001220703125,447.2699890136719,436.0,437.55999755859375,27803800,2025-01-22,2,22,1,2.525770664578723,1.9745897012170346,1.7504289045544792,1.8334635895263598,430.9239990234375,425.33600158691405,427.46449890136716
443.4388427734375,446.7099914550781,446.75,441.5,442.0,18389300,2025-01-23,3,23,1,1.1752591391338845,1.0656089264882636,1.5219680332002075,1.7177815053009904,435.0039978027344,427.77000122070314,427.9699981689453
440.8082580566406,444.05999755859375,446.6499938964844,441.3999938964844,445.1600036621094,15549500,2025-01-24,4,24,1,1.1822726723560057,-0.24710353456429673,1.5181862990186723,1.7081118272990252,438.9,429.7200012207031,428.410498046875
431.3778076171875,434.55999755859375,435.20001220703125,423.5,424.010009765625,35647800,2025-01-27,0,27,1,2.6923813219723898,2.4881459281587106,1.762510752278854,1.7460573909542738,440.00599975585936,431.2809997558594,428.17199859619143
443.92529296875,447.20001220703125,448.3800048828125,431.3800048828125,434.6000061035156,23491700,2025-01-28,1,28,1,3.801431023246451,2.8992190351038514,2.2754229642574906,1.9773476583898493,443.7460021972656,434.28200073242186,428.62649993896486
439.0909118652344,442.3299865722656,446.8800048828125,440.3999938964844,446.69000244140625,23581400,2025-01-29,2,29,1,1.4649721210500508,-0.9760719616088882,2.0632632555517563,1.9068460800531177,442.9719970703125,436.947998046875,429.2164993286133
411.9510803222656,414.989990234375,422.8599853515625,413.1600036621094,418.7699890136719,54586300,2025-01-30,3,30,1,2.337401363337665,-0.9026431880182958,2.2956917003925126,1.90882986679636,436.62799682617185,435.8159973144531,428.72449951171876
412.02056884765625,415.05999755859375,420.69000244140625,414.9100036621094,418.9800109863281,34161900,2025-01-31,4,31,1,1.3925694630403203,-0.9356086984928477,2.3377510585293755,1.927968678774024,430.8279968261719,434.86399841308594,428.4024993896484
407.91094970703125,410.9200134277344,415.4100036621094,408.6600036621094,411.6000061035156,25679100,2025-02-03,0,3,2,1.6426554510436557,-0.16520715881870876,2.1278058843436285,1.9451583183112415,426.1,433.05299987792966,428.0195007324219
409.35028076171875,412.3699951171875,413.9200134277344,409.739990234375,412.69000244140625,20532100,2025-02-04,1,4,2,1.0136584239528617,-0.07754181645439416,1.5702513644849108,1.922837164371201,419.1339965820313,431.43999938964845,427.47050018310546
410.2635803222656,413.2900085449219,413.8299865722656,410.3999938964844,412.3500061035156,16316700,2025-02-05,2,5,2,0.8299239286856441,0.22796227173336658,1.4432417260120294,1.7532524907818932,413.3260009765625,428.1489990234375,426.7425003051758
412.77508544921875,415.82000732421875,418.20001220703125,414.0,414.0,16309800,2025-02-06,3,6,2,1.0100553443924263,0.4396152957050121,1.1777725222229816,1.736732111307747,413.49200439453125,425.06000061035155,426.41500091552734
406.7494812011719,409.75,418.6499938964844,408.1000061035156,416.4800109863281,22886800,2025-02-07,4,7,2,2.57473771640482,-1.615926529196392,1.4142061728958815,1.8759786157126286,412.4300048828125,421.6290008544922,425.6745010375977
409.2013854980469,412.2200012207031,415.4599914550781,410.9200134277344,413.7099914550781,20817900,2025-02-10,0,10,2,1.1013483125271837,-0.3601533115346061,1.3059447451925872,1.7168753147681077,412.69000244140625,419.39500122070314,425.33800048828124
408.4271240234375,411.44000244140625,412.489990234375,409.29998779296875,409.6400146484375,18140600,2025-02-11,1,11,2,0.7753262741778597,0.439407218192183,1.2582783152375867,1.4142648398612487,412.50400390625,415.8190002441406,425.0505004882813
406.044677734375,409.0400085449219,410.75,404.3699951171875,407.2099914550781,19121700,2025-02-12,2,12,2,1.5597508188766407,0.44940377894574096,1.4042436932757862,1.4237427096439077,411.65400390625,412.49000244140626,424.7190002441406
407.5337219238281,410.5400085449219,411.0,406.3599853515625,407.0,23891700,2025-02-13,3,13,2,1.1302222808644442,0.869780969268274,1.4282770805701896,1.3030248013965857,410.59800415039064,412.0450042724609,423.93050079345704
405.43914794921875,408.42999267578125,408.9100036621094,405.8800048828125,407.7900085449219,22758500,2025-02-14,4,14,2,0.7418649055242474,0.15693963006670253,1.0617025183940751,1.2379543456449784,410.33400268554686,411.3820037841797,423.1230010986328
406.6402893066406,409.6400146484375,410.6000061035156,406.5,408.0,21423100,2025-02-18,1,18,2,1.0008802746075343,0.4019643746170343,1.0416089108101452,1.1737768280013663,409.81800537109376,411.25400390625,422.1535018920898
411.73272705078125,414.7699890136719,415.489990234375,407.6499938964844,407.8800048828125,24114200,2025-02-19,2,19,2,1.8902033767038529,1.6892184094287555,1.2645843313153438,1.2614313232764653,410.4840026855469,411.49400329589844,421.4670013427734
413.91107177734375,416.1300048828125,419.30999755859375,412.5400085449219,415.2900085449219,23508700,2025-02-20,3,20,2,1.62689278211947,0.2022674084632505,1.2780127239639099,1.341128208619848,411.902001953125,411.7780029296875,419.9635009765625
406.03326416015625,408.2099914550781,418.04998779296875,407.8900146484375,417.3399963378906,27524800,2025-02-21,4,21,2,2.488908492493211,-2.1876659229710116,1.5497499662896632,1.4890135234299264,411.4359985351563,411.0170013427734,418.0385009765625
401.845703125,404.0,409.3699951171875,399.32000732421875,408.510009765625,26443700,2025-02-24,0,24,2,2.487620740833849,-1.1040145058410036,1.8989011333515833,1.480301825872829,410.55,410.44200134277344,416.03550109863284
395.77825927734375,397.8999938964844,401.9200134277344,396.70001220703125,401.1000061035156,29387400,2025-02-25,1,25,2,1.311887735806584,-0.7978090646564071,1.9611026255913935,1.5013557682007694,408.2019958496094,409.01000061035154,414.20250091552737
397.5985107421875,399.7300109863281,403.6000061035156,394.25,398.010009765625,19619000,2025-02-26,2,26,2,2.3390803408642293,0.43215024207958413,2.050878018423469,1.6577311748694061,405.1940002441406,407.83900146484376,411.82900085449216
390.4368896484375,392.5299987792969,405.739990234375,392.1700134277344,401.2699890136719,21127400,2025-02-27,3,27,2,3.457054708898938,-2.1780822074080444,2.4169104037793625,1.8474615638716358,400.4739990234375,406.18800048828126,409.33900146484376
394.87310791015625,396.989990234375,397.6300048828125,386.57000732421875,392.6600036621094,32845700,2025-02-28,4,28,2,2.785963835527477,1.1027317607809255,2.4763214723862155,2.0130357193379393,398.22999877929686,404.83299865722654,408.4390014648437
386.41845703125,388.489990234375,398.82000732421875,386.1600036621094,398.82000732421875,23007700,2025-03-03,0,3,3,3.2587721641094607,-2.59014515323601,2.6305517570413377,2.264726445196461,395.12799682617185,402.83899841308596,407.1105010986328
386.53778076171875,388.6099853515625,392.5799865722656,381.0,383.3999938964844,29342900,2025-03-04,1,4,3,2.9798479217639238,1.3588918982833345,2.9641437942328057,2.4626232099121,393.2699951171875,400.7359954833984,405.99499969482423
398.8816223144531,401.0199890136719,401.6700134277344,388.80999755859375,389.3399963378906,23433100,2025-03-05,2,5,3,3.206826647412379,2.99994677804556,3.1376930555424356,2.5942855369829525,393.5279907226562,399.3609954833984,405.42749938964846
394.7736511230469,396.8900146484375,402.1499938964844,392.67999267578125,394.2799987792969,23304600,2025-03-06,3,6,3,2.3860517703101167,0.6619701423408022,2.9234924678246714,2.6702014358020167,394.3999938964844,397.43699645996094,404.60749969482424
391.2127380371094,393.30999755859375,394.79998779296875,385.5400085449219,392.32000732421875,22034100,2025-03-07,4,7,3,2.354371692946188,0.2523425305599717,2.837174039308414,2.6567477558473147,393.66399536132815,395.9469970703125,403.481999206543
378.13287353515625,380.1600036621094,386.3999938964844,377.2200012207031,385.8399963378906,32840100,2025-03-10,0,10,3,2.414770777396281,-1.4721109085868653,2.6683737619657775,2.6494627595035576,391.997998046875,393.56299743652346,402.00249938964845
378.42132568359375,380.45001220703125,386.0,376.9100036621094,379.0,30380200,2025-03-11,1,11,3,2.3892748183023,0.38258897283146437,2.550259141273453,2.7572014677531294,390.3660034179687,391.8179992675781,400.4139999389648
381.22625732421875,383.2699890136719,385.2200012207031,378.95001220703125,382.95001220703125,24253600,2025-03-12,2,12,3,1.6359196371746745,0.08355576353073425,2.236077739225912,2.686885397384174,386.8160034179688,390.1719970703125,399.0054992675781
376.7502746582031,378.7699890136719,385.32000732421875,377.45001220703125,383.1600036621094,20473000,2025-03-13,3,13,3,2.0777768422680998,-1.1457392751015958,2.1744227536175087,2.5489576107210903,383.19199829101564,388.79599609375,397.49199829101565
386.4880676269531,388.55999755859375,390.2300109863281,379.510009765625,379.7799987792969,19952800,2025-03-14,4,14,3,2.758905005162447,2.3118644498177567,2.2553294160607606,2.546251727684587,382.24199829101565,387.9529968261719,396.3929977416992
386.6273193359375,388.70001220703125,392.7099914550781,385.57000732421875,386.70001220703125,22474300,2025-03-17,0,17,3,1.8368880644790004,0.5171967770534336,2.1397528734773044,2.4040633177215414,383.95,387.9739990234375,395.40649871826173
381.4749450683594,383.5199890136719,387.3699951171875,381.1000061035156,387.07000732421875,19486900,2025-03-18,1,18,3,1.6348532523159727,-0.9171514825154867,1.9888685602800387,2.2695638507767457,384.5639953613281,387.4649993896484,394.1004974365234
385.75201416015625,387.82000732421875,389.67999267578125,384.0,385.5299987792969,19185500,2025-03-19,2,19,3,1.4645950617583166,0.5939897160202127,1.9546036451967672,2.09534069221134,385.4739990234375,386.14500122070314,392.7529983520508
384.7772521972656,386.8399963378906,391.7900085449219,383.2799987792969,385.739990234375,18470500,2025-03-20,3,20,3,2.1998784629787393,0.28516776361384333,1.9790239693388951,2.076723361478202,387.08800048828124,385.13999938964844,391.2884979248047
389.1736755371094,391.260009765625,391.739990234375,382.79998779296875,383.2200012207031,39675900,2025-03-21,4,21,3,2.2849261918593586,2.098013809120441,1.8842282066782776,2.069778811369519,387.6280029296875,384.93500061035155,390.44099884033204
390.9839782714844,393.0799865722656,395.3999938964844,389.80999755859375,395.3999938964844,21004500,2025-03-24,0,24,3,1.42210148795325,-0.5867494587837873,1.8012708913731275,1.9705118824252157,388.5039978027344,386.2269989013672,389.89499816894534
393.0528564453125,395.1600036621094,396.3599853515625,392.6400146484375,393.9200134277344,15775000,2025-03-25,1,25,3,0.9413834063798233,0.3147822380450034,1.6625769221858975,1.8257227412329684,390.8320007324219,387.697998046875,389.75799865722655
387.8905334472656,389.9700012207031,395.30999755859375,388.57000732421875,395.0,16108400,2025-03-26,2,26,3,1.7283355676788352,-1.2734174124802216,1.7153250233700015,1.8349643342833843,391.2619995117187,388.3679992675781,389.26999816894534
388.497314453125,390.5799865722656,392.239990234375,387.3999938964844,390.1300048828125,13766800,2025-03-27,3,27,3,1.2391818588470156,0.11534147177126014,1.5231857025436564,1.7511048359412758,392.00999755859374,389.5489990234375,389.17249755859376
376.7801208496094,378.79998779296875,389.1300048828125,376.92999267578125,388.0799865722656,21632000,2025-03-28,4,28,3,3.2207002640398987,-2.391259302305922,1.7103405169797647,1.7972843618290208,389.5179931640625,388.572998046875,388.26299743652345
373.3883056640625,375.3900146484375,377.07000732421875,367.239990234375,372.5400085449219,35184700,2025-03-31,0,31,3,2.6186144293288716,0.7650201423055917,1.9496431052548888,1.875456998314008,385.97999877929686,387.24199829101565,387.6079986572266
380.15203857421875,382.19000244140625,382.8500061035156,373.2300109863281,374.6499938964844,19689500,2025-04-01,1,1,4,2.5170713665285755,2.0125473556006983,2.26478069728464,1.9636788097352684,383.38599853515626,387.10899963378904,387.28699951171876
380.1023254394531,382.1400146484375,385.0799865722656,376.6199951171875,377.9700012207031,16092600,2025-04-02,2,2,4,2.213846006904348,1.1032657126932763,2.3618827851297417,2.0386039042498716,381.82000122070315,386.54100036621094,386.343000793457
371.1204528808594,373.1099853515625,377.4800109863281,369.3500061035156,374.7900085449219,30198000,2025-04-03,3,3,4,2.1789834638577177,-0.4482571987129186,2.549843106131882,2.03651440433777,378.3260009765625,385.1679992675781,385.1539993286133
357.92120361328125,359.8399963378906,374.5899963378906,359.4800109863281,364.1300048828125,49209900,2025-04-04,4,4,4,4.199084455685184,-1.1781529913478355,2.745519944460939,2.2279302307203523,374.53400268554685,382.0259979248047,383.4804992675781
355.9517822265625,357.8599853515625,371.0,344.7900085449219,350.8800048828125,50425000,2025-04-07,0,7,4,7.324091132829329,1.989278491682986,3.686615285161031,2.81812919520796,371.0279968261719,378.5039978027344,382.3654983520508
352.6694030761719,354.55999755859375,373.6499938964844,350.25,368.260009765625,35868900,2025-04-08,1,8,4,6.599727565887448,-3.7202009025499327,4.503146525032806,3.3839636111587224,365.5019958496094,374.4439971923828,381.0709976196289
388.4077453613281,390.489990234375,393.2300109863281,353.1000061035156,353.5400085449219,50199700,2025-04-09,2,9,4,10.276833180468,10.451428635058752,6.115743959745535,4.2388133724376384,367.1719909667969,374.49599609375,381.43199768066404
379.3165283203125,381.3500061035156,383.8999938964844,367.79998779296875,382.05999755859375,38024400,2025-04-10,3,10,4,4.221844983829725,-0.18583245029970424,6.524316263739936,4.537079684935909,368.8199951171875,373.572998046875,381.5609985351563
386.378662109375,388.45001220703125,390.04998779296875,378.8900146484375,380.6400146484375,23839200,2025-04-11,4,11,4,2.8729496186972305,2.0518067617791402,6.259089296342347,4.5023046204016435,374.5419982910156,374.5380004882812,381.5554992675781
385.7420654296875,387.80999755859375,394.6499938964844,384.2099914550781,393.2200012207031,19251200,2025-04-14,0,14,4,2.69204056293801,-1.3758210786111298,5.332679182364083,4.509647233762557,380.53200073242186,375.7799987792969,381.51099853515626
383.67315673828125,385.7300109863281,391.8900146484375,384.1600036621094,388.510009765625,17199900,2025-04-15,1,15,4,2.003995221051677,-0.7155539649992427,4.413532713396929,4.4583396192148665,386.76600341796876,376.1339996337891,381.6214996337891
369.6284484863281,371.6099853515625,381.6099853515625,368.0,380.6700134277344,21967800,2025-04-16,2,16,4,3.662438009755508,-2.380021477024434,3.09065367925443,4.603198819499982,382.99000244140626,375.08099670410155,380.8109985351563
365.81884765625,367.7799987792969,374.32000732421875,366.8900146484375,373.75,21120200,2025-04-17,3,17,4,2.020227500256194,-1.5973247413252507,2.6503301825397236,4.587323223139831,380.2760009765625,374.547998046875,379.8579986572266
357.2050476074219,359.1199951171875,364.4800109863281,355.6700134277344,362.82000732421875,20807300,2025-04-21,0,21,4,2.4532183332534534,-1.0197927711645987,2.5663839254509684,4.4127366108966575,374.4099975585938,374.4759979248047,378.25099792480466
364.864013671875,366.82000732421875,367.7699890136719,359.8599853515625,363.3800048828125,19485000,2025-04-22,1,22,4,2.156371927422708,0.9466680596571698,2.4592501983479083,3.8959646903559957,370.2119995117188,375.3720001220703,376.93799896240233
372.3936462402344,374.3900146484375,380.3900146484375,373.0199890136719,376.05999755859375,20545500,2025-04-23,2,23,4,1.9685422544418767,-0.4440735310849037,2.4521596050259484,3.432846159211438,367.9440002441406,377.35500183105466,375.8994995117188
385.2347412109375,387.29998779296875,388.45001220703125,375.19000244140625,375.70001220703125,22232300,2025-04-24,3,24,4,3.423705185530018,3.087563270970904,2.40441304018085,2.7475333597176403,371.0820007324219,377.03600158691404,375.76599884033203
389.7605285644531,391.8500061035156,392.1600036621094,384.6000061035156,387.0,18973200,2025-04-25,4,25,4,1.9293090317310377,1.2532315512960273,2.386229346475819,2.5182797645077715,375.8960021972656,378.08600158691405,375.82949981689455
389.0741882324219,391.1600036621094,392.739990234375,386.6400146484375,391.9599914550781,16579400,2025-04-28,0,28,4,1.5594579018377253,-0.20409934952772732,2.207477260192673,2.3869305928218205,382.30400390625,378.35700073242185,376.44750061035154
391.9388427734375,394.0400085449219,395.1000061035156,390.3800048828125,391.29998779296875,14974000,2025-04-29,1,29,4,1.1978482180357148,0.7002353277360261,2.0157725183152744,2.2375113583315915,387.7480041503906,378.98000183105466,377.38000030517577
393.15234375,395.260009765625,396.6600036621094,384.44000244140625,390.29998779296875,36461100,2025-04-30,2,30,4,3.0916361176910225,1.2708229894404328,2.2403912909651043,2.346275447995526,391.9220031738281,379.93300170898436,378.0335006713867
423.1316223144531,425.3999938964844,436.989990234375,424.8999938964844,431.1099853515625,58938100,2025-05-01,3,1,5,2.8420302095332355,-1.3244860126405398,2.1240562957657474,2.264234667973299,399.54200439453126,385.31200256347654,380.1964996337891
432.95892333984375,435.2799987792969,439.44000244140625,429.989990234375,431.739990234375,30757400,2025-05-02,4,2,5,2.1710191677846327,0.819939923332129,2.1723983229764663,2.2793138347261426,408.2280029296875,392.06200256347654,383.3050003051758
433.8442077636719,436.1700134277344,439.5,432.1099853515625,432.8699951171875,20136100,2025-05-05,0,5,5,1.694296815675499,0.7623578320907844,2.1993661057440206,2.203421682968347,417.2300048828125,399.7670043945312,387.12150115966796
430.99945068359375,433.30999755859375,437.7300109863281,431.1700134277344,432.20001220703125,15104200,2025-05-06,1,6,5,1.5139271181267133,0.25682214720317914,2.262581885762221,2.1391772020387476,425.08400268554686,406.41600341796874,390.89400177001954
431.03924560546875,433.3500061035156,438.1199951171875,431.1099853515625,433.8399963378906,23295300,2025-05-07,2,7,5,1.6176323218859023,-0.11294261444566708,1.9677811266011964,2.10408620878315,432.702001953125,412.31200256347654,394.8335021972656
435.8335266113281,438.1700134277344,443.6700134277344,435.6600036621094,437.92999267578125,23491300,2025-05-08,3,8,5,1.8280597759221282,0.05480801862566716,1.764987039878975,1.944521667822361,435.256005859375,417.3990051269531,397.2175033569336
436.39056396484375,438.7300109863281,440.739990234375,435.8800048828125,440.0,15324200,2025-05-09,4,9,5,1.1077394365241973,-0.28863386674360797,1.552331093626888,1.862364708301677,435.9460083007813,422.0870056152344,400.08650360107424
446.8644104003906,449.260009765625,449.3699951171875,439.7799987792969,445.94000244140625,22821900,2025-05-12,0,12,5,2.1346205158330567,0.7444964134283913,1.6403958336583997,1.9198809697012102,438.5640075683594,427.8970062255859,403.1270034790039
446.74505615234375,449.1400146484375,450.6700134277344,445.3599853515625,447.7799987792969,23618800,2025-05-13,1,13,5,1.1822656416681727,0.3037241218563122,1.5740635383666917,1.918322712064456,441.7300109863281,433.4070068359375,406.1935043334961
450.5247497558594,452.94000244140625,453.8999938964844,448.1400146484375,448.1400146484375,19902800,2025-05-14,2,14,5,1.2716870263169135,1.0710910956555184,1.5048744792528936,1.7363278029270455,445.64801025390625,439.1750061035156,409.55400390625
451.5412292480469,453.1300048828125,456.19000244140625,450.42999267578125,450.7699890136719,21992300,2025-05-15,3,15,5,1.2711605286687295,0.5235521278389822,1.393494629802214,1.5792408348405946,448.6400085449219,441.94800720214846,413.6300048828125
452.67718505859375,454.2699890136719,454.3599853515625,448.7300109863281,452.04998779296875,23849800,2025-05-16,4,16,5,1.23934543363923,0.49109640098471763,1.4198158292252205,1.4860734614260545,451.7480041503906,443.8470062255859,417.9545043945312
457.26104736328125,458.8699951171875,459.5899963378906,450.79998779296875,450.8800048828125,21336500,2025-05-19,0,19,5,1.9155770999315522,1.7720879497532087,1.3760071460449197,1.5082014898516596,453.6700012207031,446.11700439453125,422.94200439453124
456.56353759765625,458.1700134277344,458.3399963378906,454.32000732421875,455.5899963378906,15441800,2025-05-20,1,20,5,0.8774011602367632,0.5663024014096805,1.3150342497586376,1.4445488940626645,455.4760009765625,448.60300598144534,427.509504699707
450.9831848144531,452.57000732421875,457.7799987792969,451.80999755859375,454.57000732421875,19216900,2025-05-21,2,21,5,1.3191332001871365,-0.43997623419389276,1.3245234845326823,1.414698981892788,455.402001953125,450.52500610351564,431.4185043334961
453.26513671875,454.8599853515625,460.25,453.8999938964844,454.95001220703125,18025600,2025-05-22,3,22,5,1.3960353313135883,-0.01978829608818255,1.349498445061654,1.371496537431934,455.747998046875,452.1940032958984,434.79650421142577
448.6015319824219,450.17999267578125,453.69000244140625,448.9100036621094,449.9800109863281,16883500,2025-05-23,4,23,5,1.0617972493369825,0.04444234956454568,1.3139888082012046,1.3669023187132125,454.92999877929685,453.33900146484376,437.71300354003904
459.07470703125,460.69000244140625,460.95001220703125,456.1199951171875,456.4800109863281,20974300,2025-05-27,1,27,5,1.0484310630244391,0.922272904345031,1.140559600819782,1.2582833734323509,455.29400024414065,454.48200073242185,441.1895034790039
455.75634765625,457.3599853515625,462.5199890136719,456.92999267578125,461.2200012207031,17086300,2025-05-28,2,28,5,1.222231178268409,-0.8369142402593961,1.2095256044261111,1.2622799270923744,455.1319946289062,455.3039978027344,444.3555023193359
457.0717468261719,458.67999267578125,461.7200012207031,455.30999755859375,461.54998779296875,13974800,2025-05-29,3,29,5,1.3974892658202986,-0.6218167464181269,1.2251968175527435,1.2748601510427129,456.35399169921874,455.87799682617185,447.52650146484376
458.7458190917969,460.3599853515625,461.67999267578125,455.5400085449219,459.7200012207031,34770500,2025-05-30,4,30,5,1.3337354084261823,0.1392117221700194,1.2127368329752621,1.2811176390184582,457.45399169921876,456.6009948730469,449.27450103759764
460.3502197265625,461.9700012207031,462.1099853515625,456.8900146484375,457.1400146484375,16626500,2025-06-02,0,2,6,1.129937158112393,1.0565661323654012,1.2263648147303443,1.2701768114657743,459.81199340820314,457.37099609375,450.60900115966797
461.3466796875,462.9700012207031,464.1400146484375,460.8599853515625,461.4700012207031,15743800,2025-06-03,1,3,6,0.7084755574284762,0.32504821462546346,1.1583737136111518,1.1494666572154668,460.2679931640625,457.78099670410154,451.9490005493164
462.2435302734375,463.8699951171875,465.69000244140625,463.0199890136719,464.0,14162700,2025-06-04,2,4,6,0.57559520034484,-0.028018293709590518,1.029046518026438,1.1192860612262747,461.5699951171875,458.3509948730469,453.4770004272461
466.0401611328125,467.67999267578125,469.6499938964844,464.0299987792969,464.9599914550781,20131700,2025-06-05,3,5,6,1.2016753346734583,0.5849968321340863,0.9898837317970699,1.1075402746749066,463.3699951171875,459.86199340820315,455.19349975585936
468.7307434082031,470.3800048828125,473.3399963378906,468.7799987792969,470.0899963378906,15285600,2025-06-06,4,6,6,0.9694284432285337,0.061692132821610415,0.9170223387575402,1.0648795858664015,465.3739990234375,461.41399536132815,456.80399932861326
471.0924072265625,472.75,473.42999267578125,468.6199951171875,469.70001220703125,16469900,2025-06-09,0,9,6,1.0174505676560022,0.6493480335751826,0.894525020666262,1.060444917698303,467.5299987792969,463.67099609375,458.5049987792969
469.26885986328125,470.9200134277344,472.79998779296875,466.9599914550781,471.19000244140625,15375900,2025-06-10,1,10,6,1.2401248983627682,-0.057299393508555785,1.0008548888531206,1.0796143012321362,469.1200012207031,464.6939971923828,459.58799896240237
470.9628601074219,472.6199951171875,475.4700012207031,469.6600036621094,470.0199890136719,16399200,2025-06-11,2,11,6,1.2293169181623693,0.5531692617949481,1.1315992324166264,1.0803228752215321,470.8700012207031,466.2199981689453,460.76199798583986
477.1909484863281,478.8699951171875,480.4200134277344,473.5199890136719,475.0199890136719,18950600,2025-06-12,3,12,6,1.4408972131097812,0.810493493444297,1.1794436081038908,1.0846636699504804,473.1080017089844,468.23899841308594,462.0584976196289
473.2946472167969,474.9599914550781,479.17999267578125,472.760009765625,476.4100036621094,16814500,2025-06-13,4,13,6,1.3516892002815049,-0.30436225013857215,1.255895759514485,1.0864590491360127,474.0239990234375,469.6989990234375,463.1499969482422
477.46002197265625,479.1400146484375,480.69000244140625,475.0,475.2099914550781,15626100,2025-06-16,0,16,6,1.1875448235274635,0.8270076942881118,1.2899146106887773,1.0922198156775198,475.302001953125,471.41600036621094,464.3934982299805
476.3638610839844,478.0400085449219,478.739990234375,474.0799865722656,475.3999938964844,15414100,2025-06-17,1,17,6,0.9748145717538766,0.555324922661305,1.236852545366999,1.1188537171100599,476.7260009765625,472.9230010986328,465.3519989013672
478.5561218261719,480.239990234375,481.0,474.4599914550781,478.0,17526500,2025-06-18,2,18,6,1.3618208974496495,0.46861720384414224,1.263353341224455,1.1974762868205406,478.25,474.56000061035155,466.4554977416992
475.7261047363281,477.3999938964844,483.4599914550781,476.8699951171875,482.2300109863281,37576200,2025-06-20,4,20,6,1.3803930503022896,-1.0016002695403974,1.251252508662957,1.215348058383424,477.95599975585935,475.53200073242186,467.6969970703125
484.29595947265625,486.0,487.75,472.510009765625,478.2099914550781,24864000,2025-06-23,0,23,6,3.135800459747942,1.6289932632354147,1.6080747605562444,1.4319852600353646,480.16400146484375,477.0940002441406,469.2539978027344
488.3915100097656,490.1099853515625,491.8500061035156,486.79998779296875,488.95001220703125,22305600,2025-06-24,1,24,6,1.0303847016959733,0.23723757348841093,1.5766427361899462,1.4332786734393619,482.3579956054688,478.8299987792969,471.25049743652346
490.5439758300781,492.2699890136719,494.55999755859375,489.3900146484375,492.0400085449219,17495100,2025-06-25,2,25,6,1.0502332105426526,0.04674019688563667,1.5917264639477016,1.4142895046573503,485.20399169921876,480.9649963378906,472.8294967651367
495.705810546875,497.45001220703125,498.0400085449219,492.80999755859375,492.9800109863281,21578900,2025-06-26,3,26,6,1.0513641286536892,0.9067307235763546,1.5296351101885093,1.396494225706482,488.64599609375,483.447998046875,474.83399810791013
494.20111083984375,495.94000244140625,499.29998779296875,493.0299987792969,497.54998779296875,34539200,2025-06-27,4,27,6,1.2642636171323274,-0.3235826331147288,1.5064092235545168,1.378830866108737,492.3539978027344,485.1549987792969,476.6969985961914
495.66595458984375,497.4100036621094,500.760009765625,495.3299865722656,497.0400085449219,28369000,2025-06-30,0,30,6,1.0916594265056216,0.0744397052202409,1.097581016906053,1.3528278887311485,494.63599853515626,487.4,478.54949951171875
490.32470703125,492.04998779296875,498.04998779296875,490.9800109863281,496.4700012207031,19945400,2025-07-01,1,1,7,1.4368411710265778,-0.8902881174827482,1.178872310772174,1.37775752348106,495.0239990234375,488.6909973144531,480.05349884033205
489.36810302734375,491.0899963378906,493.5,488.70001220703125,489.989990234375,16319600,2025-07-02,2,2,7,0.9774151028859802,0.22449562755138394,1.1643086892408392,1.3780175765942704,494.7880004882812,489.99599609375,481.4594985961914
497.0909423828125,498.8399963378906,500.1300048828125,493.44000244140625,493.80999755859375,13984800,2025-07-03,3,3,7,1.341111877660018,1.018610154546341,1.2222582390421048,1.3759466746153073,495.0659973144531,491.8559967041016,483.20799865722654
495.974853515625,497.7200012207031,498.75,495.2300109863281,497.3800048828125,13981600,2025-07-07,0,7,7,0.7072227366870499,0.0683574600009768,1.1108500629530496,1.3086296432537832,495.4219970703125,493.88799743652345,484.70999908447266
494.8786926269531,496.6199951171875,498.20001220703125,494.1099853515625,497.239990234375,11846600,2025-07-08,1,8,7,0.8235727307966376,-0.12468729976751551,1.0572327238112527,1.0774068703586528,495.2639953613281,494.9499969482422,486.0219985961914
501.74456787109375,503.510009765625,506.7799987792969,499.739990234375,500.29998779296875,18659500,2025-07-09,2,9,7,1.3981864130563908,0.6416194385326676,1.0495017722172153,1.1141870414946946,497.5559997558594,496.2899993896484,487.5599990844727
499.7216796875,501.4800109863281,504.44000244140625,497.75,503.04998779296875,16492100,2025-07-10,3,10,7,1.3340516660371216,-0.3120916101257818,1.1208290848474436,1.1425688870441415,499.6340026855469,497.21100158691405,489.08799896240237
501.5552062988281,503.32000732421875,505.0299987792969,497.79998779296875,498.4700012207031,16459500,2025-07-11,4,11,7,1.4364640548991408,0.9729785326375602,1.139899520295268,1.1810788796686866,500.5300048828125,497.7980010986328,490.6229995727539
501.2562561035156,503.0199890136719,503.9700012207031,501.0299987792969,501.5199890136719,12058800,2025-07-14,0,14,7,0.5844703005085434,0.2990907706291062,1.1153490330595668,1.1130995480063084,501.5900024414062,498.50599975585936,491.83049926757815
504.04644775390625,505.82000732421875,508.29998779296875,502.7900085449219,503.0199890136719,14927200,2025-07-15,1,15,7,1.089316193164164,0.556641559321964,1.1684977255330722,1.1128652246721624,503.4300048828125,499.3470001220703,493.37350006103514
503.84716796875,505.6199951171875,506.7200012207031,501.8900146484375,505.17999267578125,15154400,2025-07-16,2,16,7,0.9552601991434654,0.08709815269517977,1.079912482750487,1.064707127483851,503.852001953125,500.70400085449216,494.69749908447267
509.9058532714844,511.70001220703125,513.3699951171875,505.6199951171875,505.67999267578125,17503100,2025-07-17,3,17,7,1.5145592759658542,1.190480070092423,1.1160140047362337,1.1184215447918386,505.8960021972656,502.76500244140624,496.3804992675781
508.2615966796875,510.04998779296875,514.6400146484375,507.42999267578125,514.47998046875,21209700,2025-07-18,4,18,7,1.4135912450178953,-0.8610622072689829,1.1114394427599845,1.1256694815276262,507.24199829101565,503.88600158691406,497.8709991455078
508.2716064453125,510.05999755859375,512.0900268554688,505.54998779296875,506.7099914550781,14066800,2025-07-21,0,21,7,1.2822097584213523,0.6611288823999075,1.2509873343425464,1.1831681837010566,508.65,505.1200012207031,499.5039993286133
503.4983825683594,505.2699890136719,511.20001220703125,505.2699890136719,510.9700012207031,13868600,2025-07-22,1,22,7,1.1736345562370056,-1.1155277596363715,1.2678510069571147,1.2181743662450935,508.5399963378906,505.98500061035156,500.4674987792969
504.09625244140625,505.8699951171875,506.7900085449219,500.70001220703125,506.75,16396600,2025-07-23,2,23,7,1.2038658937420956,-0.1736566122964973,1.3175721458768408,1.1987423143136637,508.5899963378906,506.2209991455078,501.2554992675781
509.0887451171875,510.8800048828125,513.6699829101562,507.29998779296875,508.7699890136719,16107000,2025-07-24,3,24,7,1.2468671813939307,0.41472883910295344,1.2640337269624558,1.1900238658493447,508.4259948730469,507.16099853515624,502.18600006103514
511.9088439941406,513.7100219726562,518.2899780273438,510.3599853515625,512.469970703125,19125700,2025-07-25,4,25,7,1.5436710082723182,0.24197540156935643,1.2900496796133405,1.2007445611866625,509.1580017089844,508.2,502.9990005493164
510.7030334472656,512.5,515.0,510.1199951171875,514.0800170898438,14308000,2025-07-28,0,28,7,0.9521960746951219,-0.30734847442389823,1.2240469428680945,1.2375171386053203,509.6460021972656,509.1480010986328,503.8270004272461
510.7727966308594,512.5700073242188,517.6199951171875,511.55999755859375,515.530029296875,16469200,2025-07-29,1,29,7,1.1822770493788541,-0.5741706213881249,1.2257754414964641,1.2468132242267893,511.106005859375,509.8230010986328,504.5850006103516
511.4404296875,513.239990234375,515.9500122070312,509.44000244140625,515.1699829101562,26380400,2025-07-30,2,30,7,1.2684143655002709,-0.374632206806551,1.238685135848099,1.27812864086247,512.5800048828125,510.5850006103516,505.6445007324219
531.62939453125,533.5,555.4500122070312,531.9000244140625,555.22998046875,51617300,2025-07-31,3,31,7,4.41424326016284,-3.913690044331644,1.872160351601881,1.5680970392821683,517.10400390625,512.7649993896484,507.76500091552737
522.2722778320312,524.1099853515625,535.7999877929688,520.8599853515625,535.0,28977600,2025-08-01,4,1,8,2.850547186462169,-2.0355167567172896,2.1335355872398507,1.711792633426596,519.1839965820312,514.1709991455078,509.02850036621095
533.7619018554688,535.6400146484375,538.25,528.1300048828125,528.27001953125,25349000,2025-08-04,0,4,8,1.8893276903200868,1.395118943855099,2.320961910364844,1.7725044266164691,523.8119995117188,516.7290008544921,510.9245010375977
525.8995361328125,527.75,537.2999877929688,527.239990234375,537.1799926757812,19171600,2025-08-05,1,5,8,1.9062051271612979,-1.755462378412293,2.4657475259213326,1.8457614837088987,526.847998046875,518.977001953125,512.4810012817383
523.0994262695312,524.9400024414062,531.7000122070312,524.030029296875,530.9000244140625,21355700,2025-08-06,2,6,8,1.4611161036469824,-1.12262604983568,2.5042878735506755,1.8714865046993872,529.1880004882812,520.8840026855469,513.5525009155274
519.0137939453125,520.8400268554688,528.0900268554688,517.5499877929688,526.7999877929688,16079100,2025-08-07,3,7,8,2.0236614927878467,-1.1313517607449626,2.0261715200756765,1.9491659358387785,526.656005859375,521.8800048828125,514.5205017089844
520.2095947265625,522.0399780273438,524.6599731445312,519.4099731445312,522.5999755859375,15531000,2025-08-08,4,8,8,1.0056701059252997,-0.10715606290755801,1.6571961039683027,1.895365845604077,526.2420043945312,522.7130004882813,515.4565002441407
519.9405517578125,521.77001953125,527.5900268554688,519.719970703125,522.2999877929688,20194400,2025-08-11,0,11,8,1.5083381293954155,-0.10146817424947381,1.5809981917833684,1.9509800510741062,523.4680053710938,523.6400024414063,516.3940017700195
527.3843383789062,529.239990234375,530.97998046875,522.7000122070312,523.75,18667000,2025-08-12,1,12,8,1.5645016277118344,1.0482081593078758,1.5126574918934756,1.9892025089074044,523.7660034179687,525.3070007324219,517.5650009155273
518.7546997070312,520.5800170898438,532.7000122070312,519.3699951171875,532.1099853515625,19619200,2025-08-13,2,13,8,2.560608677290662,-2.1668392962219936,1.7325560066222117,2.1184219400864435,522.8940063476563,526.0410034179688,518.3130020141601
520.6480102539062,522.47998046875,525.9500122070312,520.1400146484375,522.5599975585938,20269100,2025-08-14,3,14,8,1.112003861541495,-0.015312517264542014,1.550224480372941,1.7881980002243085,523.2219970703125,524.9390014648437,518.8520004272461
518.3461303710938,520.1699829101562,526.0999755859375,519.0800170898438,522.77001953125,25213300,2025-08-15,4,15,8,1.3495508635119065,-0.49735763795810517,1.6190006318902626,1.6380983679292824,522.847998046875,524.5450012207032,519.3580001831054
515.286865234375,517.0999755859375,522.8200073242188,514.02001953125,521.5900268554688,23760600,2025-08-18,0,18,8,1.7017962112640381,-0.8608391722135882,1.6576922482639873,1.6193452200236778,521.9139892578125,522.6909973144532,519.7099990844727
507.98260498046875,509.7699890136719,515.1599731445312,508.54998779296875,515.0,21481000,2025-08-19,1,19,8,1.2966603554579244,-1.0155361138501213,1.604123993813205,1.5583907428533403,518.0199890136719,520.8929962158203,519.9349990844727
503.9468078613281,505.7200012207031,511.0,504.44000244140625,509.8699951171875,27723000,2025-08-20,2,20,8,1.2971599981727593,-0.8139317740261511,1.3514342579896248,1.5419951323059182,515.0479858398437,518.97099609375,519.9274993896485
503.2980041503906,504.239990234375,507.6300048828125,502.7200012207031,503.69000244140625,18443300,2025-08-21,3,21,8,0.9737434073460067,0.10919172314378614,1.323782167150527,1.4370033237617341,511.3999877929688,517.3109924316407,519.5954986572266
506.2824401855469,507.2300109863281,510.7300109863281,502.4100036621094,504.25,24324200,2025-08-22,4,22,8,1.6402829375257544,0.5909788768127169,1.3819285819532965,1.5004646069217795,508.81199340820314,515.8299957275391,519.2714981079101
503.3179931640625,504.260009765625,508.19000244140625,504.1199951171875,506.6300048828125,21638600,2025-08-25,0,25,8,0.8071247462416162,-0.4677960433345629,1.2029942889488123,1.4303432686063995,506.24400024414064,514.0789947509766,518.8594985961914
501.1021423339844,502.0400085449219,504.9800109863281,498.510009765625,504.3599853515625,30835700,2025-08-26,1,26,8,1.2887421541273834,-0.4599843116070147,1.201410648682704,1.4027673212479546,504.6980041503906,511.35899658203124,518.3329986572265
505.7933349609375,506.739990234375,507.2900085449219,499.8999938964844,502.0,17277900,2025-08-27,2,27,8,1.4583444746524752,0.9442211622260956,1.233647543978647,1.292540900984136,504.902001953125,509.97499389648436,518.0079986572266
508.68792724609375,509.6400146484375,511.0899963378906,505.5,507.0899963378906,18015600,2025-08-28,3,28,8,1.0968519302289763,0.5028729276780515,1.2582692485552411,1.291025707852884,505.9820068359375,508.6909973144531,516.8149993896484
505.7434387207031,506.69000244140625,509.6000061035156,504.489990234375,508.6600036621094,20961600,2025-08-29,4,29,8,1.008509314278714,-0.3872923380096835,1.131914523905833,1.2569215529295648,505.87400512695314,507.34299926757814,515.9440002441406
504.1763610839844,505.1199951171875,506.0,496.80999755859375,500.4700012207031,18128000,2025-09-02,1,2,9,1.8193701556546333,0.9291253991532984,1.3343636057884365,1.2686789473686244,506.04600219726564,506.14500122070314,514.4179992675781
504.40594482421875,505.3500061035156,507.7900085449219,502.32000732421875,503.7900085449219,16345100,2025-09-03,2,3,9,1.0824183545339965,0.30965234167692873,1.2930988458697592,1.2472547472762314,506.7080017089844,505.7030029296875,513.297999572754
507.02105712890625,507.9700012207031,508.1499938964844,503.1499938964844,504.29998779296875,15509500,2025-09-04,3,4,9,0.9843100946875791,0.7277441040194974,1.1982919698767798,1.2159697569277135,506.95400390625,505.9280029296875,512.4494995117187
494.0752868652344,495.0,511.9700012207031,492.3699951171875,509.07000732421875,31994800,2025-09-05,4,5,9,3.9595971926294196,-2.7638649148029226,1.7708410223568685,1.5145551354560547,504.0260009765625,505.00400390625,511.1574981689453
497.2693176269531,498.20001220703125,501.20001220703125,495.0299987792969,498.1099853515625,16771000,2025-09-08,0,8,9,1.2384611153261822,0.01807369017210319,1.816831382566362,1.4743729532360976,502.3280029296875,504.1010040283203,509.9654998779297
497.4789123535156,498.4100036621094,502.25,497.70001220703125,501.42999267578125,14410500,2025-09-09,1,9,9,0.9129005757383143,-0.6022753041867929,1.6355374665830982,1.4849505361857676,500.9860046386719,503.51600341796876,508.79749908447263
499.43524169921875,500.3699951171875,503.2300109863281,496.7200012207031,502.9800109863281,21611800,2025-09-10,2,10,9,1.3010391968248107,-0.5189104561078809,1.6792616350412612,1.4861802404555102,499.99000244140626,503.3490020751953,507.35399932861327
500.0740661621094,501.010009765625,503.1700134277344,497.8800048828125,502.25,18881600,2025-09-11,3,11,9,1.0558688333186332,-0.24688705512692882,1.6935733827674722,1.4459326763221259,498.59800415039064,502.7760040283203,506.37549896240233
508.94744873046875,509.8999938964844,512.5499877929688,503.8500061035156,506.6499938964844,23624900,2025-09-12,4,12,9,1.7062133346915322,0.6414684770851927,1.2428966111798947,1.5068688167683815,501.5780029296875,502.802001953125,505.7464996337891
514.397216796875,515.3599853515625,515.469970703125,507.0,508.7900085449219,17143800,2025-09-15,0,15,9,1.6435056938592256,1.2912943839895692,1.3239055268865034,1.5703684547264327,505.00999755859374,503.66900024414065,505.50599975585936
508.08905029296875,509.0400085449219,517.22998046875,508.6000061035156,516.8800048828125,19711900,2025-09-16,1,16,9,1.6953430418765985,-1.5167923432573323,1.48039402011416,1.5579657433486294,507.13599853515626,504.0610015869141,505.1030014038086
509.06719970703125,510.0199890136719,511.2900085449219,505.92999267578125,510.6199951171875,15816600,2025-09-17,2,17,9,1.0509423129682358,-0.11750540700583481,1.430374643342845,1.554818139192053,509.0659973144531,504.5279998779297,505.1155014038086
507.5001525878906,508.45001220703125,513.0700073242188,507.6600036621094,511.489990234375,18913700,2025-09-18,3,18,9,1.064018788912237,-0.5943377359057938,1.4320046344615658,1.5627890086145189,510.5539978027344,504.5760009765625,505.252001953125
516.96240234375,517.9299926757812,519.2999877929688,510.30999755859375,510.55999755859375,52474100,2025-09-19,4,19,9,1.7357539361507184,1.4435120558660086,1.4379127547534032,1.3404046829666487,512.1599975585938,506.86900024414064,505.93650207519534
513.4889526367188,514.4500122070312,517.739990234375,512.5399780273438,515.5900268554688,20009300,2025-09-22,0,22,9,1.0107905692766506,-0.22110874707766043,1.311369729836888,1.3176376283616955,511.9780029296875,508.49400024414064,506.2975021362305
508.2787170410156,509.2300109863281,514.5900268554688,507.30999755859375,513.7999877929688,19799600,2025-09-23,1,23,9,1.4296151326144946,-0.8894466553553243,1.2582241479844674,1.3693090840493136,512.0160034179687,509.5760009765625,506.54600219726564
509.19696044921875,510.1499938964844,512.47998046875,506.9200134277344,510.3800048828125,13533700,2025-09-24,2,24,9,1.0898690791994423,-0.04506661392053112,1.2660095012307084,1.3481920722867768,512.0420043945312,510.5540008544922,506.9515014648438
506.0827941894531,507.0299987792969,510.010009765625,505.0400085449219,508.29998779296875,15786500,2025-09-25,3,25,9,0.9802183761648584,-0.24985029395458952,1.249249418681233,1.3406270265713993,511.75800170898435,511.1559997558594,506.9660018920898
510.5045166015625,511.4599914550781,513.9400024414062,506.6199951171875,510.05999755859375,16213100,2025-09-26,4,26,9,1.4311984214823323,0.2744763171363089,1.1883383157475556,1.3131255352504794,510.46400146484376,511.31199951171874,507.0570007324219
513.6386108398438,514.5999755859375,516.8499755859375,508.8800048828125,511.5,17617800,2025-09-29,0,29,9,1.5487701284964452,0.6060558330278593,1.2959342275915144,1.3036519787142014,510.493994140625,511.2359985351562,507.45249938964844
516.982421875,517.9500122070312,518.1599731445312,509.6600036621094,513.239990234375,19728200,2025-09-30,1,30,9,1.6410791161492102,0.9177036205821338,1.3382270242984577,1.2982255861414624,512.2379943847657,512.1269989013672,508.0940002441406
518.7391357421875,519.7100219726562,520.510009765625,511.69000244140625,514.7999877929688,22632300,2025-10-01,2,1,10,1.6971016434781783,0.953775115795479,1.459673537154205,1.3628415191924568,514.15,513.0960021972656,508.81200103759767
514.7765502929688,515.739990234375,521.5999755859375,510.67999267578125,517.6400146484375,21222900,2025-10-02,3,2,10,2.1173426759467944,-0.36705516580918274,1.6870983971105922,1.4681739078959124,515.8919982910156,513.825,509.20050048828125
516.3834838867188,517.3499755859375,520.489990234375,515.0,517.0999755859375,15112300,2025-10-03,4,3,10,1.0611753152509915,0.04834655033907504,1.6130937758643238,1.40071604580594,517.0699951171875,513.7669982910156,510.3179992675781
527.5825805664062,528.5700073242188,531.030029296875,518.2000122070312,518.6099853515625,21388600,2025-10-06,0,6,10,2.4273070571660273,1.9205225996380328,1.7888011615982404,1.5423676945948777,519.8640014648438,515.1789978027343,511.8364990234375
523.0010986328125,523.97998046875,529.7999877929688,521.4400024414062,528.2899780273438,14615200,2025-10-07,1,7,10,1.595478007400912,-0.8158393567652857,1.7796809398485807,1.5589539820735192,521.0699951171875,516.6539947509766,513.1149978637695
523.8695068359375,524.8499755859375,526.9500122070312,523.0900268554688,523.280029296875,13363400,2025-10-08,2,8,10,0.73544546653608,0.30002029528472884,1.587349704460161,1.523511620807183,522.0979858398438,518.1239929199219,514.338996887207
521.4241333007812,522.4000244140625,524.3300170898438,517.4000244140625,522.3400268554688,18343600,2025-10-09,3,9,10,1.326568214378265,0.011486303080187133,1.4291948121464553,1.5581466046285235,523.4299926757812,519.6609954833984,515.4084976196289
510.0054626464844,510.9599914550781,523.5800170898438,509.6300048828125,519.6400146484375,24133800,2025-10-10,4,10,10,2.730157437044205,-1.670391607396102,1.7629912365050981,1.6880425061847109,522.1519958496094,519.6109954833985,515.4614974975586
513.0896606445312,514.0499877929688,516.4099731445312,511.67999267578125,516.4099731445312,14284200,2025-10-13,0,13,10,0.9201401772340821,-0.45699840713610584,1.461557860518709,1.6251795110584744,519.2479919433594,519.5559967041015,515.3959976196289
512.610595703125,513.5700073242188,515.280029296875,506.0,510.2300109863281,14684300,2025-10-14,1,14,10,1.8069648080162284,0.6546060141452796,1.503855220641772,1.6417680802451762,517.1659973144531,519.1179962158203,515.6224975585938
512.4708251953125,513.4299926757812,517.1900024414062,510.0,514.9600219726562,14694700,2025-10-15,2,15,10,1.400386137150847,-0.2971161316589043,1.6368433547647256,1.6120965296124432,514.8820007324218,518.4899932861329,515.7929977416992
510.65423583984375,511.6099853515625,516.8499755859375,508.1300048828125,512.5800170898438,15559600,2025-10-16,3,16,10,1.7044176135719686,-0.18924493853439184,1.7124132346034664,1.5708040233749607,512.7239929199219,518.0769927978515,515.9509963989258
512.62060546875,513.5800170898438,515.47998046875,507.30999755859375,509.0400085449219,19867800,2025-10-17,4,17,10,1.5907906535092122,0.891876565439203,1.4845398778964676,1.6237655572007827,513.247998046875,517.6999969482422,515.7334976196289
515.8245239257812,516.7899780273438,518.7000122070312,513.4299926757812,514.6099853515625,14665600,2025-10-20,0,20,10,1.0197603969346247,0.4236203606294114,1.5044639218365763,1.4830108911776425,513.79599609375,516.5219940185547,515.8504959106446
516.6929321289062,517.6599731445312,518.6900024414062,513.0399780273438,517.5,15586200,2025-10-21,1,21,10,1.0914547593358173,0.030912684933574876,1.3613619121004938,1.432608566371133,514.6139892578125,515.8899932861328,516.2719940185547
519.5675659179688,520.5399780273438,525.22998046875,517.7100219726562,521.1500244140625,18962700,2025-10-22,2,22,10,1.4446457166636162,-0.11705772966328365,1.3702138280030478,1.5035285913838865,516.035986328125,515.4589935302735,516.7914932250976
519.5875244140625,520.5599975585938,523.9500122070312,518.6099853515625,522.4600219726562,14023500,2025-10-23,3,23,10,1.0258235132382951,-0.36366886156926675,1.2344950079363133,1.4734541212698895,517.8259887695312,515.2749908447265,517.4679931640625
522.6318359375,523.6099853515625,525.3499755859375,520.7100219726562,522.7899780273438,15532400,2025-10-24,4,24,10,0.8861468923603298,0.15685215070742248,1.0935662557065366,1.2890530668015021,519.831982421875,516.539990234375,518.0754928588867
530.527099609375,531.52001953125,534.5800170898438,529.010009765625,531.780029296875,18734700,2025-10-27,0,27,10,1.047939328631679,-0.048894232821940976,1.0992020420459474,1.3018329819412617,522.7779907226562,518.2869934082031,518.9214950561524
541.057373046875,542.0700073242188,553.719970703125,540.77001953125,550.0,29986700,2025-10-28,1,28,10,2.388981311804893,-1.4418168501420454,1.3587073525397624,1.3600346323201282,527.6599975585938,521.1369934082031,520.1274948120117
540.538330078125,541.5499877929688,546.27001953125,536.72998046875,544.9400024414062,36023000,2025-10-29,2,29,10,1.7616174457651539,-0.6220895205435034,1.4221016983600703,1.396157763181559,531.8619995117188,523.9489929199219,521.2194931030274
524.77783203125,525.760009765625,534.969970703125,522.1199951171875,530.47998046875,41023100,2025-10-30,3,30,10,2.4440762605101525,-0.8897547272103038,1.7057522478144413,1.4701236278753773,532.902001953125,525.3639953613281,521.7204940795898
516.8426513671875,517.8099975585938,529.3200073242188,515.0999755859375,528.8800048828125,34006400,2025-10-31,4,31,10,2.746187173929981,-2.0931037706126943,2.077760304128372,1.5856632799174541,531.7420043945312,525.7869934082031,521.7434951782227
516.0641479492188,517.030029296875,524.9600219726562,514.5900268554688,519.8099975585938,22374700,2025-11-03,0,3,11,2.0056852657649253,-0.5348046930177383,2.2693094915550214,1.6842557668004843,528.8440063476562,525.8109985351563,521.1664962768555
513.3692016601562,514.3300170898438,515.5499877929688,507.8399963378906,511.760009765625,20958700,2025-11-04,1,4,11,1.4990358716962333,0.5021899474708384,2.091320403533289,1.7250138780365258,523.2960083007813,525.4780029296875,520.6839981079102
506.2125549316406,507.1600036621094,514.8300170898438,506.5799865722656,513.2999877929688,23024300,2025-11-05,2,5,11,1.6267115817505655,-1.1961785070869393,2.064339230730371,1.743220464545221,516.4180114746093,524.140005493164,519.7994995117188
496.1713562011719,497.1000061035156,505.70001220703125,495.80999755859375,505.6600036621094,27406500,2025-11-06,3,6,11,1.9895422504537272,-1.6928365891310808,1.9734324287190865,1.839592338266764,510.6860107421875,521.7940063476562,518.5344985961914
495.8918762207031,496.82000732421875,499.3800048828125,493.25,496.95001220703125,24019800,2025-11-07,4,7,11,1.2338482332520342,-0.026160555311212964,1.6709646405834975,1.8743624723559342,506.4880126953125,519.1150085449219,517.8274993896484
505.0547180175781,506.0,506.8500061035156,498.79998779296875,500.0400085449219,26101500,2025-11-10,0,10,11,1.590912709594244,1.1919029184127172,1.5880101293493607,1.928659810452191,504.2820068359375,516.5630065917969,517.425
507.7297058105469,508.67999267578125,509.6000061035156,502.3500061035156,504.79998779296875,17980000,2025-11-11,1,11,11,1.4252575498130418,0.7686222219965243,1.5732544649727225,1.8322874342530056,503.152001953125,513.2240051269531,517.1804992675782
510.1851501464844,511.1400146484375,511.6700134277344,499.1199951171875,509.3599853515625,26574900,2025-11-12,2,12,11,2.455299516939363,0.3494639053058744,1.738972052010482,1.9016556413704264,503.9480041503906,510.1830078125,517.0660003662109
502.34979248046875,503.2900085449219,513.5,501.2900085449219,510.30999755859375,25273100,2025-11-13,3,13,11,2.426034939652156,-1.375632272002635,1.8262705898501679,1.8998515092846273,505.1860046386719,507.9360076904297,516.6500015258789
509.2268981933594,510.17999267578125,511.6000061035156,497.44000244140625,498.2300109863281,28505700,2025-11-14,4,14,11,2.775491760828034,2.3984869289178654,2.134599295365368,1.9027819679744322,507.8580017089844,507.1730072021484,516.4800003051757
506.54193115234375,507.489990234375,512.1199951171875,504.9100036621094,508.45001220703125,19092800,2025-11-17,0,17,11,1.4207159931860571,-0.18881344273925343,2.1005599520837306,1.8442850407165454,508.1559997558594,506.21900329589846,516.0150009155274
492.8675537109375,493.7900085449219,502.9800109863281,486.7799987792969,495.3699951171875,33815100,2025-11-18,1,18,11,3.28074929153968,-0.3189508019943466,2.471658300429058,2.0224563827008906,505.1780029296875,504.1650024414063,514.8215026855469
486.2099914550781,487.1199951171875,495.19000244140625,482.8299865722656,490.1000061035156,23245300,2025-11-19,2,19,11,2.5373657400713245,-0.6080414097564216,2.4880715450554503,2.113521798532966,500.3739990234375,502.16100158691404,513.150503540039
478.42999267578125,478.42999267578125,493.57000732421875,475.5,492.7099914550781,26802500,2025-11-20,3,20,11,3.7769386536901948,-2.898256383460985,2.758252287863058,2.2922614388566127,495.40199584960936,500.29400024414065,511.04400329589845
472.1199951171875,472.1199951171875,478.9200134277344,468.2699890136719,478.5,31769200,2025-11-21,4,21,11,2.2557876226824494,-1.3333343537748172,2.654311460233941,2.3944553777996544,487.7899963378906,497.8239990234375,508.46950378417966
474.0,474.0,476.8999938964844,468.0199890136719,475.0,34421000,2025-11-24,0,24,11,1.8734187516482068,-0.21052631578947367,2.7448520119263713,2.4227059820050507,481.0919982910156,494.6239990234375,505.5935028076172
476.989990234375,476.989990234375,479.1499938964844,464.8900146484375,474.07000732421875,28019800,2025-11-25,1,25,11,2.9895762049513985,0.6159391788224349,2.6866173946087146,2.5791378475188864,477.73199462890625,491.4549987792969,502.339501953125
485.5,485.5,488.30999755859375,481.20001220703125,486.30999755859375,25709100,2025-11-26,2,26,11,1.4644666017636456,-0.16655992323007018,2.472037566947179,2.4800545560013147,477.4079956054687,488.8909973144531,499.53700256347656
492.010009765625,492.010009765625,492.6300048828125,486.6499938964844,487.6000061035156,14386700,2025-11-28,4,28,11,1.2154246595870635,0.9044306002681116,1.959734768126553,2.3589935279948056,480.1239990234375,487.76299743652345,497.84950256347656
486.739990234375,486.739990234375,489.8599853515625,484.6499938964844,488.44000244140625,23964000,2025-12-01,0,1,12,1.07038491999998,-0.34804934045818353,1.7226542275900587,2.188482843912,483.047998046875,485.4189971923828,496.29600219726564
490.0,490.0,493.5,486.32000732421875,486.7200012207031,19562700,2025-12-02,1,2,12,1.4653046277104593,0.6738984983297532,1.6410314028025095,2.19294170736444,486.247998046875,483.6699981689453,494.9445007324219
477.7300109863281,477.7300109863281,484.239990234375,475.20001220703125,476.32000732421875,34615100,2025-12-03,2,3,12,1.8922776085763764,0.29602024698274365,1.421571683527505,2.05409453906811,486.3960021972656,482.0639984130859,493.11450042724607
480.8399963378906,480.8399963378906,481.32000732421875,476.489990234375,479.760009765625,22318200,2025-12-04,3,4,12,1.0044957005718078,0.22510975285189483,1.3295775032891375,1.9008075351181581,485.46400146484376,481.4359985351563,491.79850006103516
483.1600036621094,483.1600036621094,483.3999938964844,478.8800048828125,482.5199890136719,22608700,2025-12-05,4,5,12,0.935505625344117,0.13264002798013944,1.2735936964405483,1.6166642322835503,483.6940002441406,481.90899963378905,491.1014999389648
491.0199890136719,491.0199890136719,492.29998779296875,484.3800048828125,484.8900146484375,21965900,2025-12-08,0,8,12,1.6129654774473403,1.2641989276019272,1.38210980793002,1.5523820177600394,484.55,483.7989990234375,490.8114990234375
492.0199890136719,492.0199890136719,492.1199951171875,488.5,489.1000061035156,14696100,2025-12-09,1,9,12,0.7357414735210911,0.5970114237819596,1.2361971770921465,1.438614289947328,484.95399780273436,485.6009979248047,490.1124984741211
478.55999755859375,478.55999755859375,484.25,475.0799865722656,484.0299987792969,35756200,2025-12-10,2,10,12,1.916167977790835,-1.1300954970762631,1.2409752509350382,1.3312734672312714,485.1199951171875,485.75799865722655,488.6064987182617
483.4700012207031,483.4700012207031,486.0299987792969,475.8599853515625,476.6300048828125,24669200,2025-12-11,3,11,12,2.1035459081341807,1.435074642347024,1.4607852924475129,1.3951813978683252,485.64599609375,485.55499877929685,487.222998046875
478.5299987792969,478.5299987792969,482.45001220703125,476.3399963378906,479.82000732421875,21248100,2025-12-12,4,12,12,1.276830268682618,-0.26885259581312215,1.529050221115213,1.4013219587778807,484.7199951171875,484.2069976806641,485.98499755859376
474.82000732421875,474.82000732421875,480.7200012207031,472.5199890136719,480.1000061035156,23727700,2025-12-15,0,15,12,1.7269727645305561,-1.0997706128248705,1.5518516785318561,1.466980743230938,481.47999877929686,483.01499938964844,484.2169982910156
476.3900146484375,476.3900146484375,477.8900146484375,470.8800048828125,471.9100036621094,20705600,2025-12-16,1,16,12,1.4714854531109747,0.94933588005391,1.6990004744498328,1.4675988257709895,478.35400390625,481.6540008544922,482.66199951171876
476.1199951171875,476.1199951171875,480.0,475.0,476.9100036621094,24527200,2025-12-17,2,17,12,1.0501554337723937,-0.1656514937526024,1.5257979656461447,1.3833866082905915,477.8660034179687,481.4929992675781,481.778498840332
483.9800109863281,483.9800109863281,489.6000061035156,477.8900146484375,478.19000244140625,28573500,2025-12-18,3,18,12,2.4195196473535594,1.2108175652692235,1.5889927134900204,1.5248890029687665,477.96800537109374,481.8070007324219,481.6214996337891
485.9200134277344,485.9200134277344,487.8500061035156,482.489990234375,487.3599853515625,70836100,2025-12-19,4,19,12,1.1030654677773963,-0.2954637161664771,1.554239753308976,1.5416449872120945,479.4460083007813,482.0830017089844,481.9960006713867
484.9200134277344,484.9200134277344,488.7300109863281,482.69000244140625,486.1199951171875,16963000,2025-12-22,0,22,12,1.2455680066135262,-0.24684886478776685,1.45795880172557,1.504905240128713,481.46600952148435,481.47300415039064,482.63600158691406
486.8500061035156,486.8500061035156,487.8299865722656,484.739990234375,484.9800109863281,14683600,2025-12-23,1,23,12,0.634691650231513,0.38558189509386115,1.2906000411496776,1.4948002577997552,483.5580078125,480.956005859375,483.2785018920898
488.0199890136719,488.0199890136719,489.1600036621094,484.8299865722656,485.67999267578125,5855900,2025-12-24,2,24,12,0.8872622407526928,0.481797968452183,1.2580214025457375,1.3919096840959413,485.93800659179686,481.9020050048828,483.8300018310547
487.7099914550781,487.7099914550781,488.1199951171875,485.9599914550781,486.7099914550781,8842200,2025-12-26,4,26,12,0.44288689999256003,0.20546116117533966,0.8626948530735377,1.225843783281779,486.6840026855469,482.3260040283203,483.9405014038086
487.1000061035156,487.1000061035156,488.3500061035156,484.17999267578125,484.8599853515625,10893400,2025-12-29,0,29,12,0.8560897917230139,0.4619933217068696,0.8132997178626612,1.1837697355858185,486.9200012207031,483.18300476074216,483.69500122070315
487.4800109863281,487.4800109863281,489.67999267578125,485.5,485.92999267578125,13944500,2025-12-30,1,30,12,0.8574695539461786,0.3189797571480769,0.7356800273291917,1.0968194145273809,487.4320007324219,484.4490051269531,483.7320022583008
483.6199951171875,483.6199951171875,488.1400146484375,483.29998779296875,487.8399963378906,15601600,2025-12-31,2,31,12,1.0007913039856733,-0.8650379740041328,0.8088999580800238,1.0497499996148507,486.78599853515624,485.1720031738281,483.41300201416016
472.94000244140625,472.94000244140625,484.6600036621094,470.1600036621094,484.3900146484375,25571600,2026-01-02,4,2,1,3.065928008869675,-2.3638002148622914,1.2446331117034202,1.2513272571245788,483.77000122070314,484.85400390625,483.1735015869141
472.8500061035156,472.8500061035156,476.07000732421875,469.5,474.05999755859375,25250300,2026-01-05,0,5,1,1.3894485015149716,-0.25524015131198036,1.4339454320079024,1.1483201425407201,480.7980041503906,483.7410034179687,482.7740020751953
478.510009765625,478.510009765625,478.739990234375,469.75,473.79998779296875,23037700,2026-01-06,1,6,1,1.8787465363113955,0.9940949966242585,1.6384767809255787,1.2258882493941199,479.0800048828125,483.0000030517578,482.54150238037107
483.4700012207031,483.4700012207031,489.70001220703125,477.95001220703125,479.760009765625,25564200,2026-01-07,2,7,1,2.430347274977284,0.773301521502501,1.9530523251318002,1.3443661762304955,478.2780029296875,482.85500183105466,482.1640029907227
478.1099853515625,478.1099853515625,482.6600036621094,475.8599853515625,481.239990234375,18162600,2026-01-08,3,8,1,1.4222707157113033,-0.650404153089629,2.037348207476926,1.4231240827784748,477.1760009765625,481.9809997558594,481.4685028076172
479.2799987792969,479.2799987792969,479.82000732421875,472.20001220703125,474.05999755859375,18491000,2026-01-09,4,9,1,1.5898838125094437,1.1011267028616845,1.7421393682048794,1.4933862399541498,478.4440002441406,481.10700073242185,481.50450286865237
477.17999267578125,477.17999267578125,480.989990234375,475.67999267578125,476.6700134277344,23519900,2026-01-12,0,12,1,1.112787132758438,0.10698790225540178,1.6868070944535731,1.5603762632307376,479.30999755859375,480.0540008544922,481.19000244140625
470.6700134277344,470.6700134277344,475.7799987792969,465.95001220703125,474.67999267578125,28545800,2026-01-13,1,13,1,2.0885092085380745,-0.8447752822786012,1.7287596288989087,1.683618204912244,477.74199829101565,478.41100158691404,480.7970031738281
459.3800048828125,459.3800048828125,468.20001220703125,457.1700134277344,466.4599914550781,28184300,2026-01-14,2,14,1,2.4010620101130913,-1.5178121815292822,1.72290257592607,1.837977450528935,472.9239990234375,475.6010009765625,480.02500305175784
456.6600036621094,456.6600036621094,464.25,455.8999938964844,464.1199951171875,23225800,2026-01-15,3,15,1,1.8284951685179636,-1.607341104361281,1.8041474664874024,1.920747836982164,468.6340026855469,472.9050018310547,479.0385025024414
459.8599853515625,459.8599853515625,463.19000244140625,456.4800109863281,457.8299865722656,34246700,2026-01-16,4,16,1,1.459137926503508,0.44339576673325926,1.7779982892862152,1.7600688287455477,464.75,471.5970001220703,478.22550201416016
454.5199890136719,454.5199890136719,456.79998779296875,449.2799987792969,451.2200012207031,26130000,2026-01-20,1,20,1,1.6544902744520824,0.7313478533844164,1.886338917624944,1.7865730060392582,460.21799926757814,469.7639984130859,476.7525009155273
444.1099853515625,444.1099853515625,452.69000244140625,438.67999267578125,452.6000061035156,37980500,2026-01-21,2,21,1,3.15462615742236,-1.8758331059349,2.0995623074018015,1.9141609681503549,454.90599365234374,466.32399597167966,474.66199951171876
451.1400146484375,451.1400146484375,452.8399963378906,444.70001220703125,447.6199951171875,25349400,2026-01-22,3,22,1,1.8043143739317087,0.7863856775049681,1.9802127801655245,1.8515576780457974,453.25799560546875,463.09099731445315,472.9729995727539
465.95001220703125,465.95001220703125,471.1000061035156,450.5299987792969,451.8699951171875,38000200,2026-01-23,4,23,1,4.414638219835279,3.115944241040446,2.4974413904289876,2.150794428458195,455.1159973144531,461.875,471.92799987792966
470.2799987792969,470.2799987792969,474.25,462.0,465.30999755859375,29291200,2026-01-26,0,26,1,2.6048311711740357,1.0681054021576835,2.7265800393630935,2.252289164324654,457.2,460.975,471.04100036621094
480.5799865722656,480.5799865722656,482.8699951171875,473.1600036621094,473.70001220703125,29213900,2026-01-27,1,27,1,2.0204735374717937,1.4523905822124978,2.7997766919670353,2.34305780479599,462.41199951171876,461.31499938964845,470.6845001220703
481.6300048828125,481.6300048828125,483.739990234375,478.0,483.2099914550781,36875400,2026-01-28,2,28,1,1.1917841862388998,-0.3269772149180631,2.4072082977303433,2.2533853025660724,469.91600341796874,462.41099853515624,470.41100006103517
433.5,433.5,442.5,421.0199890136719,439.989990234375,128855300,2026-01-29,3,29,1,4.95501983536981,-1.4750313367169774,3.037349390017963,2.5087810850917442,466.38800048828125,459.822998046875,467.7119995117188
430.2900085449219,430.2900085449219,439.6000061035156,426.45001220703125,439.1700134277344,58566800,2026-01-30,4,30,1,3.056076979559131,-2.0219970879850857,2.765637141962734,2.631539266195861,459.25599975585936,457.1859985351563,465.04550018310545
423.3699951171875,423.3699951171875,430.739990234375,422.25,430.239990234375,42219900,2026-02-02,0,2,2,2.0053358368074705,-1.5967820921167841,2.645738075089421,2.686159057226257,449.8739990234375,453.53699951171876,462.5669998168945
411.2099914550781,411.2099914550781,422.04998779296875,408.55999755859375,422.010009765625,61424100,2026-02-03,1,3,2,3.2805599364549214,-2.559185341728023,2.897755354886047,2.848766023426541,436.0,449.20599975585935,459.48499908447263
414.19000244140625,414.19000244140625,419.79998779296875,409.239990234375,411.0,45012400,2026-02-04,2,4,2,2.5495539477893674,0.7761563117776764,3.16930930719614,2.7882588024632415,422.5119995117187,446.21400146484376,456.26899871826174
393.6700134277344,393.6700134277344,408.29998779296875,392.32000732421875,407.44000244140625,66289200,2026-02-05,3,5,2,4.059232332584923,-3.379636003132051,2.9901518066391626,3.013750598328563,414.54600219726564,440.4670013427734,451.7789993286133
401.1400146484375,401.1400146484375,401.7900085449219,392.9200134277344,399.1700134277344,53515300,2026-02-06,4,6,2,2.211196787476123,0.4935243516381456,2.821175768222561,2.7934064550926476,408.71600341796875,433.9860015869141,447.93050079345704
413.6000061035156,413.6000061035156,414.8900146484375,400.8699951171875,404.8500061035156,45480500,2026-02-09,0,9,2,3.389753221556065,2.1612942739496273,3.0980592451722795,2.8718986601308503,406.7620056152344,428.31800231933596,444.646501159668
413.2699890136719,413.2699890136719,423.67999267578125,412.70001220703125,419.6199951171875,44857900,2026-02-10,1,10,2,2.6568540568250065,-1.513275386636963,2.9733180692462966,2.9355367120661713,407.17400512695315,421.5870025634766,441.4510009765625
404.3699951171875,404.3699951171875,416.4599914550781,401.010009765625,416.17999267578125,42440200,2026-02-11,2,11,2,3.820753734454427,-2.837713913795503,3.2275580265793087,3.1984336668877242,405.2100036621094,413.8610015869141,438.13600006103513
