Adj Close,Close,High,Low,Open,Volume,date,day_of_week,day,month,hl_pct,oc_pct,volatility_5d,volatility_10d,ma_5,ma_10,ma_20
MU,MU,MU,MU,MU,MU,,,,,,,,,,,
93.80058288574219,94.51000213623047,96.45999908447266,93.52999877929688,95.9000015258789,15673300,2024-03-11,0,11,3,3.1002012897559377,-1.4494258264149682,2.8305512622295335,2.7725420618778047,96.22800140380859,94.42300033569336,88.89949989318848
96.68872833251953,97.41999816894531,97.5,93.63999938964844,95.33000183105469,14993700,2024-03-12,1,12,3,3.9622261167132926,2.1923804654850936,3.180527142864672,2.922711089033591,96.81800079345703,94.98000030517578,89.48549995422363
93.45320892333984,94.16000366210938,95.33999633789062,93.0999984741211,95.31999969482422,16732600,2024-03-13,2,13,3,2.3789271204870626,-1.216949261884891,3.2649348368746773,2.994513300694874,96.53800201416016,95.42500076293945,90.11700019836425
90.74369049072266,91.43000030517578,93.44999694824219,90.30000305175781,93.30000305175781,16718900,2024-03-14,3,14,3,3.445251980717817,-2.0042901237041275,3.505409531783409,3.1172084443917485,95.02800140380859,95.50700073242187,90.59700012207031
92.55003356933594,93.25,94.69999694824219,92.0199966430664,92.4800033569336,29579500,2024-03-15,4,15,3,2.8739949653359584,0.8326087966222772,3.1521202946020135,2.9695055422645895,94.15400085449218,95.31700057983399,91.17800025939941
93.0760498046875,93.77999877929688,97.08000183105469,93.69000244140625,96.81999969482422,23140300,2024-03-18,0,18,3,3.6148426463797554,-3.1398480945149756,3.255048565926777,3.0427999140781554,94.00800018310547,95.11800079345703,91.89200019836426
93.2944107055664,94.0,94.16000366210938,91.0,92.58000183105469,21054700,2024-03-19,1,19,3,3.3617060235206115,1.5338065898255293,3.134944547288241,3.1577358450764565,93.32400054931641,95.07100067138671,92.55650024414062
95.52750396728516,96.25,96.68000030517578,93.58999633789062,94.98999786376953,39807400,2024-03-20,2,20,3,3.2103937322443183,1.3264576950907065,3.3012378696396922,3.283086353257185,93.74199981689453,95.14000091552734,93.29450035095215
109.0254135131836,109.8499984741211,113.5,108.77999877929688,113.37000274658203,89554100,2024-03-21,3,21,3,4.296769491366978,-3.104881527020216,3.4715413717695243,3.4884754517764662,97.42599945068359,96.2270004272461,94.49150009155274
109.3827133178711,110.20999908447266,111.33999633789062,107.05000305175781,109.30999755859375,37281400,2024-03-22,4,22,3,3.8925626728702367,0.8233478601959311,3.6752549132763797,3.4136876039391963,100.81799926757813,97.48600006103516,95.70200004577637
116.25077056884766,117.12999725341797,121.41000366210938,110.16000366210938,110.23999786376953,55766100,2024-03-25,0,25,3,9.604712937591838,6.2499995674554,4.873228971518796,4.064138768722787,105.48799896240234,99.74799957275391,97.08549995422364
117.90824127197266,118.80000305175781,122.45999908447266,118.16999816894531,119.0,44295100,2024-03-26,1,26,3,3.6111117889940725,-0.16806466238839285,4.923110124613489,4.0290273359508655,110.4479995727539,101.88600006103516,98.43300018310546
118.35486602783203,119.25,120.11000061035156,117.08000183105469,119.30000305175781,29320700,2024-03-27,2,27,3,2.540879479494235,-0.041913705346779316,4.789207274063472,4.045222571851583,115.04799957275391,104.39499969482422,99.91000022888184
117.11801147460938,117.88999938964844,119.62999725341797,117.3499984741211,119.44000244140625,21047800,2024-03-28,3,28,3,1.9340052515914041,-1.297725234490177,4.316654426108357,3.8940978989389405,116.65599975585937,107.04099960327149,101.27400016784668
123.48604583740234,124.30000305175781,127.37999725341797,119.0,119.19999694824219,44309400,2024-04-01,0,1,4,6.741751446239777,4.2785287198707715,4.886492180782265,4.280873547029323,119.4740005493164,110.14599990844727,102.73150024414062
121.94618225097656,122.75,123.68000030517578,120.91999816894531,122.70999908447266,25026400,2024-04-02,1,2,4,2.248474245401604,0.03259792667735856,3.4152444423442185,4.144236706931507,120.5980010986328,113.04300003051758,104.0805004119873
127.17173767089844,128.00999450683594,128.27999877929688,121.33000183105469,122.19999694824219,40130100,2024-04-03,2,3,4,5.429261187782526,4.754498939189478,3.7788743221019088,4.350992223357698,122.43999938964843,116.44399948120117,105.75750007629395
123.27742004394531,124.08999633789062,130.5399932861328,123.6500015258789,130.17999267578125,36009900,2024-04-04,3,4,4,5.552415153186737,-4.678135412910967,4.38118145684041,4.585194365451941,123.40799865722656,119.22799911499024,107.18400001525879
122.77075958251953,123.58000183105469,125.69000244140625,121.19999694824219,124.4000015258789,23326500,2024-04-05,4,5,4,3.633278383748785,-0.6591637337348701,4.721036083271885,4.518845254690122,124.5459991455078,120.60099945068359,108.41399993896485
122.14488220214844,122.94999694824219,129.6999969482422,122.61000061035156,129.05999755859375,27955800,2024-04-08,0,8,4,5.7665689417424515,-4.734232702567345,4.52599958237242,4.706245881577344,124.27599792480468,121.87499923706055,109.68049964904785
121.82698059082031,122.62999725341797,126.13999938964844,121.2699966430664,124.88999938964844,19212900,2024-04-09,1,9,4,3.9712980964339812,-1.8095941606816837,4.870564352578896,4.142904397461558,124.25199737548829,122.42499923706055,111.08649940490723
121.39978790283203,122.19999694824219,124.4800033569336,119.93000030517578,120.0,22242300,2024-04-10,2,10,4,3.72340684565235,1.8333307902018228,4.529393484152861,4.154133903127385,123.08999786376953,122.76499862670899,112.32549934387207
126.6750259399414,127.51000213623047,127.55999755859375,122.08000183105469,122.9000015258789,21745300,2024-04-11,3,11,4,4.297698718320377,3.751017537116011,4.278450197179589,4.329815827009999,123.7739990234375,123.59099884033203,113.99299926757813
121.71768951416016,122.5199966430664,125.98999786376953,121.83000183105469,125.25,24808200,2024-04-12,4,12,4,3.3953608771587116,-2.179643398749376,4.2308666958615735,4.47595138956673,123.56199798583984,124.05399856567382,115.54749908447266
120.57522583007812,121.37000274658203,124.77999877929688,120.61000061035156,123.62999725341797,17732600,2024-04-15,0,15,4,3.4357733167825493,-1.8280308639038296,3.764707570869594,4.145353576621007,123.24599914550781,123.76099853515625,116.95349922180176
120.97259521484375,121.7699966430664,122.55000305175781,118.36000061035156,119.52999877929688,17452400,2024-04-16,1,16,4,3.4409152968017507,1.8740047575048657,3.6586310109431475,4.264597681761022,123.0739990234375,123.66299819946289,118.35299911499024
115.56822967529297,116.33000183105469,124.41999816894531,116.19999694824219,122.0199966430664,25546500,2024-04-17,2,17,4,7.066105984113179,-4.66316584867325,4.327170838635313,4.428282161394088,121.9,122.49499893188477,119.46949920654296
111.19705200195312,111.93000030517578,117.62000274658203,111.4800033569336,116.0,32146900,2024-04-18,3,18,4,5.485570778975971,-3.508620426572602,4.564745250766431,4.421597723973011,118.78399963378907,121.27899932861328,120.25349922180176
106.0708236694336,106.7699966430664,110.87999725341797,105.72000122070312,109.66000366210938,33787500,2024-04-19,4,19,4,4.832814643578929,-2.635424879200098,4.852236004050476,4.541551349956025,115.63399963378906,119.59799880981446,120.09949913024903
108.40544128417969,109.12000274658203,110.2300033569336,106.62999725341797,107.5999984741211,19820900,2024-04-22,0,22,4,3.2991257449619047,1.412643395925804,4.824906489686346,4.294807030277971,113.18399963378906,118.21499938964844,120.0449993133545
111.72357177734375,112.45999908447266,112.88999938964844,108.91000366210938,109.70999908447266,17887500,2024-04-23,1,23,4,3.539032331442176,2.5066083519721856,4.844529896614432,4.25158045377879,111.3220001220703,117.1979995727539,119.81149940490722
111.04802703857422,111.77999877929688,113.94999694824219,109.2300033569336,112.72000122070312,20505900,2024-04-24,2,24,4,4.222574380795931,-0.8339269262122764,4.275823575950982,4.301497207293147,110.41199951171875,116.15599975585937,119.46049919128419
110.84933471679688,111.58000183105469,113.05999755859375,108.06999969482422,109.37000274658203,18342800,2024-04-25,3,25,4,4.472125633520761,2.020662913937544,4.07313454685994,4.318939898813186,110.34199981689453,114.5629997253418,119.07699928283691
114.08797454833984,114.83999633789062,115.05999755859375,111.5999984741211,112.0,20630700,2024-04-26,4,26,4,3.0128867945035402,2.535711015973772,3.7091489770448627,4.280692490547669,111.95599975585938,113.79499969482421,118.92449913024902
113.61114501953125,114.36000061035156,114.75,112.11000061035156,113.80999755859375,14419100,2024-04-29,0,29,4,2.3084989293096174,0.4832642681278065,3.511023613914405,4.167965051800376,113.00399932861328,113.09399948120117,118.42749900817871
112.22029113769531,112.95999908447266,116.27999877929688,112.93000030517578,114.18000030517578,14845600,2024-04-30,1,30,4,2.965650231296417,-1.0684894179736855,3.3963471938852527,4.120438545249842,113.10399932861328,112.2129997253418,117.93799896240235
108.98164367675781,109.69999694824219,113.7300033569336,108.75,110.5199966430664,16686200,2024-05-01,2,1,5,4.539656787122082,-0.7419469052939591,3.4597636751504837,3.867793625550733,112.68799896240235,111.54999923706055,117.02249908447266
111.59442901611328,112.33000183105469,112.41000366210938,109.43000030517578,111.73999786376953,15439200,2024-05-02,3,2,5,2.652900657311076,0.5280150157193252,3.095918679908546,3.5845266133842437,112.83799896240234,111.58999938964844,116.43449935913085
113.94891357421875,114.69999694824219,115.4800033569336,113.44999694824219,115.02999877929688,15564400,2024-05-03,4,3,5,1.7698399849194735,-0.286883277889838,2.8473093179917326,3.278229147518298,112.80999908447265,112.38299942016602,115.99049911499023
119.34334564208984,120.12999725341797,121.37000274658203,118.0199966430664,119.77999877929688,22538700,2024-05-06,0,6,5,2.7886507784135572,0.2922011000901667,2.9433396878125206,3.227181650863463,113.96399841308593,113.4839988708496,115.84949913024903
118.42936706542969,119.20999908447266,121.41000366210938,119.18000030517578,120.1500015258789,12508300,2024-05-07,1,7,5,1.8706512658836654,-0.7823574111264447,2.7243398947299706,3.0603435443076124,115.21399841308593,114.15899887084962,115.67849922180176
118.53865051269531,119.31999969482422,120.47000122070312,118.22000122070312,118.30000305175781,10867900,2024-05-08,2,8,5,1.8856855562811394,0.8622118484816473,2.193545648561782,2.826654661856133,117.13799896240235,114.91299896240234,115.53449935913086
117.03853607177734,117.80999755859375,119.62999725341797,117.44000244140625,119.31999969482422,11524800,2024-05-09,3,9,5,1.8589210231691138,-1.2655063192193157,2.0347497217333896,2.565334200820968,118.23399810791015,115.53599853515625,115.04949913024902
120.44607543945312,121.23999786376953,121.8499984741211,119.18000030517578,120.04000091552734,13922400,2024-05-10,4,10,5,2.2022420125290973,0.9996642278323793,2.1212301272553145,2.484269722623524,119.54199829101563,116.17599868774414,114.98549919128418
122.19454956054688,123.0,124.11000061035156,121.6500015258789,122.93000030517578,16643200,2024-05-13,0,13,5,1.9999992556688262,0.056942727284180705,1.963499822706368,2.453419755259445,120.11599884033203,117.03999862670898,115.06699905395507
123.99270629882812,124.80999755859375,125.04000091552734,121.66999816894531,122.98999786376953,13887700,2024-05-14,1,14,5,2.700106411747935,1.4797948828653125,2.129390851879222,2.4268653733045964,121.23599853515626,118.2249984741211,115.21899909973145
126.97305297851562,127.80999755859375,127.94999694824219,125.44000244140625,126.2300033569336,14265100,2024-05-15,2,15,5,1.9638483332927419,1.2516788082406163,2.145023407281543,2.169284527921662,122.93399810791016,120.03599853515625,115.79299888610839
127.05253601074219,127.88999938964844,130.1300048828125,127.05000305175781,127.93000030517578,15874700,2024-05-16,3,16,5,2.4083210929344854,-0.03126781476738994,2.254903421234617,2.1448265714840034,124.94999847412109,121.59199829101563,116.59099884033203
124.46955108642578,125.29000091552734,129.02999877929688,124.86000061035156,128.36000061035156,13774700,2024-05-17,4,17,5,3.328276908351845,-2.3917105642150016,2.4801104003991665,2.3006702638272407,125.75999908447265,122.65099868774413,117.51699905395508
128.1552734375,129.0,131.02000427246094,126.63999938964844,127.12999725341797,19123200,2024-05-20,0,20,5,3.3953526223352717,1.4709374553469166,2.7591810737324556,2.361340448219412,126.95999908447266,123.53799896240234,118.51099891662598
126.66508483886719,127.5,128.82000732421875,123.27999877929688,124.19999694824219,15717800,2024-05-21,1,21,5,4.345104741115196,2.6570073533359437,3.0881807396059076,2.6087857957425653,127.49799957275391,124.36699905395508,119.26299896240235
125.45306396484375,126.27999877929688,127.87000274658203,125.23999786376953,127.79000091552734,11190100,2024-05-22,2,22,5,2.082677310924776,-1.181627768536148,3.111946535132314,2.628484971206929,127.19199981689454,125.06299896240235,119.98799896240234
125.44313049316406,126.2699966430664,131.9499969482422,124.66000366210938,131.77000427246094,20747400,2024-05-23,3,23,5,5.773337673192306,-4.173945094531652,3.784949851183878,3.019926636209248,126.86799926757813,125.90899887084962,120.72249870300293
128.64205932617188,129.49000549316406,130.39999389648438,126.5999984741211,127.81999969482422,14048900,2024-05-24,4,24,5,2.9345858839768817,1.3065293399523197,3.7062116463088857,3.0931610233540265,127.70800018310547,126.73399963378907,121.4549991607666
131.8012237548828,132.6699981689453,133.3000030517578,129.27000427246094,131.75999450683594,14143000,2024-05-28,1,28,5,3.037611242117433,0.6906524742319736,3.6346633702653177,3.196922221998887,128.44199981689454,127.7009994506836,122.3704990386963
130.71835327148438,131.5800018310547,133.10000610351562,129.89999389648438,130.0,11242500,2024-05-29,2,29,5,2.4319897875818413,1.2153860238882213,3.2520403795586477,3.1701105595822776,129.25800018310548,128.37799987792968,123.30149917602539
125.46300506591797,126.29000091552734,131.6699981689453,125.69999694824219,130.3000030517578,12639700,2024-05-30,3,30,5,4.727216072075516,-3.077514997937194,3.780948131788795,3.446447333460555,129.26000061035157,128.22600021362305,124.13099937438965
124.18144989013672,125.0,127.31999969482422,121.01000213623047,126.3499984741211,24153800,2024-05-31,4,31,5,5.047998046875,-1.0684594304902975,3.6358802065253344,3.7104150288546065,129.0060012817383,127.9370002746582,124.76449928283691
127.3307113647461,128.1699981689453,128.83999633789062,125.1500015258789,128.1300048828125,16134300,2024-06-03,0,3,6,2.8789848363326094,0.031213052843781827,3.6247599969964797,3.665485821652683,128.74199981689452,128.225,125.43799934387206
125.81071472167969,126.63999938964844,127.86000061035156,125.41999816894531,127.3499984741211,12995500,2024-06-04,1,4,6,1.9267233521525868,-0.5575179371650607,3.4025824190035103,3.5186228946344142,127.53600006103515,127.98899993896484,125.7634994506836
132.83441162109375,133.7100067138672,133.8699951171875,127.6500015258789,128.8000030517578,22301800,2024-06-05,2,5,6,4.651853473180263,3.812114554171484,3.8465551561231948,3.549297767840921,127.96200103759766,128.61000061035156,126.48849983215332
129.21824645996094,130.07000732421875,134.1300048828125,129.17999267578125,133.83999633789062,15505000,2024-06-06,3,6,6,3.8056522859206208,-2.8167880430556886,3.6622423988922157,3.721595265340506,128.71800231933594,128.98900146484374,127.02600021362305
130.08255004882812,130.94000244140625,132.5399932861328,129.6199951171875,130.2100067138672,12139500,2024-06-07,4,7,6,2.2300275809540855,0.5606295137847643,3.098648305708033,3.367264256116684,129.9060028076172,129.45600204467775,127.68250045776367
133.93716430664062,134.82000732421875,135.6699981689453,129.7100067138672,129.7100067138672,14652100,2024-06-10,0,10,6,4.420702515425162,3.9395577410029206,3.406991841526543,3.5158759192615117,131.2360046386719,129.9890022277832,128.36150093078612
134.185546875,135.07000732421875,135.85000610351562,131.77999877929688,135.32000732421875,14125000,2024-06-11,1,11,6,3.013257646791418,-0.1847472557409894,3.6242987004543097,3.5134405597289096,132.92200622558593,130.22900314331054,128.96500129699706
139.82830810546875,140.75,141.7100067138672,136.8300018310547,138.50999450683594,16973600,2024-06-12,2,12,6,3.4671437888543517,1.6172157836982015,3.387356763589127,3.6169559598561607,134.3300048828125,131.14600296020507,129.7620014190674
142.20266723632812,143.13999938964844,144.22000122070312,140.25999450683594,142.7899932861328,16312900,2024-06-13,3,13,6,2.7665269880904906,0.24511949014120177,3.179531704023101,3.420887051457659,136.94400329589843,132.83100280761718,130.52850151062012
140.43429565429688,141.36000061035156,142.49000549316406,139.64999389648438,141.8000030517578,14028500,2024-06-14,4,14,6,2.0090630902782536,-0.3102979068665087,3.1353388058879346,3.116993555797984,139.0280029296875,134.46700286865234,131.20200157165527
146.8619384765625,147.8300018310547,148.75,142.13999938964844,145.5800018310547,23909000,2024-06-17,0,17,6,4.471352586402389,1.545541950611541,3.14546882008338,3.2762303308049625,141.6300018310547,136.4330032348633,132.32900161743163
152.44515991210938,153.4499969482422,157.5399932861328,151.50999450683594,151.74000549316406,42192600,2024-06-18,1,18,6,3.929618050973803,1.1269219672956718,3.3287409009198576,3.476519800687084,145.30599975585938,139.11400299072267,133.55150146484374
143.2458038330078,144.19000244140625,157.41000366210938,142.91000366210938,157.00999450683594,41285000,2024-06-20,3,20,6,10.056175708778623,-8.165080258551011,4.646547284904711,4.01695202424692,145.99400024414064,140.16200256347656,134.38600158691406
138.62623596191406,139.5399932861328,142.60000610351562,135.6999969482422,137.64999389648438,49893500,2024-06-21,4,21,6,4.94482548893683,1.3730472019270528,5.082206985073979,4.1308693445485405,145.2739990234375,141.10900115966797,135.04900131225585
138.0996856689453,139.00999450683594,142.8300018310547,137.88999938964844,142.44000244140625,32410100,2024-06-24,0,24,6,3.5537030692878133,-2.408036981030853,5.391134980875892,4.263236893381913,144.8039978027344,141.91600036621094,135.68600120544434
140.1958770751953,141.1199951171875,141.1300048828125,137.75,140.07000732421875,31160600,2024-06-25,1,25,6,2.395128259468624,0.7496164332585156,4.975890115489138,4.06067946778626,143.46199645996094,142.5459991455078,136.26750068664552
141.42776489257812,142.36000061035156,144.07000732421875,139.5399932861328,143.0399932861328,55490300,2024-06-26,2,26,6,3.1820834635178716,-0.47538640079562466,4.826383197997951,4.077562049458905,141.2439971923828,143.2749984741211,136.75200080871582
131.36410522460938,132.22999572753906,137.38999938964844,131.0800018310547,135.7899932861328,68172700,2024-06-27,3,27,6,4.771986510228397,-2.6216935964436088,3.769545358287907,4.208046321596309,138.85199584960938,142.422998046875,136.78450050354004
130.66867065429688,131.52999877929688,135.4199981689453,130.75,132.82000732421875,38140600,2024-06-28,4,28,6,3.550519434567486,-0.9712456510960088,3.4906841474140378,4.2864455662440095,137.2499969482422,141.26199798583986,137.0465003967285
130.6587677001953,131.52000427246094,132.0800018310547,127.2699966430664,130.5,24749000,2024-07-01,0,1,7,3.6572422686542225,0.781612469318726,3.5113919872873196,4.451263484081606,135.7519989013672,140.2779983520508,137.37250061035155
131.7217559814453,132.58999633789062,132.7100067138672,129.4199981689453,129.91000366210938,20776000,2024-07-02,1,2,7,2.4813399470482373,2.062960973160929,3.5286343248032424,4.252262220146191,134.0459991455078,138.75399780273438,137.59350051879883
135.92405700683594,136.82000732421875,136.82000732421875,132.42999267578125,132.66000366210938,14507100,2024-07-03,2,3,7,3.2086057692093224,3.135838645614001,3.5339387859415323,4.180160991969743,132.93800048828126,137.09099884033202,138.10250091552734
130.7382354736328,131.60000610351562,137.1300048828125,130.91000366210938,136.82000732421875,30104600,2024-07-05,4,5,7,4.726444477373745,-3.8152323792334157,3.524830379370602,3.647187868829255,132.81200256347657,135.83199920654297,137.99700088500975
129.94776916503906,130.69000244140625,133.27000427246094,130.08999633789062,131.2899932861328,20500700,2024-07-08,0,8,7,2.433244988266063,-0.4569966299099012,3.301375490110318,3.396029818762179,132.64400329589844,134.9470001220703,138.02800064086915
130.39517211914062,131.13999938964844,135.2100067138672,130.8800048828125,131.75,21850900,2024-07-09,1,9,7,3.301816265980917,-0.46299856573173626,3.230290289575657,3.3708411384314885,132.56800231933593,134.16000061035157,138.03800048828126
135.61538696289062,136.38999938964844,136.5,132.6999969482422,133.10000610351562,22460200,2024-07-10,2,10,7,2.7861302652415882,2.471820537389076,3.291248353214327,3.4099413390087845,133.3280029296875,133.68700103759767,138.11650009155272
129.4903564453125,130.22999572753906,136.42999267578125,130.07000732421875,136.36000061035156,25401500,2024-07-11,3,11,7,4.88365626984167,-4.495456772788508,3.626258453340796,3.580098619641165,132.01000061035157,132.4740005493164,137.87449951171874
132.79151916503906,133.5500030517578,134.42999267578125,130.72000122070312,131.75,20726900,2024-07-12,4,12,7,2.777979311344758,1.3662262252431214,3.236565420134999,3.3806978997528008,132.4,132.6060012817383,137.51449966430664
130.12669372558594,130.8699951171875,135.35000610351562,130.02999877929688,133.91000366210938,20416000,2024-07-15,0,15,7,4.065108521976295,-2.270187784172291,3.5629381268770453,3.432156808493682,132.43599853515624,132.54000091552734,136.9009994506836
126.76592254638672,127.48999786376953,130.97000122070312,127.23999786376953,130.4199981689453,21312600,2024-07-16,1,16,7,2.9257223464065936,-2.246588212169943,3.4877193429621807,3.3590048162689192,131.70599822998048,132.1370002746582,136.2074993133545
118.8213119506836,119.5,123.02999877929688,119.2300033569336,122.58000183105469,31414100,2024-07-17,2,17,7,3.1799124873332896,-2.5126462596237236,3.566475787380521,3.4288620702974244,128.32799835205077,130.82800064086913,134.79099922180177
116.78294372558594,117.44999694824219,121.63999938964844,114.08999633789062,120.5,30404900,2024-07-18,3,18,7,6.428270113182672,-2.531122864529305,3.875398556048721,3.750828504694759,125.77199859619141,128.8909996032715,132.99099922180176
113.61106872558594,114.26000213623047,117.20999908447266,113.8499984741211,116.69000244140625,18038900,2024-07-19,4,19,7,2.9406621280695275,-2.082440872683983,3.907935119393675,3.572250269764337,121.91399841308593,127.15699920654296,131.49449920654297
114.6252670288086,115.27999877929688,115.58000183105469,113.63999938964844,115.36000061035156,23837800,2024-07-22,0,22,7,1.6828612612326421,-0.06934971448631279,3.4314856672449445,3.4972118970609953,118.7959991455078,125.61599884033203,130.28149948120117
113.60112762451172,114.25,116.33999633789062,113.83000183105469,115.12999725341797,14707700,2024-07-23,1,23,7,2.196931734648523,-0.764350972302176,3.285727544893331,3.386723443927756,116.1479995727539,123.92699890136718,129.0434997558594
109.6536636352539,110.27999877929688,114.04000091552734,110.0,111.47000122070312,25261000,2024-07-24,2,24,7,3.663403119556239,-1.067553986161824,3.38242567133792,3.4744507293592206,114.30399932861329,121.31599884033203,127.50149993896484
106.83972930908203,107.44999694824219,110.69999694824219,105.04000091552734,106.80000305175781,29068400,2024-07-25,3,25,7,5.267562767303957,0.6086084999167767,3.1502842021621773,3.51284137910545,112.30399932861329,119.03799896240234,125.75599975585938
108.78861236572266,109.41000366210938,110.62999725341797,107.77999877929688,110.0,18547900,2024-07-26,4,26,7,2.604879242050605,-0.5363603071732954,3.0831276249583928,3.495531372176034,111.33399963378906,116.6239990234375,124.6150001525879
107.23745727539062,107.8499984741211,111.02999877929688,107.13999938964844,110.54000091552734,13517700,2024-07-29,0,29,7,3.606860866652542,-2.4335104207769103,3.4679275460423726,3.449706606643659,109.8479995727539,114.32199935913086,123.43100013732911
101.9775161743164,102.55999755859375,109.25,102.16999816894531,109.0,23915100,2024-07-30,1,30,7,6.903278080725185,-5.908259120556193,4.4091968152577055,3.847462180075518,107.50999908447265,111.82899932861328,121.98299980163574
109.19628143310547,109.81999969482422,111.33999633789062,107.75,109.8499984741211,26503600,2024-07-31,2,31,7,3.2689822872580288,-0.02730885727225771,4.330312648798063,3.8563691600679917,107.41799926757812,110.8609992980957,120.84449996948243
100.93347930908203,101.51000213623047,107.86000061035156,99.94999694824219,107.18000030517578,31643700,2024-08-01,3,1,8,7.792339174117871,-5.290164352305479,4.835267930160846,3.9927760661615124,106.23000030517578,109.26699981689453,119.07899971008301
92.17350769042969,92.69999694824219,97.69000244140625,91.06999969482422,97.16000366210938,36039400,2024-08-02,4,2,8,7.141319271324488,-4.590373143024601,5.742555936015623,4.412841780487009,102.88799896240235,107.1109992980957,117.13399925231934
89.90646362304688,90.41999816894531,92.25,84.91000366210938,87.62999725341797,36977600,2024-08-05,0,5,8,8.117669195454088,3.183842294846724,6.644717601775932,5.056322573909152,99.4019989013672,104.62499923706055,115.1204990386963
88.4945297241211,89.0,90.86000061035156,87.1500015258789,89.19999694824219,26460000,2024-08-06,1,6,8,4.168538297160288,-0.2242118330544727,6.097769645062952,5.253483230160329,96.68999938964843,102.09999923706054,113.01349906921386
86.3070297241211,86.80000305175781,93.58000183105469,86.58000183105469,93.37999725341797,29483800,2024-08-07,2,7,8,8.064515845495976,-7.046470759474466,7.056876356710542,5.693594502754303,92.08600006103515,99.75199966430664,110.53399925231933
91.54708862304688,92.06999969482422,92.8499984741211,88.02999877929688,88.4800033569336,24760700,2024-08-08,3,8,8,5.235146856522883,4.057409812032179,6.5454378931915445,5.690352911676196,90.1979995727539,98.21399993896485,108.6259994506836
92.55136108398438,93.08000183105469,94.52999877929688,91.44999694824219,91.79000091552734,21627200,2024-08-09,4,9,8,3.308983423362045,1.4053828332723386,5.7789707235990555,5.7607633298073395,90.27400054931641,96.58099975585938,106.60249938964844
94.10249328613281,94.63999938964844,96.52999877929688,92.62999725341797,93.0999984741211,18886600,2024-08-12,0,12,8,4.120880759753557,1.6541363488372305,4.979613036458948,5.812165319117441,91.11800079345703,95.2599998474121,104.79099960327149
96.8865966796875,97.44000244140625,97.77999877929688,94.91000366210938,96.62000274658203,23565500,2024-08-13,1,13,8,2.945397213955653,0.8486852323684358,4.734984819818022,5.416377232440487,92.80600128173828,94.74800033569336,103.28849983215332
99.83972930908203,100.41000366210938,101.94999694824219,98.06999969482422,101.0,22459000,2024-08-14,2,14,8,3.8641540801796834,-0.5841547899907178,3.8949124667547634,5.475894411732654,95.52800140380859,93.80700073242187,102.3340000152588
106.34259033203125,106.94999694824219,108.05000305175781,102.75,103.51000213623047,29128000,2024-08-15,3,15,8,4.955589717616091,3.3233453202757253,3.839001038973405,5.192219466082475,98.50400085449219,94.35100021362305,101.80900001525879
107.37667846679688,107.98999786376953,109.47000122070312,105.3499984741211,106.83000183105469,18383300,2024-08-16,4,16,8,3.815170689955431,1.085833579362199,3.9402384922920826,4.8596046079455695,101.48600006103516,95.88000030517578,101.49549980163575
108.01303100585938,108.62999725341797,108.72000122070312,104.76000213623047,107.25,15744600,2024-08-19,0,19,8,3.6454010720763943,1.2867107257976398,3.84514255475665,4.4123777956078,104.28399963378907,97.70100021362305,101.16299972534179
107.37667846679688,107.98999786376953,109.19000244140625,106.16000366210938,108.33000183105469,16075500,2024-08-20,1,20,8,2.805814278392013,-0.31385946786505836,3.8172259676439224,4.2761053937309725,106.39399871826171,99.6,100.84999961853028
107.71475219726562,108.33000183105469,108.4000015258789,106.20999908447266,108.16000366210938,13658900,2024-08-21,2,21,8,2.0216028841406772,0.15717285797843059,3.448715728436121,3.671814097595443,107.97799835205078,101.75299987792968,100.75249977111817
103.66786193847656,104.26000213623047,111.0,103.95999908447266,108.94999694824219,17967000,2024-08-22,3,22,8,6.752350634262011,-4.304722297734206,3.808067911765305,3.8235344753693554,107.43999938964843,102.97200012207031,100.59300003051757
102.26586151123047,102.8499984741211,104.41000366210938,100.30999755859375,103.04000091552734,25465100,2024-08-23,4,23,8,3.9863939371348267,-0.18439677767667614,3.842312561201184,3.8912755267466337,106.41199951171875,103.94899978637696,100.26499977111817
98.3482437133789,98.91000366210938,102.19000244140625,97.61000061035156,100.66999816894531,26752300,2024-08-26,0,26,8,4.630473826187111,-1.7482810557742323,4.039327112023328,3.942234833389989,104.46800079345704,104.37600021362304,99.81800003051758
97.30421447753906,97.86000061035156,98.48999786376953,96.66999816894531,97.08999633789062,17234600,2024-08-27,1,27,8,1.8597993904280647,0.7930830173081729,3.850124134430538,3.83367505103723,102.44200134277344,104.41800003051758,99.58300018310547
94.32124328613281,94.86000061035156,97.68000030517578,92.69999694824219,97.36000061035156,25564300,2024-08-28,2,28,8,5.2498453772834495,-2.567789630574626,4.495772633059092,3.9722441807476065,99.74800109863281,103.8629997253418,98.83500022888184
95.0272216796875,95.56999969482422,97.9800033569336,94.98999786376953,96.55999755859375,18984300,2024-08-29,3,29,8,3.128602597794078,-1.0252670762225204,3.7710230257655057,3.789545468765405,98.01000061035157,102.725,98.53800010681152
95.69339752197266,96.23999786376953,98.41000366210938,94.98999786376953,96.91999816894531,18819400,2024-08-30,4,30,8,3.5536220638543234,-0.7016099030361558,3.6844686511094045,3.763390606155295,96.68800048828125,101.55,98.71500015258789
88.07691955566406,88.58000183105469,93.87999725341797,88.30999755859375,93.62999725341797,28897200,2024-09-03,1,3,9,6.288100676998935,-5.393565705972431,4.015994021271769,4.027660566647549,94.62200012207032,99.54500045776368,98.62300033569336
88.78288269042969,89.29000091552734,90.7300033569336,87.80999755859375,88.36000061035156,16356500,2024-09-04,2,4,9,3.2702494886323388,1.0525127871794397,4.298084040912625,4.074104087671582,92.90800018310547,97.67500076293945,98.63750038146972
88.88231658935547,89.38999938964844,90.69999694824219,87.76000213623047,88.0999984741211,13890700,2024-09-05,3,5,9,3.2889527151648874,1.4642462404880456,3.9059055084889116,4.200839070774002,91.81399993896484,95.78100051879883,98.76700019836426
85.88941192626953,86.37999725341797,89.6500015258789,85.26000213623047,89.37000274658203,23587100,2024-09-06,4,6,9,5.082194407542343,-3.345647757942377,4.296623870438564,4.033823448102035,89.97599945068359,93.99300003051758,98.48250007629395
85.78002166748047,86.2699966430664,87.95999908447266,85.01000213623047,87.8499984741211,20526400,2024-09-09,0,9,9,3.4194935238580206,-1.7985223204302336,4.269798162439304,3.9771334067743553,87.98199920654297,92.3349998474121,98.14199981689453
86.35673522949219,86.8499984741211,87.19000244140625,84.87000274658203,86.97000122070312,17019000,2024-09-10,1,10,9,2.67127200412734,-0.13798176945807,3.5464324278649855,3.781213224568378,87.63599853515625,91.12899932861328,97.75249977111817
90.13516998291016,90.6500015258789,90.83000183105469,86.08000183105469,88.19999694824219,20879600,2024-09-11,2,11,9,5.239933723160459,2.77778306395457,3.9403692747706094,4.119226657841618,87.90799865722656,90.40799942016602,97.41299972534179
86.71469116210938,87.20999908447266,88.02999877929688,84.12000274658203,87.0999984741211,30900000,2024-09-12,3,12,9,4.4834262971698635,0.12629232178947233,4.179263991171605,4.04258474983026,87.47199859619141,89.64299926757812,96.75299949645996
90.7019271850586,91.22000122070312,91.47000122070312,87.87000274658203,88.08999633789062,21267200,2024-09-13,4,13,9,3.9465012343192605,3.5531899340835524,3.952125356526988,4.124374613482777,88.43999938964843,89.20799942016602,95.96649971008301
86.68485260009766,87.18000030517578,88.23999786376953,85.91999816894531,87.23999786376953,26494300,2024-09-16,0,16,9,2.661160457333106,-0.06877299411153101,3.8004587432220047,4.035128452830655,88.62200012207032,88.30199966430663,94.92599983215332
88.22607421875,88.7300033569336,89.56999969482422,87.54000091552734,88.05999755859375,17744800,2024-09-17,1,17,9,2.287838050823477,0.7608514841191454,3.7237719525612327,3.6351021902131095,88.99800109863281,88.31699981689454,93.93100013732911
86.85389709472656,87.3499984741211,89.19999694824219,86.70999908447266,87.98999786376953,20130600,2024-09-18,2,18,9,2.8505986345348764,-0.7273547052919768,3.2459049348361155,3.5931371048033633,88.33800048828125,88.12299957275391,92.89900016784668
88.74311065673828,89.25,90.38999938964844,87.58000183105469,89.3499984741211,25208900,2024-09-19,3,19,9,3.1484566482843137,-0.11191771217551483,2.9789110050590057,3.5790874981153054,88.74600067138672,88.10899963378907,91.94500007629395
90.38372802734375,90.9000015258789,90.97000122070312,88.33000183105469,88.4000015258789,28711000,2024-09-20,4,20,9,2.904289708836626,2.8280542498272814,2.7704686999624792,3.361297028244734,88.68200073242187,88.56100006103516,91.27700004577636
93.03857421875,93.56999969482422,94.80000305175781,92.58000183105469,92.68000030517578,23394100,2024-09-23,0,23,9,2.3725566185140465,0.9602928212320418,2.712747932198667,3.2566033377103367,89.96000061035156,89.29100036621094,90.81300010681153
93.46613311767578,94.0,95.0,92.76000213623047,94.7300033569336,23043200,2024-09-24,1,24,9,2.38297645081865,-0.770614727187342,2.731775612197702,3.227773782379468,91.01399993896484,90.00600051879883,90.56749992370605
95.22607421875,95.7699966430664,96.18000030517578,93.93000030517578,94.16000366210938,54762900,2024-09-25,2,25,9,2.3493788022001527,1.709848044116956,2.6315316457307576,2.938718290283437,92.6979995727539,90.51800003051758,90.4629997253418
109.25593566894531,109.87999725341797,114.80000305175781,107.52999877929688,113.0999984741211,107965900,2024-09-26,3,26,9,6.616312754080264,-2.847039137175504,3.325102866889947,3.1520069359744776,96.8239990234375,92.78499984741211,91.21399955749511
106.88946533203125,107.5,110.97000122070312,107.02999877929688,110.5,42960200,2024-09-27,4,27,9,3.6651185501453485,-2.7149321266968327,3.4772686351516917,3.123868667557086,100.14399871826171,94.41299972534179,91.81049957275391
103.12098693847656,103.70999908447266,106.75,102.26000213623047,106.08000183105469,39544700,2024-09-30,0,30,9,4.329377980335716,-2.2341654465245475,3.8686329075160257,3.2906904198573472,102.1719985961914,96.06599960327148,92.18399963378906
99.74028778076172,100.30999755859375,104.19999694824219,98.94000244140625,103.4000015258789,34309800,2024-10-01,1,1,10,5.243739043821065,-2.9883983768721625,4.440785426116508,3.5862805191571057,103.43399810791016,97.2239990234375,92.77049942016602
99.28291320800781,99.8499984741211,102.12000274658203,99.33000183105469,100.58999633789062,26334900,2024-10-02,2,2,10,2.7941922465331337,-0.7356575113928959,4.529748114983105,3.5806398803569315,104.2499984741211,98.4739990234375,93.2984992980957
101.24171447753906,101.81999969482422,102.52999877929688,99.4000015258789,99.47000122070312,22176700,2024-10-03,3,3,10,3.074049560792795,2.3625198002229224,3.8212954763256106,3.5731991716077793,102.63799896240235,99.73099899291992,93.9199993133545
101.66927337646484,102.25,104.23999786376953,101.4000015258789,103.6500015258789,21911200,2024-10-04,4,4,10,2.7775025309443766,-1.3507009216293737,3.6437722724854167,3.5605204538185546,101.58799896240234,100.86599884033203,94.7134994506836
102.44073486328125,102.91000366210938,104.58999633789062,100.80999755859375,102.16000366210938,21749300,2024-10-07,0,7,10,3.673111111440607,0.7341424952181861,3.512518898706394,3.690575903111211,101.4279998779297,101.79999923706055,95.54549980163574
102.07243347167969,102.54000091552734,102.94000244140625,101.26000213623047,102.18000030517578,18858300,2024-10-08,1,8,10,1.638385303467833,0.35232003256641914,2.7914481506357482,3.6161167883761287,101.8740005493164,102.65399932861328,96.32999992370605
101.23625183105469,101.69999694824219,102.29000091552734,100.31999969482422,102.25,18442700,2024-10-09,2,9,10,1.9370710716006319,-0.537900295117665,2.6200239156492477,3.574886015316177,102.24400024414062,103.24699935913085,96.88249969482422
105.20806121826172,105.69000244140625,106.58000183105469,100.8499984741211,101.37000274658203,27605600,2024-10-10,3,10,10,5.421518804591063,4.261615446163021,3.089517764408902,3.455406620367257,103.01800079345703,102.82799987792968,97.8064998626709
106.43244171142578,106.91999816894531,107.6500015258789,104.98999786376953,105.04000091552734,19133900,2024-10-11,4,11,10,2.4878448444287082,1.7897917336556892,3.0315862271057683,3.337679249795593,103.95200042724609,102.76999969482422,98.59149971008301
107.84597778320312,108.33999633789062,108.70999908447266,106.80000305175781,107.80999755859375,15021900,2024-10-14,0,14,10,1.7629648304195535,0.491604481308726,2.649556970901557,3.0810379348039767,105.03799896240234,103.23299942016601,99.64949951171874
103.84430694580078,104.31999969482422,109.48999786376953,102.70999908447266,107.86000061035156,23419100,2024-10-15,1,15,10,6.499231977694553,-3.282033094284632,3.6217263057469014,3.2065872281913252,105.39399871826171,103.63399963378906,100.42899932861329
108.74187469482422,109.23999786376953,109.62999725341797,105.61000061035156,106.0199966430664,20450900,2024-10-16,2,16,10,3.679967705674659,3.0371640470276415,3.9703056325617068,3.2951647741054777,106.9019989013672,104.5729995727539,101.5234992980957
111.53907012939453,112.05000305175781,114.13999938964844,111.01000213623047,111.33999633789062,26584800,2024-10-17,3,17,10,2.7933932781529416,0.6376924171188982,3.4446805272740826,3.2670991458414926,108.1739990234375,105.59599990844727,102.66349945068359
110.6431655883789,111.1500015258789,112.9000015258789,109.86000061035156,111.75,16700400,2024-10-18,4,18,10,2.7350435211820887,-0.5369113862381152,3.494120262624759,3.2628532448652634,109.01999969482422,106.48600006103516,103.67599945068359
108.58261108398438,109.08000183105469,111.13999938964844,107.69000244140625,111.0999984741211,14829400,2024-10-21,0,21,10,3.1628134308116467,-1.8181788216108132,3.7740899827031775,3.211823476802368,109.16800079345703,107.10299987792969,104.45149955749511
107.32835388183594,107.81999969482422,108.5199966430664,106.37000274658203,108.23999786376953,13758100,2024-10-22,1,22,10,1.9940585258484127,-0.38802492353512485,2.873055292333949,3.2473907990404256,109.86800079345703,107.63099975585938,105.14249954223632
104.57098388671875,105.05000305175781,107.0999984741211,103.54000091552734,106.55999755859375,15174700,2024-10-23,2,23,10,3.3888600239637787,-1.4170369195116042,2.8148337559917733,3.39256969427674,109.03000183105469,107.96600036621093,105.6064998626709
106.3627700805664,106.8499984741211,107.52999877929688,105.55000305175781,106.77999877929688,13206300,2024-10-24,3,24,10,1.853061072358007,0.06555506239412946,2.6267673148327857,3.035723921053435,107.99000091552735,108.08199996948242,105.45499992370605
107.4179458618164,107.91000366210938,109.87999725341797,107.72000122070312,108.33999633789062,12265000,2024-10-25,4,25,10,2.001664312308134,-0.3968919054050818,2.4800914730579953,2.9871058678413775,107.34200134277344,108.18100051879883,105.47550010681152
105.90486907958984,106.38999938964844,108.18000030517578,106.31999969482422,106.77999877929688,12381000,2024-10-28,0,28,10,1.7482851969379158,-0.3652363683338539,2.197185826283249,2.9856379044932138,106.80400085449219,107.9860008239746,105.60950012207032
107.68670654296875,108.18000030517578,108.75,105.5999984741211,106.58999633789062,15164600,2024-10-29,1,29,10,2.9118150462125643,1.4917009305871807,2.380737130356079,2.6268962113450147,106.8760009765625,108.37200088500977,106.00300025939941
103.60540771484375,104.08000183105469,106.80000305175781,103.63999938964844,106.26000213623047,14321800,2024-10-30,2,30,10,3.0361295220178546,-2.051571862741839,2.3101910299668944,2.5625123929793343,106.68200073242187,107.85600128173829,106.2145004272461
99.19560241699219,99.6500015258789,102.48999786376953,99.06999969482422,102.19999694824219,19830300,2024-10-31,3,31,10,3.432010152109376,-2.495103227502729,2.6259808459171685,2.6263740803749775,105.24200134277343,106.61600112915039,106.10600051879882
99.27523803710938,99.7300033569336,100.61000061035156,99.37000274658203,100.0,13623400,2024-11-01,4,1,11,1.2433548802074939,-0.26999664306640625,2.4743189594970403,2.477205216277518,103.60600128173829,105.47400131225587,105.98000068664551
101.26612091064453,101.7300033569336,103.79000091552734,101.0,101.5,15765800,2024-11-04,0,4,11,2.7425546283904514,0.22660429254541253,2.673172845787547,2.435179336035399,102.67400207519532,104.73900146484375,105.92100067138672
105.00897216796875,105.48999786376953,105.62000274658203,101.79000091552734,102.0,12071900,2024-11-05,1,5,11,3.630677702734222,3.4215665331073835,2.816945377091879,2.59884125372398,102.13600158691406,104.50600128173828,106.06850051879883
111.320068359375,111.83000183105469,112.31999969482422,107.0,108.37999725341797,20304500,2024-11-06,2,6,11,4.757220430758214,3.183248445347157,3.161163558839951,2.7356772944034233,103.68600158691406,105.18400115966797,106.57500076293945
112.89286804199219,113.41000366210938,113.86000061035156,111.37000274658203,112.55999755859375,13569800,2024-11-07,3,7,11,2.195571628044526,0.7551582462261066,2.9138758540269807,2.7699283499720755,106.43800201416016,105.84000167846679,106.96100082397462
111.38973999023438,111.9000015258789,114.30000305175781,110.56999969482422,112.13999938964844,13045700,2024-11-08,4,8,11,3.3333362878203023,-0.21401628774369805,3.331872135549543,2.903095547523292,108.87200164794922,106.23900146484375,107.21000099182129
108.1545639038086,108.6500015258789,111.51000213623047,106.7699966430664,110.94999694824219,14479700,2024-11-11,0,11,11,4.362637300133916,-2.073001789658653,3.6558886698982356,3.164530757842892,110.25600128173828,106.46500167846679,107.2255012512207
103.62531280517578,104.0999984741211,105.08999633789062,102.06999969482422,105.0,21859700,2024-11-12,1,12,11,2.9010534940758594,-0.857144310360863,3.5099638281665633,3.163454602629222,109.97800140380859,106.05700149536133,107.21450119018554
99.46437072753906,99.91999816894531,103.33999633789062,99.81999969482422,102.80000305175781,18416200,2024-11-13,2,13,11,3.5228149595387057,-2.801561086882919,3.263082733922661,3.2121231463813067,107.59600067138672,105.6410011291504,106.74850120544434
98.72775268554688,99.18000030517578,102.29000091552734,98.55999755859375,101.29000091552734,18459700,2024-11-14,3,14,11,3.760842251922176,-2.083128237022365,3.5761368586981916,3.2450063563625866,104.75,105.59400100708008,106.10500106811523
95.90069580078125,96.33999633789062,98.19999694824219,95.63999938964844,97.55000305175781,18518300,2024-11-15,4,15,11,2.657253120100961,-1.2403963875072208,3.4409202251543234,3.386396180351934,101.63799896240235,105.25500030517578,105.36450080871582
97.06536865234375,97.51000213623047,98.06999969482422,95.52999877929688,96.55000305175781,14236400,2024-11-18,0,18,11,2.604861921732632,0.9943024900351656,3.089365149474066,3.3726269096861516,99.40999908447266,104.83300018310547,104.7860008239746
97.28436279296875,97.7300033569336,98.18000030517578,96.51000213623047,97.0,14160300,2024-11-19,1,19,11,1.7087875898725549,0.7525807803439111,2.850911968633405,3.1804378983999846,98.13600006103516,104.05700073242187,104.28150100708008
97.92144775390625,98.37000274658203,98.52999877929688,96.52999877929688,97.9800033569336,10490600,2024-11-20,2,20,11,2.0331401282485904,0.3980397798392594,2.552977002375382,2.9080298681490224,97.8260009765625,102.71100082397462,103.94750099182129
102.29142761230469,102.76000213623047,103.29000091552734,98.05999755859375,100.0999984741211,18915200,2024-11-21,3,21,11,5.089532160577518,2.6573463563009616,2.8187149841064505,3.1974259214023215,98.54200134277343,101.64600067138672,103.74300117492676
102.17196655273438,102.63999938964844,103.70999908447266,101.6500015258789,102.36000061035156,12063700,2024-11-22,4,22,11,2.0070124423651423,0.27354315907317317,2.688666848559287,3.0647935368568056,99.802001953125,100.72000045776367,103.47950096130371
104.00358581542969,104.4800033569336,106.4000015258789,103.80999755859375,103.8499984741211,22837900,2024-11-25,0,25,11,2.4789470559614757,0.6066489090700314,2.6634838754050554,2.8764245124395615,101.19600219726563,100.30300064086914,103.38400115966797
101.33580017089844,101.80000305175781,104.72000122070312,100.30999755859375,104.0,19275700,2024-11-26,1,26,11,4.33202704313006,-2.1153816810021033,3.1881317660565562,3.0195218673449817,102.01000213623047,100.07300109863282,103.06500129699707
97.7522201538086,98.19999694824219,101.04000091552734,96.63999938964844,100.94000244140625,17046400,2024-11-27,2,27,11,4.4806534242541725,-2.714489228147764,3.677634425257673,3.115305713816528,101.9760009765625,99.9010009765625,102.77100105285645
97.50335693359375,97.94999694824219,98.19999694824219,96.0999984741211,97.23999786376953,13729400,2024-11-29,4,29,11,2.143949504389219,0.7301512752677605,3.0885178940200126,2.9536164390632322,101.01399993896484,99.77800064086914,102.68600082397461
98.10061645507812,98.55000305175781,100.08999633789062,97.52999877929688,97.5999984741211,16525600,2024-12-02,0,2,12,2.5976636015417025,0.9733653611568601,3.206648125855325,2.9476574872073065,100.19600067138671,99.99900131225586,102.62700080871582
99.3847427368164,99.83999633789062,103.68000030517578,99.62999725341797,101.12000274658203,23479700,2024-12-03,1,3,12,4.056493590055132,-1.265829088137235,3.5221574326740566,3.0928206540395564,99.26799926757812,100.23200073242188,102.53250045776367
102.72941589355469,103.19999694824219,103.41000366210938,99.80000305175781,100.7699966430664,16306200,2024-12-04,2,4,12,3.498062710372059,2.4114323569772393,3.3553645661224563,3.2717481660895076,99.547998046875,100.77900009155273,102.41800041198731
100.41004180908203,100.87000274658203,104.25,100.61000061035156,103.87999725341797,13448900,2024-12-05,3,5,12,3.608604431976957,-2.8975689126107476,3.1809547676670133,3.429294596462344,100.08199920654297,101.02900009155273,101.87000045776367
100.70867156982422,101.16999816894531,102.19000244140625,100.02999877929688,100.87999725341797,12381000,2024-12-06,4,6,12,2.1350239213233473,0.2874711770648052,3.179169651053839,3.1338437725369266,100.72599945068359,100.86999969482422,101.25800018310547
102.35115051269531,102.81999969482422,104.5,100.37000274658203,100.6500015258789,14141900,2024-12-09,0,9,12,4.016725603653027,2.155984238497371,3.4629820514761036,3.334815088665715,101.57999877929687,100.8879997253418,100.80400009155274
97.65267181396484,98.0999984741211,105.0,97.2699966430664,104.95999908447266,23548500,2024-12-10,1,10,12,7.879718121476606,-6.535823809250016,4.227626957760398,3.874892195217228,101.23199920654297,100.24999923706055,100.27649993896485
101.59461212158203,102.05999755859375,102.66000366210938,98.30000305175781,99.5,15248400,2024-12-11,2,11,12,4.271997564813225,2.572861867933417,4.382413928648631,3.868889247385545,101.00399932861328,100.27599868774413,100.17449989318848
97.79203796386719,98.23999786376953,101.9800033569336,97.76000213623047,101.4000015258789,19334900,2024-12-12,3,12,12,4.295603941843572,-3.116374373330647,4.519813830621954,3.8503842991444843,100.47799835205078,100.27999877929688,100.09049987792969
102.0326156616211,102.5,103.19999694824219,99.66999816894531,100.7699966430664,23926000,2024-12-13,4,13,12,3.4439012480945124,1.7167841764065679,4.781589295976188,3.9803794735150135,100.74399871826172,100.73499908447266,100.25649986267089
107.76634216308594,108.26000213623047,111.12999725341797,104.54000091552734,105.61000061035156,42741200,2024-12-16,0,16,12,6.087193984716546,2.5092335106180856,5.195682972188891,4.329332511832499,101.83199920654297,101.70599899291992,100.8525001525879
108.10479736328125,108.5999984741211,110.48999786376953,107.68000030517578,109.75,35811500,2024-12-17,1,17,12,2.5874747680253054,-1.0478373812108486,4.137234301498632,4.182430629629516,103.93199920654297,102.58199920654297,101.40699996948243
103.42622375488281,103.9000015258789,112.04000091552734,102.7300033569336,110.25,63024300,2024-12-18,2,18,12,8.960536498428118,-5.759635804191468,5.07494208822161,4.728678008435121,104.3,102.65199966430664,101.71549987792969
86.69287872314453,87.08999633789062,91.0,84.61000061035156,90.08000183105469,91396800,2024-12-19,3,19,12,7.337236948382225,-3.3192777890611356,5.68326868952934,5.101541260075648,102.06999969482422,101.2739990234375,101.15149955749511
89.70906066894531,90.12000274658203,90.25,83.54000091552734,85.41000366210938,49578400,2024-12-20,4,20,12,7.445626808668895,5.514575439085437,6.483613801644216,5.632601548810204,99.59400024414063,100.16899948120117,100.51949958801269
89.3108901977539,89.72000122070312,91.0999984741211,88.4000015258789,90.0,26041500,2024-12-23,0,23,12,3.0093590186210966,-0.3111097547743055,5.868046808425127,5.53186489030701,95.88600006103516,98.85899963378907,99.87349967956543
88.87289428710938,89.27999877929688,89.69999694824219,88.2300033569336,89.58000183105469,13021300,2024-12-24,1,24,12,1.646498220662465,-0.33489958207816256,5.6798514989525595,4.908542900225596,92.02200012207031,97.97699966430665,99.11349945068359
89.4104232788086,89.81999969482422,90.62999725341797,88.0999984741211,88.5,14468200,2024-12-26,3,26,12,2.816743250827091,1.4915250788974221,4.451092849432354,4.763017468826982,89.20599975585938,96.75299987792968,98.51449928283691
88.2258529663086,88.62999725341797,89.48999786376953,87.58000183105469,89.0,19422600,2024-12-27,4,27,12,2.155022105273941,-0.4157334231258778,3.414649880810697,4.548959285170019,89.51399993896484,95.79199981689453,98.0359992980957
85.03132629394531,85.30999755859375,87.05000305175781,84.58000183105469,86.98999786376953,22022900,2024-12-30,0,30,12,2.8953244536276608,-1.9312568645038268,2.5045894098024504,4.494101605723335,88.55199890136718,94.0729995727539,97.40399932861328
83.88507843017578,84.16000366210938,86.4000015258789,84.08999633789062,85.44000244140625,18691500,2024-12-31,1,31,12,2.744777908117291,-1.4981258692901878,2.4516731877016893,4.159859998063409,87.43999938964843,91.66299972534179,96.68449935913085
87.04473114013672,87.33000183105469,87.6500015258789,84.73999786376953,84.9800033569336,18860000,2025-01-02,3,2,1,3.3321923750087143,2.765354649670481,2.788812018570939,4.2343317587617495,87.05,89.53600006103515,96.05899963378906
89.57643127441406,89.87000274658203,90.19999694824219,87.51000213623047,87.94999694824219,17484600,2025-01-03,4,3,1,2.993206553689602,2.1830652245158695,2.824104679143441,3.6375987642878984,87.06000061035157,88.13300018310547,95.39249992370605
98.93575286865234,99.26000213623047,101.5199966430664,95.4800033569336,95.56999969482422,42903300,2025-01-06,0,6,1,6.0850223213204835,3.8610468276543157,3.6101047223527503,3.5123773015817243,89.18600158691406,89.35000076293946,95.31199989318847
101.57710266113281,101.91000366210938,106.73999786376953,101.16000366210938,103.41000366210938,53570000,2025-01-07,1,7,1,5.475413601358572,-1.4505366472099037,4.126122551898932,3.315355980850692,92.5060028076172,90.52900085449218,95.34900016784668
99.08527374267578,99.41000366210938,103.4800033569336,98.30000305175781,102.81999969482422,33516900,2025-01-08,2,8,1,5.210743501008606,-3.3164715452595908,4.619315670477195,3.535494429089443,95.55600280761719,91.49800109863281,95.17850036621094
99.01549530029297,99.33999633789062,100.77999877929688,96.87000274658203,98.12000274658203,20512600,2025-01-10,4,10,1,3.9359736026318726,1.2433688923343325,4.740071916001826,3.764441967286383,97.95800170898437,92.50400085449219,95.24050025939941
94.74947357177734,95.05999755859375,96.0,92.87999725341797,95.83999633789062,22699100,2025-01-13,0,13,1,3.2821405709156495,-0.8138551847883368,4.797858719447037,3.8109816992952394,98.99600067138672,93.02800064086914,94.89050025939942
97.04196166992188,97.36000061035156,97.41000366210938,95.37999725341797,97.05000305175781,18613400,2025-01-14,1,14,1,2.085051762495132,0.31942045218527704,3.997864607681966,3.8039846650173588,98.61600036621094,93.9010009765625,94.84650039672852
102.8529281616211,103.19000244140625,103.93000030517578,99.3499984741211,99.44000244140625,27568100,2025-01-15,2,15,1,4.438416244495509,3.7711181696819036,3.790465136309353,3.9582938441041433,98.87200012207032,95.68900146484376,94.88100051879883
102.26484680175781,102.5999984741211,104.80000305175781,101.87000274658203,104.31999969482422,16243800,2025-01-16,3,16,1,2.8557508272427685,-1.6487741811107979,3.3194666015561856,3.9693911360166916,99.50999908447265,97.53300094604492,94.59800033569336
105.40454864501953,105.75,105.87999725341797,102.5,104.63999938964844,18908900,2025-01-17,4,17,1,3.196214896849143,1.0607804059881998,3.1715148603996397,3.955793388200734,100.79199981689453,99.37500076293945,94.4555004119873
109.022705078125,109.37999725341797,110.23999786376953,105.2300033569336,105.43000030517578,23533600,2025-01-21,1,21,1,4.580357133515454,3.746558794279235,3.431158172919601,4.1145084461833195,103.65599975585937,101.32600021362305,94.72950019836426
108.87318420410156,109.2300033569336,110.66999816894531,107.76000213623047,109.16999816894531,20004300,2025-01-22,2,22,1,2.6640995544106847,0.05496490702090204,3.5469677313027113,3.7724161694923395,106.03000030517578,102.32300033569337,95.83650054931641
104.49752044677734,104.83999633789062,106.18000030517578,103.3499984741211,104.79000091552734,22677600,2025-01-23,3,23,1,2.699353233410869,0.04771010776455975,3.199155129085783,3.4948101326975687,106.35999908447266,102.61599960327149,96.57250022888184
102.8529281616211,103.19000244140625,105.72000122070312,102.72000122070312,105.5,19743800,2025-01-24,4,24,1,2.907258386492889,-2.1895711455864926,3.2094566409358074,3.264461621245997,106.47799987792969,102.99399948120117,97.24600028991699
90.8123779296875,91.11000061035156,96.0999984741211,88.36000061035156,94.86000061035156,50696200,2025-01-27,0,27,1,8.495223149949297,-3.953194155462384,4.269258291555838,3.72038657597774,103.55,102.17099990844727,97.33750038146972
87.96172332763672,88.25,93.44999694824219,88.04000091552734,92.61000061035156,34793600,2025-01-28,1,28,1,6.13030711922362,-4.70791554002454,4.579248288697471,4.005203230808537,99.32400054931641,101.4900001525879,97.25900039672851
88.71923828125,89.01000213623047,90.44999694824219,87.76000213623047,89.87999725341797,25342800,2025-01-29,2,29,1,3.0221264436042388,-0.9679518733568004,4.6508536665361815,4.098910698919447,95.28000030517578,100.65500030517578,97.27800064086914
92.19783782958984,92.5,93.16000366210938,90.30000305175781,90.66000366210938,22497100,2025-01-30,3,30,1,3.091892551731419,2.0295568757622244,4.729361530200292,3.9642583296430383,92.81200103759765,99.58600006103515,97.63750076293945
90.94195556640625,91.23999786376953,94.2699966430664,91.13999938964844,91.6500015258789,20492100,2025-01-31,4,31,1,3.430510002960948,-0.44735805268219625,4.834011853493903,4.021734247214856,90.42200012207032,98.45,97.99150047302246
89.62625885009766,89.91999816894531,91.4000015258789,88.0199966430664,88.6500015258789,18607900,2025-02-03,0,3,2,3.75890230387017,1.4325963014176215,3.8867476842780784,4.078002987916959,90.18399963378906,96.86699981689453,98.12100028991699
90.36385345458984,90.66000366210938,91.44999694824219,88.80000305175781,89.05000305175781,12827500,2025-02-04,1,4,2,2.923002194397571,1.8079736722926274,3.2452866993128686,3.912267494005171,90.66600036621094,94.99500045776367,98.16050033569336
93.29424285888672,93.5999984741211,93.6500015258789,90.22000122070312,90.38999938964844,15660000,2025-02-05,2,5,2,3.6645303003120473,3.5512768073325915,3.3737674706544296,4.012310568595306,91.58399963378906,93.43199996948242,97.87750015258788
94.23117065429688,94.54000091552734,96.61000061035156,93.58000183105469,94.87999725341797,16141100,2025-02-06,3,6,2,3.2049912734866757,-0.3583435368179007,3.3963872150054817,4.062874372602887,91.99199981689453,92.4020004272461,97.50900001525879
91.99850463867188,92.30000305175781,95.93000030517578,91.58999633789062,95.58999633789062,15602800,2025-02-07,4,7,2,4.702062647659363,-3.4417757214922102,3.6506977439451647,4.242354798719535,92.2040008544922,91.31300048828125,97.15349998474122
95.61663818359375,95.93000030517578,96.26000213623047,93.16999816894531,93.19000244140625,16217900,2025-02-10,0,10,2,3.22110284317224,2.940227269005944,3.5431378518055787,3.714942768041829,93.40600128173828,91.79500045776368,96.98300018310547
93.7726821899414,94.08000183105469,95.83999633789062,93.55999755859375,94.25,12124000,2025-02-11,1,11,2,2.423468043071694,-0.18036941002155174,3.443231021540403,3.344258860426637,94.09000091552734,92.37800064086915,96.93400039672852
91.38050842285156,91.68000030517578,92.63999938964844,87.3499984741211,89.5999984741211,22874700,2025-02-12,2,12,2,5.770070787432903,2.3214306545501207,3.864339118964575,3.619053294809503,93.70600128173828,92.64500045776367,96.65000038146972
95.34751892089844,95.66000366210938,96.06999969482422,92.0199966430664,92.05999755859375,16579900,2025-02-13,3,13,2,4.233747539947049,3.9104998902746186,4.070090372256649,3.733238793631066,93.93000183105468,92.96100082397462,96.27350044250488
99.19490051269531,99.5199966430664,100.69999694824219,98.0,98.41000366210938,21284500,2025-02-14,4,14,2,2.7130195330752125,1.127926978611027,3.672281749339819,3.6614897466424927,95.3740005493164,93.7890007019043,96.11950035095215
106.44115447998047,106.79000091552734,107.87999725341797,102.05000305175781,102.63999938964844,29641900,2025-02-18,1,18,2,5.459307193256584,4.043259499763254,4.119922619356688,3.831530235581134,97.54600067138672,95.4760009765625,96.17150039672852
104.01910400390625,104.36000061035156,107.19000244140625,103.62000274658203,105.76000213623047,17875900,2025-02-19,2,19,2,3.4208505882953273,-1.3237533071108971,4.319399128401415,3.88131507497091,99.6020004272461,96.84600067138672,95.92050056457519
102.84294891357422,103.18000030517578,104.8499984741211,102.33999633789062,103.9800033569336,14488000,2025-02-20,3,20,2,2.432644048077756,-0.7693816367860953,3.6519137805303847,3.7581264497474804,101.9020004272461,97.80400085449219,95.61800041198731
98.51712036132812,98.83999633789062,103.66000366210938,97.75,103.63999938964844,18650800,2025-02-21,4,21,2,5.979364509389158,-4.631419413378766,4.001037174418807,4.035563773337729,102.53799896240234,98.23400039672852,95.3180004119873
95.09833526611328,95.41000366210938,100.69999694824219,95.27999877929688,100.22000122070312,14883700,2025-02-24,0,24,2,5.680744115826695,-4.799438734790313,4.594582090969103,4.133431920154462,101.71600036621093,98.54500045776368,94.92900047302246
92.91548919677734,93.22000122070312,95.93000030517578,92.76000213623047,95.5,18608200,2025-02-25,1,25,2,3.400555811450999,-2.3874332767506545,4.182831814607986,4.151377216982338,99.00200042724609,98.27400054931641,95.03450050354004
97.39082336425781,97.70999908447266,99.72000122070312,95.5,96.0,21335200,2025-02-26,2,26,2,4.31890416563696,1.7812490463256836,4.362442530076313,4.340920829238864,97.67200012207032,98.6370002746582,95.50750045776367
91.52005767822266,91.81999969482422,99.88999938964844,91.48999786376953,97.83999633789062,22386300,2025-02-27,3,27,2,9.148335388583543,-6.1528994975391615,5.70558079817747,4.678747289353928,95.4,98.65100021362305,95.64800033569335
93.32414245605469,93.62999725341797,94.45999908447266,89.87000274658203,91.0,23359100,2025-02-28,4,28,2,4.902271144436103,2.8901068718878777,5.49016212518686,4.745599649802834,94.35800018310547,98.4479995727539,95.70450019836426
90.24424743652344,90.54000091552734,96.19999694824219,89.38999938964844,95.80999755859375,20281800,2025-03-03,0,3,3,7.521534669463269,-5.5004663159953395,5.858320235914174,5.22645116344164,93.38399963378906,97.55,95.66950035095215
90.90209197998047,91.19999694824219,93.58999633789062,86.80000305175781,90.19999694824219,23611500,2025-03-04,1,4,3,7.445168326032148,1.1086474876199959,6.667242738830405,5.425037276719196,92.97999877929688,95.99099960327149,95.73350028991699
94.03182983398438,94.33999633789062,95.05000305175781,90.43000030517578,92.1500015258789,14010300,2025-03-05,2,5,3,4.897183512743532,2.3765542873015497,6.782898608251719,5.572670569164016,92.30599822998047,94.98899917602539,95.91749992370606
88.97838592529297,89.2699966430664,93.29000091552734,89.02999877929688,90.93000030517578,18708100,2025-03-06,3,6,3,4.772042451467195,-1.8255841378402446,5.907640020828448,5.8066104095029605,91.7959976196289,93.59799880981446,95.70099983215331
92.65634155273438,92.95999908447266,93.33999633789062,89.48999786376953,90.29000091552734,19133900,2025-03-07,4,7,3,4.14156466441292,2.957136052577166,5.755498724823812,5.622830425005336,91.66199798583985,93.00999908447265,95.62199974060059
86.79554748535156,87.08000183105469,91.37000274658203,85.76000213623047,89.58999633789062,21897900,2025-03-10,0,10,3,6.442352425802213,-2.8016459531591433,5.539662276091601,5.698991256002889,90.96999816894531,92.17699890136718,95.36099967956542
88.75910949707031,89.05000305175781,91.0999984741211,86.06999969482422,87.9000015258789,21962100,2025-03-11,1,11,3,5.648510507487944,1.3083066051373513,5.18033071238276,5.923786725606583,90.53999938964844,91.75999908447265,95.01699981689453
95.32757568359375,95.63999938964844,96.98999786376953,92.23999786376953,92.47000122070312,23584700,2025-03-12,2,12,3,4.966541227847514,3.4281368304292625,5.194202255403556,5.988550431827638,90.8,91.55299911499023,95.09499969482422
94.57006072998047,94.87999725341797,98.12000274658203,94.0,94.25,18824700,2025-03-13,3,13,3,4.342330170581462,0.6684320991172082,5.10825979922641,5.507949910027429,91.92200012207032,91.8589988708496,95.25499954223633
100.46076202392578,100.79000091552734,102.77999877929688,98.75,98.75,24623600,2025-03-14,4,14,3,3.9984112934718983,2.065823711926424,5.079629125038205,5.4175639249310095,93.48800048828124,92.57499923706055,95.51149940490723
102.77317810058594,103.11000061035156,104.44999694824219,100.95999908447266,101.05999755859375,17095100,2025-03-17,0,17,3,3.384732657463643,2.0285009907795,4.468105171370492,5.003883723731047,96.69400024414062,93.83199920654297,95.69099960327148
101.38772583007812,101.72000122070312,103.30999755859375,100.29000091552734,101.9000015258789,18434100,2025-03-18,1,18,3,2.9689309937323762,-0.17664406524083093,3.9321892686193776,4.55625999050107,99.22799987792969,94.88399963378906,95.43749961853027
101.72660827636719,102.05999755859375,103.5999984741211,100.48999786376953,100.81999969482422,16633100,2025-03-19,2,19,3,3.047227792226898,1.229912584331409,3.5483265814952545,4.371264418449406,100.51199951171876,95.65599975585937,95.32249946594239
102.66353607177734,103.0,104.69000244140625,101.3499984741211,101.58000183105469,29204400,2025-03-20,3,20,3,3.242722298335103,1.3979111472226766,3.3284050070459825,4.218332403136197,102.13600006103516,97.02900009155273,95.3134994506836
94.41059112548828,94.72000122070312,98.5,93.69999694824219,98.19999694824219,63239600,2025-03-21,4,21,3,5.067570724131987,-3.543783946727867,3.542236893178001,4.310933009108104,100.92200012207032,97.20500030517579,95.10749969482421
96.62333679199219,96.94000244140625,98.41999816894531,95.33000183105469,96.0999984741211,35406600,2025-03-24,0,24,3,3.1875348257375187,0.874093632281755,3.5027973268327757,3.9854512491016343,99.68800048828125,98.19100036621094,95.18399963378906
93.87235260009766,94.18000030517578,96.37999725341797,93.25,96.18000030517578,22191700,2025-03-25,1,25,3,3.323420305028345,-2.079434387246901,3.57369518909197,3.7529422288556744,98.18000030517578,98.70400009155273,95.2319995880127
91.82904815673828,92.12999725341797,96.63999938964844,90.97000122070312,96.0,27107200,2025-03-26,2,26,3,6.154345314207593,-4.031252861022949,4.195118693488109,3.8717226374916827,96.19400024414062,98.35299987792969,94.95299949645997
90.86222076416016,91.16000366210938,92.20999908447266,89.61000061035156,91.08999633789062,15658700,2025-03-27,3,27,3,2.852126337947683,0.07685511805167251,4.116999501410625,3.7227022542283046,93.8260009765625,97.98100051879882,94.91999969482421
88.1511001586914,88.44000244140625,90.88999938964844,87.5999984741211,90.47000122070312,17118000,2025-03-28,4,28,3,3.7200371152262837,-2.243836356699784,3.8474927796294844,3.694864836403743,92.57000122070312,96.74600067138672,94.66049995422364
86.71892547607422,86.88999938964844,87.08999633789062,84.0999984741211,86.0,21089500,2025-03-31,0,31,3,3.441130031962852,1.0348830112191132,3.8982118208745504,3.7005045738536646,90.56000061035157,95.1240005493164,94.47799987792969
88.53534698486328,88.70999908447266,88.88999938964844,86.25,88.52999877929688,15337100,2025-04-01,1,1,4,2.97598852090455,0.20332125568477372,3.8287254640497914,3.7012103265708816,89.46600036621093,93.82300033569337,94.3534999847412
88.4255599975586,88.5999984741211,89.93000030517578,86.69999694824219,87.12999725341797,14520400,2025-04-02,2,2,4,3.6456020457799845,1.6871356215329838,3.3269768103642696,3.76104775192619,88.76000061035157,92.4770004272461,94.06650009155274
74.19363403320312,74.33999633789062,83.3499984741211,74.20999908447266,82.91999816894531,44839500,2025-04-03,3,3,4,12.29486123204157,-10.34732515740457,5.215523789183048,4.666261645296837,85.39599914550782,89.61100006103516,93.32000007629395
64.59258270263672,64.72000122070312,71.33999633789062,63.86000061035156,70.6500015258789,50737700,2025-04-04,4,4,4,11.557471548913236,-8.393489281105872,6.783010675920439,5.315251727774962,80.6519989013672,86.61100006103516,91.90800018310547
68.23539733886719,68.37000274658203,72.45999908447266,61.540000915527344,63.939998626708984,50181800,2025-04-07,0,7,4,15.971914187894672,6.928376939349117,9.289167507106802,6.593689663990678,76.9479995727539,83.75400009155274,90.97250022888184
65.41096496582031,65.54000091552734,72.97000122070312,63.52000045776367,71.5999984741211,40822100,2025-04-08,1,8,4,14.418676580611118,-8.463683921423629,11.577705119048115,7.703215291548955,72.31399993896484,80.89000015258789,89.79700012207032
77.71669006347656,77.87000274658203,78.55999755859375,63.70000076293945,66.19999694824219,63132600,2025-04-09,2,9,4,19.08308240852932,17.628408363015367,14.665201191597983,8.996089000981126,70.16800079345703,79.4640007019043,88.90850028991699
69.9120864868164,70.05000305175781,73.05000305175781,67.5,72.5,44882300,2025-04-10,3,10,4,7.922916216944466,-3.3793061355064657,13.790812188578565,9.503167988880806,69.31000213623047,77.35300064086914,87.66700057983398
69.4130630493164,69.55000305175781,70.16999816894531,66.83000183105469,69.04000091552734,30807800,2025-04-11,4,11,4,4.8022950270829785,0.7387052860188584,12.43977688421251,9.611393780066475,70.2760025024414,75.4640007019043,86.10500068664551
70.88016510009766,71.0199966430664,74.77999877929688,69.97000122070312,74.66999816894531,32634700,2025-04-14,0,14,4,6.772736955716745,-4.8881767984252,10.599941437776925,9.944554472441864,70.80600128173828,73.87700042724609,84.50050048828125
70.90013122558594,71.04000091552734,72.80000305175781,70.55000305175781,71.12000274658203,19132700,2025-04-15,1,15,4,3.1672296889120863,-0.11248850951223047,8.349652059437119,9.963678589242617,71.90600128173828,72.11000061035156,82.96650047302246
69.1935043334961,69.33000183105469,70.44999694824219,67.16999816894531,67.93000030517578,28475000,2025-04-16,2,16,4,4.730994796869714,2.060947327527446,5.479234537105198,10.072217864351591,70.19800109863282,70.18300094604493,81.3300006866455
68.66455078125,68.80000305175781,70.4800033569336,67.0,70.44000244140625,20694100,2025-04-17,3,17,4,5.058144189783842,-2.328221653615969,4.906280131673073,9.348546160125817,69.94800109863282,69.62900161743164,79.6200008392334
66.60860443115234,66.73999786376953,68.0,65.6500015258789,67.76000213623047,19826100,2025-04-21,0,21,4,3.521124586964983,-1.5053191267766406,4.650046043649474,8.544911463930992,69.38600006103516,69.83100128173828,78.22100067138672
70.07176208496094,70.20999908447266,70.4000015258789,67.44000244140625,67.54000091552734,20351200,2025-04-22,1,22,4,4.2159224085893445,3.953210146213492,4.138683134223994,7.3693122860004605,69.2240005493164,70.01500091552734,76.88450050354004
72.78641510009766,72.93000030517578,75.4000015258789,72.5,73.69000244140625,26385500,2025-04-23,2,23,4,3.9764178167336377,-1.031350401751955,4.300520759788304,6.3250864096127115,69.6020004272461,70.75400085449219,75.82200050354004
77.26757049560547,77.41999816894531,77.58999633789062,73.5999984741211,74.56999969482422,23875600,2025-04-24,3,24,4,5.153704415056416,3.821910266574545,4.3850626834256445,4.932148610265421,71.21999969482422,70.70900039672851,75.08650054931641
79.62291717529297,79.77999877929688,80.30000305175781,76.9000015258789,77.55000305175781,19746200,2025-04-25,4,25,4,4.261721707071793,2.8755585297021025,4.225778186883235,4.566029159278154,73.41599884033204,71.68199996948242,74.51750030517579
78.40532684326172,78.55999755859375,79.61000061035156,76.91999816894531,78.7699966430664,16882400,2025-04-28,0,28,4,3.424137633660082,-0.26659780807689176,4.206380796222255,4.428213419935864,75.77999877929688,72.58299942016602,74.02350006103515
76.7286376953125,76.87999725341797,78.19000244140625,76.47000122070312,77.94000244140625,17098000,2025-04-29,1,29,4,2.237254529332929,-1.3600271423973487,3.8106472203709716,3.974665177297483,77.11399841308594,73.16899948120117,73.52299995422364
76.79849243164062,76.94999694824219,77.1500015258789,73.5,73.62000274658203,19779300,2025-04-30,2,30,4,4.743342002123738,4.523219339073929,3.9640320574489913,4.132276408618648,77.91799774169922,73.75999908447265,72.93499984741212
77.61688232421875,77.7699966430664,79.88999938964844,77.63999938964844,79.4000015258789,15349200,2025-05-01,3,1,5,2.893146582385251,-2.052902835626812,3.5119204909147586,3.9484915871702015,77.98799743652344,74.60399856567383,72.39349975585938
80.56108093261719,80.72000122070312,81.66999816894531,79.0999984741211,79.58000183105469,18899700,2025-05-02,4,2,5,3.183844965261303,1.4325199339258785,3.296345142552661,3.7610616647179476,78.17599792480469,75.79599838256836,72.7125
80.26166534423828,80.41999816894531,81.1500015258789,79.05000305175781,79.41000366210938,12513600,2025-05-05,0,5,5,2.6112888857687406,1.271873139728689,3.133775392974392,3.670078094598323,78.547998046875,77.16399841308593,73.49749984741212
80.35150146484375,80.51000213623047,81.22000122070312,78.54000091552734,79.04000091552734,13173800,2025-05-06,1,6,5,3.3287793243887505,1.8598193366345779,3.352080351985557,3.5813637861782643,79.2739990234375,78.19399871826172,74.10449981689453
82.45733642578125,82.62000274658203,82.87000274658203,80.19999694824219,80.98999786376953,14889700,2025-05-07,2,7,5,3.231669946235025,2.012600229418792,3.049745940807814,3.5068889991284022,80.40800018310547,79.16299896240234,74.95849990844727
84.98235321044922,85.1500015258789,86.20999908447266,83.36000061035156,84.25,17580500,2025-05-08,3,8,5,3.347032792776778,1.0682510692924703,3.1405231828861195,3.3262218369004386,81.88400115966797,79.93599929809571,75.3224998474121
85.69095611572266,85.86000061035156,86.2699966430664,84.68000030517578,85.56999969482422,13017600,2025-05-09,4,9,5,1.8518475734775732,0.33890489255767137,2.8741237045293735,3.0852344235410167,82.91200103759766,80.54399948120117,76.1129997253418
92.10830688476562,92.29000091552734,94.19999694824219,91.94999694824219,92.80999755859375,27765300,2025-05-12,0,12,5,2.4379672528765233,-0.5602808498493028,2.83945937795093,2.9866173854626608,85.28600158691407,81.91699981689453,77.24999961853027
96.7391586303711,96.93000030517578,97.41000366210938,92.55000305175781,92.55000305175781,28009100,2025-05-13,1,13,5,5.013928190498574,4.732573861686954,3.1764891511728948,3.2642847515792255,88.57000122070312,83.92200012207032,78.54549980163574
95.13232421875,95.31999969482422,97.6500015258789,94.31999969482422,96.30000305175781,28044400,2025-05-14,2,14,5,3.493497525929496,-1.0176566208485756,3.2288546671117886,3.1393003039598013,91.11000061035156,85.75900039672851,79.75949974060059
95.26207733154297,95.44999694824219,95.61000061035156,92.16999816894531,94.01000213623047,24196100,2025-05-15,3,15,5,3.6039838149723495,1.5317463879269073,3.280244871550903,3.210384027218511,93.16999969482421,87.5270004272461,81.06549949645996
97.80706024169922,98.0,98.19000244140625,95.69999694824219,95.9000015258789,22609300,2025-05-16,4,16,5,2.540821931800064,2.1897793959413057,3.4180397432154015,3.1460817238723875,95.5979995727539,89.25500030517578,82.52549934387207
98.45577239990234,98.6500015258789,99.0199966430664,95.69999694824219,95.70999908447266,14380100,2025-05-19,0,19,5,3.3654329888208685,3.0717819136237106,3.6035328904042707,3.2214961341776003,96.86999969482422,91.07800064086913,84.12099952697754
97.90685272216797,98.0999984741211,98.62999725341797,96.97000122070312,97.91999816894531,12331300,2025-05-20,1,20,5,1.6921468486594857,0.18382384450745134,2.939176622036453,3.057832886604674,97.10399932861328,92.83700027465821,85.51549949645997
95.65130615234375,95.83999633789062,98.81999969482422,95.26000213623047,97.16000366210938,15764300,2025-05-21,2,21,5,3.714521801568866,-1.35859126643233,2.983381477164327,3.1061180721380577,97.20799865722657,94.15899963378907,86.6609992980957
94.6432876586914,94.83000183105469,97.22000122070312,94.37000274658203,95.41000366210938,13245200,2025-05-22,3,22,5,3.005376377824537,-0.6079046313725552,2.8636599897347645,3.071952430642834,97.08399963378906,95.12699966430664,87.53149948120117
93.18617248535156,93.37000274658203,93.83999633789062,90.93000030517578,92.26000213623047,16545000,2025-05-23,4,23,5,3.1166284107465865,1.203122246531648,2.9788212855240688,3.1984305143697354,96.15800018310547,95.87799987792968,88.21099967956543
96.19023132324219,96.37999725341797,96.69999694824219,94.19000244140625,95.18000030517578,17612600,2025-05-27,1,27,5,2.6042691205274178,1.260765858788228,2.8265885118653786,3.215060701134825,95.70399932861328,96.28699951171875,89.10199966430665
95.99063873291016,96.18000030517578,97.20999908447266,95.5999984741211,96.69999694824219,10500300,2025-05-28,2,28,5,1.6739453163267692,-0.537742150441566,2.822948205398835,2.881062413717644,95.31999969482422,96.21199951171874,90.06699981689454
96.60942077636719,96.80000305175781,99.62999725341797,96.11000061035156,98.58999633789062,14628700,2025-05-29,3,29,5,3.636360053815604,-1.8155932169812576,2.807315855848183,2.8953486665062544,95.51200103759766,96.35999984741211,91.05950012207032
94.2740249633789,94.45999908447266,96.61000061035156,92.22000122070312,96.04000091552734,23758200,2025-05-30,4,30,5,4.6474692273949705,-1.6451497459317905,3.1357344257622697,2.999697207748517,95.43800048828125,96.26100006103516,91.89400024414063
97.98670196533203,98.18000030517578,99.23999786376953,94.4000015258789,94.58000183105469,16850300,2025-06-02,0,2,6,4.929717175439317,3.8062998566564406,3.4983521787008156,3.2385867321124424,96.4,96.27900009155273,92.76700019836426
102.04869079589844,102.25,102.93000030517578,96.95999908447266,98.36000061035156,22757600,2025-06-03,1,3,6,5.838632000687652,3.954859053995418,4.145224754732863,3.4859066332991206,97.57400054931641,96.63899993896484,93.85850028991699
103.04672241210938,103.25,103.91000366210938,101.69999694824219,102.37999725341797,14595900,2025-06-04,2,4,6,2.140442337885896,0.8497780522776739,4.2385241590446885,3.530736182221762,98.98800048828124,97.15400009155273,94.99550018310546
106.08073425292969,106.29000091552734,109.02999877929688,105.52999877929688,106.30000305175781,28833700,2025-06-05,3,5,6,3.292877946987301,-0.009409347077439572,4.169827737679027,3.4885717967636056,100.88600006103516,98.19900054931641,96.17900009155274
108.34626007080078,108.55999755859375,111.05000305175781,108.04000091552734,108.08000183105469,20710100,2025-06-06,4,6,6,2.7726623101717203,0.44411150944405803,3.7948663542343772,3.4653003899983235,103.70599975585938,99.5720001220703,97.34949989318848
110.73155975341797,110.94999694824219,112.52999877929688,108.58000183105469,109.51000213623047,20159700,2025-06-09,0,9,6,3.5601595825954355,1.314943643431186,3.520954835665601,3.509653507183208,106.25999908447265,101.32999954223632,98.603999710083
113.91527557373047,114.13999938964844,114.91999816894531,111.2300033569336,111.52999877929688,22949400,2025-06-10,1,10,6,3.232867383689833,2.3401781035758895,2.999801912266037,3.5725133334994497,108.63799896240235,103.10599975585937,99.69649963378906
115.80155181884766,116.02999877929688,117.26000213623047,114.7300033569336,115.5999984741211,21614100,2025-06-11,2,11,6,2.1804695388381754,0.37197258724189664,3.007807352456493,3.6231657557505903,111.19399871826172,105.09099960327148,100.65149955749511
115.95125579833984,116.18000030517578,116.4800033569336,113.5199966430664,114.11000061035156,17076500,2025-06-12,3,12,6,2.5477764727939323,1.8140388079504028,2.858787057617819,3.514307397648423,113.1719985961914,107.02899932861328,101.69449958801269
115.37239837646484,115.5999984741211,117.0999984741211,113.66000366210938,113.80000305175781,17453000,2025-06-13,4,13,6,2.975774098112827,1.581718254914825,2.8994094152060406,3.347137884720209,114.57999877929687,109.14299926757812,102.70199966430664
119.60405731201172,119.83999633789062,120.95999908447266,117.31999969482422,117.80999755859375,21374100,2025-06-16,0,16,6,3.0373827610820396,1.7231124873652925,2.7948540509033615,3.157904443284481,116.35799865722656,111.3089988708496,103.79399948120117
120.10306549072266,120.33999633789062,123.51000213623047,119.3499984741211,119.5999984741211,20837700,2025-06-17,1,17,6,3.4568753437792346,0.6187273187379272,2.8396556429212416,2.9197287775936394,117.597998046875,113.11799850463868,104.87849922180176
121.58015441894531,121.81999969482422,122.9800033569336,120.18000030517578,120.45999908447266,20180000,2025-06-18,2,18,6,2.2984756680119878,1.1290059942619302,2.8632568687560043,2.935532110606249,118.75599822998046,114.9749984741211,106.06449928283692
123.35665130615234,123.5999984741211,124.16000366210938,120.37999725341797,122.7699966430664,29290400,2025-06-20,4,20,6,3.0582576499649794,0.6760624368735477,2.9653531041902133,2.9120700809040168,120.23999786376953,116.70599822998047,107.45249938964844
121.83964538574219,122.08000183105469,124.51000213623047,119.80999755859375,123.66999816894531,23399200,2025-06-23,0,23,6,3.849938161158458,-1.2856766891178686,3.1401859167993402,3.0197976660026904,121.53599853515625,118.05799865722656,108.81499938964843
127.65816497802734,127.91000366210938,128.10000610351562,124.95999908447266,125.11000061035156,26420600,2025-06-24,1,24,6,2.4548564843588765,2.238032961472259,3.0236806614547076,2.909267356179034,123.15,119.75399932861328,110.5419994354248
126.99946594238281,127.25,127.5,125.62000274658203,126.61000061035156,39407000,2025-06-25,2,25,6,1.4774045213500737,0.5054888133347908,2.627786496968875,2.7337210699450583,124.53200073242188,121.06499938964843,112.0854995727539
125.7519302368164,126.0,129.85000610351562,123.79000091552734,129.52999877929688,62678100,2025-06-26,3,26,6,4.809527926974826,-2.72523648001538,3.1299969487614425,2.9966269087587234,125.36800079345703,122.06199951171875,113.57649955749511
124.51437377929688,124.76000213623047,127.54000091552734,123.38999938964844,125.13999938964844,36888600,2025-06-27,4,27,6,3.3263878284863706,-0.30365770758458394,3.183622984465721,3.074488044327967,125.60000152587891,122.91999969482421,114.97449951171875
123.00733947753906,123.25,125.08000183105469,121.8499984741211,124.9000015258789,22799700,2025-06-30,0,30,6,2.620692378850786,-1.3210580510177423,2.9377738280041865,3.038979872401763,125.83400115966796,123.68499984741212,116.41399955749512
120.65198516845703,120.88999938964844,123.98999786376953,119.08000183105469,122.3499984741211,24825800,2025-07-01,1,1,7,4.061540290763933,-1.1932971824118728,3.2591105892851977,3.1413956253699524,124.43000030517578,123.7900001525879,117.54949951171875
121.50031280517578,121.73999786376953,123.0,118.05999755859375,120.5,29303800,2025-07-02,2,2,7,4.057830235001524,1.0290438703481588,3.775195732015488,3.201491114492182,123.32799987792968,123.93000030517578,118.52399940490723
122.04923248291016,122.29000091552734,123.62999725341797,121.83000183105469,122.33000183105469,13247900,2025-07-03,3,3,7,1.471907276872653,-0.03269918656797496,3.1076716019950537,3.118834275378248,122.58600006103515,123.9770004272461,119.47599945068359
119.79655456542969,119.91999816894531,121.51000213623047,118.91000366210938,121.18000030517578,19148400,2025-07-07,0,7,7,2.1681108354072625,-1.03977730075699,2.876016203379232,3.0298195939224764,121.61799926757813,123.60900039672852,120.15749931335449
124.29191589355469,124.41999816894531,125.44999694824219,121.94999694824219,122.44999694824219,26238200,2025-07-08,1,8,7,2.813052605295396,1.6088209634956674,2.914488248668154,2.92613103833617,121.85199890136718,123.84300003051757,120.95049934387207
122.11416625976562,122.23999786376953,126.1500015258789,121.27999877929688,124.81999969482422,20464000,2025-07-09,2,9,7,3.9839682850857128,-2.0669779180921353,2.8989738475325098,3.079042218408854,122.1219985961914,123.2759994506836,121.51499938964844
122.98326873779297,123.11000061035156,124.3499984741211,122.0199966430664,124.27999877929688,15378400,2025-07-10,3,10,7,1.8926178373024651,-0.9414211300589553,2.465931367992698,3.120563550004093,122.39599914550782,122.86199951171875,121.9634994506836
124.40180969238281,124.52999877929688,124.80999755859375,121.23999786376953,122.12999725341797,15820600,2025-07-11,4,11,7,2.8667788724155447,1.96512042893028,2.744905687101276,2.9262886445481646,122.84399871826172,122.71499938964844,122.3884994506836
118.48789978027344,118.61000061035156,120.44000244140625,117.0199966430664,120.37999725341797,32117700,2025-07-14,0,14,7,2.88340424984482,-1.4703411558818178,2.887964369988788,2.8819902866840095,122.58199920654297,122.09999923706054,122.50999946594239
119.98635864257812,120.11000061035156,121.38999938964844,119.12000274658203,120.94000244140625,24958900,2025-07-15,1,15,7,1.889931422472051,-0.6862922228373625,2.7033401334241183,2.8089141910461364,121.71999969482422,121.7859992980957,122.73549957275391
116.31014251708984,116.43000030517578,119.08999633789062,114.80999755859375,119.02999877929688,30614800,2025-07-16,2,16,7,3.6760274569084683,-2.184322020318559,2.64175196778867,2.77036290766059,120.55800018310546,121.33999938964844,122.56499977111817
113.1434097290039,113.26000213623047,114.19999694824219,110.94999694824219,113.93000030517578,34702400,2025-07-17,3,17,7,2.8695037424516925,-0.5880787914953379,2.837129148818515,2.6515302584056064,118.58800048828125,120.49199981689453,122.21100006103515
114.2722396850586,114.38999938964844,114.80000305175781,113.27999877929688,114.23999786376953,19349900,2025-07-18,4,18,7,1.3287912235083796,0.1313038591420337,2.5295316190370825,2.637218653069179,116.56000061035157,119.70199966430664,121.83950004577636
113.11344146728516,113.2300033569336,115.91999816894531,112.66999816894531,113.58999633789062,22189800,2025-07-21,0,21,7,2.870263979199103,-0.3169231380958739,2.526903564907939,2.7074339674483636,115.48400115966797,119.03300018310547,121.321000289917
109.1075668334961,109.22000122070312,113.0,108.12999725341797,112.86000061035156,27917600,2025-07-22,1,22,7,4.45889277801885,-3.2252342459358228,3.0406958360172984,2.872017984720709,113.30600128173828,117.51300048828125,120.67800025939941
109.7169418334961,109.83000183105469,110.29000091552734,108.87999725341797,109.44000244140625,17810000,2025-07-23,2,23,7,1.2838055527653585,0.356359083468809,2.562251455188677,2.6020017114886733,111.98600158691406,116.27200088500976,119.77400016784668
111.61498260498047,111.7300033569336,112.7300033569336,110.25,111.05999755859375,20293100,2025-07-24,3,24,7,2.219639561820252,0.6032827418228223,2.4322786190623886,2.634703883940452,111.68000183105468,115.13400115966797,118.99800033569336
111.14546966552734,111.26000213623047,111.5,108.83000183105469,110.98999786376953,16372300,2025-07-25,4,25,7,2.399782597232092,0.24326901311624857,2.6464768938071312,2.588004256422107,111.05400238037109,113.80700149536133,118.26100044250488
111.13548278808594,111.25,112.0,109.86000061035156,111.72000122070312,12932300,2025-07-28,0,28,7,1.9235949569873596,-0.4206956816753309,2.457143089364782,2.4920233271363608,110.65800170898437,113.07100143432618,117.58550033569335
111.84474182128906,111.95999908447266,113.54000091552734,110.66999816894531,112.05000305175781,16653300,2025-07-29,1,29,7,2.563417979680979,-0.08032482359110858,2.078048129697208,2.5593719828572534,111.20600128173828,112.25600128173828,117.021000289917
114.62188720703125,114.73999786376953,114.88999938964844,112.41000366210938,112.5999984741211,16378800,2025-07-30,2,30,7,2.161404718242678,1.9005323433821133,2.253567962792672,2.4079097089906742,112.18800048828125,112.08700103759766,116.71350021362305
109.02764892578125,109.13999938964844,112.2699966430664,106.94000244140625,112.19000244140625,29224300,2025-07-31,3,31,7,4.883630411826526,-2.7186050319864687,2.7863661327939266,2.6093223759281576,111.66999969482421,111.67500076293945,116.083500289917
104.77203369140625,104.87999725341797,106.5,103.37999725341797,105.48999786376953,24003300,2025-08-01,4,1,8,2.9748310719757884,-0.5782544532224954,2.9013758277426662,2.7739263607748983,110.39399871826171,110.7240005493164,115.21300010681152
107.6590576171875,107.7699966430664,107.87999725341797,105.45999908447266,106.0199966430664,14780600,2025-08-04,0,4,8,2.245521243691166,1.6506320084989818,2.9657610850834275,2.711452087224105,109.697998046875,110.1779998779297,114.60550003051758
108.94772338867188,109.05999755859375,110.63999938964844,106.83000183105469,109.30000305175781,17836000,2025-08-05,1,5,8,3.4934876617311352,-0.21958415961837674,3.151775021493459,2.6149115755953334,109.11799774169921,110.16199951171875,113.8375
108.66801452636719,108.77999877929688,108.95999908447266,106.75,107.9000015258789,13021900,2025-08-06,2,6,8,2.031622641361222,0.815567415174604,3.1258186061171673,2.6896932844549197,107.92599792480469,110.05699920654297,113.16450004577636
111.75484466552734,111.87000274658203,115.27999877929688,110.79000091552734,114.13999938964844,18986500,2025-08-07,3,7,8,4.013585191323073,-1.9887827713378072,2.951809562016477,2.869087847405202,108.47199859619141,110.07099914550781,112.6025001525879
118.76760864257812,118.88999938964844,119.33000183105469,111.66999816894531,112.16999816894531,28962200,2025-08-08,4,8,8,6.442933553228968,5.990907845591445,3.645430058267112,3.273402943004889,111.2739990234375,110.83399887084961,112.32050018310547
123.59264373779297,123.72000122070312,127.27999877929688,121.6500015258789,124.97000122070312,35065800,2025-08-11,0,11,8,4.5505958599003415,-1.0002400478435132,4.1064449815089485,3.5361030332961874,114.46399993896485,112.08099899291992,112.57600021362305
127.61849212646484,127.75,128.5500030517578,123.04000091552734,124.69999694824219,25961200,2025-08-12,1,12,8,4.31311321818432,2.4458725953487734,4.270370092799586,3.7110725571465215,118.20200042724609,113.65999908447266,112.95800018310547
124.1420669555664,124.2699966430664,128.60000610351562,123.3499984741211,127.58000183105469,18438200,2025-08-13,2,13,8,4.224678338467995,-2.5944545700598836,4.70898123222094,3.9173999191690534,121.3,114.61299896240234,113.35
125.16101837158203,125.29000091552734,125.73999786376953,121.4000015258789,123.19999694824219,12235900,2025-08-14,3,14,8,3.4639606562192657,1.6964318336494704,4.599056325200178,3.7754329436083283,123.98399963378907,116.22799911499024,113.95149993896484
120.74557495117188,120.87000274658203,123.37999725341797,119.44000244140625,123.16999816894531,18986700,2025-08-15,4,15,8,3.259696138397857,-1.8673341370099783,3.9624088422339554,3.8039194502505347,124.38000030517578,117.82699966430664,114.27550010681152
123.42282104492188,123.55000305175781,123.68000030517578,120.66000366210938,121.3499984741211,12208800,2025-08-18,0,18,8,2.4443517349014257,1.8129415783271627,3.541160017234172,3.8238024993715607,124.34600067138672,119.40500030517578,114.79150009155273
121.92436218261719,122.05000305175781,124.23999786376953,121.30999755859375,122.94000244140625,11491200,2025-08-19,1,19,8,2.40065565908528,-0.7239298617003161,3.158668505414364,3.714519299106975,123.20600128173828,120.7040008544922,115.43300018310546
117.08934020996094,117.20999908447266,118.91000366210938,113.45999908447266,118.69999694824219,25795000,2025-08-20,2,20,8,4.649777851895492,-1.255263607478632,3.243688408099864,3.976334820160402,121.79400177001953,121.54700088500977,115.80200004577637
115.6707992553711,115.79000091552734,117.7300033569336,115.61000061035156,117.0,13174900,2025-08-21,3,21,8,1.8309031261936373,-1.034187251686031,2.9170769020947387,3.7580666136474585,119.89400177001953,121.93900070190429,116.00499992370605
117.55885314941406,117.68000030517578,120.69999694824219,116.51000213623047,117.6500015258789,17038300,2025-08-22,4,22,8,3.560498641354469,0.025498324613515887,2.977237402686061,3.4698231224600087,119.25600128173828,121.81800079345703,116.32599983215331
116.30015563964844,116.41999816894531,118.08000183105469,116.0999984741211,117.68000030517578,8674800,2025-08-25,0,25,8,1.7007416149073207,-1.0707020164538965,2.82851537868724,3.184837697960706,117.83000030517579,121.08800048828125,116.58449974060059
116.38007354736328,116.5,118.36000061035156,115.80999755859375,116.08999633789062,12584300,2025-08-26,1,26,8,2.1888438212513415,0.3531774270334384,2.7861530111204518,2.9724107582674084,116.71999969482422,119.96300048828125,116.81149978637696
117.62879180908203,117.75,118.7300033569336,116.44000244140625,116.8499984741211,15349300,2025-08-27,2,27,8,1.9447990790041134,0.7702195444001059,2.2451572565421762,2.7444228323210202,116.82799987792968,119.31100082397461,116.96199989318848
121.8744125366211,122.0,122.56999969482422,118.7300033569336,118.87999725341797,17295500,2025-08-28,3,28,8,3.1475379818775613,2.624497660385273,2.5084842276789607,2.7127805648868497,118.06999969482422,118.98200073242188,117.60499992370606
118.88748931884766,119.01000213623047,122.7699966430664,118.05999755859375,122.5999984741211,16774000,2025-08-29,4,29,8,3.9576497772692507,-2.9282189091123163,2.5879144548619175,2.7825759287739893,118.33600006103515,118.79600067138672,118.31150016784667
118.35803985595703,118.4800033569336,118.55999755859375,114.25,115.86000061035156,13771900,2025-09-02,1,2,9,3.6377426033736886,2.261352263749208,2.975314652555191,2.9019150156212157,118.74800109863281,118.2890007019043,118.84700050354004
118.59778594970703,118.72000122070312,119.44000244140625,117.30000305175781,119.36000061035156,14101300,2025-09-03,2,3,9,1.802560114255837,-0.5361925153952565,2.89805791115609,2.8421054611382712,119.19200134277344,117.95600051879883,119.3300006866455
124.08213806152344,124.20999908447266,124.41000366210938,118.5199966430664,118.8499984741211,18589100,2025-09-04,3,4,9,4.7419749315329245,4.509886982891861,3.4574930816618528,2.8513251691020143,120.48400115966797,118.65600051879883,120.1015007019043
131.23475646972656,131.3699951171875,131.41000366210938,125.66000366210938,127.7699966430664,28416000,2025-09-05,4,5,9,4.376950760233157,2.8175616879586514,3.7033756373329716,3.1059299325059664,122.35800018310547,120.21399993896485,121.07650032043458
131.32467651367188,131.4600067138672,132.25999450683594,128.39999389648438,130.5500030517578,19492600,2025-09-08,0,8,9,2.936254688281852,0.697053727182676,3.4990966195354916,3.0435055371987048,124.8480010986328,121.59200057983398,121.7050006866455
135.1007843017578,135.24000549316406,138.0,131.55999755859375,131.75999450683594,20705000,2025-09-09,1,9,9,4.7619063737259095,2.641174204168304,3.723929373605936,3.349622013080564,128.20000152587892,123.47400131225587,122.28100090026855
139.8558807373047,140.0,142.24000549316406,138.33999633789062,140.02000427246094,25791300,2025-09-10,2,10,9,2.7857208251953125,-0.014286724646866712,3.920561515793831,3.4093097134749604,132.45600128173828,125.82400131225586,122.89350090026855
150.41500854492188,150.57000732421875,156.25999450683594,147.61000061035156,147.72000122070312,52446400,2025-09-11,3,11,9,5.744831955715159,1.9293298672923336,4.121132920630278,3.7893130011460654,137.7280029296875,129.10600204467772,124.20850143432617
157.06814575195312,157.22999572753906,158.27999877929688,153.2100067138672,153.5500030517578,32288300,2025-09-12,4,12,9,3.224570503846723,2.3966086633946975,3.8906568693529913,3.7970162533429814,142.9000030517578,132.62900161743164,125.80550117492676
157.60760498046875,157.77000427246094,160.33999633789062,156.5500030517578,156.9600067138672,20101400,2025-09-15,0,15,9,2.4022267753683284,0.5160534683655743,3.783851286770286,3.6414739531528886,148.16200256347656,136.5050018310547,127.6505012512207
158.65652465820312,158.82000732421875,159.55999755859375,157.1699981689453,157.97999572753906,16911600,2025-09-16,1,16,9,1.5048478021849216,0.5317202300273621,3.132439572462089,3.428184473034012,152.8780029296875,140.53900222778321,129.41400146484375
159.8253173828125,159.99000549316406,160.58999633789062,155.25999450683594,157.41000366210938,18843600,2025-09-17,2,17,9,3.331459246235493,1.639032952818441,3.241587256670125,3.581074386231978,156.87600402832032,144.6660026550293,131.31100158691407
168.7161407470703,168.88999938964844,170.4499969482422,162.60000610351562,162.99000549316406,28212800,2025-09-18,3,18,9,4.647990332817599,3.6198501120559974,3.022218932090613,3.571675926360445,160.54000244140624,149.13400268554688,133.89500160217284
162.56246948242188,162.72999572753906,163.6999969482422,159.3800048828125,162.75,37309900,2025-09-19,4,19,9,2.654699304891955,-0.012291411650345623,2.9082446922996597,3.3994507808263252,161.64000244140624,152.27000274658204,136.24200134277345
164.45053100585938,164.6199951171875,167.25999450683594,161.58999633789062,164.3800048828125,25851200,2025-09-22,0,22,9,3.4442949441889055,0.14599721818118358,3.1166583260637752,3.4502548064170306,163.01000061035157,155.58600158691405,138.58900108337403
166.2386932373047,166.41000366210938,168.99000549316406,165.22999572753906,165.67999267578125,43316500,2025-09-23,1,23,9,2.2594854172707004,0.4406150522692753,3.2675858490809304,3.20001271077151,164.5279998779297,158.7030014038086,141.08850135803223
161.5435333251953,161.7100067138672,166.0,158.3000030517578,165.0800018310547,57096400,2025-09-24,2,24,9,4.761608205153755,-2.0414314755317258,3.553615640864583,3.397601448767354,164.87200012207032,160.8740020751953,143.3490016937256
156.66856384277344,156.8300018310547,158.9499969482422,154.64999389648438,157.38999938964844,32209200,2025-09-25,3,25,9,2.741824269306581,-0.3558025038219685,3.172382428162379,3.097300680126496,162.46000061035156,161.5000015258789,145.30300178527833
157.1081085205078,157.27000427246094,158.9199981689453,155.17999267578125,158.52000427246094,24045000,2025-09-26,4,26,9,2.3780793486116556,-0.7885440110457766,3.1170584369063197,3.012651564602989,161.36800231933594,161.5040023803711,147.06650199890137
163.73126220703125,163.89999389648438,165.8000030517578,159.97000122070312,160.0,26506500,2025-09-29,0,29,9,3.557048229505602,2.4374961853027344,3.139609093969659,3.128133710016717,161.2240020751953,162.11700134277345,149.31100158691407
167.14776611328125,167.32000732421875,168.9499969482422,163.9600067138672,164.11000061035156,20092500,2025-09-30,1,30,9,2.9823033803159076,1.9560092023207938,3.2841726865787004,3.275879267829816,161.4060028076172,162.96700134277344,151.75300178527831
181.9624786376953,182.14999389648438,182.38999938964844,165.5,165.60000610351562,41674800,2025-10-01,2,1,10,9.272577521603983,9.99395361291439,4.186366549868746,3.8699910953666645,165.49400024414064,165.18300018310546,154.92450141906738
183.5608367919922,183.75,186.17999267578125,181.2100067138672,184.9600067138672,25122200,2025-10-02,3,2,10,2.704754264987245,-0.6541991078855581,4.178952549004879,3.675667488583629,170.87799987792968,166.66900024414062,157.90150146484376
187.754150390625,187.8300018310547,191.85000610351562,184.9199981689453,185.2100067138672,29399300,2025-10-03,4,3,10,3.689510656984164,1.4146077545557012,4.441238810679381,3.7791486237928495,176.98999938964843,169.1790008544922,160.7245018005371
190.8828887939453,190.9600067138672,201.0,189.42999267578125,195.00999450683594,36392300,2025-10-06,0,6,10,6.058864116796533,-2.076810372314933,4.941601988137568,4.040605541053613,182.402001953125,171.81300201416016,163.69950180053712
185.61502075195312,185.69000244140625,195.3000030517578,183.24000549316406,194.85000610351562,27828200,2025-10-07,1,7,10,6.49469406000963,-4.701053823546225,5.644080124076312,4.464126405327505,186.0760009765625,173.74100189208986,166.2220016479492
196.46063232421875,196.5399932861328,196.9499969482422,188.8000030517578,188.99000549316406,26833900,2025-10-08,2,8,10,4.146735613559936,3.994913790952739,4.6189117424675015,4.4026391461681245,188.9540008544922,177.2240005493164,169.04900131225585
192.25233459472656,192.3300018310547,196.6199951171875,189.5,192.97000122070312,19721500,2025-10-09,3,9,10,3.701967997401571,-0.3316574522464034,4.8183544889503676,4.498653518977623,190.6700012207031,180.7740005493164,171.13700103759766
181.52667236328125,181.60000610351562,193.44000244140625,179.61000061035156,192.9600067138672,26990300,2025-10-10,4,10,10,7.615639518850738,-5.887230625565255,5.603580261323682,5.022409536001531,189.42400207519532,183.20700073242188,172.3555015563965
192.69215393066406,192.77000427246094,193.39999389648438,187.99000549316406,190.7899932861328,20928400,2025-10-13,0,13,10,2.8064472082875715,1.0377960354339182,4.95309687962189,4.947349433879728,189.78600158691407,186.09400177001953,174.1055015563965
186.9844512939453,187.05999755859375,192.4600067138672,186.25,186.9600067138672,15912400,2025-10-14,1,14,10,3.319794074049421,0.05348247814282197,4.318116882429847,4.9810985032530795,190.06000061035155,188.06800079345703,175.51750106811522
191.86248779296875,191.94000244140625,192.8800048828125,187.4199981689453,192.47999572753906,17793100,2025-10-15,2,15,10,2.8446424113878868,-0.2805451465705498,4.057698241995437,4.338304992231469,189.14000244140624,189.04700164794923,177.11500091552733
202.44821166992188,202.52999877929688,206.33999633789062,195.1999969482422,199.9600067138672,42041300,2025-10-16,3,16,10,5.500419422698973,1.2852530401777882,4.417388527054918,4.617871508002642,191.18000183105468,190.9250015258789,178.79700088500977
202.29827880859375,202.3800048828125,203.38999938964844,195.5500030517578,199.27999877929688,23283100,2025-10-17,4,17,10,3.873898680074818,1.5556032328908682,3.6690403592997334,4.636310310311709,195.33600158691405,192.3800018310547,180.77950134277344
206.68650817871094,206.77000427246094,214.75,205.5,209.66000366210938,23268400,2025-10-20,0,20,10,4.473569574342742,-1.3784218921917009,4.002464832510768,4.477780856066329,198.13600158691406,193.96100158691405,182.88700180053712
202.2082977294922,202.2899932861328,205.8699951171875,200.83999633789062,204.3000030517578,13717300,2025-10-21,1,21,10,2.4865287192837564,-0.9838520487519424,3.835811761557635,4.07696432199374,201.18200073242187,195.62100067138672,184.68100128173828
198.38986206054688,198.47000122070312,205.5800018310547,192.39999389648438,202.25,21949800,2025-10-22,2,22,10,6.640806093367151,-1.8689734384656982,4.595044497953488,4.326371369974463,202.48800048828124,195.81400146484376,186.51900100708008
206.62652587890625,206.7100067138672,209.0,195.1999969482422,196.6999969482422,19397900,2025-10-23,3,23,10,6.676020803801771,5.088973015215116,4.830164774174047,4.623776650614483,203.32400207519532,197.252001953125,189.01300125122071
218.9315643310547,219.02000427246094,219.82000732421875,209.97999572753906,212.38999938964844,25821800,2025-10-24,4,24,10,4.492745596168792,3.1216182032418405,4.953934157392842,4.311487258346288,206.652001953125,200.99400177001954,192.1005012512207
220.01112365722656,220.10000610351562,224.97999572753906,215.74000549316406,224.80999755859375,23873100,2025-10-27,0,27,10,4.198087223145884,-2.0950987528259404,4.898837687153471,4.450651259832119,209.31800231933593,203.727001953125,194.91050186157227
221.8203887939453,221.91000366210938,222.89999389648438,217.55999755859375,218.92999267578125,14957500,2025-10-28,1,28,10,2.4063792752766364,1.3611707331216587,4.882807798352047,4.359309779954841,213.24200439453125,207.21200256347657,197.6400016784668
226.53848266601562,226.6300048828125,232.39999389648438,226.10000610351562,229.05999755859375,23217300,2025-10-29,2,29,10,2.7798560019563134,-1.0608542310665376,4.110617780069878,4.352831139011683,218.87400512695314,210.68100280761718,199.8640022277832
223.91954040527344,224.00999450683594,227.39999389648438,220.74000549316406,226.10000610351562,14795100,2025-10-30,3,30,10,2.973076454906602,-0.9243748519506076,3.370028910290846,4.100096842232446,222.33400268554686,212.8290023803711,201.877001953125
223.6796417236328,223.77000427246094,231.25,218.82000732421875,227.75,16320000,2025-10-31,4,31,10,5.554807364014066,-1.7475283106647914,3.5824412638599,4.268187710626371,223.28400268554688,214.96800231933594,203.67400207519532
234.605224609375,234.6999969482422,237.6199951171875,231.8000030517578,233.8800048828125,21199300,2025-11-03,0,3,11,2.4797580490438422,0.3506037490637779,3.2387754290394923,4.068806558096481,226.2040008544922,217.76100158691406,205.86100158691406
217.94195556640625,218.02999877929688,228.6699981689453,217.39999389648438,222.13999938964844,23696200,2025-11-04,1,4,11,5.169015427032642,-1.850184848133697,3.7913026593906927,4.33705522887137,225.4279998779297,219.33500213623046,207.4780014038086
237.4040985107422,237.5,239.8800048828125,224.72999572753906,225.6699981689453,28617400,2025-11-05,2,5,11,6.378951223273026,5.24216862101372,4.511121703654036,4.310869741861958,227.60199890136718,223.23800201416014,209.52600173950196
238.2337646484375,238.3300018310547,246.41000366210938,234.8800048828125,237.83999633789062,32016800,2025-11-06,3,6,11,4.837829350360246,0.20602316713288607,4.884072282744764,4.1270505965178055,230.46600036621095,226.4000015258789,211.82600173950195
237.82391357421875,237.9199981689453,242.5500030517578,226.39999389648438,234.02999877929688,30613800,2025-11-07,4,7,11,6.787999865318353,1.662179810254548,5.130710783005623,4.356576023432761,233.2959991455078,228.29000091552734,214.64200134277343
253.1977081298828,253.3000030517578,257.07000732421875,247.80999755859375,247.9600067138672,27870600,2025-11-10,0,10,11,3.6557479881801913,2.153571621754592,5.365908770832891,4.302342099936192,237.01600036621093,231.61000061035156,217.6685012817383
241.01263427734375,241.11000061035156,249.99000549316406,238.7899932861328,248.33999633789062,22622500,2025-11-11,1,11,11,4.6451877477828685,-2.911329561953425,5.261143234982937,4.526222947186815,241.6320007324219,233.53000030517578,220.37100143432616
244.8011016845703,244.89999389648438,249.19000244140625,240.83999633789062,244.89999389648438,17263100,2025-11-12,2,12,11,3.4095574975984073,0.0,4.667264489848013,4.589193096751025,243.11199951171875,235.35699920654298,223.01900100708008
236.85430908203125,236.9499969482422,249.5,230.16000366210938,243.60000610351562,32324600,2025-11-13,3,13,11,8.162058065826914,-2.729888747395013,5.332110232941347,5.108091257843055,242.83599853515625,236.6509994506836,224.74000091552733
246.73033142089844,246.8300018310547,255.1699981689453,231.22999572753906,231.4499969482422,36171100,2025-11-14,4,14,11,9.698984022935846,6.645065925946779,5.914307064464846,5.522508923735233,244.6179992675781,238.95699920654297,226.96250076293944
241.852294921875,241.9499969482422,260.5799865722656,239.4600067138672,246.9199981689453,30304400,2025-11-17,0,17,11,8.72906804083011,-2.0127981765586265,6.92897107499483,6.147439922913859,242.347998046875,239.68199920654297,228.72150039672852
228.40773010253906,228.5,238.92999267578125,225.52000427246094,235.47999572753906,33843900,2025-11-18,1,18,11,5.868703896420268,-2.964156554349199,7.173674304722309,6.217408769852623,239.82599792480468,240.72899932861327,230.03200073242186
225.82876586914062,225.9199981689453,234.35000610351562,216.36000061035156,226.91000366210938,35256600,2025-11-19,2,19,11,7.9629982467116305,-0.4362987427554208,8.084362454544955,6.375813472196483,236.02999877929688,239.5709991455078,231.40450057983398
201.28868103027344,201.3699951171875,230.60000610351562,199.60000610351562,230.24000549316406,47420700,2025-11-20,3,20,11,15.3945477239345,-12.539093853015796,9.53086038616647,7.431485309553909,228.91399841308595,235.8749984741211,231.1375
207.2862548828125,207.3699951171875,212.0,192.58999633789062,204.52999877929688,36679700,2025-11-21,4,21,11,9.360083000986004,1.3885475748499823,9.463080181776501,7.688693623120673,221.0219970703125,232.81999816894532,230.55499954223632
223.83956909179688,223.92999267578125,226.11000061035156,212.36000061035156,213.41000366210938,33052800,2025-11-24,0,24,11,6.140311905385556,4.929473236094454,8.945328954687591,7.937150014841211,217.41799621582032,229.88299713134765,230.74649887084962
224.4393310546875,224.52999877929688,226.19000244140625,216.0,219.22000122070312,17441600,2025-11-25,1,25,11,4.538370149559647,2.4222231224457604,8.679262205315466,7.926468255018888,216.62399597167968,228.2249969482422,230.87749862670898
230.16700744628906,230.25999450683594,233.8300018310547,226.0,229.6199951171875,17817600,2025-11-26,2,26,11,3.400504654672973,0.27872110585221954,7.766763486907736,7.925562970726345,217.49199523925782,226.76099700927733,231.05899810791016
236.38450622558594,236.47999572753906,238.10000610351562,233.47000122070312,235.6199951171875,12914700,2025-11-28,4,28,11,1.9578843735040363,0.3649947492460622,5.0794308168216435,7.305145601494057,224.5139953613281,226.71399688720703,231.6824981689453
240.36289978027344,240.4600067138672,242.36000061035156,231.5,232.2899932861328,18238200,2025-12-01,0,1,12,4.516343802349762,3.517161162285033,4.110682977094395,6.786881579435449,231.13199768066406,226.07699737548828,232.51699829101562
239.39329528808594,239.49000549316406,244.3699951171875,234.3300018310547,238.75,18166200,2025-12-02,1,2,12,4.192238947699799,0.30994994478075916,3.7210683855572433,6.3331986701224166,234.24400024414064,225.83099822998048,232.75649871826172
234.06544494628906,234.16000366210938,237.8000030517578,228.08999633789062,236.38999938964844,19188200,2025-12-03,2,3,12,4.146740076020255,-0.9433545130068284,3.6427423708493647,6.1610022880824165,236.1700012207031,226.3969985961914,233.56299896240233
226.5584716796875,226.64999389648438,234.16000366210938,223.3300018310547,230.27999877929688,23513900,2025-12-04,3,4,12,4.778293458062464,-1.5763439734475335,3.918300131527263,5.842531809217499,235.4480010986328,226.46999816894532,233.02049865722657
237.12420654296875,237.22000122070312,240.57000732421875,226.69000244140625,228.9499969482422,21161000,2025-12-05,4,5,12,5.85111070372979,3.6121443034264393,4.6969453975724145,4.888188107197029,235.59600219726562,230.05499877929688,232.964998626709
246.82028198242188,246.9199981689453,249.22999572753906,241.61000061035156,243.49000549316406,20495400,2025-12-08,0,8,12,3.0860178088831094,1.408679041603433,4.410880198879084,4.26078158798674,236.88800048828125,234.00999908447267,233.41499862670898
252.3180694580078,252.4199981689453,255.50999450683594,242.8300018310547,244.49000549316406,17067100,2025-12-09,1,9,12,5.023370877015259,3.243483372576133,4.577106584742175,4.1490874851497095,239.4739990234375,236.85899963378907,233.37099838256836
263.6034851074219,263.7099914550781,264.75,250.5800018310547,255.1300048828125,21960700,2025-12-10,2,10,12,5.373326240222912,3.3629860886831495,4.822423817582707,4.232583094216036,245.38399658203124,240.7769989013672,234.5009979248047
258.3556213378906,258.4599914550781,262.8500061035156,251.5500030517578,261.5299987792969,18867000,2025-12-11,3,11,12,4.372051158920595,-1.1738643132903102,4.741175357754334,4.3297377446407985,251.74599609375,243.5969985961914,235.1789978027344
241.04261779785156,241.13999938964844,255.82000732421875,239.32000732421875,255.6699981689453,25936900,2025-12-12,4,12,12,6.842498151183252,-5.6831066935337216,4.939452847245025,4.8181991224087195,252.52999572753907,244.06299896240233,235.38849792480468
237.4040985107422,237.5,250.11000061035156,236.0,247.11000061035156,27483600,2025-12-15,0,15,12,5.941052888569079,-3.8889565726256548,5.510459863182219,4.960670031030652,250.64599609375,243.76699829101562,234.92199783325196
232.41610717773438,232.50999450683594,239.39999389648438,230.5800018310547,235.8000030517578,22577300,2025-12-16,1,16,12,3.793381907791656,-1.3952538177871534,5.264462069337499,4.920784327039838,246.66399536132812,243.06899719238282,234.44999771118165
225.42893981933594,225.52000427246094,237.4499969482422,221.69000244140625,236.55999755859375,41957100,2025-12-17,2,17,12,6.988291153008126,-4.666889330432254,5.587455051894541,5.204939434738624,239.0259979248047,242.20499725341796,234.30099792480468
248.4496307373047,248.5500030517578,263.6499938964844,245.0,256.5299987792969,65006100,2025-12-18,3,18,12,7.50351787064783,-3.1107456303403236,6.213748394239989,5.477461875997161,237.04400024414062,244.3949981689453,235.4324981689453
265.8126220703125,265.9200134277344,268.3800048828125,251.75,251.75,62312100,2025-12-19,4,19,12,6.253762049892428,5.6286051351477155,6.096001173981824,5.5177270106134255,242.0000030517578,247.26499938964844,238.65999908447264
276.4783020019531,276.5899963378906,279.989990234375,268.2900085449219,277.1499938964844,30961900,2025-12-22,0,22,12,4.230081291573566,-0.20205577157721652,5.753806854582722,5.63213335888247,249.81800231933593,250.23199920654298,242.12099914550782
276.1584167480469,276.2699890136719,281.8599853515625,272.32000732421875,275.9200134277344,20767600,2025-12-23,1,23,12,3.4531358477998277,0.12683950743180192,5.685757642584356,5.475109855960927,258.57000122070315,252.61699829101562,244.73799896240234
286.5642395019531,286.67999267578125,289.29998779296875,277.25,278.0,18592600,2025-12-24,2,24,12,4.203288719417752,3.12229952366232,5.12875715586628,5.358106103880411,270.8019989013672,254.91399841308595,247.84549865722656
284.6750183105469,284.7900085449219,290.8699951171875,283.4200134277344,290.8399963378906,17878500,2025-12-26,4,26,12,2.6159561311568935,-2.080177372145207,4.1512448079680935,5.182496601104041,278.05,257.5470001220703,250.57199935913087
294.3699951171875,294.3699951171875,294.5,278.5,280.3299865722656,26642900,2025-12-29,0,29,12,5.435336571456769,5.008386265271173,3.9875597122809623,5.041780443131392,283.7399963378906,262.86999969482423,253.46649932861328
292.6300048828125,292.6300048828125,298.8299865722656,292.010009765625,294.70001220703125,23056400,2025-12-30,1,30,12,2.330580149965064,-0.7024116859433783,3.6076594839592615,4.680733169270992,286.947998046875,268.3830001831055,256.0749992370605
285.4100036621094,285.4100036621094,293.1700134277344,284.17999267578125,293.1700134277344,17573800,2025-12-31,2,31,12,3.1498618256549316,-2.646931613126191,3.547004679530282,4.616381161057318,288.7760009765625,273.6730010986328,258.3709991455078
315.4200134277344,315.4200134277344,315.6000061035156,294.8599853515625,295.1300048828125,42604300,2026-01-02,4,2,1,6.575366136906482,6.87493925023938,4.021420163028028,4.575088659447154,294.5240051269531,282.66300201416016,262.4339996337891
312.1499938964844,312.1499938964844,325.5299987792969,309.54998779296875,325.1300048828125,34608600,2026-01-05,0,5,1,5.119337273358218,-3.9922525732457532,4.522096391468294,4.336670599718193,299.9960021972656,289.0230010986328,266.70899963378906
343.42999267578125,343.42999267578125,344.54998779296875,318.05999755859375,318.2799987792969,48732400,2026-01-06,1,6,1,7.713359578172649,7.9018455425859155,4.977700992811469,4.482630352546215,309.80800170898436,296.7739990234375,272.01949920654295
339.54998779296875,339.54998779296875,346.29998779296875,337.17999267578125,340.7099914550781,32781100,2026-01-07,2,7,1,2.685906477707832,-0.3404665819030784,5.048766258360023,4.328212871159642,319.19199829101564,303.0699981689453,276.65099868774416
327.0199890136719,327.0199890136719,343.6600036621094,321.3599853515625,342.8999938964844,33897700,2026-01-08,3,8,1,6.819160620060619,-4.631089287101709,5.78262601724116,4.664815348385721,327.5139953613281,308.14499816894534,280.3809982299805
345.0899963378906,345.0899963378906,345.79998779296875,326.19000244140625,332.75,33387500,2026-01-09,4,9,1,5.682571375485955,3.708488756691397,5.6040670649570545,4.812743613992541,333.4479919433594,313.9859985351562,284.4499984741211
345.8699951171875,345.8699951171875,348.4700012207031,339.32000732421875,340.54998779296875,23152600,2026-01-12,0,12,1,2.6455009181655607,1.5621810350652405,5.109299793918523,4.815698092693408,340.1919921875,320.0939971923828,288.82049865722655
338.1300048828125,338.1300048828125,351.2300109863281,335.2200012207031,346.2699890136719,23881300,2026-01-13,1,13,1,4.7348681082513435,-2.3507622344187564,4.513601499934262,4.745651246372865,339.1319946289062,324.4699981689453,293.6699989318848
333.3500061035156,333.3500061035156,339.1000061035156,328.20001220703125,334.8399963378906,20277200,2026-01-14,2,14,1,3.269834617341985,-0.44498573965800514,4.630387127861093,4.8395766931105575,337.8919982910156,328.5419982910156,298.46249923706057
336.6300048828125,336.6300048828125,347.7699890136719,336.2699890136719,345.3299865722656,25370200,2026-01-15,3,15,1,3.416213597478744,-2.5193241327835048,3.9497977233447172,4.866211870292939,339.8140014648437,333.66399841308595,303.6684997558594
362.75,362.75,365.80999755859375,352.0400085449219,353.1000061035156,47901900,2026-01-16,4,16,1,3.795999728097002,2.732935069294607,3.572483393866927,4.588275229411991,343.34600219726565,338.3969970703125,310.52999954223634
365.0,365.0,381.55999755859375,361.3500061035156,364.67999267578125,49744900,2026-01-20,1,20,1,5.536983960295377,0.08775017293127252,4.1507800022928905,4.630039898105707,347.1720031738281,343.68199768066404,316.3524993896484
389.1099853515625,389.1099853515625,394.20001220703125,366.7300109863281,372.8500061035156,56712800,2026-01-21,2,21,1,7.059700921291922,4.360997447196651,4.6157465649010065,4.564674032417634,357.3679992675781,348.2499969482422,322.51199798583986
397.5799865722656,397.5799865722656,397.7799987792969,376.9200134277344,396.6400146484375,39607600,2026-01-22,3,22,1,5.246739286704742,0.23698363481084242,5.011127498773558,4.8207573133173245,370.2139953613281,354.05299682617186,328.5614974975586
399.6499938964844,399.6499938964844,412.42999267578125,390.739990234375,397.1600036621094,35404200,2026-01-23,4,23,1,5.427249536509264,0.6269488899726674,5.413334686579661,4.68156620496219,382.8179931640625,361.3159973144531,334.7304977416992
389.0899963378906,389.0899963378906,398.0,384.29998779296875,395.5,29193900,2026-01-26,0,26,1,3.5210394345718385,-1.6207341749960493,5.358342627874629,4.465413010870778,388.08599243164065,365.71599731445315,339.8509979248047
410.239990234375,410.239990234375,416.45001220703125,399.6000061035156,404.6099853515625,36212100,2026-01-27,1,27,1,4.107353379637372,1.3914646416648941,5.072416511743027,4.611598257017959,397.1339904785156,372.1529968261719,346.12349700927734
435.2799987792969,435.2799987792969,438.94000244140625,417.0,422.44000244140625,42725700,2026-01-28,2,28,1,5.040434318814324,3.039484012802877,4.668563191247509,4.6421548780742565,406.3679931640625,381.8679962158203,353.1689971923828
435.7900085449219,435.7900085449219,444.7099914550781,417.70001220703125,439.3699951171875,42675700,2026-01-29,3,29,1,6.197934491025085,-0.8147999663269635,4.858802232111577,4.934964865442567,414.00999755859374,392.11199645996095,360.3269973754883
414.8800048828125,414.8800048828125,455.5,407.1300048828125,446.4700012207031,51022900,2026-01-30,4,30,1,11.65879158983575,-7.075502553703439,6.105110642776874,5.759222664678267,417.0559997558594,399.93699645996094,366.8004974365234
437.79998779296875,437.79998779296875,442.42999267578125,410.0,412.17999267578125,37771200,2026-02-02,0,2,2,7.407490539062571,6.215729917133571,6.882400863675021,6.120371745774825,426.797998046875,407.44199523925784,372.9194961547852
419.44000244140625,419.44000244140625,442.29998779296875,407.5299987792969,442.1600036621094,42763300,2026-02-03,1,3,2,8.289621593383686,-5.138411668294027,7.718854506424283,6.395635509083656,428.63800048828125,412.88599548339846,378.28399658203125
379.3999938964844,379.3999938964844,413.0,363.8999938964844,410.5899963378906,58074900,2026-02-04,2,4,2,12.94148837464454,-7.596386351249233,9.299065317590328,6.983814254418917,417.4619995117188,411.9149963378906,380.0824966430664
382.8900146484375,382.8900146484375,390.92999267578125,366.0,369.6199951171875,38899500,2026-02-05,3,5,2,6.511006221635607,3.5901790234705135,9.361679663712431,7.110240947912004,406.8820007324219,410.4459991455078,382.24949798583987
394.69000244140625,394.69000244140625,396.6499938964844,372.8699951171875,377.9700012207031,37196000,2026-02-06,4,6,2,6.024981284603767,4.423631813822185,8.234917602666034,7.170014122721454,402.8440002441406,409.95,385.63299865722655
383.5,383.5,391.80999755859375,370.67999267578125,380.69000244140625,31009600,2026-02-09,0,9,2,5.509779630459582,0.7381327433273611,7.855375420945437,7.368888142310228,391.9840026855469,409.39100036621096,387.55349884033205
373.25,373.25,382.7900085449219,366.05999755859375,375.989990234375,35433800,2026-02-10,1,10,2,4.48225344576775,-0.7287402073302577,7.093901791422249,7.406378148923267,382.7460021972656,405.69200134277344,388.92249908447263
410.3399963378906,410.3399963378906,414.1600036621094,386.57000732421875,395.3900146484375,48153500,2026-02-11,2,11,2,6.7236917151921745,3.7810721403133956,5.850342459531776,7.574703888561051,388.9340026855469,403.1980010986328,392.5329986572266
