Adj Close,Close,High,Low,Open,Volume,date,day_of_week,day,month,hl_pct,oc_pct,volatility_5d,volatility_10d,ma_5,ma_10,ma_20
NFLX,NFLX,NFLX,NFLX,NFLX,NFLX,,,,,,,,,,,
60.09299850463867,60.09299850463867,61.099998474121094,60.0369987487793,60.80799865722656,25009000,2024-03-11,0,11,3,1.7689244201381336,-1.1758324042505195,2.451678829033382,2.2216342872091897,60.20899963378906,60.46689949035645,59.11979961395264
61.108001708984375,61.108001708984375,61.529998779296875,59.62699890136719,60.020999908447266,28216000,2024-03-12,1,12,3,3.1141582521260878,1.811035807792543,2.44259773474911,2.3164866153093073,60.46060028076172,60.56099967956543,59.38594970703125
60.94499969482422,60.94499969482422,61.48500061035156,60.72100067138672,61.33700180053711,21921000,2024-03-13,2,13,3,1.2535892079588062,-0.639095642443772,2.2124642151183607,2.3050426410589284,60.69580001831055,60.69069976806641,59.66059970855713
61.30099868774414,61.30099868774414,62.08000183105469,60.73500061035156,61.5,31205000,2024-03-14,3,14,3,2.1940934886792145,-0.32357936952172256,2.1704358571282554,2.3692073759121843,60.78579940795898,60.791599655151366,59.82899971008301
60.5880012512207,60.5880012512207,62.29199981689453,60.38199996948242,62.29199981689453,66716000,2024-03-15,4,15,3,3.1524391100022093,-2.7355014619576847,2.2966408957808904,2.3489329644282586,60.80699996948242,60.65699996948242,59.891099739074704
61.8390007019043,61.8390007019043,62.74100112915039,61.04499816894531,61.35599899291992,33442000,2024-03-18,0,18,3,2.7426105547544055,0.7872118731863695,2.4913781227041447,2.4715284758687637,61.15620040893555,60.682600021362305,60.06329975128174
62.07400131225586,62.07400131225586,62.12799835205078,60.79999923706055,61.5620002746582,21426000,2024-03-19,1,19,3,2.139380556941856,0.8316835634212162,2.2964225836672982,2.3695101592082044,61.34940032958984,60.90500030517578,60.29134979248047
62.76900100708008,62.76900100708008,62.95100021362305,61.83399963378906,61.994998931884766,26395000,2024-03-20,2,20,3,1.7795417513622551,1.2484911501421674,2.401613092347988,2.307038653733174,61.71420059204102,61.20500030517578,60.56304988861084
62.270999908447266,62.270999908447266,63.43600082397461,62.233001708984375,63.064998626708984,25077000,2024-03-21,3,21,3,1.9318769840839565,-1.259016468011859,2.3491697914289364,2.2598028242785957,61.90820083618164,61.34700012207031,60.734249877929685
62.80099868774414,62.80099868774414,62.904998779296875,62.099998474121094,62.41600036621094,21357000,2024-03-22,4,22,3,1.2818272352297484,0.6168263254202732,1.9750474164744443,2.135844156127667,62.350800323486325,61.57890014648437,60.956499862670896
62.74599838256836,62.74599838256836,63.04600143432617,62.316001892089844,62.790000915527344,18033000,2024-03-25,0,25,3,1.1634200762659812,-0.07007888567828159,1.6592093207767593,2.0752937217404517,62.53219985961914,61.844200134277344,61.15554981231689
62.92399978637695,62.92399978637695,63.43899917602539,61.917999267578125,62.52000045776367,28045000,2024-03-26,1,26,3,2.4172015663514164,0.646192139563737,1.7147735226586716,2.005598053162985,62.70219955444336,62.025799942016604,61.293399810791016
61.35300064086914,61.35300064086914,63.1349983215332,61.073001861572266,62.9010009765625,26283000,2024-03-27,2,27,3,3.360873043571039,-2.461010654298107,2.031039781100428,2.2163264367242084,62.41899948120117,62.0666000366211,61.37864990234375
60.733001708984375,60.733001708984375,61.5,60.159000396728516,61.499000549316406,37088000,2024-03-28,3,28,3,2.2080245756618138,-1.2455468113140673,2.0862692994159997,2.217719545422468,62.1113998413086,62.009800338745116,61.40069999694824
61.430999755859375,61.430999755859375,61.51100158691406,60.55699920654297,60.79999923706055,21159000,2024-04-01,0,1,4,1.552965740688763,1.0378298136790152,2.1404970005078026,2.0577722084911234,61.83740005493164,62.09410018920899,61.3755500793457
61.42100143432617,61.42100143432617,61.50299835205078,60.55099868774414,61.099998474121094,20292000,2024-04-02,1,2,4,1.5499579005147894,0.525373106745721,2.2178045653575644,1.9385069430671618,61.572400665283205,62.05230026245117,61.36745014190674
63.007999420166016,63.007999420166016,63.04100036621094,61.150001525878906,61.275001525878906,29312000,2024-04-03,2,3,4,3.001204383148226,2.8282298672080723,2.3346051287169263,2.024689325687799,61.58920059204102,62.14570007324219,61.525350189208986
61.7140007019043,61.7140007019043,63.79999923706055,61.65800094604492,63.32099914550781,30643000,2024-04-04,3,4,4,3.4708465934044197,-2.53786021270879,2.3565998386836022,2.193819809892015,61.661400604248044,62.04020004272461,61.6226001739502
63.61800003051758,63.61800003051758,63.79100036621094,62.270999908447266,62.492000579833984,33788000,2024-04-05,4,5,4,2.3892616194072858,1.801829738584095,2.3928472474326967,2.239558273424348,62.238400268554685,62.17490005493164,61.76095008850098
62.840999603271484,62.840999603271484,63.900001525878906,62.81100082397461,63.638999938964844,21457000,2024-04-08,0,8,4,1.7329461796906296,-1.2539485794225378,2.42884333523307,2.2846701678704364,62.52040023803711,62.178900146484374,61.878900146484376
61.81999969482422,61.81999969482422,63.19900131225586,61.5629997253418,63.19900131225586,21436000,2024-04-09,1,9,4,2.6463953332096732,-2.18199906453936,2.648130821772047,2.4329676935648057,62.60019989013672,62.08630027770996,61.965250205993655
61.858001708984375,61.858001708984375,62.013999938964844,60.933998107910156,61.09700012207031,28062000,2024-04-10,2,10,4,1.7459371483347252,1.2455629333577751,2.3970773748093466,2.3658412517631366,62.37020034790039,61.9797004699707,62.00275020599365
62.87799835205078,62.87799835205078,63.16600036621094,61.7239990234375,62.44200134277344,26627000,2024-04-11,3,11,4,2.2933321361468026,0.6982431695037314,2.1615744833578234,2.259087161020713,62.60299987792969,62.13220024108887,62.09940013885498
62.28300094604492,62.28300094604492,63.3120002746582,61.891998291015625,62.823001861572266,29593000,2024-04-12,4,12,4,2.279919018148644,-0.8595592371042888,2.139705963106095,2.266276605269396,62.33600006103516,62.287200164794925,62.14850025177002
60.71500015258789,60.71500015258789,63.016998291015625,60.387001037597656,63.016998291015625,30854000,2024-04-15,0,15,4,4.3317092099288566,-3.652979673511253,2.6594585691537405,2.544150952193405,61.91080017089844,62.215600204467776,62.15485019683838
61.75199890136719,61.75199890136719,62.244998931884766,60.75,60.75,35191000,2024-04-16,1,16,4,2.4209725328448704,1.6493809076003088,2.6143740090807794,2.631252415426413,61.89720001220703,62.24869995117187,62.15050010681152
61.36899948120117,61.36899948120117,62.09700012207031,60.770999908447266,62.09700012207031,33122000,2024-04-17,2,17,4,2.1607003940633467,-1.172360402979269,2.697326658226504,2.547202016517925,61.79939956665039,62.08479995727539,62.11525001525879
61.055999755859375,61.055999755859375,62.132999420166016,60.542999267578125,61.209999084472656,84684000,2024-04-18,3,18,4,2.604166926994431,-0.25159178388608533,2.7594936163960297,2.4605340498769266,61.43499984741211,62.018999862670896,62.02959995269775
55.50400161743164,55.50400161743164,57.900001525878906,55.215999603271484,56.78799819946289,164497000,2024-04-19,4,19,4,4.835690841008627,-2.2610351178805845,3.2706479809680262,2.705176972037061,60.079199981689456,61.2076000213623,61.691250038146975
55.459999084472656,55.459999084472656,55.861000061035156,54.20100021362305,55.066001892089844,85977000,2024-04-22,0,22,4,2.993147989208795,0.7154999071022253,3.002935736824014,2.831197152988877,59.02819976806641,60.46949996948242,61.3242000579834
57.775001525878906,57.775001525878906,57.92100143432617,55.52799987792969,55.64899826049805,49755000,2024-04-23,1,23,4,4.141932484977257,3.820380117947216,3.3471277272504913,2.980750868165636,58.23280029296875,60.06500015258789,61.075650215148926
55.512001037597656,55.512001037597656,57.691001892089844,55.130001068115234,57.430999755859375,53553000,2024-04-24,2,24,4,4.6134183169510905,-3.341398767946633,3.8376713118280406,3.2674989850272724,57.06140060424805,59.43040008544922,60.70505027770996
56.47999954223633,56.47999954223633,56.65399932861328,54.57099914550781,54.94599914550781,38071000,2024-04-25,3,25,4,3.6880315155593792,2.791832745940575,4.05444422954103,3.40696892296853,56.146200561523436,58.79060020446777,60.46140022277832
56.12300109863281,56.12300109863281,56.29199981689453,55.319000244140625,55.82099914550781,43326000,2024-04-26,4,26,4,1.7336912739999735,0.5410185373747535,3.434044316139299,3.352346148553663,56.27000045776367,58.174600219726564,60.23090019226074
55.94900131225586,55.94900131225586,55.9640007019043,55.42399978637695,55.917999267578125,25089000,2024-04-29,0,29,4,0.9651663172923417,0.05544197768840722,3.0284479817560084,3.0156918592900115,56.367800903320315,57.69800033569336,59.956800270080564
55.06399917602539,55.06399917602539,56.0,54.9379997253418,56.0,33615000,2024-04-30,1,30,4,1.9286653540424161,-1.6714300428118025,2.5857945555690405,2.966461141409766,55.82560043334961,57.02920036315918,59.638950157165525
55.17100143432617,55.17100143432617,56.03900146484375,54.42499923706055,54.784000396728516,34732000,2024-05-01,2,1,5,2.9254539265604245,0.7064125197048706,2.248201677490907,3.042936494659474,55.75740051269531,56.40940055847168,59.247100257873534
56.51499938964844,56.51499938964844,56.54600143432617,55.558998107910156,55.60200119018555,30682000,2024-05-02,3,2,5,1.7464449032566034,1.6420239917984216,1.859884355030352,2.957164292285691,55.764400482177734,55.95530052185059,58.98715019226074
57.933998107910156,57.933998107910156,58.0260009765625,56.51599884033203,56.599998474121094,33075000,2024-05-03,4,3,5,2.606417967939791,2.3568898758875405,2.034429693818315,2.7342370049788074,56.126599884033205,56.198300170898435,58.70295009613037
59.696998596191406,59.696998596191406,59.73400115966797,58.025001525878906,58.18199920654297,36863000,2024-05-06,0,6,5,2.8627898788501147,2.6038970992905743,2.41395440612987,2.7212011939429397,56.876199340820314,56.62200012207031,58.545750045776366
60.599998474121094,60.599998474121094,60.60499954223633,59.13199996948242,59.62799835205078,36141000,2024-05-07,1,7,5,2.430692425484042,1.630106911071387,2.5143598204181954,2.5500771879936175,57.98339920043945,56.90449981689453,58.484749984741214
60.946998596191406,60.946998596191406,61.821998596191406,60.16299819946289,60.16299819946289,30939000,2024-05-08,2,8,5,2.7220378934823986,1.3031272047467788,2.47367661380259,2.360939145646748,59.1385986328125,57.44799957275391,58.43919982910156
61.20899963378906,61.20899963378906,61.571998596191406,60.57500076293945,61.439998626708984,20654000,2024-05-09,3,9,5,1.6288419010553192,-0.37597493177596325,2.450156013362333,2.1550201841963426,60.077398681640624,57.92089958190918,58.355749893188474
61.08700180053711,61.08700180053711,62.39799880981445,60.50600051879883,61.900001525878906,26536000,2024-05-10,4,10,5,3.097219105945693,-1.313408247658768,2.5483162409635134,2.2913729673909145,60.70799942016602,58.41729965209961,58.295949935913086
61.659000396728516,61.659000396728516,61.821998596191406,60.68299865722656,61.43000030517578,20862000,2024-05-13,0,13,5,1.8472565750924441,0.3727821755088612,2.3452095802119794,2.3795819931709246,61.100399780273435,58.98829956054688,58.343149948120114
61.36600112915039,61.36600112915039,62.14799880981445,60.84000015258789,61.516998291015625,27924000,2024-05-14,1,14,5,2.1314712269971103,-0.2454559976267357,2.285365340514593,2.3998625804663942,61.2536003112793,59.618499755859375,58.323850059509276
61.35200119018555,61.35200119018555,62.40999984741211,60.90999984741211,61.856998443603516,56706000,2024-05-15,2,15,5,2.444908024027021,-0.8163946944150333,2.2299393666235177,2.3518079902130533,61.334600830078124,60.23659973144531,58.3230001449585
61.051998138427734,61.051998138427734,61.83399963378906,60.909000396728516,61.57500076293945,30564000,2024-05-16,3,16,5,1.515100676906966,-0.8493749379317942,2.207191121793847,2.32867356757809,61.30320053100586,60.690299606323244,58.32280006408691
62.11000061035156,62.11000061035156,62.57899856567383,61.47100067138672,61.70000076293945,37827000,2024-05-17,4,17,5,1.7839283261936485,0.6645054170864431,1.9445329658434383,2.246424603403476,61.50780029296875,61.107899856567386,58.65310001373291
64.08200073242188,64.08200073242188,64.43699645996094,61.95199966430664,62.040000915527344,38579000,2024-05-20,0,20,5,3.8778389676541867,3.291424543456866,2.350649444355786,2.3479295122838826,61.992400360107425,61.54640007019043,59.084200096130374
65.06099700927734,65.06099700927734,65.08799743652344,63.422000885009766,63.67599868774414,29202000,2024-05-21,1,21,5,2.560668646495088,2.175071220044762,2.4364889282553817,2.360927134384988,62.73139953613281,61.992499923706056,59.448499870300296
64.0469970703125,64.0469970703125,64.92500305175781,63.8120002746582,64.71399688720703,21762000,2024-05-22,2,22,5,1.7377907287014958,-1.030688643844817,2.295065469190277,2.262502417906897,63.270398712158205,62.302499771118164,59.87524967193603
63.56700134277344,63.56700134277344,64.27100372314453,63.0,64.23400115966797,23139000,2024-05-23,3,23,5,1.9994709460823485,-1.0383905795258714,2.3919395230253535,2.2995653224096,63.773399353027344,62.5382999420166,60.22959976196289
64.67500305175781,64.67500305175781,65.19999694824219,63.7599983215332,63.939998626708984,26153000,2024-05-24,4,24,5,2.2265149729588556,1.1495221157884143,2.4804568523783947,2.2124949091109167,64.2863998413086,62.89710006713867,60.65719985961914
64.9000015258789,64.9000015258789,64.9749984741211,64.3030014038086,64.70500183105469,26095000,2024-05-28,1,28,5,1.0354345986333158,0.30136726575383554,1.9119759785742212,2.1313127114650037,64.45,63.221200180053714,61.104749870300296
65.46199798583984,65.46199798583984,66.42500305175781,64.38899993896484,64.41300201416016,36959000,2024-05-29,2,29,5,3.1102061889913273,1.628546937540782,2.021883487073469,2.229186207664425,64.5302001953125,63.63079986572266,61.62464981079101
64.76599884033203,64.76599884033203,65.64900207519531,64.4729995727539,65.35199737548828,23889000,2024-05-30,3,30,5,1.8157714286791309,-0.8966803750301927,2.0374796270689957,2.166272548129636,64.6740005493164,63.97219963073731,62.10439968109131
64.16200256347656,64.16200256347656,64.85800170898438,62.83000183105469,64.4010009765625,40710000,2024-05-31,4,31,5,3.160749036664422,-0.3711097800683507,2.26973524518541,2.330837384105382,64.79300079345703,64.28320007324218,62.48674983978272
63.37900161743164,63.37900161743164,64.6780014038086,62.72700119018555,64.52200317382812,23235000,2024-06-03,0,3,6,3.0783069531446317,-1.7714911195753402,2.4400936412225653,2.4602752468004803,64.5338005065918,64.4101001739502,62.75900001525879
63.1619987487793,63.1619987487793,63.52299880981445,62.64400100708008,63.37799835205078,30082000,2024-06-04,1,4,6,1.391656090920275,-0.34081165213147674,2.511337939679957,2.2116569591270894,64.18619995117187,64.31809997558594,62.932250022888184
65.0270004272461,65.0270004272461,65.125,62.82500076293945,63.402000427246094,26826000,2024-06-05,2,5,6,3.5369911297597776,2.5630106133081565,2.596694927833647,2.309289207453558,64.09920043945313,64.31470031738282,63.15360012054443
64.85199737548828,64.85199737548828,65.79900360107422,64.42400360107422,64.48899841308594,24667000,2024-06-06,3,6,6,2.120212261218188,0.5628850987530378,2.657583094341459,2.3475313607052275,64.11640014648438,64.39520034790038,63.348850059509275
64.14700317382812,64.14700317382812,65.04000091552734,64.02400207519531,64.93800354003906,18766000,2024-06-07,4,7,6,1.5838601806211223,-1.2180854400970726,2.342205323132799,2.3059702841591045,64.11340026855468,64.45320053100586,63.49575023651123
64.44999694824219,64.44999694824219,64.47899627685547,63.558998107910156,64.10099792480469,20644000,2024-06-10,0,10,6,1.4274603762729963,0.544451778811466,2.012036007758472,2.2260648244905186,64.3275993347168,64.43069992065429,63.663899993896486
64.8550033569336,64.8550033569336,65.01899719238281,64.052001953125,64.0719985961914,21674000,2024-06-11,1,11,6,1.4910110079493686,1.222070136561545,2.0319069911642904,2.2716224654221238,64.66620025634765,64.42620010375977,63.82370014190674
65.00599670410156,65.00599670410156,65.5780029296875,64.31099700927734,65.22100067138672,20944000,2024-06-12,2,12,6,1.949060063146781,-0.3296545055609385,1.7143207778416911,2.1555078528376694,64.66199951171875,64.38059997558594,64.0056999206543
65.32599639892578,65.32599639892578,65.5250015258789,64.23500061035156,64.4000015258789,18636000,2024-06-13,3,13,6,1.9747129575333298,1.4378802035816216,1.6852209171047197,2.171402005723089,64.75679931640624,64.43659973144531,64.2043996810913
66.93800354003906,66.93800354003906,67.55799865722656,65.26399993896484,65.50499725341797,44471000,2024-06-14,4,14,6,3.4270498027171663,2.1876289545929586,2.0538588415239283,2.1980320823283637,65.31499938964843,64.71419982910156,64.49869995117187
67.58300018310547,67.58300018310547,68.27100372314453,66.51100158691406,66.91100311279297,36312000,2024-06-17,0,17,6,2.60420835337588,1.004314745034839,2.289208436944505,2.150622222351488,65.9416000366211,65.13459968566895,64.77234992980956
68.56700134277344,68.56700134277344,68.70600128173828,67.46399688720703,67.56300354003906,29438000,2024-06-18,1,18,6,1.8113733577502438,1.4860171249482532,2.35328090690468,2.1925939490344852,66.68399963378906,65.67509994506835,64.99659996032715
67.90299987792969,67.90299987792969,68.98799896240234,67.37200164794922,68.18000030517578,25851000,2024-06-20,3,20,6,2.3798614455299902,-0.40627812555915416,2.439441183381322,2.0768809806115067,67.26340026855469,65.96269989013672,65.13870010375976
68.61199951171875,68.61199951171875,68.69000244140625,67.80999755859375,68.32599639892578,45064000,2024-06-21,4,21,6,1.2825816024530774,0.41858608416498017,2.3010149123652717,1.9931179147349956,67.92060089111328,66.33870010375976,65.36695022583008
66.9020004272461,66.9020004272461,68.55000305175781,66.44999694824219,68.5,39163000,2024-06-24,0,24,6,3.138928716786755,-2.332846091611542,2.243390695179189,2.148624768351559,67.91340026855468,66.61419982910157,65.53370018005371
67.24099731445312,67.24099731445312,67.36699676513672,66.2300033569336,67.34400177001953,22706000,2024-06-25,1,25,6,1.6909228798109064,-0.15295268005926874,2.0607336004661945,2.17497101870535,67.84499969482422,66.89329986572265,65.66199989318848
67.76899719238281,67.76899719238281,68.2959976196289,67.00199890136719,67.24099731445312,35458000,2024-06-26,2,26,6,1.9094258021677843,0.7852350485827737,2.0803440893497025,2.216812498127191,67.68539886474609,67.18469924926758,65.80544967651367
68.43399810791016,68.43399810791016,68.85700225830078,67.81400299072266,67.93499755859375,24048000,2024-06-27,3,27,6,1.5240951813650747,0.7345264845060451,1.9091908365167196,2.174316009949021,67.79159851074219,67.52749938964844,65.95404968261718
67.48799896240234,67.48799896240234,68.69999694824219,67.30799865722656,67.9000015258789,34124000,2024-06-28,4,28,6,2.0625864041266198,-0.6067784303650345,2.065191796851428,2.18310335460835,67.56679840087891,67.74369964599609,66.0901496887207
67.36100006103516,67.36100006103516,67.50199890136719,66.37799835205078,67.48899841308594,22128000,2024-07-01,0,1,7,1.6686221230355254,-0.18965809992812505,1.7711304781011823,2.0072605866401854,67.65859832763672,67.7859992980957,66.25009956359864
67.95800018310547,67.95800018310547,68.17400360107422,67.00700378417969,67.35399627685547,24114000,2024-07-02,1,2,7,1.7172368429768043,0.8967603106536843,1.7763932707343617,1.9185634356002783,67.80199890136718,67.8234992980957,66.47904949188232
68.2509994506836,68.2509994506836,68.375,67.55000305175781,67.74800109863281,14035000,2024-07-03,2,3,7,1.2087690361784502,0.7424548974049834,1.6362619175364947,1.8583030034430987,67.89839935302734,67.79189910888672,66.73349952697754
69.06500244140625,69.06500244140625,69.7490005493164,67.7229995727539,68.2509994506836,26591000,2024-07-05,4,5,7,2.9334697820091007,1.1926609093993323,1.9181368376653,1.91366383709101,68.02460021972657,67.90809936523438,66.93539962768554
68.5739974975586,68.5739974975586,68.88600158691406,68.14900207519531,68.69999694824219,19308000,2024-07-08,0,8,7,1.0747506906608282,-0.18340532209705968,1.7205696949721418,1.892880745911785,68.2417999267578,67.90429916381837,67.12149963378906
68.5739974975586,68.5739974975586,69.5270004272461,68.47200012207031,69.0,25961000,2024-07-09,1,9,7,1.5384844746922357,-0.6173949310745018,1.6945421653034838,1.732836321702333,68.4843994140625,68.07149887084961,67.34284934997558
67.76499938964844,67.76499938964844,68.72200012207031,67.31600189208984,68.50199890136719,26519000,2024-07-10,2,10,7,2.074814790296072,-1.0758803006316955,1.7660577547673377,1.7712255127508498,68.4457992553711,68.12389907836913,67.5085994720459
65.2750015258789,65.2750015258789,67.2490005493164,64.74400329589844,67.2490005493164,51066000,2024-07-11,3,11,7,3.837605813651093,-2.935358157464194,2.291825110261866,1.9640435138991805,67.85059967041016,67.87449951171875,67.52959938049317
64.76000213623047,64.76000213623047,65.59200286865234,64.37100219726562,65.2750015258789,33552000,2024-07-12,4,12,7,1.8854240752157432,-0.7889687899038365,2.0822159689031943,2.0001764032842475,66.989599609375,67.50709991455078,67.51729965209961
65.6449966430664,65.6449966430664,66.75399780273438,64.66300201416016,64.75,32088000,2024-07-15,0,15,7,3.1853086990675856,1.3822341977859556,2.504327570584546,2.112448632778344,66.40379943847657,67.32279968261719,67.53324966430664
65.63200378417969,65.63200378417969,66.36799621582031,64.91300201416016,66.18000030517578,26857000,2024-07-16,1,16,7,2.216897424684261,-0.8280394658040462,2.640010160582951,2.167276162943218,65.81540069580078,67.14990005493163,67.46794967651367
64.74600219726562,64.74600219726562,65.04499816894531,63.946998596191406,65.0,40173000,2024-07-17,2,17,7,1.6958569417283302,-0.390765850360577,2.5642185908694026,2.16513817281837,65.21160125732422,66.82870025634766,67.32609977722169
64.30400085449219,64.30400085449219,65.7040023803711,63.91699981689453,65.66000366210938,75758000,2024-07-18,3,18,7,2.778991259844332,-2.065188443478111,2.3524956801080505,2.322160395184958,65.01740112304688,66.43400039672852,67.11294975280762
63.33399963378906,63.33399963378906,67.89700317382812,62.9119987487793,66.06400299072266,98156000,2024-07-19,4,19,7,7.8709768116228345,-4.1323613970485065,3.549606227389469,2.8159110981463313,64.7322006225586,65.8609001159668,66.88449974060059
64.75,64.75,65.62899780273438,63.2599983215332,63.95000076293945,52191000,2024-07-22,0,22,7,3.6586864574535474,1.2509761180865622,3.644281779066661,3.0743046748256035,64.5532012939453,65.47850036621094,66.69139976501465
64.2760009765625,64.2760009765625,64.99099731445312,64.0999984741211,64.75,24636000,2024-07-23,1,23,7,1.3862076463918838,-0.7320448238416989,3.4781438234081863,3.0590769919955685,64.28200073242188,65.04870071411133,66.56009979248047
63.5989990234375,63.5989990234375,65.24199676513672,63.266998291015625,63.57400131225586,48882000,2024-07-24,2,24,7,3.1053923873758884,0.0393206509982903,3.7600509125376975,3.1621347517035496,64.05260009765625,64.63210067749023,66.37799987792968
63.409000396728516,63.409000396728516,64.99800109863281,62.16999816894531,64.0999984741211,45545000,2024-07-25,3,25,7,4.459939301981815,-1.0780001463986817,4.0962405209651935,3.224368100536622,63.873600006103516,64.4455005645752,66.16000003814698
63.137001037597656,63.137001037597656,64.6989974975586,62.97700119018555,64.5,31207000,2024-07-26,4,26,7,2.7273964221829443,-2.1131766858951067,3.067524443077216,3.308565335233342,63.83420028686523,64.28320045471192,65.89515018463135
62.69599914550781,62.69599914550781,63.46099853515625,62.393001556396484,63.46099853515625,24005000,2024-07-29,0,29,7,1.7034531601946532,-1.2054638396914628,2.6764777836254368,3.160379781346049,63.4234001159668,63.98830070495605,65.65555019378662
62.257999420166016,62.257999420166016,63.46900177001953,61.70000076293945,63.016998291015625,34966000,2024-07-30,1,30,7,2.841403552243088,-1.2044351388247898,2.967516964795678,3.222830394101931,63.0197998046875,63.650900268554686,65.40040016174316
62.834999084472656,62.834999084472656,63.36000061035156,62.257999420166016,62.65700149536133,31349000,2024-07-31,2,31,7,1.7538015536597114,0.2840825204897585,2.6971987980524426,3.2286248552950694,62.866999816894534,63.45979995727539,65.14425010681153
62.48500061035156,62.48500061035156,64.6709976196289,61.76100158691406,62.92499923706055,37206000,2024-08-01,3,1,8,4.657111313579406,-0.6992429591478503,2.7366332003719607,3.416436860668577,62.68219985961914,63.27789993286133,64.85595016479492
61.36399841308594,61.36399841308594,62.527000427246094,60.834999084472656,62.097999572753906,35230000,2024-08-02,4,2,8,2.757319253193606,-1.1820045165996278,2.7426177665740927,2.9050711048256543,62.327599334716794,63.08089981079102,64.47089996337891
59.85499954223633,59.85499954223633,60.45600128173828,58.70399856567383,58.70399856567383,40442000,2024-08-05,0,5,8,2.9270783217167393,1.9606858215541187,2.9873427988785104,2.8319102912519734,61.7593994140625,62.59139976501465,64.03495006561279
60.957000732421875,60.957000732421875,62.244998931884766,60.0620002746582,60.0620002746582,43191000,2024-08-06,1,6,8,3.581210740353022,1.4901276242398092,3.135304236500497,3.0514106006480874,61.49919967651367,62.25949974060059,63.654100227355954
61.14799880981445,61.14799880981445,63.20000076293945,61.06399917602539,61.606998443603516,31878000,2024-08-07,2,7,8,3.493166789574849,-0.7450446302934909,3.483177283683524,3.0901880408679836,61.161799621582034,62.014399719238284,63.323250198364256
63.03499984741211,63.03499984741211,63.229000091552734,61.60200119018555,62.19900131225586,32835000,2024-08-08,3,8,8,2.5811039982638846,1.3440706723879867,3.06797582062042,2.90230451049619,61.27179946899414,61.97699966430664,63.211250114440915
63.39400100708008,63.39400100708008,63.6619987487793,62.29899978637695,62.29899978637695,19808000,2024-08-09,4,9,8,2.150044074754201,1.757654576249828,2.946520784932539,2.844569275753316,61.677799987792966,62.00269966125488,63.1429500579834
63.31399917602539,63.31399917602539,63.900001525878906,62.707000732421875,63.099998474121094,23317000,2024-08-12,0,12,8,1.884260683234136,0.33914533610022823,2.7379572572360185,2.8626500280572644,62.36959991455078,62.06449966430664,63.02640018463135
64.802001953125,64.802001953125,65.09700012207031,63.54999923706055,63.85599899291992,26396000,2024-08-13,1,13,8,2.387273291539357,1.481462940247739,2.4991697674732856,2.8172370019868915,63.1386001586914,62.318899917602536,62.984900093078615
66.16799926757812,66.16799926757812,66.35700225830078,64.87000274658203,64.87000274658203,40143000,2024-08-14,2,14,8,2.2473091648206593,2.000919479018343,2.2499982425224476,2.866587763102986,64.14260025024414,62.65219993591309,63.05599994659424
66.3219985961914,66.3219985961914,67.31900024414062,65.9800033569336,66.8489990234375,32102000,2024-08-15,3,15,8,2.018933258268734,-0.7883445301272581,2.1375640945234173,2.602769957571919,64.8,63.03589973449707,63.1568998336792
67.40699768066406,67.40699768066406,68.02300262451172,66.53600311279297,66.94300079345703,35110000,2024-08-16,4,16,8,2.2060016954965214,0.6931223305011778,2.1487556186718817,2.5476382018022106,65.6025993347168,63.64019966125488,63.360549736022946
68.85299682617188,68.85299682617188,68.88400268554688,67.29100036621094,67.40699768066406,30162000,2024-08-19,0,19,8,2.313628153844449,2.145176606675367,2.234629112793944,2.4862931850149814,66.7103988647461,64.53999938964844,63.56569957733154
69.85399627685547,69.85399627685547,71.13300323486328,68.82499694824219,68.88600158691406,48131000,2024-08-20,1,20,8,3.3040433040848076,1.4052124780679556,2.4179831153030342,2.4585764413881597,67.72079772949219,65.4296989440918,63.84459934234619
69.71199798583984,69.71199798583984,70.0999984741211,69.13800048828125,69.69999694824219,22353000,2024-08-21,2,21,8,1.3799604280962485,0.017218132170892315,2.244513367958152,2.2472558052402998,68.42959747314453,66.28609886169434,64.1502492904663
68.89600372314453,68.89600372314453,70.1500015258789,68.6240005493164,69.0999984741211,27294000,2024-08-22,3,22,8,2.2149339498625578,-0.29521672283822314,2.283713506276917,2.2106388004001674,68.94439849853515,66.87219924926758,64.4245994567871
68.6729965209961,68.6729965209961,69.60700225830078,67.86299896240234,69.41300201416016,23545000,2024-08-23,4,23,8,2.539576520976809,-1.0660906050614298,2.3504284713729744,2.249592045022428,69.19759826660156,67.40009880065918,64.70139923095704
68.84400177001953,68.84400177001953,69.05899810791016,68.16400146484375,68.72599792480469,13542000,2024-08-26,0,26,8,1.3000357620933114,0.17170190143176317,2.1477099930227466,2.1911695529083457,69.1957992553711,67.95309906005859,65.00879936218261
69.5719985961914,69.5719985961914,70.78900146484375,68.69200134277344,68.85299682617188,31649000,2024-08-27,1,27,8,3.014143857274655,1.044256318769599,2.0897301036607163,2.2538566094818755,69.13939971923828,68.43009872436524,65.37449932098389
68.38400268554688,68.38400268554688,69.66699981689453,67.70999908447266,69.58300018310547,24306000,2024-08-28,2,28,8,2.8617814921142246,-1.7231184260573267,2.3860943164643116,2.3153038422112315,68.8738006591797,68.65169906616211,65.65194950103759
69.24800109863281,69.24800109863281,69.9800033569336,68.60700225830078,69.0,21870000,2024-08-29,3,29,8,1.9827302981311905,0.35942188207653986,2.339653586118038,2.3116835461974774,68.94420013427734,68.94429931640624,65.99009952545165
70.13500213623047,70.13500213623047,70.18599700927734,68.81600189208984,70.03600311279297,32667000,2024-08-30,4,30,8,1.9533686111913375,0.14135447346711388,2.222412004160944,2.2864202377669587,69.23660125732422,69.21709976196288,66.42864971160888
67.53199768066406,67.53199768066406,70.38600158691406,67.10099792480469,70.01000213623047,31610000,2024-09-03,1,3,9,4.864366189258971,-3.539500614133003,2.9352780895940755,2.541494041308411,68.97420043945313,69.0849998474121,66.81249961853027
67.96800231933594,67.96800231933594,68.46499633789062,67.30599975585938,67.33100128173828,17853000,2024-09-04,2,4,9,1.7052091314761681,0.9460739116773325,2.6734911444343785,2.381610624047547,68.65340118408203,68.89640045166016,67.16304969787598
68.36199951171875,68.36199951171875,68.73100280761719,67.18599700927734,67.31400299072266,18101000,2024-09-05,3,5,9,2.26003599861791,1.5568774317886438,2.5531420457351155,2.469618181099713,68.64900054931641,68.76140060424805,67.5237497329712
66.5770034790039,66.5770034790039,68.31500244140625,66.23400115966797,68.18599700927734,29913000,2024-09-06,4,6,9,3.1257058338387935,-2.3597125522041114,2.781737152876636,2.560695369497337,68.11480102539062,68.52950057983398,67.70084991455079
67.54199981689453,67.54199981689453,68.3499984741211,67.21399688720703,67.4000015258789,26831000,2024-09-09,0,9,9,1.6819187912613598,0.2106799522268606,2.72744718889064,2.4749295965257923,67.59620056152343,68.41640090942383,67.9082498550415
67.36199951171875,67.36199951171875,68.05899810791016,66.58100128173828,67.68699645996094,20792000,2024-09-10,1,10,9,2.194110680925902,-0.4801468010689967,2.1933960872240266,2.5643370884090513,67.56220092773438,68.26820068359375,68.11064987182617
68.14700317382812,68.14700317382812,68.2969970703125,66.08000183105469,67.74600219726562,23919000,2024-09-11,2,11,9,3.253254194616221,0.5919182882479894,2.5030050998520372,2.5882481221432077,67.5980010986328,68.12570114135742,68.27789993286133
68.68000030517578,68.68000030517578,69.48799896240234,68.22000122070312,68.49199676513672,25821000,2024-09-12,3,12,9,1.846240151521463,0.27448979284943065,2.420245930432748,2.486693988083932,67.66160125732422,68.15530090332031,68.40349998474122
69.70600128173828,69.70600128173828,69.96399688720703,68.0,68.0009994506836,22765000,2024-09-13,4,13,9,2.8175434698497948,2.507318781823504,2.358613457634948,2.570175305255792,68.28740081787109,68.20110092163085,68.57270011901855
69.6500015258789,69.6500015258789,70.302001953125,68.86299896240234,70.0,18437000,2024-09-16,0,16,9,2.066048756923552,-0.4999978201729911,2.4354394507673867,2.5814433198290136,68.70900115966796,68.1526008605957,68.68485031127929
70.69100189208984,70.69100189208984,70.76300048828125,69.83699798583984,70.08200073242188,22986000,2024-09-17,1,17,9,1.3099298038737004,0.8689836952474845,2.258603275356946,2.2259996812904865,69.37480163574219,68.46850128173828,68.7767505645752
69.0469970703125,69.0469970703125,70.75499725341797,68.80000305175781,70.75499725341797,29844000,2024-09-18,2,18,9,2.831396417818621,-2.4139640299723992,2.174231719997426,2.338618409924732,69.55480041503907,68.57640075683594,68.73640060424805
70.43199920654297,70.43199920654297,71.56600189208984,69.53700256347656,70.5,42285000,2024-09-19,3,19,9,2.8807919006575524,-0.09645502618018617,2.3811420698246444,2.400694000128696,69.9052001953125,68.78340072631836,68.7724006652832
70.10299682617188,70.10299682617188,70.66699981689453,69.63099670410156,70.55500030517578,39981000,2024-09-20,4,20,9,1.477829992577711,-0.6406398937691566,2.1131993743702275,2.235906416002588,69.98459930419922,69.13600006103516,68.83275032043457
70.53700256347656,70.53700256347656,71.2249984741211,69.91600036621094,70.23899841308594,32243000,2024-09-23,0,23,9,1.8557608919264512,0.42427163986311206,2.0711418013708074,2.253290626069097,70.16199951171875,69.43550033569336,68.92595062255859
72.22599792480469,72.22599792480469,72.24400329589844,70.44499969482422,70.66300201416016,35657000,2024-09-24,1,24,9,2.4907978467077494,2.2119013714295956,2.3073154099376167,2.2829593426472816,70.46899871826172,69.92190017700196,69.09505043029785
72.15599822998047,72.15599822998047,72.51200103759766,71.62100219726562,72.0999984741211,22598000,2024-09-25,2,25,9,1.2348229699382434,0.07766956594246674,1.9880007203615417,2.0811162201794837,71.0907989501953,70.32279968261719,69.2242504119873
71.14299774169922,71.14299774169922,72.5260009765625,70.1719970703125,72.4729995727539,28330000,2024-09-26,3,26,9,3.3088342928656798,-1.8351687371785002,2.0736091988031666,2.2273756343139057,71.23299865722656,70.56909942626953,69.36220016479493
70.73500061035156,70.73500061035156,71.07099914550781,70.125,70.83599853515625,23956000,2024-09-27,4,27,9,1.3373847986782548,-0.14257994083977193,2.0455201600232757,2.0793597671967516,71.3593994140625,70.67199935913087,69.43655014038086
70.927001953125,70.927001953125,71.12100219726562,70.28199768066406,70.69999694824219,17099000,2024-09-30,0,30,9,1.1829127039037304,0.3210820575409608,1.9109505224187315,1.9910461618947692,71.4373992919922,70.79969940185546,69.47615013122558
70.61299896240234,70.61299896240234,71.7760009765625,69.85900115966797,71.36399841308594,28135000,2024-10-01,1,1,10,2.7147973391064038,-1.0523505792605419,1.9557504208984624,2.1315329154180396,71.11479949951172,70.79189910888672,69.6302001953125
71.10900115966797,71.10900115966797,71.62100219726562,70.46900177001953,70.61299896240234,17582000,2024-10-02,2,2,10,1.6200486695902183,0.7024233562572803,2.0327955608288577,2.0103981405951994,70.90540008544922,70.99809951782227,69.7872501373291
70.68000030517578,70.68000030517578,70.88099670410156,70.0,70.4260025024414,22564000,2024-10-03,3,3,10,1.2464582630131207,0.36065912263807653,1.6203203548583456,1.8469647768307564,70.81280059814453,71.02289962768555,69.90315017700195
71.97000122070312,71.97000122070312,72.10099792480469,70.88200378417969,71.33200073242188,22290000,2024-10-04,4,4,10,1.6937531192848447,0.8944099166298382,1.6915940189796637,1.8685570895014698,71.05980072021484,71.20960006713867,70.17280006408691
70.19200134277344,70.19200134277344,71.58799743652344,69.64299774169922,71.47599792480469,33605000,2024-10-07,0,7,10,2.770970563050436,-1.7964024558034999,2.0092055908090045,1.960078056613868,70.91280059814453,71.17509994506835,70.30530014038087
72.1760025024414,72.1760025024414,72.50599670410156,70.3550033569336,70.38800048828125,31874000,2024-10-08,1,8,10,2.9802057090862157,2.5402085607728506,2.0622872648049673,2.009018842851715,71.22540130615235,71.17010040283203,70.54600028991699
72.74299621582031,72.74299621582031,72.85900115966797,71.88700103759766,71.92500305175781,19811000,2024-10-09,2,9,10,1.33621128168339,1.1372862417174532,2.0055197872236015,2.0191576740262294,71.55220031738281,71.22880020141602,70.7757999420166
73.02899932861328,73.02899932861328,73.38500213623047,72.25,72.3290023803711,27679000,2024-10-10,3,10,10,1.554180047193618,0.9677956631573219,2.067064144059701,1.8436922494590235,72.02200012207031,71.41740036010742,70.99324989318848
72.27899932861328,72.27899932861328,73.5999984741211,72.12200164794922,73.48999786376953,22995000,2024-10-11,4,11,10,2.0448495965643185,-1.6478412986228572,2.1372834395155955,1.9144387292476295,72.08379974365235,71.5718002319336,71.12189979553223
71.30000305175781,71.30000305175781,72.66200256347656,71.13099670410156,72.5,27971000,2024-10-14,0,14,10,2.14727320314926,-1.6551682044719827,2.0125439675353602,2.0108747791721826,72.30540008544922,71.60910034179688,71.20439987182617
70.5979995727539,70.5979995727539,71.33999633789062,69.97799682617188,71.2509994506836,29328000,2024-10-15,1,15,10,1.9292324427906176,-0.9164782009572534,1.8023493142762408,1.9323182895406041,71.98979949951172,71.60760040283203,71.19974975585937
70.19999694824219,70.19999694824219,70.55899810791016,69.78199768066406,70.34300231933594,24943000,2024-10-16,2,16,10,1.1068382635671181,-0.2032972241425649,1.7564747106529865,1.880997248938294,71.4811996459961,71.51669998168946,71.25739974975586
68.76499938964844,68.76499938964844,70.44100189208984,67.78800201416016,70.43499755859375,89267000,2024-10-17,3,17,10,3.8580671874899455,-2.370977819025361,2.2172521387122517,2.142158141385976,70.62839965820312,71.32519989013672,71.17404975891114
76.38899993896484,76.38899993896484,76.62799835205078,73.62300109863281,73.76399993896484,159741000,2024-10-18,4,18,10,3.933808867531942,3.5586464971693856,2.5950439929057767,2.366163716210686,71.45039978027344,71.7670997619629,71.48834991455078
77.20700073242188,77.20700073242188,77.30000305175781,75.66000366210938,76.57599639892578,60571000,2024-10-21,0,21,10,2.124158915759754,0.824023666905816,2.590421135427875,2.3014825514816177,72.63179931640624,72.46859970092774,71.82184982299805
76.42400360107422,76.42400360107422,76.97000122070312,76.11199951171875,76.5270004272461,29873000,2024-10-22,1,22,10,1.1226861569083184,-0.13458887137461198,2.4291118782514154,2.115730596263828,73.79700012207032,72.89339981079101,72.03175010681153
74.92900085449219,74.92900085449219,76.37899780273438,74.4260025024414,76.28299713134766,37490000,2024-10-23,2,23,10,2.606461153920327,-1.7749647074355173,2.7290364563220573,2.2427555834875217,74.74280090332032,73.1120002746582,72.1704002380371
75.45500183105469,75.45500183105469,75.58200073242188,74.625,75.1969985961914,26430000,2024-10-24,3,24,10,1.2683065525127406,0.34310310209156225,2.2110843293266162,2.214168234019434,76.08080139160157,73.35460052490234,72.38600044250488
75.46800231933594,75.46800231933594,76.8499984741211,75.35299682617188,75.61699676513672,28195000,2024-10-25,4,25,10,1.9836243201652448,-0.19703830114220466,1.821047419853277,2.2080457063795267,75.89660186767578,73.6735008239746,72.62265052795411
74.91200256347656,74.91200256347656,75.86799621582031,74.78800201416016,75.86799621582031,28624000,2024-10-28,0,28,10,1.4416837952570083,-1.2600749987178417,1.6845523957527277,2.1374867655903014,75.43760223388672,74.03470077514649,72.82190055847168
75.94400024414062,75.94400024414062,76.38800048828125,74.8010025024414,75.11299896240234,36604000,2024-10-29,1,29,10,2.089695013086023,1.106334846454789,1.8779541669882687,2.153533022619842,75.3416015625,74.56930084228516,73.0884506225586
75.3740005493164,75.3740005493164,75.97899627685547,75.22799682617188,75.80799865722656,17220000,2024-10-30,2,30,10,0.9963640581770936,-0.5724964589456082,1.555934747839622,2.1424856020808396,75.43060150146485,75.08670120239258,73.30170059204102
75.60299682617188,75.60299682617188,76.0790023803711,75.2229995727539,75.39299774169922,30577000,2024-10-31,3,31,10,1.132233963668568,0.27853924205550934,1.5287202300707876,1.8699022796987017,75.46020050048828,75.77050094604492,73.54785041809082
75.61000061035156,75.61000061035156,76.37999725341797,74.7770004272461,75.3479995727539,29968000,2024-11-01,4,1,11,2.1200857204495422,0.34772129198290846,1.556012510127647,1.6885299649904617,75.48860015869141,75.69260101318359,73.72985038757324
75.5510025024414,75.5510025024414,76.24800109863281,74.96900177001953,75.31400299072266,19022000,2024-11-04,0,4,11,1.692895244602414,0.31468186832127903,1.6062547999967278,1.645403597874728,75.61640014648438,75.52700119018554,73.99780044555663
76.39099884033203,76.39099884033203,76.75299835205078,75.62699890136719,75.73500061035156,22006000,2024-11-05,1,5,11,1.4739949310482134,0.866175776977291,1.4831147835891663,1.6805344752887177,75.70579986572265,75.52370071411133,74.20855026245117
78.02100372314453,78.02100372314453,78.14900207519531,75.73799896240234,77.1500015258789,36908000,2024-11-06,2,6,11,3.090197508030465,1.1289723655720982,1.9018814735598404,1.7289081106997313,76.23520050048828,75.83290100097656,74.47245063781739
79.65399932861328,79.65399932861328,79.8219985961914,77.99400329589844,78.13700103759766,32951000,2024-11-07,3,7,11,2.294919672208244,1.9414595785237287,2.1344186152677755,1.8315694226692816,77.04540100097657,76.25280075073242,74.80370063781739
79.50399780273438,79.50399780273438,79.90599822998047,78.86499786376953,79.73600006103516,19106000,2024-11-08,4,8,11,1.309368578915832,-0.29096300055582364,1.9722751869610338,1.7641438485443401,77.82420043945312,76.65640029907226,75.16495056152344
80.54399871826172,80.54399871826172,80.68199920654297,79.55699920654297,79.58999633789062,23992000,2024-11-11,0,11,11,1.396752108043686,1.1986460915527386,1.9130465596492883,1.759650679823008,78.82279968261719,77.21959991455078,75.62715034484863
81.94999694824219,81.94999694824219,82.03700256347656,80.375,80.75,28141000,2024-11-12,1,12,11,2.0280690974598166,1.4860643321884675,2.0238613929316087,1.7534880882603872,79.93459930419922,77.82019958496093,76.19475021362305
83.0469970703125,83.0469970703125,83.6989974975586,82.05400085449219,82.26200103759766,27678000,2024-11-13,2,13,11,1.9808020772547077,0.9542632355321179,1.8019823067764573,1.8519318901681487,80.9397979736328,78.58749923706054,76.83710021972657
83.72599792480469,83.72599792480469,84.0999984741211,83.00199890136719,83.36699676513672,30382000,2024-11-14,3,14,11,1.311420108411288,0.43062743483414007,1.6052823940170662,1.869850504642421,81.75419769287109,79.39979934692383,77.58515014648438
82.39600372314453,82.39600372314453,83.2040023803711,81.64900207519531,83.2040023803711,36737000,2024-11-15,4,15,11,1.8872278204179354,-0.9711055166946871,1.7208542423174868,1.84656471463926,82.33259887695313,80.07839965820312,77.88550033569337
84.70500183105469,84.70500183105469,84.84500122070312,80.93299865722656,81.55000305175781,40812000,2024-11-18,0,18,11,4.618384367996481,3.8687905103994584,2.365180694308046,2.139113626978667,83.16479949951172,80.99379959106446,78.260400390625
87.13200378417969,87.13200378417969,87.4489974975586,83.91600036621094,83.9749984741211,38142000,2024-11-19,1,19,11,4.054764010820479,3.7594586096140277,2.770519676980178,2.3971905349558935,84.20120086669922,82.06790008544922,78.79580039978028
88.38500213623047,88.38500213623047,89.05999755859375,86.83999633789062,87.99800109863281,40938000,2024-11-20,2,20,11,2.5117397375647172,0.43978389595905143,2.8767072090421797,2.339344757909319,85.26880187988282,83.10429992675782,79.46860046386719
89.74800109863281,89.74800109863281,90.80000305175781,87.7239990234375,88.39299774169922,45113000,2024-11-21,3,21,11,3.42737887269466,1.5329306523726751,3.2998989618988546,2.4525906779579603,86.47320251464843,84.11370010375977,80.1832504272461
89.77899932861328,89.77899932861328,90.5999984741211,89.30000305175781,89.5999984741211,32140000,2024-11-22,4,22,11,1.44799500115275,0.19977774279079683,3.2120523980458175,2.4664533201816523,87.94980163574219,85.14120025634766,80.89880027770997
86.55899810791016,86.55899810791016,90.20500183105469,86.4219970703125,90.20500183105469,60142000,2024-11-25,0,25,11,4.370435013614696,-4.041908596125464,3.1624625271694606,2.763821610738753,88.32060089111329,85.7427001953125,81.48115005493165
87.26000213623047,87.26000213623047,88.63600158691406,86.7249984741211,86.7490005493164,31383000,2024-11-26,1,26,11,2.1900103896508134,0.5890576072096191,2.789511802935527,2.780015739957853,88.34620056152343,86.27370071411133,82.04695014953613
87.73400115966797,87.73400115966797,88.09500122070312,85.89099884033203,87.20600128173828,25782000,2024-11-27,2,27,11,2.5121416454722136,0.6054627779845875,2.789592184517027,2.8331496967796035,88.21600036621093,86.74240112304688,82.66495018005371
88.68099975585938,88.68099975585938,89.24099731445312,87.66799926757812,88.21700286865234,20272000,2024-11-29,4,29,11,1.7737712150353473,0.5259721732984778,2.4588706529851643,2.879384807442009,88.00260009765626,87.23790130615234,83.31885032653808
89.77400207519531,89.77400207519531,90.23400115966797,88.41200256347656,88.7509994506836,23890000,2024-12-02,0,2,12,2.0295392363874876,1.1526660328824492,2.575179500032111,2.8936159490389644,88.00160064697266,87.97570114135742,84.02705039978028
90.21700286865234,90.21700286865234,90.26899719238281,88.8030014038086,89.43599700927734,24016000,2024-12-03,1,3,12,1.6249661837121474,0.8732567260294364,2.026085734051602,2.5942741306105312,88.73320159912109,88.52690124511719,84.76035041809082
91.10600280761719,91.10600280761719,91.59700012207031,89.80500030517578,89.80500030517578,26896000,2024-12-04,2,4,12,1.9669393472113845,1.4486971750128983,1.981471525563716,2.3854916642496216,89.50240173339844,88.92430114746094,85.49610061645508
91.78700256347656,91.78700256347656,92.69999694824219,91.11100006103516,91.78500366210938,28353000,2024-12-05,3,5,12,1.7311785359894922,0.002177808233844071,1.8252789036671717,2.307435544092099,90.31300201416016,89.26450119018554,86.18440055847168
93.4739990234375,93.4739990234375,93.5270004272461,91.27100372314453,91.52300262451172,29554000,2024-12-06,4,6,12,2.4135018589885067,2.1317006031041914,1.9532250324578038,2.2060478427214836,91.27160186767578,89.63710098266601,86.87540054321289
91.36900329589844,91.36900329589844,93.02999877929688,90.25900268554688,92.80000305175781,33501000,2024-12-09,0,9,12,3.0327528962706656,-1.5420255482763898,2.1538677644344393,2.3645236322332757,91.59060211181641,89.79610137939453,87.4686508178711
91.33499908447266,91.33499908447266,92.28800201416016,90.95800018310547,91.3759994506836,23886000,2024-12-10,1,10,12,1.4561798263386565,-0.04486995103464313,2.120110492959741,2.0730981135056714,91.81420135498047,90.27370147705078,88.00820083618164
93.65599822998047,93.65599822998047,94.17500305175781,92.30799865722656,92.47100067138672,35017000,2024-12-11,2,11,12,1.9934701779021755,1.2814801937797387,2.1254166590978993,2.0534440923308077,92.32420043945312,90.91330108642578,88.59350090026855
92.55500030517578,92.55500030517578,93.40899658203125,92.26000213623047,93.33499908447266,24862000,2024-12-12,3,12,12,1.2414180130865693,-0.8356980628359344,2.027464554517315,1.9263717290922433,92.47779998779296,91.39540100097656,89.06890106201172
91.88700103759766,91.88700103759766,92.55500030517578,90.96099853515625,91.68099975585938,24858000,2024-12-13,4,13,12,1.7347413148975328,0.22469353768703382,1.89171244569912,1.922468739078462,92.160400390625,91.71600112915038,89.47695121765136
92.10800170898438,92.10800170898438,92.89399719238281,91.94999694824219,92.39399719238281,26749000,2024-12-16,0,16,12,1.0248840780665265,-0.3095390307694315,1.490138682058292,1.8220032232463659,92.30820007324219,91.9494010925293,89.96255111694336
91.91300201416016,91.91300201416016,92.84500122070312,91.64199829101562,92.15399932861328,24595000,2024-12-17,1,17,12,1.3088495678795964,-0.2615158497828718,1.46067263036648,1.7903915616631108,92.42380065917969,92.11900100708007,90.32295112609863
88.95500183105469,88.95500183105469,92.24400329589844,88.65599822998047,91.91300201416016,29382000,2024-12-18,2,18,12,4.033505696208503,-3.2182608752674167,1.868679734027746,1.9970481965628224,91.48360137939453,91.90390090942383,90.41410102844239
90.2040023803711,90.2040023803711,91.26200103759766,89.9000015258789,90.81800079345703,28155000,2024-12-19,3,19,12,1.5099102875452108,-0.6760756763213983,1.922378188919474,1.9749213717183942,91.01340179443359,91.74560089111328,90.50505104064942
90.90499877929688,90.90499877929688,91.99199676513672,89.04900360107422,89.32099914550781,45305000,2024-12-20,4,20,12,3.2374382086596003,1.7733787675266126,2.2229175676718875,2.0573150066855037,90.81700134277344,91.48870086669922,90.56290092468262
91.1449966430664,91.1449966430664,91.5,89.91000366210938,91.34200286865234,23394000,2024-12-23,0,23,12,1.7444691386815463,-0.21567977425372187,2.366834579794891,1.9284866309265918,90.62440032958985,91.46630020141602,90.63120079040527
93.21199798583984,93.21199798583984,93.58499908447266,91.16999816894531,91.5,23203000,2024-12-24,1,24,12,2.590869166750631,1.87103605009819,2.6232384995690983,2.041955564967789,90.88419952392579,91.65400009155273,90.96385078430175
92.41400146484375,92.41400146484375,93.04900360107422,91.52999877929688,92.83999633789062,23403000,2024-12-26,3,26,12,1.6436955414761534,-0.458848438012071,2.1452764686226287,2.006978101325187,91.5759994506836,91.52980041503906,91.22155075073242
90.75499725341797,90.75499725341797,91.81300354003906,89.44999694824219,91.60099792480469,32262000,2024-12-27,4,27,12,2.6037206361194403,-0.9235714572467881,2.364038538337474,2.1432083636284744,91.68619842529297,91.34980010986328,91.37260055541992
90.04299926757812,90.04299926757812,90.822998046875,88.97100067138672,89.45099639892578,22030000,2024-12-30,0,30,12,2.0567921887905527,0.6618180819497871,2.1279093343636646,2.1754134510177763,91.51379852294922,91.16539993286133,91.44070053100586
89.13200378417969,89.13200378417969,90.26799774169922,88.9469985961914,90.18000030517578,18759000,2024-12-31,1,31,12,1.4820705127491822,-1.1621163422594767,2.075429609177192,2.221132094486042,91.11119995117187,90.86780014038087,91.40860061645508
88.6729965209961,88.6729965209961,89.85800170898438,87.69999694824219,89.55000305175781,23123000,2025-01-02,3,2,1,2.4336662179124766,-0.97934840968663,2.043989019409561,2.3336137594893294,90.20339965820312,90.54379959106446,91.33140029907227
88.1050033569336,88.1050033569336,89.88300323486328,87.98899841308594,89.31300354003906,29673000,2025-01-03,4,3,1,2.1497131259439324,-1.35254681314566,2.145192536303117,2.1452345024628725,89.34160003662109,90.45879974365235,91.18135032653808
88.17900085449219,88.17900085449219,89.28299713134766,87.16899871826172,88.8759994506836,34577000,2025-01-06,0,6,1,2.397394382563184,-0.7842371399470605,2.103927285591866,2.23398291196467,88.82640075683594,90.25629959106445,91.00095024108887
87.91899871826172,87.91899871826172,88.80000305175781,86.91100311279297,87.93800354003906,26498000,2025-01-07,1,7,1,2.1485685306974247,-0.021611613878282625,2.12228255397324,2.1250959441684527,88.40160064697265,89.95769958496093,90.72320022583008
87.5,87.5,88.62200164794922,87.30000305175781,88.0,23479000,2025-01-08,2,8,1,1.5108555385044642,-0.5681818181818182,2.1280395591242964,2.101734584150744,88.07519989013672,89.5931999206543,90.52975006103516
83.76899719238281,83.76899719238281,86.64099884033203,83.44000244140625,86.63999938964844,48033000,2025-01-10,4,10,1,3.821218477254077,-3.3137144707882418,2.4055500109926164,2.2247695152010887,87.09440002441406,88.64889984130859,90.15144996643066
84.02899932861328,84.02899932861328,84.70700073242188,82.91400146484375,83.15299987792969,30245000,2025-01-13,0,13,1,2.1337862903331977,1.0534790710732973,2.4023646438704693,2.273778590086793,86.27919921875,87.81039962768554,89.6701000213623
82.83999633789062,82.83999633789062,84.48899841308594,82.35199737548828,84.31999969482422,30377000,2025-01-14,1,14,1,2.579673022776562,-1.755222203854491,2.4388203719131454,2.2713738287525054,85.21139831542969,87.0188995361328,89.18434982299804
84.82599639892578,84.82599639892578,85.08399963378906,83.04100036621094,83.64399719238281,31814000,2025-01-15,2,15,1,2.408458909188831,1.413130943305289,2.4907984476114264,2.3065405007923334,84.5927978515625,86.49719924926758,88.83129959106445
84.23699951171875,84.23699951171875,86.89800262451172,84.2020034790039,86.09600067138672,40285000,2025-01-16,3,16,1,3.200492848908697,-2.1592189476529215,2.828725909692273,2.4783827344082843,83.94019775390625,86.00769882202148,88.43774948120117
85.80999755859375,85.80999755859375,86.5,85.21299743652344,85.97899627685547,36176000,2025-01-17,4,17,1,1.4998282252575021,-0.19655814277889078,2.364447859292958,2.384998935142787,84.34839782714843,85.72139892578124,88.13259925842286
86.96800231933594,86.96800231933594,91.63999938964844,85.4749984741211,86.35299682617188,98514000,2025-01-21,1,21,1,7.088815140182489,0.7121993628108417,3.355453629262816,2.878909136566643,84.93619842529297,85.60769882202149,88.03324928283692
95.39900207519531,95.39900207519531,99.9000015258789,95.07599639892578,99.8030014038086,142732000,2025-01-22,2,22,1,5.056662042597418,-4.412692270440295,3.8508514332269876,3.1448359025700663,87.4479995727539,86.3296989440918,88.29299926757812
98.48600006103516,98.48600006103516,98.5,95.38999938964844,95.78099822998047,77521000,2025-01-23,3,23,1,3.15780984954632,2.8241528915366776,4.000721621298486,3.2457600344549555,90.18000030517578,87.38639907836914,88.67204933166504
97.75900268554688,97.75900268554688,98.62799835205078,96.76799774169922,98.44100189208984,45504000,2025-01-24,4,24,1,1.9026386923508922,-0.6927999445704243,3.741150789986924,3.2849383498395985,92.8844009399414,88.41229934692383,89.00274963378907
97.18900299072266,97.18900299072266,98.22699737548828,96.0260009765625,97.11000061035156,46342000,2025-01-27,0,27,1,2.2646558059000577,0.0813534959062418,3.8941163061154356,3.1292820827041967,95.16020202636719,89.75429992675781,89.2015998840332
97.18299865722656,97.18299865722656,97.79299926757812,95.7300033569336,96.6709976196289,34340000,2025-01-28,1,28,1,2.1227950764525274,0.5296325166853302,2.9009122933694433,3.1281829613161296,97.20320129394531,91.06969985961913,89.44004974365234
97.81500244140625,97.81500244140625,98.76399993896484,96.822998046875,98.0,29307000,2025-01-29,2,29,1,1.9843601120927792,-0.18877301897321427,2.286451907268515,3.068651670247751,97.6864013671875,92.5672004699707,89.79305000305176
97.3239974975586,97.3239974975586,99.45899963378906,97.0009994506836,98.67500305175781,38678000,2025-01-30,3,30,1,2.525584898182104,-1.369146706274312,2.1600069169956724,3.0803642691470783,97.4540008544922,93.81700057983399,90.15709991455078
97.6760025024414,97.6760025024414,99.02899932861328,97.4000015258789,97.4000015258789,36151000,2025-01-31,4,31,1,1.6677564202053192,0.28336855465979366,2.1130304625665572,2.927090626276741,97.4374008178711,95.16090087890625,90.58429985046386
97.89399719238281,97.89399719238281,98.76899719238281,96.43800354003906,97.30000305175781,37242000,2025-02-03,0,3,2,2.381140538947291,0.6104770010223232,2.136327409176004,3.0152218576457197,97.57839965820312,96.36930084228516,91.0453498840332
99.48699951171875,99.48699951171875,100.80000305175781,97.85099792480469,98.0469970703125,60001000,2025-02-04,1,4,2,2.9642115466611862,1.4686859204607563,2.304610703217736,2.6027614982935896,98.03919982910156,97.62120056152344,91.61444969177246
101.11100006103516,101.11100006103516,101.18299865722656,98.66799926757812,98.77300262451172,39934000,2025-02-05,2,5,2,2.4873647655846254,2.3670409670660706,2.4052116339161054,2.3458317705923104,98.69839935302734,98.19240036010743,92.26104965209962
101.56800079345703,101.56800079345703,101.63500213623047,100.26100158691406,100.78700256347656,31343000,2025-02-06,3,6,2,1.352788810041163,0.7748997490907511,2.170652416287917,2.1653296666417945,99.54720001220703,98.5006004333496,92.94349975585938
101.39299774169922,101.39299774169922,102.7760009765625,100.56700134277344,101.69999694824219,32129000,2025-02-07,4,7,2,2.178651073535211,-0.301867468785873,2.2728313469538954,2.1929309047602263,100.2905990600586,98.86399993896484,93.63814964294434
102.76000213623047,102.76000213623047,103.28500366210938,101.58799743652344,102.30500030517578,32966000,2025-02-10,0,10,2,1.6514268103422098,0.4447503344874808,2.1268886012328787,2.1316080052044417,101.26380004882813,99.42109985351563,94.58769989013672
100.80799865722656,100.80799865722656,102.26899719238281,100.29499816894531,102.0790023803711,33318000,2025-02-11,1,11,2,1.9581769797351205,-1.245117696593922,1.925681687847666,2.1151461955327013,101.52799987792969,99.78359985351562,95.42664985656738
102.73100280761719,102.73100280761719,102.77400207519531,99.83499908447266,100.54900360107422,33890000,2025-02-12,2,12,2,2.860872482892514,2.170085359771439,2.000383231309244,2.2027974326126745,101.8520004272461,100.27519989013672,96.42120018005372
104.36900329589844,104.36900329589844,104.5989990234375,102.51000213623047,102.66300201416016,34761000,2025-02-13,3,13,2,2.00154913934023,1.6617488757078962,2.130135297169057,2.150393856728487,102.41220092773438,100.97970046997071,97.39835052490234
105.86000061035156,105.86000061035156,106.44999694824219,104.16899871826172,104.49500274658203,31454000,2025-02-14,4,14,2,2.1547309813234787,1.3062805185812387,2.1253512787267104,2.199091312840303,103.30560150146485,101.79810028076172,98.47950057983398
103.58499908447266,103.58499908447266,106.19999694824219,102.375,106.0,42293000,2025-02-18,1,18,2,3.692616674276297,-2.278302750497494,2.5335892515135283,2.3302389263732035,103.47060089111328,102.3672004699707,99.36825065612793
104.33300018310547,104.33300018310547,104.5,102.45099639892578,103.51799774169922,26000000,2025-02-19,2,19,2,1.963907486105256,0.7873050669313226,2.5347353527875547,2.2302085203176105,104.17560119628907,102.85180053710937,100.2365005493164
102.4540023803711,102.4540023803711,104.5,101.55899810791016,104.19999694824219,31118000,2025-02-20,3,20,2,2.8705583225251363,-1.6756186362830292,2.5366725207140797,2.2685278760116616,104.12020111083984,102.98610076904296,100.5892505645752
100.31500244140625,100.31500244140625,103.23799896240234,99.93900299072266,102.94200134277344,37387000,2025-02-21,4,21,2,3.28863668583034,-2.5519213412413455,2.7940900300121014,2.4621126635905792,103.30940093994141,102.8608009338379,100.68070068359376
98.84700012207031,98.84700012207031,101.51699829101562,98.447998046875,100.80000305175781,44262000,2025-02-24,0,24,2,3.104798567837757,-1.9375028477773864,2.9841035473149575,2.554727413020834,101.90680084228515,102.606201171875,100.73510055541992
97.7239990234375,97.7239990234375,99.44000244140625,95.5,98.94000244140625,47383000,2025-02-25,1,25,2,4.031765462710244,-1.2290311178119138,3.0519333050017465,2.7927612782576374,100.73460083007812,102.1026008605957,100.76185035705566
99.00599670410156,99.00599670410156,100.08899688720703,97.69000244140625,97.76000213623047,33972000,2025-02-26,2,26,2,2.423079940269312,1.2745443337191993,3.143767795834558,2.8392515743110565,99.66920013427735,101.9224006652832,100.85300025939941
96.30699920654297,96.30699920654297,100.072998046875,96.18299865722656,99.5,37666000,2025-02-27,3,27,2,4.039165815254845,-3.209046023574906,3.3774892943804993,2.9570809075472897,98.43979949951172,101.28000030517578,100.77760009765625
98.05599975585938,98.05599975585938,98.22699737548828,95.81700134277344,96.95600128173828,47174000,2025-02-28,4,28,2,2.457775188377327,1.134533664321281,3.211316994889897,3.0027035124509993,97.98799896240234,100.64869995117188,100.81420021057129
97.37000274658203,97.37000274658203,99.49299621582031,96.48100280761719,98.30000305175781,39074000,2025-03-03,0,3,3,3.093348385787998,-0.9460836991898252,3.209026958479945,3.0965652528974514,97.69259948730469,99.79970016479493,100.79890022277831
97.25800323486328,97.25800323486328,98.63099670410156,94.82099914550781,97.16100311279297,43928000,2025-03-04,1,4,3,3.9174128934080477,0.09983441809231455,3.1861564446195056,3.1190448748106263,97.59940032958984,99.16700057983398,100.76710052490235
99.09200286865234,99.09200286865234,99.55999755859375,96.947998046875,97.36199951171875,38079000,2025-03-05,2,5,3,2.635933714228168,1.7768773911893274,3.228727199411277,3.186247497622918,97.6166015625,98.64290084838868,100.74735069274902
90.63600158691406,90.63600158691406,97.36900329589844,89.9000015258789,97.29900360107422,78526000,2025-03-06,3,6,3,8.240656736007095,-6.847965310599126,4.069025383561727,3.7232573389711137,96.48240203857422,97.46110076904297,100.22360076904297
89.11100006103516,89.11100006103516,90.48899841308594,85.80699920654297,89.76399993896484,77375000,2025-03-07,4,7,3,5.254120370477391,-0.7274629900335275,4.62829441998174,3.919805707435818,94.69340209960937,96.34070053100587,99.60075073242187
86.66799926757812,86.66799926757812,88.12699890136719,85.44999694824219,87.50700378417969,69953000,2025-03-10,0,10,3,3.088800913541392,-0.9587855603773345,4.627384925532419,3.918205942006182,92.5530014038086,95.12280044555663,98.86450080871582
89.51000213623047,89.51000213623047,91.06800079345703,86.5999984741211,86.74099731445312,73989000,2025-03-11,1,11,3,4.991623519945653,3.1922676790758566,4.84222705083994,4.014191747729723,91.00340118408204,94.30140075683593,98.20200080871582
91.96800231933594,91.96800231933594,92.71800231933594,90.0999984741211,91.45999908447266,68658000,2025-03-12,2,12,3,2.8466464196150296,0.555437612014503,4.884369591917311,4.0565483956642945,89.57860107421875,93.59760131835938,97.76000099182129
89.01699829101562,89.01699829101562,92.18900299072266,88.7509994506836,91.30000305175781,50017000,2025-03-13,3,13,3,3.8621876788065723,-2.500552775937977,4.0086757804772075,4.038850582019468,89.25480041503906,92.86860122680665,97.07430076599121
91.80000305175781,91.80000305175781,91.96299743652344,90.0999984741211,90.14600372314453,52007000,2025-03-14,4,14,3,2.0294105669604012,1.8348005017427358,3.3637338197738096,3.996014119877775,89.7926010131836,92.24300155639648,96.44585075378419
95.00199890136719,95.00199890136719,96.76300048828125,93.44200134277344,93.99500274658203,75431000,2025-03-17,0,17,3,3.4957150206447074,1.071329459397004,3.4451166411944727,4.036250783363445,91.4594009399414,92.006201171875,95.90295066833497
92.99800109863281,92.99800109863281,94.82499694824219,91.62999725341797,94.0,60094000,2025-03-18,1,18,3,3.435557385191142,-1.0659562780501997,3.13390341424357,3.988065232541755,92.15700073242188,91.58020095825195,95.37360076904297
95.9489974975586,95.9489974975586,96.80000305175781,92.4000015258789,93.5770034790039,66624000,2025-03-19,2,19,3,4.585771233295964,2.5348044181462783,3.481728376979757,4.183048984448535,92.95319976806641,91.26590042114258,94.95440063476562
95.08399963378906,95.08399963378906,96.69999694824219,94.55000305175781,95.0009994506836,44663000,2025-03-20,3,20,3,2.2611521441724807,0.08736769464047098,3.161521270052939,3.585098525265073,94.16660003662109,91.71070022583008,94.58590049743653
96.02899932861328,96.02899932861328,96.36499786376953,94.09500122070312,94.16400146484375,59054000,2025-03-21,4,21,3,2.3638657686085316,1.9805847614343688,3.228412310382565,3.2960730650781875,95.01239929199218,92.40250015258789,94.37160034179688
97.1989974975586,97.1989974975586,97.69999694824219,95.15499877929688,96.96700286865234,46779000,2025-03-24,0,24,3,2.6183378784428686,0.2392511081532557,3.0529368819421974,3.2490267615683353,95.45179901123046,93.45559997558594,94.2892002105713
99.72799682617188,99.72799682617188,99.87000274658203,97.71099853515625,97.81800079345703,37822000,2025-03-25,1,25,3,2.1648927885205334,1.9526017882412108,2.7988039626080754,2.966353688425823,96.79779815673828,94.47739944458007,94.389400100708
97.06500244140625,97.06500244140625,99.67900085449219,96.63200378417969,99.38099670410156,35274000,2025-03-26,2,26,3,3.13913047305782,-2.3304196370569596,2.509475810560447,2.9956020937701022,97.02099914550782,94.9870994567871,94.29235038757324
97.6719970703125,97.6719970703125,98.9000015258789,96.63700103759766,97.4219970703125,30472000,2025-03-27,3,27,3,2.3169388936034063,0.25661555656631346,2.5206331604466317,2.8410772152497854,97.5385986328125,95.8525993347168,94.36060028076172
93.38500213623047,93.38500213623047,97.49800109863281,92.9229965209961,97.19999694824219,44227000,2025-03-28,4,28,3,4.8990785168722075,-3.9248919051336566,3.027675710099367,3.1280440102409663,97.00979919433594,96.01109924316407,94.12705039978027
93.25299835205078,93.25299835205078,93.447998046875,90.05899810791016,92.0530014038086,46341000,2025-03-31,0,31,3,3.634199434714813,1.3035935058523132,3.2308480213537565,3.1418924516479767,96.22059936523438,95.83619918823243,93.92120018005372
92.83799743652344,92.83799743652344,93.22899627685547,91.1500015258789,92.75,35200000,2025-04-01,1,1,4,2.2393791425736467,0.09487594234332884,3.2457452921643783,3.0222746273862273,94.84259948730468,95.82019882202148,93.70019989013672
93.552001953125,93.552001953125,94.95500183105469,91.61100006103516,92.30000305175781,32569000,2025-04-02,2,2,4,3.5744844580611654,1.356445135397364,3.3328160891650485,2.9211459498627472,94.13999938964844,95.58049926757812,93.42319984436035
91.70500183105469,91.70500183105469,94.65899658203125,90.0469970703125,90.18000030517578,58646000,2025-04-03,3,3,4,5.029168987112934,1.6910640061190825,3.8752621078669534,3.1979476341567925,92.94660034179688,95.24259948730469,93.47664985656738
85.58599853515625,85.58599853515625,90.66300201416016,85.38700103759766,89.6500015258789,67988000,2025-04-04,4,4,4,6.164560870777563,-4.533187865646067,4.128358578648024,3.578017144373696,91.38679962158203,94.19829940795898,93.30039978027344
86.78299713134766,86.78299713134766,90.67400360107422,82.11000061035156,82.78500366210938,66568000,2025-04-07,0,7,4,9.868295949448347,4.8293692001950825,5.375177881594731,4.303012951474243,90.09279937744141,93.1566993713379,93.30614967346192
87.04000091552734,87.04000091552734,92.24199676513672,85.7699966430664,91.24400329589844,56254000,2025-04-08,1,8,4,7.435661826740343,-4.607428684094213,6.41443441842807,4.830089855296224,88.93320007324219,91.88789978027344,93.18264961242676
94.5469970703125,94.5469970703125,95.14299774169922,85.44000244140625,85.59300231933594,74980000,2025-04-09,2,9,4,10.262616054402095,10.461129424541527,7.752060737696256,5.542438413430652,89.13219909667968,91.63609924316407,93.31159934997558
92.11699676513672,92.11699676513672,94.1240005493164,89.4000015258789,93.19400024414062,51298000,2025-04-10,3,10,4,5.1282599187226,-1.1556575275044283,7.771878924018189,5.8235705159425715,89.2145980834961,91.08059921264649,93.46659927368164
91.8290023803711,91.8290023803711,94.48600006103516,90.66799926757812,92.0,40736000,2025-04-11,4,11,4,4.157728707148786,-0.1858669778575068,7.370512491292433,5.749435534970229,90.46319885253907,90.92499923706055,93.46804924011231
93.12799835205078,93.12799835205078,94.89800262451172,91.94999694824219,93.2699966430664,40359000,2025-04-14,0,14,4,3.1655417580491925,-0.1522443402234013,6.029961653012603,5.702569767303667,91.7321990966797,90.91249923706054,93.37434921264648
97.62799835205078,97.62799835205078,99.34500122070312,94.80000305175781,95.0,77120000,2025-04-15,1,15,4,4.655424924882565,2.7663140547902962,5.473914272641048,5.9441743455345595,93.84979858398438,91.39149932861328,93.60584907531738
96.16300201416016,96.16300201416016,98.12100219726562,94.91699981689453,97.62799835205078,60661000,2025-04-16,2,16,4,3.331845214128506,-1.5005903661035689,4.08776010458633,5.919910421141293,94.17299957275391,91.6525993347168,93.61654930114746
97.3030014038086,97.3030014038086,98.47000122070312,95.5999984741211,96.9000015258789,88937000,2025-04-17,3,17,4,2.9495521260145785,0.4158925403340258,3.652018546044726,5.7119487350314575,95.21020050048828,92.21239929199218,93.72749938964844
98.79100036621094,98.79100036621094,101.9000015258789,97.30500030517578,98.44000244140625,97757000,2025-04-21,0,21,4,4.651234630350736,0.3565602560946801,3.750719730685115,5.560616110988775,96.60260009765625,93.53289947509765,93.86559944152832
104.03399658203125,104.03399658203125,106.49700164794922,100.4520034790039,100.52999877929688,93689000,2025-04-22,1,22,4,5.810598811494092,3.4855245650873194,4.2797311413740955,5.154846397193349,98.78379974365234,95.25799942016602,94.20734939575195
104.95899963378906,104.95899963378906,106.125,103.19999694824219,104.72200012207031,64719000,2025-04-23,2,23,4,2.7868053830194635,0.22631301106022517,3.906007233001475,4.6899607528212615,100.25,97.04989929199219,94.46889953613281
109.68699645996094,109.68699645996094,110.0999984741211,104.7020034790039,104.80000305175781,63819000,2025-04-24,3,24,4,4.921271590372719,4.663161513258329,4.223892508250318,4.155826306418324,102.95479888916016,98.56389923095703,95.09999923706054
110.15299987792969,110.15299987792969,110.68000030517578,109.0999984741211,109.7040023803711,39500000,2025-04-25,4,25,4,1.4343702239663267,0.4092808719975481,3.920856127840667,3.7864373369426962,105.52479858398438,100.36749954223633,95.7240493774414
111.03800201416016,111.03800201416016,111.4000015258789,108.26200103759766,110.0,38311000,2025-04-28,0,28,4,2.8260599356615543,0.943638194691051,3.5558211889028306,3.6532704597939736,107.97419891357421,102.28839950561523,96.6066993713379
112.56400299072266,112.56400299072266,112.78099822998047,109.5479965209961,110.39199829101562,37773000,2025-04-29,1,29,4,2.8721452889791363,1.9675381670156815,2.9681304843998397,3.623930812886968,109.6802001953125,104.23199996948242,97.57224960327149
113.1719970703125,113.1719970703125,113.31999969482422,110.11100006103516,111.26499938964844,42667000,2025-04-30,2,30,4,2.835506765684577,1.7139241370826632,2.9778707609328627,3.441938996967169,111.32279968261719,105.7863998413086,98.58894958496094
113.34700012207031,113.34700012207031,114.24199676513672,111.18299865722656,112.25199890136719,34995000,2025-05-01,3,1,5,2.6987905322732266,0.9754848300432254,2.5333745493129642,3.3786335287816405,112.05480041503907,107.5047996520996,99.57869949340821
115.64900207519531,115.64900207519531,115.94400024414062,113.33200073242188,113.66600036621094,37743000,2025-05-02,4,2,5,2.258557760853328,1.7445865101222073,2.6982120566903647,3.3095340922655163,113.15400085449218,109.33939971923829,100.77589950561523
113.40599822998047,113.40599822998047,114.4020004272461,110.70099639892578,111.4800033569336,56623000,2025-05-05,0,5,5,3.263499361660661,1.7276595039921894,2.785699941890186,3.1707605653965087,113.62760009765626,110.80089950561523,102.16689949035644
113.76899719238281,113.76899719238281,114.76599884033203,112.63999938964844,112.94300079345703,32567000,2025-05-06,1,6,5,1.8686984179780888,0.7313391649973165,2.5850105676899764,2.776570526044908,113.86859893798828,111.77439956665039,103.51619949340821
115.54100036621094,115.54100036621094,116.4000015258789,113.80000305175781,113.91799926757812,43497000,2025-05-07,2,7,5,2.2502821213944095,1.424709974778086,2.4679656388319424,2.722918199882403,114.34239959716797,112.83259963989258,104.94124946594238
114.44300079345703,114.44300079345703,116.22899627685547,113.91999816894531,116.16200256347656,37609000,2025-05-08,3,8,5,2.0175966130749754,-1.4798313838298243,2.3317268549922923,2.432550702152628,114.56159973144531,113.30820007324219,105.93604965209961
114.02200317382812,114.02200317382812,115.0999984741211,113.3219985961914,114.70999908447266,25696000,2025-05-09,4,9,5,1.5593480454988167,-0.5997697813055423,2.1918849119213903,2.4450484843058775,114.23619995117187,113.69510040283203,107.03129997253419
111.0,111.0,113.0,110.29299926757812,112.4260025024414,64791000,2025-05-12,0,12,5,2.4387393985782655,-1.2683920718522743,2.026932919304911,2.406316430597548,113.75500030517578,113.69130020141601,107.98984985351562
113.84400177001953,113.84400177001953,114.78800201416016,110.62999725341797,111.44599914550781,39979000,2025-05-13,1,13,5,3.6523705211469344,2.1517171032589535,2.3836673399386803,2.4843389538143286,113.77000122070312,113.81930007934571,109.02565002441406
115.0989990234375,115.0989990234375,115.29000091552734,112.83999633789062,112.95999908447266,39101000,2025-05-14,2,14,5,2.128606328833343,1.893590612872861,2.359332181426467,2.413648910129205,113.68160095214844,114.0120002746582,109.89920005798339
117.7979965209961,117.7979965209961,118.77999877929688,114.76499938964844,114.77400207519531,44640000,2025-05-15,3,15,5,3.4083766347696853,2.634738173388414,2.637488185765409,2.4846075203788507,114.35260009765625,114.45709991455078,110.9809497833252
119.15299987792969,119.15299987792969,119.6500015258789,117.93900299072266,119.31400299072266,46984000,2025-05-16,4,16,5,1.4359676524377398,-0.1349406681171259,2.612812107153194,2.402348509537292,115.37879943847656,114.80749969482422,112.07344970703124
119.16400146484375,119.16400146484375,119.16400146484375,117.1709976196289,117.35800170898438,28534000,2025-05-19,0,19,5,1.6724881849514157,1.5388808002523413,2.459561864427824,2.2432473918663676,117.01159973144532,115.38330001831055,113.09209976196288
119.2020034790039,119.2020034790039,119.30000305175781,117.9020004272461,118.67900085449219,21331000,2025-05-20,1,20,5,1.1728012816143323,0.44068674386040074,1.9636480165213033,2.1736576782299917,118.08320007324218,115.92660064697266,113.85050010681152
119.46299743652344,119.46299743652344,121.12200164794922,118.6500015258789,118.6500015258789,29766000,2025-05-21,2,21,5,2.0692600848089446,0.6852051413309148,1.9517787677164236,2.1555554745714454,118.95599975585938,116.31880035400391,114.57569999694825
118.7969970703125,118.7969970703125,119.875,118.72100067138672,119.23999786376953,18616000,2025-05-22,3,22,5,0.9714044606112918,-0.3715202963716547,1.464384332884745,2.050936259325077,119.15579986572266,116.75419998168945,115.03120002746581
118.53900146484375,118.53900146484375,119.1449966430664,117.94400024414062,118.4000015258789,21865000,2025-05-23,4,23,5,1.0131656113890686,0.11739859558571228,1.3798239246750108,1.996318015914102,119.03300018310547,117.20589981079101,115.45050010681152
121.15699768066406,121.15699768066406,121.177001953125,119.30899810791016,119.53299713134766,29205000,2025-05-27,1,27,5,1.5418043373263335,1.3586211241167903,1.3536871551499943,1.9066245097889092,119.43159942626953,118.22159957885742,115.95644989013672
120.8550033569336,120.8550033569336,121.59100341796875,120.60199737548828,121.0270004272461,18559000,2025-05-28,2,28,5,0.8183409995526084,-0.142114627071084,1.2827950987376495,1.6232215576294764,119.76219940185547,118.92269973754883,116.37099990844726
118.48600006103516,118.48600006103516,120.9000015258789,117.62799835205078,120.80000305175781,33007000,2025-05-29,3,29,5,2.761510365901991,-1.9155653412783455,1.4212451549562588,1.686511961336341,119.56679992675781,119.26139984130859,116.6367000579834
120.7229995727539,120.7229995727539,121.18099975585938,118.09300231933594,119.83300018310547,46968000,2025-05-30,4,30,5,2.55791973977788,0.7426997473888776,1.7385482107895762,1.6014662718371606,119.95200042724609,119.55390014648438,117.00550003051758
121.89800262451172,121.89800262451172,121.94000244140625,119.625,120.12000274658203,22942000,2025-06-02,0,2,6,1.899130741737634,1.4801863447179116,1.9157412368592894,1.64778258076715,120.6238006591797,119.82840042114258,117.3179500579834
121.79399871826172,121.79399871826172,122.95700073242188,121.11799621582031,121.98699951171875,23638000,2025-06-03,1,3,6,1.5099303216537083,-0.15821423121280273,1.9093664337247644,1.6315267944373795,120.75120086669922,120.09140014648438,117.73735008239746
123.96600341796875,123.96600341796875,124.25599670410156,121.98799896240234,122.072998046875,23594000,2025-06-04,2,4,6,1.82953203230433,1.5507158842505464,2.1116046402751087,1.6971998695063788,121.37340087890625,120.56780014038085,118.24720039367676
125.052001953125,125.052001953125,126.28099822998047,123.72899627685547,124.05999755859375,28172000,2025-06-05,3,5,6,2.040752577540984,0.7996166484387721,1.9674530826029073,1.694349118779583,122.68660125732421,121.12670059204102,118.72275047302246
124.14700317382812,124.14700317382812,126.0,123.55500030517578,125.94100189208984,25570000,2025-06-06,4,6,6,1.9694391586728675,-1.4244755014724058,1.849756966381905,1.7941525885857406,123.37140197753907,121.66170120239258,119.20795059204102
122.44599914550781,122.44599914550781,123.88800048828125,122.15699768066406,123.88800048828125,24031000,2025-06-09,0,9,6,1.4136867024623345,-1.1639556188574038,1.7526681585268449,1.8342046976930668,123.48100128173829,122.05240097045899,119.629150390625
120.36199951171875,120.36199951171875,122.75199890136719,118.06099700927734,122.75199890136719,44544000,2025-06-10,1,10,6,3.8974110692080317,-1.9470146401190849,2.2301643080377094,2.0697653708812367,123.1946014404297,121.97290115356445,120.09725036621094
121.98799896240234,121.98799896240234,122.8290023803711,119.60099792480469,120.26000213623047,23823000,2025-06-11,2,11,6,2.646165592536117,1.4368840807223677,2.393491020084067,2.252547830179588,122.7990005493164,122.08620071411133,120.50445022583008
121.50299835205078,121.50299835205078,123.0,121.19599914550781,122.25900268554688,20846000,2025-06-12,3,12,6,1.4847377257844754,-0.6183629155233298,2.2822880497327653,2.124870566167836,122.08919982910156,122.3879005432129,120.82465019226075
121.21499633789062,121.21499633789062,122.06199645996094,120.18900299072266,120.65899658203125,22103000,2025-06-13,4,13,6,1.5451829607099545,0.4608025689003413,2.1974368101401827,2.023596888261044,121.50279846191407,122.43710021972656,120.99550018310546
122.53500366210938,122.53500366210938,122.625,121.22000122070312,121.22000122070312,21128000,2025-06-16,0,16,6,1.1466101418425407,1.0848064908133832,2.1440214980162238,1.9483448282715343,121.52059936523438,122.50080032348633,121.16460037231445
122.06700134277344,122.06700134277344,123.23600006103516,121.60900115966797,121.99500274658203,18921000,2025-06-17,1,17,6,1.33287365419787,0.05901766020774442,1.6311140150141916,1.9306391615259506,121.86159973144531,122.5281005859375,121.30975036621093
122.22899627685547,122.22899627685547,124.19999694824219,122.05000305175781,122.9990005493164,22810000,2025-06-18,2,18,6,1.7589884249842969,-0.6260248205449479,1.4536785815038276,1.9235848007939471,121.90979919433593,122.35439987182617,121.46110000610352
123.14099884033203,123.14099884033203,124.8499984741211,122.43499755859375,123.44499969482422,53482000,2025-06-20,4,20,6,1.9611672296557376,-0.2462642109795668,1.54896448227808,1.9156262660054229,122.23739929199219,122.16329956054688,121.64500007629394
125.35399627685547,125.35399627685547,125.48400115966797,121.5009994506836,123.8030014038086,26673000,2025-06-23,0,23,6,3.177403056371303,1.25279262655999,1.8754085014103494,2.036422655775266,123.06519927978516,122.28399887084962,121.9728500366211
127.91100311279297,127.91100311279297,128.2570037841797,125.5,126.05500030517578,26633000,2025-06-24,1,24,6,2.155407835984633,1.4723753941722695,2.077168040238768,2.110594769127496,124.14039916992188,122.83049926757812,122.44145011901855
127.5250015258789,127.5250015258789,129.8000030517578,127.38099670410156,128.6840057373047,21465000,2025-06-25,2,25,6,1.8968879190057144,-0.9006591027262321,2.189970893200337,1.9105424541072644,125.23199920654297,123.54679946899414,122.7598503112793
130.66700744628906,130.66700744628906,130.73399353027344,128.0,128.0,26059000,2025-06-26,3,26,6,2.0923365306251855,2.08359956741333,2.2566405143285144,1.855159547916171,126.91960144042969,124.41470031738281,123.25045051574708
132.31199645996094,132.31199645996094,133.13499450683594,130.10000610351562,130.68800354003906,40709000,2025-06-27,4,27,6,2.2938119630284115,1.2426488093257388,2.3231694610030496,1.936066971640565,128.75380096435546,125.49560012817383,123.94175033569336
133.91299438476562,133.91299438476562,134.11500549316406,132.12100219726562,133.10000610351562,32829000,2025-06-30,0,30,6,1.4890289811376825,0.6108101006529753,1.9854946459563254,1.9304515736833376,130.4656005859375,126.76539993286133,124.60125007629395
129.36000061035156,129.36000061035156,133.8769989013672,128.2220001220703,133.822998046875,49936000,2025-07-01,1,1,7,4.37152037153311,-3.3350003375056327,2.428717153066021,2.2529425966523946,130.75540008544922,127.44789962768554,124.97434997558594
128.48599243164062,128.48599243164062,129.9949951171875,127.15899658203125,129.6959991455078,30488000,2025-07-02,2,2,7,2.2072433589716853,-0.9329560833327353,2.490788241059215,2.340379567129776,130.94759826660157,128.08979873657228,125.30894966125489
129.71800231933594,129.71800231933594,130.2259979248047,127.97599792480469,129.1999969482422,20062000,2025-07-03,3,3,7,1.734531799573213,0.4009329592331679,2.4192272948488203,2.3379339045886676,130.75779724121094,128.8386993408203,125.59654960632324
128.96200561523438,128.96200561523438,129.5,127.60199737548828,129.5,22737000,2025-07-07,0,7,7,1.4717533396421576,-0.415439679355695,2.2548155701715697,2.2889925155873097,130.08779907226562,129.42080001831056,125.79204978942872
127.53099822998047,127.53099822998047,129.3249969482422,126.0,129.08999633789062,32925000,2025-07-08,1,8,7,2.6072068707924023,-1.2076831297055026,2.478451148102514,2.2319728970294195,128.8113998413086,129.63850021362305,125.96124954223633
128.8280029296875,128.8280029296875,128.82899475097656,126.6240005493164,127.39900207519531,23845000,2025-07-09,2,9,7,1.7115798984042399,1.121673507025386,1.9464630534767395,2.18759010327138,128.7050003051758,129.7302001953125,126.28034973144531
125.05899810791016,125.05899810791016,128.9600067138672,124.60099792480469,128.5500030517578,42308000,2025-07-10,3,10,7,3.4855618987937396,-2.715678616080686,2.202126761441151,2.3464575012501827,128.01960144042968,129.4835998535156,126.51519966125488
124.51100158691406,124.51100158691406,126.0999984741211,123.12999725341797,125.97899627685547,39572000,2025-07-11,4,11,7,2.3853323664976993,-1.165269396745545,2.3322868748260475,2.375757084837434,126.97820129394532,128.8679992675781,126.64134979248047
126.19499969482422,126.19499969482422,127.04900360107422,124.0,124.49099731445312,27810000,2025-07-14,0,14,7,2.416104923687615,1.368775587898084,2.5211571916351394,2.3879863809033544,126.42480010986328,128.25629959106445,126.87594985961914
126.0270004272461,126.0270004272461,127.12200164794922,124.3239974975586,126.19999694824219,28017000,2025-07-15,1,15,7,2.2201624579693777,-0.1370812402373068,2.4437483090705343,2.461099728586524,126.1240005493164,127.4677001953125,127.11655006408691
125.03099822998047,125.03099822998047,127.0999984741211,124.98200225830078,126.1709976196289,32270000,2025-07-16,2,16,7,1.6939768903744146,-0.9035352110674627,2.4402277074645693,2.1933453804706544,125.364599609375,127.0347999572754,127.24134979248046
127.41699981689453,127.41699981689453,127.75,124.4800033569336,125.30000305175781,64699000,2025-07-17,3,17,7,2.566373912245287,1.6895424689353349,2.2563901101548787,2.2292584357980147,125.83619995117188,126.92790069580079,127.50884971618652
120.92400360107422,120.92400360107422,124.6500015258789,120.10099792480469,124.19599914550781,106933000,2025-07-18,4,18,7,3.7618698236962835,-2.6345418265850333,2.5316976015945953,2.4319922382103214,125.11880035400391,126.0485008239746,127.44360008239747
123.3270034790039,123.3270034790039,123.70999908447266,119.80000305175781,120.5999984741211,56276000,2025-07-21,0,21,7,3.1704297699737025,2.2611982084460687,2.682562570851813,2.601859881243476,124.54520111083984,125.48500061035156,127.45290031433106
119.00800323486328,119.00800323486328,123.23699951171875,118.75,123.03800201416016,50630000,2025-07-22,1,22,7,3.770334254632959,-3.275409802926637,2.992596930184529,2.718172619627532,123.14140167236329,124.63270111083985,127.13560066223144
117.6780014038086,117.6780014038086,119.26200103759766,117.36000061035156,118.98100280761719,45043000,2025-07-23,2,23,7,1.6162752634788853,-1.0951339903525972,2.9770566048054237,2.7086421561349963,121.67080230712891,123.51770095825195,126.62395057678222
118.07599639892578,118.07599639892578,118.3499984741211,116.26599884033203,117.77999877929688,38456000,2025-07-24,3,24,7,1.764964681515931,0.25131399447843783,2.8167747586595526,2.5365824344072156,119.80260162353515,122.81940078735352,126.15150032043456
118.04900360107422,118.04900360107422,118.73200225830078,117.43800354003906,117.84200286865234,26293000,2025-07-25,4,25,7,1.0961538672825728,0.17565955040037778,2.28363156737681,2.407664584485703,119.22760162353515,122.17320098876954,125.52060012817383
117.45999908447266,117.45999908447266,119.77899932861328,116.85299682617188,118.12000274658203,34470000,2025-07-28,0,28,7,2.4910629365296857,-0.5587568970222303,2.147758200688007,2.41516038576991,118.0542007446289,121.29970092773438,124.77800025939942
116.8740005493164,116.8740005493164,117.95999908447266,116.3290023803711,117.9000015258789,27525000,2025-07-29,1,29,7,1.3955171350649058,-0.870229824668233,1.6727947767743963,2.3326958534794624,117.62740020751953,120.3844009399414,123.92605056762696
118.41999816894531,118.41999816894531,118.48500061035156,116.61000061035156,116.8550033569336,29227000,2025-07-30,2,30,7,1.5833474320148262,1.3392621343148159,1.6662092104815844,2.3216329076435036,117.77579956054687,119.72330093383789,123.37905044555664
115.94000244140625,115.94000244140625,119.0,115.77400207519531,118.4800033569336,37129000,2025-07-31,3,31,7,2.782471844810459,-2.1438224540518633,1.8697106431404897,2.3432427009000207,117.34860076904297,118.57560119628906,122.75175094604492
115.86000061035156,115.86000061035156,117.85099792480469,115.28500366210938,116.3010025024414,38910000,2025-08-01,4,1,8,2.214736966319377,-0.3791901037831434,2.093427262947851,2.1885294151623307,116.91080017089844,118.0692008972168,122.0588508605957
117.0989990234375,117.0989990234375,117.69999694824219,116.26200103759766,116.76499938964844,22447000,2025-08-04,0,4,8,1.2280172526126503,0.2860443073994248,1.8408181261644436,1.9942881634262253,116.8386001586914,117.44640045166015,121.46570053100587
114.78700256347656,114.78700256347656,117.1709976196289,114.47100067138672,117.0999984741211,26607000,2025-08-05,1,5,8,2.352180027306754,-1.9752313755629123,2.032150704612813,1.8524727406936043,116.42120056152343,117.02430038452148,120.82850074768066
117.8479995727539,117.8479995727539,118.13800048828125,115.18699645996094,115.35199737548828,33622000,2025-08-06,2,6,8,2.504076470554342,2.163813591489672,2.2162965123207163,1.9412528614011506,116.30680084228516,117.04130020141602,120.27950057983398
118.03700256347656,118.03700256347656,119.12200164794922,116.81999969482422,118.1760025024414,26283000,2025-08-07,3,7,8,1.9502375552844595,-0.11762112105795094,2.0498496544155165,1.959780148778003,116.72620086669922,117.03740081787109,119.9284008026123
121.16400146484375,121.16400146484375,121.41100311279297,118.03700256347656,118.31900024414062,38167000,2025-08-08,4,8,8,2.784655927936968,2.4045176301631357,2.1638334467390345,2.128630354843443,117.78700103759766,117.34890060424804,119.76105079650878
121.83100128173828,121.83100128173828,122.30699920654297,120.19300079345703,121.4010009765625,24556000,2025-08-11,0,11,8,1.735189230036159,0.35419831938518903,2.2652678422237367,2.0530429841940903,118.73340148925782,117.7860008239746,119.5428508758545
122.52799987792969,122.52799987792969,123.1989974975586,120.6510009765625,122.5,22788000,2025-08-12,1,12,8,2.0795218427906867,0.022857043207908163,2.210736205320523,2.1214434549666685,120.28160095214844,118.35140075683594,119.36790084838867
120.44400024414062,120.44400024414062,123.71199798583984,120.30000305175781,123.4000015258789,27624000,2025-08-13,2,13,8,2.8328475699627207,-2.395462921544909,2.2764904252021987,2.246393468761458,120.80080108642578,118.55380096435547,119.13855094909668
123.05599975585938,123.05599975585938,124.40899658203125,120.7030029296875,120.98899841308594,39047000,2025-08-14,3,14,8,3.0116318259137036,1.7084209059374067,2.488769279328048,2.269309466871782,121.80460052490234,119.26540069580078,118.92050094604492
123.8949966430664,123.8949966430664,124.69400024414062,122.78800201416016,123.40399932861328,27678000,2025-08-15,4,15,8,1.5383980641861819,0.39787795948626037,2.23951770657789,2.2016755766584626,122.35079956054688,120.06890029907227,119.06905059814453
124.50900268554688,124.50900268554688,125.11599731445312,123.54499816894531,123.56300354003906,21111000,2025-08-18,0,18,8,1.2617554647638147,0.7656006396779382,2.144830953523422,2.2050493978735792,122.88639984130859,120.80990066528321,119.12815055847167
121.41500091552734,121.41500091552734,124.0999984741211,119.27899932861328,124.0199966430664,37077000,2025-08-19,1,19,8,3.9706783421777923,-2.100464278382723,2.5230622534008424,2.366899229360683,122.66380004882812,121.47270050048829,119.24850044250488
121.38600158691406,121.38600158691406,122.30000305175781,119.33100128173828,121.80000305175781,24344000,2025-08-20,2,20,8,2.445917759218459,-0.33990267197926405,2.4456762912519907,2.361083358227095,122.85220031738281,121.8265007019043,119.43390045166015
120.62100219726562,120.62100219726562,122.13999938964844,119.76399993896484,121.14299774169922,20472000,2025-08-21,3,21,8,1.969805761353105,-0.4308920483762432,2.2373110783398706,2.3630401788339594,122.36520080566406,122.0849006652832,119.56115074157715
120.46499633789062,120.46499633789062,121.36199951171875,119.822998046875,120.88800048828125,31281000,2025-08-22,4,22,8,1.277550750532566,-0.34991409294724046,2.1851416156091474,2.212329661093519,121.6792007446289,122.01500015258789,119.68195037841797
121.80699920654297,121.80699920654297,123.37999725341797,119.9000015258789,120.16500091552734,28120000,2025-08-25,0,25,8,2.8569751740112905,1.366453025843943,2.5041855574586425,2.3245082554910317,121.13880004882813,122.01259994506836,119.89930038452148
122.60900115966797,122.60900115966797,123.1500015258789,121.22000122070312,122.02100372314453,19857000,2025-08-26,1,26,8,1.5741098018264028,0.48188215027107517,2.0248718493883646,2.2739670513946035,121.37760009765626,122.02070007324218,120.18605041503906
122.3499984741211,122.3499984741211,122.9209976196289,121.30000305175781,122.36100006103516,16645000,2025-08-27,2,27,8,1.3248831941865198,-0.008991089406407903,1.8006649363819769,2.1231706138169835,121.57039947509766,122.21129989624023,120.38255043029785
123.1449966430664,123.1449966430664,123.78900146484375,121.427001953125,122.27899932861328,19503000,2025-08-28,3,28,8,1.9180637265880676,0.7082142634532352,1.7903165294289693,2.01381380388442,122.07519836425782,122.22019958496094,120.74280014038087
120.82499694824219,120.82499694824219,122.87899780273438,120.11499786376953,122.7969970703125,32098000,2025-08-29,4,29,8,2.287606049060244,-1.6059025620481275,1.992327589134505,2.0887346023718263,122.14719848632812,121.91319961547852,120.9910499572754
121.41100311279297,121.41100311279297,121.54000091552734,118.27999877929688,119.69999694824219,23033000,2025-09-02,1,2,9,2.6850961219732854,1.42941203690307,1.957951778726904,2.231068668092773,122.06799926757813,121.60339965820313,121.20665016174317
122.61799621582031,122.61799621582031,122.69999694824219,120.33799743652344,120.51399993896484,24715000,2025-09-03,2,3,9,1.9263073811460654,1.7458521648281962,2.0283912945908367,2.0266315719896006,122.06979827880859,121.72369918823242,121.59819984436035
125.74800109863281,125.74800109863281,125.74800109863281,122.30899810791016,122.31999969482422,30235000,2025-09-04,3,4,9,2.7348371033152326,2.802486439144133,2.310382076416579,2.055523506399278,122.74939880371093,122.1598991394043,121.99319992065429
124.38200378417969,124.38200378417969,126.70999908447266,123.9020004272461,126.0,23797000,2025-09-05,4,5,9,2.257560235240169,-1.2841239808097717,2.3782813781469994,2.084298953787984,122.99680023193359,122.5359992980957,122.31044998168946
124.47599792480469,124.47599792480469,125.2040023803711,123.19999694824219,124.85399627685547,19151000,2025-09-08,0,8,9,1.6099532966504237,-0.30275230535079944,2.242750827665035,2.11753920839977,123.7270004272461,122.93709945678711,122.4760498046875
126.32499694824219,126.32499694824219,126.5719985961914,124.66699981689453,124.66699981689453,22197000,2025-09-09,1,9,9,1.5080141106810319,1.3299406689684121,2.0073344254065844,1.9826431020667443,124.70979919433594,123.38889923095704,122.7007495880127
124.77100372314453,124.77100372314453,126.69999694824219,124.63600158691406,126.39700317382812,27010000,2025-09-10,2,10,9,1.6542267832580255,-1.2864224703551157,1.9529183058289763,1.9906548002099065,125.14040069580078,123.60509948730468,122.81289978027344
120.3499984741211,120.3499984741211,125.34500122070312,119.19999694824219,125.0999984741211,56823000,2025-09-11,3,11,9,5.105944620167403,-3.796962476368545,2.4271398091994105,2.3687609428079948,124.06080017089843,123.40509948730468,122.80819969177246
118.84400177001953,118.84400177001953,121.1780014038086,118.23999786376953,120.30599975585938,37849000,2025-09-12,4,12,9,2.472151304467623,-1.2152328136640906,2.4700580230449014,2.42416970059595,122.95319976806641,122.975,122.59759979248047
120.22599792480469,120.22599792480469,120.7239990234375,117.32099914550781,118.83999633789062,29093000,2025-09-15,0,15,9,2.8305025008468574,1.1662753531002537,2.714167863884188,2.4784593457746116,122.1031997680664,122.91510009765625,122.41414985656738
120.0510025024414,120.0510025024414,120.9000015258789,119.72799682617188,120.56400299072266,24047000,2025-09-16,1,16,9,0.9762556540776882,-0.425500543740842,2.6078161725635196,2.307575298985052,120.84840087890625,122.77910003662109,122.19124984741211
122.8499984741211,122.8499984741211,123.39299774169922,120.66100311279297,122.10199737548828,34598000,2025-09-17,2,17,9,2.223845879397188,0.6126034911063397,2.7217399917913516,2.3373291488101637,120.46419982910156,122.80230026245117,122.2629997253418
120.77799987792969,120.77799987792969,123.30000305175781,120.55000305175781,122.08200073242188,31691000,2025-09-18,3,18,9,2.276904736607184,-1.0681352260521053,2.155932015079308,2.2915359121393593,120.54980010986328,122.30530014038087,122.23259963989258
122.6969985961914,122.6969985961914,122.99500274658203,120.80999755859375,121.86199951171875,49476000,2025-09-19,4,19,9,1.7808138854148836,0.685200544729581,2.01766453126876,2.2438612771568307,121.32039947509766,122.13679962158203,122.33639945983887
122.73699951171875,122.73699951171875,122.97599792480469,121.42400360107422,122.19000244140625,25468000,2025-09-22,0,22,9,1.264487750152542,0.4476610683225098,1.704461581129897,2.2093147225070426,121.82259979248047,121.96289978027343,122.44999961853027
121.84700012207031,121.84700012207031,122.77899932861328,120.84700012207031,122.73300170898438,24991000,2025-09-23,1,23,9,1.5855943967495536,-0.7218935205503125,1.82632932966427,2.217072751113895,122.18179931640626,121.51510009765624,122.45199966430664
120.3949966430664,120.3949966430664,122.1500015258789,119.41999816894531,121.86100006103516,27731000,2025-09-24,2,24,9,2.2675388787353032,-1.2030127909950594,1.8350679295318932,2.2784039606616227,121.69079895019532,121.07749938964844,122.34129943847657
120.8239974975586,120.8239974975586,121.68399810791016,119.1510009765625,120.30899810791016,19978000,2025-09-25,3,25,9,2.096435462995535,0.4280639002466907,1.7989740748095635,1.9774530449444359,121.69999847412109,121.1248992919922,122.26499938964844
121.06099700927734,121.06099700927734,121.4000015258789,120.0,120.54199981689453,19450000,2025-09-26,4,26,9,1.1564430827970291,0.43055299660796953,1.6740999142859927,1.8458822227773766,121.37279815673828,121.34659881591797,122.16079940795899
120.64099884033203,120.64099884033203,122.4489974975586,118.75399780273438,120.5,30332000,2025-09-29,0,29,9,3.0628059534839718,0.11701148575272304,2.033763554952279,1.8691125680410878,120.95359802246094,121.3880989074707,122.15159950256347
119.89199829101562,119.89199829101562,120.8499984741211,117.80000305175781,120.64099884033203,38303000,2025-09-30,1,30,9,2.543952445400053,-0.6208507526597207,2.2254351646823785,2.0258822471733238,120.56259765625,121.37219848632813,122.07564926147461
117.08999633789062,117.08999633789062,117.91400146484375,116.32099914550781,117.54900360107422,41102000,2025-10-01,2,1,10,1.360493952650708,-0.39048162819084853,2.044026179465459,1.9395470544986764,119.90159759521484,120.79619827270508,121.79924926757812
116.25299835205078,116.25299835205078,116.33300018310547,113.4000015258789,116.1500015258789,46855000,2025-10-02,3,2,10,2.522944525133465,0.08867569937046164,2.129327991893045,1.9641510333513044,118.98739776611328,120.34369812011718,121.32449913024902
115.33200073242188,115.33200073242188,116.80000305175781,114.3219985961914,116.5,31374000,2025-10-03,4,3,10,2.148583601974916,-1.0025744786078326,2.3277560957286227,2.0009280050073075,117.84159851074219,119.60719833374023,120.87199897766114
116.33100128173828,116.33100128173828,116.35800170898438,114.54499816894531,116.03700256347656,29686000,2025-10-06,0,6,10,1.5584870069571635,0.253366350187209,2.026892306423261,2.0303279306877693,116.97959899902344,118.96659851074219,120.46474914550781
119.10600280761719,119.10600280761719,120.13700103759766,117.74600219726562,117.77899932861328,33091000,2025-10-07,1,7,10,2.0074545228371306,1.1266893814418097,1.9195927219106763,2.0725139432965274,116.82239990234375,118.69249877929687,120.10379943847656
121.42500305175781,121.42500305175781,121.73899841308594,119.19999694824219,119.71099853515625,28514000,2025-10-08,2,8,10,2.091003830373792,1.431785330984605,2.065694697455293,2.054860438460376,117.68940124511718,118.79549942016601,119.93649940490722
123.10700225830078,123.10700225830078,123.75,121.18199920654297,121.42500305175781,28241000,2025-10-09,3,9,10,2.08599084239652,1.3852165240020715,1.9783039609079043,2.0538159764004744,119.0602020263672,119.02379989624023,120.07434959411621
122.00800323486328,122.00800323486328,124.69999694824219,121.91000366210938,122.9000015258789,42798000,2025-10-10,4,10,10,2.286729732607888,-0.7257919283489984,2.0059331870344987,2.1668446413815605,120.39540252685546,119.11850051879883,120.2325496673584
121.90299987792969,121.90299987792969,123.11199951171875,120.68099975585938,122.13500213623047,24608000,2025-10-13,0,13,10,1.9942083117673162,-0.18995558541195576,2.0930774479965293,2.059984877209895,121.50980224609376,119.2447006225586,120.31639976501465
121.53500366210938,121.53500366210938,122.42900085449219,120.30999755859375,121.4749984741211,23624000,2025-10-14,1,14,10,1.743533329533336,0.0493971506417139,2.0402932093357706,1.979942965623224,121.99560241699218,119.40900115966797,120.39059982299804
120.3290023803711,120.3290023803711,121.96199798583984,120.16100311279297,121.3010025024414,20252000,2025-10-15,2,15,10,1.4967255087462321,-0.8013125217582181,1.9214375450102583,1.9935661212327758,121.77640228271484,119.73290176391602,120.26455001831054
118.35900115966797,118.35900115966797,121.6709976196289,117.5999984741211,121.21499633789062,28326000,2025-10-16,3,16,10,3.4395348943642885,-2.356140134890141,2.192146355403812,2.0852251581558585,120.82680206298828,119.94350204467773,120.14360008239746
119.93599700927734,119.93599700927734,120.31199645996094,117.8949966430664,118.36000061035156,29571000,2025-10-17,4,17,10,2.015241359695847,1.3315278732669653,2.1378486808214037,2.071890933927951,120.41240081787109,120.40390167236328,120.00555000305175
123.85600280761719,123.85600280761719,124.7760009765625,120.69000244140625,120.78800201416016,39862000,2025-10-20,0,20,10,3.2989911207637967,2.539988030514293,2.3988052426207,2.245941345308615,120.8030014038086,121.15640182495117,120.06150016784667
124.13500213623047,124.13500213623047,124.86000061035156,123.1760025024414,124.28299713134766,65082000,2025-10-21,1,21,10,1.3565860385309154,-0.11907903617803808,2.321415784420216,2.180854496877993,121.32300109863282,121.6593017578125,120.17590026855468
111.63700103759766,111.63700103759766,115.76000213623047,111.2509994506836,114.29000091552734,147890000,2025-10-22,2,22,10,4.038985859203,-2.3212878262994687,2.8298678545115696,2.375652699760914,119.58460083007813,120.68050155639648,119.73800048828124
111.35900115966797,111.35900115966797,112.78299713134766,109.9729995727539,112.69000244140625,68497000,2025-10-23,3,23,10,2.523368142072987,-1.1811174486666127,2.6466345040533095,2.419390429728561,118.18460083007812,119.50570144653321,119.26475067138672
109.46900177001953,109.46900177001953,111.45099639892578,109.44100189208984,111.0999984741211,60280000,2025-10-24,4,24,10,1.8361312100558664,-1.4680438582377444,2.6108124741253134,2.3743305774733585,116.09120178222656,118.25180130004883,118.68515090942383
109.45600128173828,109.45600128173828,110.22799682617188,108.7300033569336,110.06700134277344,46911000,2025-10-27,0,27,10,1.368580481377596,-0.5551164777646339,2.224730346248073,2.311767794434387,113.21120147705078,117.0071014404297,118.12590103149414
110.25,110.25,111.697998046875,109.3010025024414,109.4000015258789,40209000,2025-10-28,1,28,10,2.174145618533872,0.7769638594749233,2.3882422622486645,2.3548290233344398,110.43420104980468,115.87860107421875,117.64380111694337
110.04100036621094,110.04100036621094,110.8550033569336,109.5999984741211,109.98400115966797,33995000,2025-10-29,2,29,10,1.1404884348887292,0.051824998128792224,1.80854277738581,2.31920531594869,110.11500091552735,114.84980087280273,117.29135131835938
108.9000015258789,108.9000015258789,110.61599731445312,108.81099700927734,109.44000244140625,41581000,2025-10-30,3,30,10,1.6574841872218364,-0.49342187818065714,1.6353659864155798,2.1410002452344448,109.62320098876953,113.90390090942383,116.92370147705078
111.88600158691406,111.88600158691406,113.48799896240234,110.197998046875,110.53900146484375,68665000,2025-10-31,4,31,10,2.9404937783674763,1.2185745340740368,1.8562385000779016,2.2335254871016077,110.10660095214844,113.0989013671875,116.75140151977538
110.00900268554688,110.00900268554688,113.3499984741211,107.51499938964844,113.3239974975586,58634000,2025-11-03,0,3,11,5.304110520074069,-2.925236388773821,2.643344507817196,2.4340374270326346,110.21720123291016,111.71420135498047,116.43530158996582
109.2959976196289,109.2959976196289,110.45999908447266,108.66799926757812,109.9990005493164,38718000,2025-11-04,1,4,11,1.6395841164568856,-0.6390993792460135,2.5364322074017993,2.462337234825232,110.02640075683594,110.23030090332031,115.9448013305664
109.84600067138672,109.84600067138672,110.08499908447266,107.33699798583984,108.5,35539000,2025-11-05,2,5,11,2.501685160895099,1.2405536141813076,2.808671552603073,2.3086071649944415,109.98740081787109,110.05120086669922,115.36585121154785
109.7020034790039,109.7020034790039,110.37000274658203,108.51300048828125,109.45800018310547,36532000,2025-11-06,3,6,11,1.6927696846085374,0.22291956320256134,2.8157286520804132,2.2255473192479966,110.14780120849609,109.88550109863282,114.695601272583
110.36599731445312,110.36599731445312,110.8219985961914,108.75,109.41799926757812,44125000,2025-11-07,4,7,11,1.8773885495619627,0.8664004580788411,2.603107606319311,2.2296730531986064,109.8438003540039,109.97520065307617,114.1135009765625
112.00700378417969,112.00700378417969,112.81999969482422,110.40499877929688,110.6719970703125,36929000,2025-11-10,0,10,11,2.1561159873365416,1.2062732662346614,1.9735086997718052,2.3084266037945005,110.24340057373047,110.23030090332031,113.618701171875
113.64399719238281,113.64399719238281,113.9219970703125,111.27999877929688,111.76000213623047,27966000,2025-11-11,1,11,11,2.3248023268163513,1.6857507338411084,2.1105523418436984,2.323492274622749,111.11300048828124,110.5697006225586,113.22415084838867
115.75,115.75,116.43399810791016,112.82599639892578,113.81700134277344,39221000,2025-11-12,2,12,11,3.117064111433585,1.698339118428456,2.233628131951396,2.5211498422772345,112.2938003540039,111.1406005859375,112.99520072937011
115.4229965209961,115.4229965209961,116.73300170898438,114.56900024414062,115.8499984741211,40144000,2025-11-13,3,13,11,1.8748442945250565,-0.36858175118611236,2.2700430539346996,2.542885853007556,113.43799896240235,111.79290008544922,112.84840049743653
111.21700286865234,111.21700286865234,114.27300262451172,110.72100067138672,114.27300262451172,47607000,2025-11-14,4,14,11,3.1937580239596337,-2.674297240531123,2.5333169488142335,2.568212277566772,113.60820007324219,111.72600021362305,112.41245079040527
110.29000091552734,110.29000091552734,111.8499984741211,109.55000305175781,110.75,26082700,2025-11-17,0,17,11,2.085407020827645,-0.4153490604719244,2.519175155512454,2.24634192764213,113.26479949951172,111.7541000366211,111.73415069580078
114.08999633789062,114.08999633789062,115.25,109.19999694824219,110.29000091552734,43440600,2025-11-18,1,18,11,5.302833943337182,3.445457784766682,3.1147814788166204,2.6126669103301596,113.35399932861328,112.23349990844727,111.23190040588379
110.0,110.0,113.33999633789062,108.61000061035156,113.0,31868100,2025-11-19,2,19,11,4.2999961159446025,-2.6548672566371683,3.351367879718824,2.7924980058351094,112.20399932861328,112.2488998413086,111.15005035400391
105.66999816894531,105.66999816894531,111.0999984741211,105.38999938964844,111.0,36918500,2025-11-20,3,20,11,5.403614255148849,-4.80180345140062,4.057121871843583,3.163582462889141,110.25339965820312,111.84569931030273,110.86560020446777
104.30999755859375,104.30999755859375,106.52999877929688,103.80999755859375,105.12999725341797,41232700,2025-11-21,4,21,11,2.607613157286507,-0.7799864132475843,3.939892898508957,3.236604923661595,108.8719985961914,111.2400993347168,110.60764999389649
106.97000122070312,106.97000122070312,108.04000091552734,103.31999969482422,104.25,62918300,2025-11-24,0,24,11,4.412453180181519,2.609113880770384,4.405302130379733,3.462238642946093,108.20799865722657,110.73639907836915,110.48334999084473
104.4000015258789,104.4000015258789,106.30000305175781,103.81999969482422,106.12000274658203,35122600,2025-11-25,1,25,11,2.375482107937369,-1.6208077423542318,3.8198317632997694,3.467306621058195,106.26999969482422,109.81199951171875,110.19085006713867
106.13999938964844,106.13999938964844,106.94999694824219,105.22000122070312,105.73999786376953,27951000,2025-11-26,2,26,11,1.629918727611925,0.37828781346699997,3.285816285633234,3.318592082676029,105.49799957275391,108.85099945068359,109.99580001831055
107.58000183105469,107.58000183105469,107.94000244140625,106.23999786376953,106.44000244140625,15021600,2025-11-28,4,28,11,1.580223599834505,1.0710253321123244,2.521138154570365,3.289130013206974,105.88000030517578,108.06669998168945,109.92980003356934
109.12999725341797,109.12999725341797,109.33999633789062,106.30999755859375,106.51000213623047,24873400,2025-12-01,0,1,12,2.7765040369795986,2.459858289962687,2.5549163305089833,3.2474046145089703,106.84400024414063,107.85799942016601,109.79199981689453
109.3499984741211,109.3499984741211,109.7300033569336,107.5199966430664,109.20999908447266,25763000,2025-12-02,1,2,12,2.021039547056062,0.12819283107964283,2.076633603883892,3.240967867131812,107.31999969482422,107.7639991760254,109.75904960632325
103.95999908447266,103.95999908447266,106.87000274658203,102.02999877929688,106.58999633789062,53593400,2025-12-03,2,3,12,4.655640640543305,-2.4673959506301784,2.532665310405079,3.176248536852424,107.23199920654297,106.7509994506836,109.49224967956543
103.22000122070312,103.22000122070312,103.80000305175781,101.7699966430664,103.56999969482422,51779100,2025-12-04,3,4,12,1.966679310873949,-0.3379342233777997,2.600017427057484,2.942916856345359,106.6479995727539,106.0729995727539,109.16094970703125
100.23999786376953,100.23999786376953,104.79000091552734,97.73999786376953,98.77999877929688,133363600,2025-12-05,4,5,12,7.033123705109282,1.4780310817119133,3.690597448112439,3.105867801341402,105.17999877929688,105.52999954223633,108.68784942626954
96.79000091552734,96.79000091552734,99.88999938964844,95.30000305175781,99.87000274658203,100906300,2025-12-08,0,8,12,4.742221608094111,-3.084010960598575,4.083740962335342,3.319328646422162,102.71199951171874,104.77799987792969,108.00904960632325
96.70999908447266,96.70999908447266,97.23999786376953,95.44999694824219,97.02999877929688,51745600,2025-12-09,1,9,12,1.8508953908311416,-0.3297945984232008,4.049712131090358,3.0631728674871246,100.18399963378906,103.75199966430664,107.24419937133788
92.70999908447266,92.70999908447266,96.97000122070312,92.3499984741211,96.73999786376953,74129300,2025-12-10,2,10,12,4.983284211201985,-4.165804081339726,4.115240845222094,3.3239530778135866,97.93399963378906,102.58299942016602,106.19749946594239
94.08999633789062,94.08999633789062,94.81999969482422,92.76000213623047,93.9000015258789,43949000,2025-12-11,3,11,12,2.189390624690859,0.20233738969573506,4.159783107985476,3.3799002675214793,96.10799865722656,101.37799911499023,105.11449928283692
95.19000244140625,95.19000244140625,96.91999816894531,94.6500015258789,95.5,49323100,2025-12-12,4,12,12,2.384700687935891,-0.3246047733965968,3.230098504550798,3.460347976331618,95.0979995727539,100.1389991760254,104.10284957885742
93.7699966430664,93.7699966430664,96.37000274658203,93.52999877929688,96.0199966430664,40016500,2025-12-15,0,15,12,3.028691552688835,-2.3432619023763235,2.887392493469742,3.4855667279025417,94.49399871826172,98.60299911499024,103.23049926757812
94.56999969482422,94.56999969482422,94.93000030517578,93.31999969482422,93.87999725341797,34265000,2025-12-16,1,16,12,1.7024432859754752,0.7349834486505894,2.857702072498609,3.453707101794483,94.06599884033203,97.12499923706055,102.44449920654297
94.79000091552734,94.79000091552734,97.33000183105469,94.45999908447266,95.9800033569336,50472800,2025-12-17,2,17,12,3.0277484110794033,-1.239844133971146,2.4665949124740925,3.290917878848093,94.48199920654297,96.20799942016602,101.4794994354248
94.0,94.0,95.80999755859375,93.58999633789062,95.0199966430664,37244700,2025-12-18,3,18,12,2.36170342627992,-1.0734547243754669,2.501057472791905,3.33042029038869,94.46399993896485,95.2859992980957,100.6794994354248
94.38999938964844,94.38999938964844,95.54000091552734,93.44999694824219,93.56999969482422,78990200,2025-12-19,4,19,12,2.214221825193022,0.876348933951719,2.466961700243331,2.8485301023970644,94.30399932861329,94.7009994506836,100.11549949645996
93.2300033569336,93.2300033569336,94.70999908447266,92.91000366210938,94.70999908447266,39484800,2025-12-22,0,22,12,1.9307040196833953,-1.5626604813067748,2.2473641936422433,2.5673783435559927,94.19600067138671,94.34499969482422,99.56149978637696
93.5,93.5,93.80999755859375,91.33000183105469,93.4000015258789,25896200,2025-12-23,1,23,12,2.652401847635361,0.10706474570387087,2.4373559059742202,2.6475289892364144,93.98200073242188,94.02399978637695,98.8879997253418
93.63999938964844,93.63999938964844,93.68000030517578,92.66999816894531,93.11000061035156,12427900,2025-12-24,2,24,12,1.0786011777164972,0.5692178883284768,2.047526459301639,2.257060685887866,93.75200042724609,94.11699981689453,98.34999961853028
94.47000122070312,94.47000122070312,94.69000244140625,93.2699966430664,93.4800033569336,22068300,2025-12-26,4,26,12,1.5031288027851206,1.0590477409264034,1.8758115346026791,2.188434503697292,93.84600067138672,94.15500030517578,97.76649971008301
94.1500015258789,94.1500015258789,94.97000122070312,93.62999725341797,93.98999786376953,24493700,2025-12-29,0,29,12,1.4232649448410586,0.17023477576974375,1.7176201585322866,2.0922909293878087,93.79800109863281,94.05100021362304,97.09499969482422
93.77999877929688,93.77999877929688,93.98999786376953,93.33999633789062,93.5199966430664,23422000,2025-12-30,1,30,12,0.6931131737468121,0.2780176920052802,1.4701019893449698,1.8587330914936069,93.90800018310547,94.0520004272461,96.32749977111817
93.76000213623047,93.76000213623047,94.30999755859375,93.19999694824219,93.5999984741211,23495200,2025-12-31,2,31,12,1.183874344135322,0.17094408623693882,1.176396488644962,1.806876197309591,93.96000061035156,93.97100067138672,95.54799995422363
90.98999786376953,90.98999786376953,94.12999725341797,90.80999755859375,94.12999725341797,41155400,2026-01-02,4,2,1,3.6487523604461796,-3.3358116235729733,1.6904267251908986,1.868976592246269,93.43000030517578,93.59100036621093,94.89949989318848
91.45999908447266,91.45999908447266,92.62999725341797,90.83999633789062,90.91999816894531,39183300,2026-01-05,0,5,1,1.957140753821892,0.5939297474730777,1.781229115398253,1.828520325000466,92.82799987792968,93.33700027465821,94.31149978637696
90.6500015258789,90.6500015258789,91.63999938964844,89.73999786376953,91.54000091552734,43331000,2026-01-06,1,6,1,2.095975172528255,-0.9722518907004649,1.9157711609356922,1.8166956597339894,92.12799987792968,92.96300048828125,93.83199996948242
90.7300033569336,90.7300033569336,92.41999816894531,90.05999755859375,91.55999755859375,36525700,2026-01-07,2,7,1,2.6011247911754993,-0.9065030840886622,2.2973734844214295,1.8837377368831998,91.51800079345703,92.71300048828125,93.52900009155273
90.52999877929688,90.52999877929688,91.25,89.58000183105469,90.44999694824219,40068700,2026-01-08,3,8,1,1.8446903694504646,0.08844868297836052,2.4295366894844586,1.8029665890647102,90.87200012207032,92.41600036621094,93.22000007629394
89.45999908447266,89.45999908447266,90.05000305175781,88.31999969482422,90.02999877929688,55579500,2026-01-09,4,9,1,1.9338289454933228,-0.6331219621823374,2.0865520064938865,1.8884893658423927,90.56600036621094,91.99800033569336,93.05750007629395
89.41000366210938,89.41000366210938,90.33999633789062,89.33000183105469,89.69000244140625,36290600,2026-01-12,0,12,1,1.1296213683793395,-0.31218505036812316,1.9210481294053765,1.8511386224018147,90.15600128173828,91.49200057983398,92.82350044250488
90.31999969482422,90.31999969482422,91.1500015258789,89.06999969482422,89.44000244140625,45221100,2026-01-13,1,13,1,2.302924975733677,0.9838967233866868,1.9624380900464609,1.9391046254910766,90.09000091552734,91.10900039672852,92.58000030517579
88.55000305175781,88.55000305175781,91.58000183105469,87.94999694824219,91.23999786376953,49737700,2026-01-14,2,14,1,4.099384254894659,-2.94826268631456,2.2620899827902923,2.2797317336058613,89.65400085449218,90.58600082397462,92.31900062561036
88.05000305175781,88.05000305175781,89.88999938964844,87.81999969482422,89.0199966430664,36945100,2026-01-15,3,15,1,2.350936539556308,-1.0896356188350234,2.363339216811461,2.39643795314796,89.15800170898437,90.01500091552734,91.99300079345703
88.0,88.0,88.51000213623047,87.77999877929688,88.33999633789062,48130500,2026-01-16,4,16,1,0.8295492692427202,-0.38487248356925097,2.142483281561341,2.1145176440276137,88.86600189208984,89.71600112915038,91.65350074768067
87.26000213623047,87.26000213623047,89.9000015258789,87.0199966430664,88.97000122070312,109729700,2026-01-20,1,20,1,3.300486835097977,-1.9219951230873347,2.576656374905068,2.2488522521552223,88.43600158691406,89.29600143432617,91.31650085449219
85.36000061035156,85.36000061035156,86.0,81.93000030517578,82.5199966430664,127940700,2026-01-21,2,21,1,4.768040845504226,3.441594865265645,3.069679548859178,2.5160588194528195,87.44400177001953,88.76700134277344,90.86500091552735
83.54000091552734,83.54000091552734,85.0999984741211,82.9800033569336,85.0199966430664,69113300,2026-01-22,3,22,1,2.5377006152192445,-1.7407619218716586,2.7573428209240953,2.509716401857194,86.44200134277344,88.04800109863281,90.38050079345703
86.12000274658203,86.12000274658203,86.30000305175781,83.27999877929688,83.43000030517578,64520400,2026-01-23,4,23,1,3.5067396378837166,3.224262773063144,2.988503440589577,2.675921328700519,86.05600128173828,87.60700149536133,90.01150093078613
85.69999694824219,85.69999694824219,86.94000244140625,85.3499984741211,86.91999816894531,40941900,2026-01-26,0,26,1,1.855313913541241,-1.4035909415596441,3.193656369449281,2.668069825505311,85.59600067138672,87.23100128173829,89.61450080871582
85.58000183105469,85.58000183105469,85.5999984741211,83.87999725341797,85.27999877929688,37790800,2026-01-27,1,27,1,2.0098167608112654,0.35178594752823,2.9355223545919387,2.7560893647485036,85.26000061035157,86.8480010986328,89.1700008392334
84.63999938964844,84.63999938964844,86.47000122070312,84.30000305175781,85.62999725341797,37762600,2026-01-28,2,28,1,2.5637974770717045,-1.1561344102811062,2.4946736809054344,2.782176614882306,85.11600036621094,86.28000106811524,88.69450073242187
83.16000366210938,83.16000366210938,84.37999725341797,82.3499984741211,84.30999755859375,42278100,2026-01-29,3,29,1,2.441075865683029,-1.364006558872395,2.475348730998191,2.6163457759611433,85.04000091552734,85.74100112915039,88.1635009765625
83.48999786376953,83.48999786376953,84.05999755859375,82.77999877929688,83.0999984741211,45755000,2026-01-30,4,30,1,1.533116315783654,0.46931335356148135,2.0806240665781788,2.5345637535838774,84.51399993896484,85.28500061035156,87.65000076293946
82.76000213623047,82.76000213623047,85.2699966430664,82.72000122070312,83.52999877929688,41445300,2026-02-02,0,2,2,3.081193035937526,-0.9218204888292802,2.325799891057436,2.7597281302533583,83.9260009765625,84.76100082397461,87.2385009765625
79.94000244140625,79.94000244140625,82.44999694824219,79.62000274658203,82.2300033569336,49789000,2026-02-03,1,3,2,3.5401477548546008,-2.7848727010106002,2.631866089866103,2.7836942222290206,82.79800109863281,84.02900085449218,86.66250114440918
80.16000366210938,80.16000366210938,81.44000244140625,79.2300033569336,79.98999786376953,48963200,2026-02-04,2,4,2,2.756984759866341,0.21253382032761092,2.67050354642503,2.5825886136652323,81.902001953125,83.50900115966797,86.1380012512207
80.87000274658203,80.87000274658203,83.30000305175781,80.54000091552734,81.48999786376953,54805700,2026-02-05,3,5,2,3.4128874026124847,-0.7608235776665174,2.8648658538109215,2.6701072924045564,81.44400177001953,83.24200134277343,85.64500122070312
82.19999694824219,82.19999694824219,82.48999786376953,80.6500015258789,81.0199966430664,46154100,2026-02-06,4,6,2,2.2384384503678167,1.456430947997039,3.005930280727754,2.5432771736529665,81.18600158691406,82.85000076293946,85.22850112915039
81.47000122070312,81.47000122070312,82.20999908447266,79.87000274658203,82.18000030517578,42200200,2026-02-09,0,9,2,2.872218366060348,-0.8639560499343777,2.964135346752318,2.644967618904877,80.9280014038086,82.42700119018555,84.82900123596191
82.20999908447266,82.20999908447266,84.66000366210938,82.08999633789062,82.72000122070312,43595800,2026-02-10,1,10,2,3.1261493161896388,-0.616540290986874,2.8813356590193258,2.7566008744427144,81.38200073242187,82.09000091552734,84.46900100708008
79.62000274658203,79.62000274658203,82.4800033569336,79.44999694824219,81.95999908447266,40760100,2026-02-11,2,11,2,3.805584406139047,-2.8550468082349427,3.091055588273867,2.8807795673494487,81.27400054931641,81.5880012512207,83.93400115966797
