Adj Close,Close,High,Low,Open,Volume,date,day_of_week,day,month,hl_pct,oc_pct,volatility_5d,volatility_10d,ma_5,ma_10,ma_20
NVDA,NVDA,NVDA,NVDA,NVDA,NVDA,,,,,,,,,,,
85.73025512695312,85.77400207519531,88.7969970703125,84.16600036621094,86.42900085449219,678364000,2024-03-11,0,11,3,5.399068006692421,-0.7578460618786977,5.4831096207510495,4.290858892430174,88.12699890136719,84.36269912719726,79.02724990844726
91.86613464355469,91.91300201416016,91.95999908447266,86.1500015258789,88.04900360107422,668075000,2024-03-12,1,12,3,6.321192248403179,4.388463531731319,6.123831155858205,4.628445531976735,89.31679992675781,85.6838996887207,80.01049995422363
90.8416519165039,90.88800048828125,91.50399780273438,88.43499755859375,91.05500030517578,635713000,2024-03-13,2,13,3,3.376683641022921,-0.183405432249544,6.191726996390015,4.7333133848527265,89.75440063476563,87.00639953613282,80.94850006103516
87.89915466308594,87.94400024414062,90.64600372314453,86.5999984741211,89.5770034790039,602318000,2024-03-14,3,14,3,4.600660918074405,-1.8230161441446784,6.428782647549899,4.986078510969684,88.80940093994141,87.889599609375,81.65069999694825
87.79220581054688,87.83699798583984,89.5459976196289,86.25700378417969,86.93000030517578,642086000,2024-03-15,4,15,3,3.7444287838473667,1.043365555596415,4.688406719608059,5.012315222952038,88.87120056152344,88.44539947509766,82.40965003967285
88.4098892211914,88.45500183105469,92.40499877929688,87.08499908447266,90.38800048828125,668976000,2024-03-18,0,18,3,6.014357113445312,-2.1385567185736942,4.811464540958637,5.147287080854843,89.40740051269532,88.76719970703125,83.20175018310547
89.35242462158203,89.39800262451172,90.54399871826172,85.01000213623047,86.69999694824219,672171000,2024-03-19,1,19,3,6.1902910798522734,3.1118867026952444,4.785284307248456,5.45455773155333,88.90440063476562,89.11060028076172,84.19905014038086
90.325927734375,90.37200164794922,90.41000366210938,88.2229995727539,89.7969970703125,479063000,2024-03-20,2,20,3,2.420001825205891,0.6403383146392756,4.59394794408505,5.392837470237533,88.80120086669922,89.27780075073242,85.3440502166748
91.38836669921875,91.43499755859375,92.64800262451172,90.40499877929688,92.30000305175781,480372000,2024-03-21,3,21,3,2.453113036698528,-0.9371673505568631,4.164438367809874,5.296610507679886,89.49940032958985,89.15440063476562,85.98889999389648
94.24092102050781,94.28900146484375,94.77799987792969,90.83399963378906,91.14099884033203,586719000,2024-03-22,4,22,3,4.182884729785977,3.453991797946649,4.2521295569975965,4.470268138302828,90.78980102539063,89.83050079345703,86.7625
94.95355987548828,95.00199890136719,96.76599884033203,93.51000213623047,93.94100189208984,552136000,2024-03-25,0,25,3,3.4272928377875473,1.1294290968879728,3.7347167018660437,4.273090621412341,92.09920043945313,90.75330047607422,87.55799980163575
92.51380157470703,92.56099700927734,96.375,92.50199890136719,95.85099792480469,513648000,2024-03-26,1,26,3,4.184268994255349,-3.4324117502755227,3.3335122847466585,4.059398295997558,92.73179931640625,90.81809997558594,88.25099983215333
90.2039794921875,90.25,93.23999786376953,89.12300109863281,93.11199951171875,586067000,2024-03-27,2,27,3,4.56176926884955,-3.073717165056206,3.76186577347539,4.17790685878022,92.7073989868164,90.75429992675781,88.8803497314453
90.30992889404297,90.35600280761719,91.30000305175781,89.19300079345703,90.0,435212000,2024-03-28,3,28,3,2.3318896286137583,0.39555867513020837,3.7376210918584363,3.951029729834155,92.4916000366211,90.99550018310546,89.44254989624024
90.31692504882812,90.36299896240234,92.2249984741211,89.2040023803711,90.29900360107422,452441000,2024-04-01,0,1,4,3.3431782128069436,0.07087050662357884,3.5696797884626292,3.9109046727301133,91.7063995361328,91.24810028076172,89.84674987792968
89.40637969970703,89.4520034790039,90.09400177001953,87.62000274658203,88.447998046875,433064000,2024-04-02,1,2,4,2.765727906830164,1.1351364126939438,3.4373668022711525,3.5860417520685983,90.59640045166016,91.34780044555664,90.05750007629395
88.91864776611328,88.96399688720703,90.3740005493164,88.4000015258789,88.48400115966797,370067000,2024-04-03,2,3,4,2.218874030513977,0.542466119578971,3.0442878095228787,3.1889000471347684,89.87700042724609,91.30439987182618,90.20750007629394
85.86119079589844,85.90499877929688,90.63400268554688,85.87999725341797,90.40599822998047,434965000,2024-04-04,3,4,4,5.5340265405773135,-4.978651349254137,3.238739263868431,3.500302518671911,89.00800018310547,90.85769958496094,90.06775016784668
87.96311950683594,88.00800323486328,88.48100280761719,85.9260025024414,86.86599731445312,399678000,2024-04-05,4,5,4,2.903145408670799,1.3146754261925047,3.352990419879839,3.545305755869138,88.53840026855468,90.51500015258789,89.83470039367675
87.08856201171875,87.13300323486328,88.83000183105469,86.73200225830078,88.69999694824219,283220000,2024-04-08,0,8,4,2.4078127630914294,-1.7666220600810971,3.1659173299367365,3.367798559199683,87.89240112304688,89.79940032958984,89.81495056152343
85.31046295166016,85.35399627685547,87.63500213623047,83.02200317382812,87.44200134277344,501700000,2024-04-09,1,9,4,5.4045494805416645,-2.387874286789217,3.6936816446790366,3.5655242234750943,87.07279968261719,88.83460006713867,89.79395027160645
86.99461364746094,87.03900146484375,87.4000015258789,83.70899963378906,83.9260025024414,431929000,2024-04-10,2,10,4,4.2406298670380425,3.7092186802436906,4.09803281198385,3.5711603107533643,86.68780059814453,88.28240051269532,89.55025024414063
90.56979370117188,90.61599731445312,90.73899841308594,86.9260025024414,87.41999816894531,431637000,2024-04-11,3,11,4,4.2078617723676075,3.6559130776133384,3.8327998583419083,3.5357695611051696,87.63000030517578,88.31900024414062,89.53665008544922
88.14102935791016,88.18599700927734,90.17500305175781,87.52999877929688,89.6989974975586,426805000,2024-04-12,4,12,4,2.999347245779483,-1.686752952085591,3.852040225763645,3.602515322821742,87.6655990600586,88.10199966430665,89.54874992370605
85.9571533203125,86.0009994506836,90.61299896240234,85.92900085449219,89.0979995727539,443077000,2024-04-15,0,15,4,5.446446131822163,-3.475947986398308,4.459766899509792,3.8128421147232645,87.43919830322265,87.66579971313476,89.45694999694824
87.37042999267578,87.41500091552734,88.11799621582031,86.06400299072266,86.43299865722656,370453000,2024-04-16,1,16,4,2.349703373088691,1.1361427620892535,3.848797678019197,3.7712396613491173,87.85139923095703,87.46209945678712,89.40494995117187
83.99214935302734,84.03500366210938,88.7750015258789,83.94999694824219,88.33999633789062,495400000,2024-04-17,2,17,4,5.741660459773705,-4.873209026764201,4.149003796566331,4.123518304275089,87.25059967041015,86.96920013427734,89.13680000305176
84.62782287597656,84.6709976196289,86.19000244140625,82.4020004272461,84.97000122070312,447260000,2024-04-18,3,18,4,4.473789279272647,-0.351893134963691,4.202189297947338,4.017494578144623,86.06159973144531,86.84580001831054,88.85174980163575
76.16114807128906,76.19999694824219,84.3239974975586,75.60600280761719,83.1500015258789,875198000,2024-04-19,4,19,4,11.44093837151068,-8.358393806491582,5.890507523093577,4.871273874428612,83.66439971923828,85.66499938964844,88.08999977111816
79.47745513916016,79.51799774169922,80.072998046875,76.4000015258789,78.10399627685547,596341000,2024-04-22,0,22,4,4.619075712805549,1.8104085991087253,5.725033439290255,5.092400169400023,82.3677993774414,84.90349884033203,87.35144958496093
82.38097381591797,82.4229965209961,82.76899719238281,80.26399993896484,80.76899719238281,438559000,2024-04-23,1,23,4,3.039197019220062,2.0478146146517555,5.8629321685165285,4.855864923267863,81.36939849853516,84.61039886474609,86.72249946594238
79.6363754272461,79.677001953125,84.08200073242188,79.18299865722656,83.94999694824219,512208000,2024-04-24,2,24,4,6.148577324831396,-5.089928708099445,5.9443155415280655,5.046659669047198,80.49779815673828,83.87419891357422,86.07829971313477
82.5898666381836,82.63200378417969,83.322998046875,78.2229995727539,78.86799621582031,424641000,2024-04-25,3,25,4,6.171940943658338,4.772541143379961,6.283945874405205,5.243067586176272,80.08999938964844,83.07579956054687,85.69739990234375
87.69026947021484,87.73500061035156,88.33100128173828,83.38700103759766,83.81800079345703,551011000,2024-04-26,4,26,4,5.635151546983974,4.673220286590633,5.122788509499864,5.506648016296721,82.39700012207031,83.0306999206543,85.56634979248047
87.71226501464844,87.75700378417969,87.99199676513672,85.26599884033203,87.59500122070312,388971000,2024-04-29,0,29,4,3.1063024114960887,0.18494498683593044,4.8202338492379715,5.272633644264113,84.0448013305664,83.2063003540039,85.43605003356933
86.35794830322266,86.4020004272461,88.81900024414062,86.30000305175781,87.23999786376953,363709000,2024-04-30,1,30,4,2.9154385082830436,-0.9605656316406845,4.795482147050568,5.329207157783548,84.84060211181641,83.10500030517578,85.28354988098144
82.99864196777344,83.04100036621094,86.0,81.25499725341797,85.0770034790039,559863000,2024-05-01,2,1,5,5.714048151704052,-2.3931297877638964,4.7085763124251,5.326445926976583,85.51340179443359,83.00559997558594,84.98740005493164
85.77324676513672,85.81700134277344,86.23699951171875,83.19999694824219,84.4489974975586,377898000,2024-05-02,3,2,5,3.5389287856214584,1.6199172112781948,4.181973880817724,5.2329598776114645,86.15040130615235,83.1202003479004,84.98300018310547
88.74372863769531,88.78900146484375,89.28099822998047,87.04000091552734,87.78900146484375,398341000,2024-05-03,4,3,5,2.5239582352330587,1.139094856205265,3.55973521846754,4.341261863983702,86.36120147705078,84.37910079956055,85.0220500946045
92.093017578125,92.13999938964844,92.22000122070312,89.05500030517578,89.38999938964844,376203000,2024-05-06,0,6,5,3.434991248635627,3.0764067779135216,3.6254729858954478,4.22285341756671,87.23780059814453,85.64130096435547,85.27239990234375
90.50782775878906,90.55400085449219,91.78099822998047,89.01100158691406,91.0979995727539,437342000,2024-05-07,1,7,5,3.058944515899866,-0.5971576991954288,3.6541741874188127,4.22482816723469,88.06820068359374,86.45440139770508,85.53240013122559
90.36589050292969,90.41200256347656,91.19400024414062,89.41999816894531,89.48300170898438,325721000,2024-05-08,2,8,5,1.962131160572203,1.0381869592545339,2.903790789192443,3.806183550808771,89.54240112304687,87.52790145874023,85.70105018615723
88.70175170898438,88.74700164794922,91.0719985961914,88.23100280761719,90.52899932861328,378013000,2024-05-09,3,9,5,3.2012301664502143,-1.9684274584716752,2.8362510653581934,3.5091124730879586,90.12840118408204,88.13940124511718,85.60760040283203
89.83216094970703,89.87799835205078,91.4010009765625,89.22699737548828,90.30500030517578,335325000,2024-05-10,4,10,5,2.4188384709666977,-0.4728441965361764,2.8152271125049215,3.187481165486231,90.34620056152343,88.35370101928712,85.6922004699707
90.35292053222656,90.39900207519531,90.99800109863281,88.52899932861328,90.47799682617188,289680000,2024-05-13,0,13,5,2.731226798240291,-0.0873082448192667,2.674474222425854,3.149973604160651,89.99800109863281,88.61790084838867,85.91210060119629
91.3094253540039,91.35600280761719,91.6510009765625,88.93399810791016,89.5989990234375,296507000,2024-05-14,1,14,5,2.9740824742233603,1.9609636305424425,2.657501814090553,3.155838000754683,90.15840148925781,89.11330108642578,86.10915069580078
94.58174896240234,94.62999725341797,94.86199951171875,91.5989990234375,92.47200012207031,417735000,2024-05-15,2,15,5,3.4481671594504806,2.3336762787643073,2.954709013866209,2.929249901529326,91.00200042724609,90.27220077514649,86.6389003753662
94.3108901977539,94.35900115966797,95.81900024414062,94.10299682617188,94.91000366210938,323952000,2024-05-16,3,16,5,1.8185900622930973,-0.5805526089779104,2.6781809930347853,2.75721602919649,92.12440032958985,91.12640075683593,87.12330055236816
92.43183898925781,92.47899627685547,94.73999786376953,91.80599975585938,94.36900329589844,359691000,2024-05-17,4,17,5,3.1726102423588283,-2.0027837033700178,2.8289353473132115,2.8220812299090663,92.64459991455078,91.4954002380371,87.93725051879883
94.73167419433594,94.77999877929688,95.19999694824219,93.44000244140625,93.75,318764000,2024-05-20,0,20,5,1.8569260703771808,1.0986653645833333,2.6540752017405898,2.664274712083222,93.52079925537109,91.75940017700195,88.70035057067871
95.33736419677734,95.38600158691406,95.4000015258789,93.18000030517578,93.5989990234375,328946000,2024-05-21,1,21,5,2.3273868112401153,1.9092111904199862,2.52473606914394,2.591118941617247,94.32679901123046,92.24260025024414,89.3485008239746
94.90158081054688,94.94999694824219,96.0199966430664,93.2490005493164,95.45899963378906,548648000,2024-05-22,2,22,5,2.9183740735247063,-0.5332160272992283,2.4187774519587855,2.686743232912497,94.39079895019532,92.6963996887207,90.11215057373047
103.74607849121094,103.79900360107422,106.31999969482422,101.5199966430664,102.02799987792969,835065000,2024-05-23,3,23,5,4.624324786589894,1.7358016674475927,2.979924396818145,2.829052694926465,96.27879943847657,94.2015998840332,91.17050056457519
106.41470336914062,106.46900177001953,106.4749984741211,103.0,104.4489974975586,429494000,2024-05-24,4,24,5,3.2638593546949304,1.9339623365060572,2.998174219285365,2.9135547832992885,99.07680053710938,95.86070022583007,92.1072006225586
113.84291076660156,113.9010009765625,114.93900299072266,109.88300323486328,110.24400329589844,652728000,2024-05-28,1,28,5,4.43894233809214,3.317185126930273,3.514577472828357,3.0843263372844736,102.9010009765625,98.2109001159668,93.41440048217774
114.76644134521484,114.82499694824219,115.49199676513672,110.9010009765625,113.05000305175781,557442000,2024-05-29,2,29,5,3.9982546576018003,1.5700962835637673,3.8487510421006945,3.186743555622317,106.78880004882812,100.5577995300293,94.83555030822754
110.44364929199219,110.5,115.81900024414062,109.66300201416016,114.6500015258789,484553000,2024-05-30,3,30,5,5.5710391221542706,-3.619713450193164,4.379284051826607,3.3990307518926968,109.89880065917968,102.1447998046875,96.208500289917
109.57710266113281,109.63300323486328,112.71700286865234,106.94000244140625,112.5199966430664,613263000,2024-05-31,4,31,5,5.26939904662669,-2.5657603042427963,4.508298903833966,3.744111650326056,111.0656005859375,103.67220001220703,97.39930038452148
114.94135284423828,115.0,115.0,112.00299835205078,113.62100219726562,438392000,2024-06-03,0,3,6,2.6060883895210596,1.2136821327629177,4.376744710799192,3.6874594650422785,112.7718002319336,105.92430038452149,98.7098503112793
116.37763977050781,116.43699645996094,116.5999984741211,114.04499816894531,115.71600341796875,403324000,2024-06-04,1,4,6,2.19432000382659,0.6230711575718225,3.927820243946082,3.7211988583872193,113.27899932861328,108.09000015258789,99.92470016479493
122.37755584716797,122.44000244140625,122.4489974975586,117.46800231933594,118.37100219726562,528402000,2024-06-05,2,5,6,4.068110975909458,3.4374975024369774,3.9417915076076135,3.8952712748541543,114.8020004272461,110.7954002380371,101.51900024414063
120.93629455566406,120.99800109863281,125.58699798583984,118.31999969482422,124.0479965209961,664696000,2024-06-06,3,6,6,6.005882927844282,-2.458722033327677,4.028760268745616,4.204022160286112,116.90160064697265,113.40020065307617,103.04830017089844
120.82635498046875,120.88800048828125,121.69200134277344,118.02200317382812,119.7699966430664,412386000,2024-06-07,4,7,6,3.035866383860885,0.9334590269269796,3.582053736192455,4.04517632001321,119.15260009765625,115.10910034179688,104.65535011291504
121.72789764404297,121.79000091552734,123.0999984741211,117.01000213623047,120.37000274658203,313434100,2024-06-10,0,10,6,5.00040749824331,1.1796943894193224,4.0609175579369055,4.218831134368048,120.51060028076172,116.64120025634766,106.25095024108887
120.8582763671875,120.91000366210938,122.87000274658203,118.73999786376953,121.7699966430664,222551200,2024-06-11,1,11,6,3.4157677261792654,-0.7062437420260858,4.30520710240744,4.116513673176761,121.4052017211914,117.34210052490235,107.77650032043456
125.14643096923828,125.19999694824219,126.87999725341797,122.56999969482422,123.05999755859375,299595000,2024-06-12,2,12,6,3.442490146685473,1.7389886495239844,4.180082936562643,4.060937222085128,121.95720062255859,118.37960052490234,109.46870002746581
129.55453491210938,129.61000061035156,129.8000030517578,127.16000366210938,129.38999938964844,260704500,2024-06-13,3,13,6,2.036879389874479,0.17002953994968928,3.386282228968682,3.707521248857149,123.67960052490234,120.2906005859375,111.2177001953125
131.82359313964844,131.8800048828125,132.83999633789062,128.32000732421875,129.9600067138672,309320400,2024-06-14,4,14,6,3.427349746982721,1.477376169403077,3.4645789015930495,3.523316318892752,125.8780014038086,122.51530075073242,113.09375038146973
130.92396545410156,130.97999572753906,133.72999572753906,129.5800018310547,132.99000549316406,288504400,2024-06-17,0,17,6,3.1684181034156365,-1.5113991146713037,3.0981810226275153,3.5795492902822104,127.71600036621093,124.11330032348633,115.0188003540039
135.52198791503906,135.5800018310547,136.3300018310547,130.69000244140625,131.13999938964844,294335100,2024-06-18,1,18,6,4.159905084435979,3.385696554880968,3.2470084942788575,3.776107798343149,130.65,126.0276008605957,117.0588005065918
130.7240447998047,130.77999877929688,140.75999450683594,129.52000427246094,139.8000030517578,517768400,2024-06-20,3,20,6,8.594578941190774,-6.4520773072669275,4.277426253179918,4.228754594871281,131.76600036621093,126.86160049438476,118.82850036621093
126.51585388183594,126.56999969482422,130.6300048828125,124.30000305175781,127.12000274658203,649445800,2024-06-21,4,21,6,5.001186573688155,-0.43266444294708045,4.870287689942653,4.128284959455668,131.15800018310546,127.4188003540039,120.40950050354004
118.05946350097656,118.11000061035156,124.45999908447266,118.04000091552734,123.23999786376953,476060900,2024-06-24,0,24,6,5.435609292836328,-4.162607385865673,5.271939599113375,4.368259250353212,128.40399932861328,127.14100036621093,121.1250503540039
126.03604125976562,126.08999633789062,126.5,119.31999969482422,121.19999694824219,414192600,2024-06-25,1,25,6,5.694345716320842,4.034653063346764,5.777125121694416,4.437653072160965,127.42599945068359,127.57099990844726,122.10610008239746
126.34593200683594,126.4000015258789,128.1199951171875,122.5999984741211,126.12999725341797,362975900,2024-06-26,2,26,6,4.367085899074338,0.21406824573098984,5.8185612846220875,4.532784889450473,125.58999938964844,128.11999969482423,122.73105010986328
123.93695068359375,123.98999786376953,126.41000366210938,122.91999816894531,124.0999984741211,252571700,2024-06-27,3,27,6,2.814747603269262,-0.08863868791626232,4.662595017037785,4.470010635108851,124.23199920654297,127.99899978637696,123.18930015563964
123.48714447021484,123.54000091552734,127.70999908447266,122.75,124.58000183105469,315516700,2024-06-28,4,28,6,4.014893190638831,-0.8348056672351867,4.46533634042792,4.667812015185286,123.6259994506836,127.39199981689453,123.84130020141602
124.24681854248047,124.30000305175781,124.83999633789062,118.83000183105469,123.47000122070312,284885500,2024-07-01,0,1,7,4.835071890009053,0.6722295479458658,4.345228859862465,4.80858422948792,124.86399993896484,126.63399963378906,124.57465019226075
122.61752319335938,122.66999816894531,123.41000366210938,121.02999877929688,121.12999725341797,218374000,2024-07-02,1,2,7,1.9401686788440935,1.2713621319626416,3.5943934523671155,4.685759287030765,124.18000030517578,125.8029998779297,124.95815010070801
128.22511291503906,128.27999877929688,128.27999877929688,121.36000061035156,121.66000366210938,215749000,2024-07-03,2,3,7,5.394448265353533,5.4413898717062725,3.7998659256229543,4.809213605122521,124.55599975585938,125.0729995727539,125.5503002166748
125.77616882324219,125.83000183105469,128.85000610351562,125.68000030517578,127.37999725341797,214176700,2024-07-05,4,5,7,2.5192766051104756,-1.2168279602641383,3.7407717259911974,4.201683371514491,124.9240005493164,124.57799987792968,125.71980018615723
128.1451416015625,128.1999969482422,130.77000427246094,127.04000091552734,127.48999786376953,237677300,2024-07-08,0,8,7,2.909519068428291,0.5569057152478201,3.5196969015490893,3.992516620988505,125.85599975585937,124.74099960327149,126.0798999786377
131.3238067626953,131.3800048828125,133.82000732421875,128.64999389648438,130.35000610351562,285366600,2024-07-09,1,9,7,3.935160020998546,0.7901793103706615,3.3397145277469873,3.8424716938047263,127.27200012207031,126.06800003051758,126.60450019836426
134.852294921875,134.91000366210938,135.10000610351562,132.4199981689453,134.02999877929688,248978600,2024-07-10,2,10,7,1.986515352325215,0.6565730738098247,3.3489838624432124,3.4716886574051635,129.72000122070312,126.95000076293945,127.26050033569337
127.34551239013672,127.4000015258789,136.14999389648438,127.05000305175781,135.75,374782700,2024-07-11,3,11,7,7.1428498710638335,-6.151011767308356,3.6986641835852723,3.7492650546041135,129.54400177001952,127.05000076293945,127.58500022888184
129.18470764160156,129.24000549316406,131.9199981689453,127.22000122070312,128.25999450683594,252680500,2024-07-12,4,12,7,3.6366424856665502,0.7640815751601274,3.9221373596964875,3.8314545428438422,130.22600250244142,127.5750015258789,127.78700065612793
128.38504028320312,128.44000244140625,131.38999938964844,127.18000030517578,130.55999755859375,208326200,2024-07-15,0,15,7,3.2777943043042517,-1.6237708002683378,3.9957924068716792,3.7577446542103843,130.2740036010742,128.06500167846679,127.72850074768067
126.3059310913086,126.36000061035156,129.0399932861328,124.58000183105469,128.44000244140625,214769500,2024-07-16,1,16,7,3.529591194630587,-1.619434593209055,3.914678641598088,3.627196584672538,129.27000274658204,128.27100143432617,127.45250053405762
117.93950653076172,117.98999786376953,121.8499984741211,116.72000122070312,121.3499984741211,390086200,2024-07-17,2,17,7,4.347823837865502,-2.768850970416873,4.386940338706145,3.8679621005746783,125.88600158691406,127.8030014038086,126.80300064086914
121.0381851196289,121.08999633789062,122.4000015258789,116.55999755859375,121.8499984741211,320979500,2024-07-18,3,18,7,4.822862452641552,-0.6237194466538138,3.922942855021689,3.81080351930348,124.6240005493164,127.08400115966796,126.07850036621093
117.87955474853516,117.93000030517578,121.5999984741211,117.37000274658203,120.3499984741211,217223800,2024-07-19,4,19,7,3.5868699369056256,-2.010800332054583,3.912988345269503,3.9175628524829955,122.36199951171875,126.29400100708008,125.43600044250488
123.48714447021484,123.54000091552734,124.06999969482422,119.86000061035156,120.3499984741211,258068900,2024-07-22,0,22,7,3.4078023743510553,2.650604471833207,3.9389899592788646,3.9673911830752715,121.38199920654297,125.8280014038086,125.28450050354004
122.53755950927734,122.58999633789062,124.69000244140625,122.0999984741211,122.77999877929688,173911000,2024-07-23,1,23,7,2.1127368012528662,-0.1547503203252093,3.65561908060332,3.785148861100704,120.62799835205078,124.94900054931641,125.508500289917
114.20112609863281,114.25,119.94999694824219,113.44000244140625,119.16999816894531,327776900,2024-07-24,2,24,7,5.698025826552243,-4.1285543715208535,3.9256594783406684,4.1562999085234065,119.87999877929687,122.88300018310547,124.91650047302247
112.2319564819336,112.27999877929688,116.62999725341797,106.30000305175781,113.04000091552734,460067000,2024-07-25,3,25,7,9.200208687181503,-0.672330263689934,4.801128725248659,4.362035790135174,118.11799926757813,121.37099990844726,124.21050033569335
113.0116195678711,113.05999755859375,116.19999694824219,111.58000183105469,116.19000244140625,293399100,2024-07-26,4,26,7,4.086321614144004,-2.693867645274332,4.901019060696335,4.4070037029829185,117.14399871826171,119.75299911499023,123.66400032043457
111.54225158691406,111.58999633789062,116.27999877929688,111.30000305175781,113.69000244140625,248152100,2024-07-29,0,29,7,4.462761798521624,-1.8471334844046026,5.112010945530448,4.525500452404656,114.75399780273438,118.06799850463867,123.06650009155274
103.68561553955078,103.7300033569336,111.98999786376953,102.54000091552734,111.5199966430664,486833300,2024-07-30,1,30,7,9.11018667928205,-6.985288307589942,6.511500921136286,5.083560000869802,110.98199920654297,115.80499877929688,122.03800010681152
116.96992492675781,117.0199966430664,118.33999633789062,110.87999725341797,112.9000015258789,473174200,2024-07-31,2,31,7,6.374978036640262,3.64924274712531,6.646891363153889,5.286275420747279,111.53599853515625,115.70799865722657,121.75550003051758
109.16327667236328,109.20999908447266,120.16000366210938,106.80999755859375,117.52999877929688,523462300,2024-08-01,3,1,8,12.22416098839956,-7.0790434622975615,7.2516818233975,6.026405274323079,110.9219985961914,114.51999893188477,120.80200004577637
107.22409057617188,107.2699966430664,108.72000122070312,101.37000274658203,103.76000213623047,482027500,2024-08-02,4,2,8,6.851867907274867,3.3828011127327575,7.804791082023672,6.352905071360004,109.76399841308594,113.45399856567383,119.87399978637696
100.40702056884766,100.44999694824219,103.41000366210938,90.69000244140625,92.05999755859375,552842400,2024-08-05,0,5,8,12.66301802603063,9.113621129859824,9.444842327525473,7.278426636527962,107.53599853515625,111.1449981689453,118.48649978637695
104.20540618896484,104.25,107.70999908447266,100.55000305175781,103.83999633789062,409012100,2024-08-06,1,6,8,6.86810171003822,0.39484175324432963,8.996425333676708,7.7539631274064975,107.63999786376954,109.31099853515624,117.12999954223633
98.86768341064453,98.91000366210938,108.80000305175781,98.69000244140625,107.80999755859375,411440400,2024-08-07,2,7,8,10.221413644760101,-8.255258415758066,9.765712455300676,8.206301909227282,104.01799926757812,107.7769989013672,115.32999954223632
104.92508697509766,104.97000122070312,105.5,97.5199966430664,102.0,391910000,2024-08-08,3,8,8,7.602175158744026,2.9117659026501226,8.841315289369568,8.046498556383535,103.16999969482421,107.0459991455078,114.20849952697753
104.70519256591797,104.75,106.5999984741211,103.43000030517578,105.63999938964844,290844200,2024-08-09,4,9,8,3.026251235269988,-0.8424833347127486,8.076191954968593,7.940491518496133,102.66600036621094,106.21499938964844,112.98399925231934
108.97335052490234,109.0199966430664,111.06999969482422,106.26000213623047,106.31999969482422,325559900,2024-08-12,0,12,8,4.412032385528112,2.539500522942182,6.425994826868089,7.935418577196782,104.38000030517578,105.95799942016602,112.01299896240235
116.0903091430664,116.13999938964844,116.2300033569336,111.58000183105469,112.44000244140625,312646700,2024-08-13,1,13,8,4.003789865951524,3.2906411133976077,5.853132458050751,7.424778895863729,106.75800018310547,107.1989990234375,111.50199890136719
118.02948760986328,118.08000183105469,118.5999984741211,114.06999969482422,118.52999877929688,339246400,2024-08-14,2,14,8,3.8363810205374667,-0.3796481505750142,4.576125933206224,7.17091919425345,110.59199981689453,107.30499954223633,111.50649909973144
122.80744171142578,122.86000061035156,123.23999786376953,117.47000122070312,118.76000213623047,318086700,2024-08-15,3,15,8,4.696399653590964,3.4523395085644704,3.9949708321756106,6.41814306077259,114.16999969482421,108.66999969482421,111.59499931335449
124.52670288085938,124.58000183105469,125.0,121.18000030517578,121.94000244140625,302589900,2024-08-16,4,16,8,3.066302487300163,2.164998636043977,4.002981082581646,6.039586518775119,118.13600006103516,110.40100021362305,111.92749938964843
129.94439697265625,130.0,130.0,123.41999816894531,124.27999877929688,318333600,2024-08-19,0,19,8,5.0615398700420675,4.602511487677926,4.132882579484437,5.279438703176263,122.33200073242188,113.35600051879882,112.25049934387206
127.195556640625,127.25,129.8800048828125,125.88999938964844,128.39999389648438,300087400,2024-08-20,1,20,8,3.135564238242878,-0.8956339183407565,3.9592374539427078,4.906184955996729,124.55400085449219,115.65600051879883,112.48349952697754
128.4450225830078,128.5,129.35000610351562,126.66000366210938,127.31999969482422,257883600,2024-08-21,2,21,8,2.093387113934825,0.9267988595697039,3.610638672622179,4.093382302914201,126.63800048828125,118.6150001525879,113.19599952697754
123.68706512451172,123.73999786376953,130.75,123.0999984741211,130.02000427246094,376189100,2024-08-22,3,22,8,6.18231910291538,-4.830030920112461,3.9078225624870626,3.9513966973313366,126.81399993896484,120.49199981689453,113.76899948120118
129.31463623046875,129.3699951171875,129.60000610351562,125.22000122070312,125.86000061035156,323230300,2024-08-23,4,23,8,3.3856419943781795,2.788808588760846,3.971690463902666,3.987335773242156,127.77199859619141,122.95399932861328,114.58449935913086
126.40589141845703,126.45999908447266,131.25999450683594,124.37000274658203,129.57000732421875,331964700,2024-08-26,0,26,8,5.448356642523407,-2.4002531943708414,4.049053818398933,4.0909681989416855,127.06399841308594,124.6979995727539,115.32799949645997
128.2451171875,128.3000030517578,129.1999969482422,123.87999725341797,125.05000305175781,303134600,2024-08-27,1,27,8,4.1465312301497494,2.5989603524078566,4.251247216780309,4.105242335361508,127.2739990234375,125.91399993896485,116.55649948120117
125.55626678466797,125.61000061035156,128.3300018310547,122.63999938964844,128.1199951171875,448101100,2024-08-28,2,28,8,4.529896038339271,-1.9590966301084551,4.738549001661197,4.174593837141689,126.69599914550781,126.66699981689453,116.98599967956542
117.53968811035156,117.58999633789062,124.43000030517578,116.70999908447266,121.36000061035156,453023300,2024-08-29,3,29,8,6.565185356856359,-3.1064636235172944,4.8151222524493935,4.361472407468228,125.46599884033203,126.13999938964844,117.40499954223633
119.31893157958984,119.37000274658203,121.75,117.22000122070312,119.52999877929688,333751600,2024-08-30,4,30,8,3.7949222376361087,-0.13385429126479317,4.8969783011009795,4.434334382501822,123.46600036621093,125.61899948120117,118.0099998474121
107.95378875732422,108.0,116.20999908447266,107.29000091552734,116.01000213623047,477155100,2024-09-03,1,3,9,8.259257563838252,-6.904578905898415,5.4591584853639485,4.754106151881441,119.77400054931641,123.41899948120117,118.3875
106.16455841064453,106.20999908447266,113.2699966430664,104.12000274658203,105.41000366210938,372470300,2024-09-04,2,4,9,8.615002330625249,0.7589369078552145,6.352852705459048,5.302049961119678,115.35599975585937,121.31499938964843,118.48549995422363
107.16413879394531,107.20999908447266,109.6500015258789,104.76000213623047,104.98999786376953,306850700,2024-09-05,3,5,9,4.561141154189844,2.114488299717562,6.359101728629162,5.54882536514518,111.67599945068359,119.18599929809571,118.9004997253418
102.78600311279297,102.83000183105469,108.1500015258789,100.94999694824219,108.04000091552734,413638100,2024-09-06,4,6,9,7.001852036787881,-4.82228715320557,6.446435064615467,5.63077865853243,108.7240005493164,117.09499969482422,118.79349975585937
106.42444610595703,106.47000122070312,106.55000305175781,103.69000244140625,104.87999725341797,273912000,2024-09-09,0,9,9,2.686203228666287,1.51602212902741,6.224691262821503,5.5608347819612405,106.14400024414063,114.80500030517578,118.87949981689454
108.05374145507812,108.0999984741211,109.4000015258789,104.94999694824219,107.80999755859375,268283700,2024-09-10,1,10,9,4.116563034644297,0.2689926000320433,5.396152356982712,5.42765542117333,106.16399993896485,112.96900024414063,118.83349990844727
116.85997772216797,116.91000366210938,117.19000244140625,107.41999816894531,109.38999938964844,441422400,2024-09-11,2,11,9,8.356859093681992,6.874489728877861,5.34452370959406,5.848688207526554,108.30400085449219,111.83000030517579,118.87200012207032
119.0992202758789,119.13999938964844,120.79000091552734,115.37999725341797,116.83999633789062,366052700,2024-09-12,3,12,9,4.540879377056155,1.968506610618519,5.340471354167322,5.849786541398243,110.69000091552735,111.18300018310546,118.925
119.0592269897461,119.0999984741211,119.95999908447266,117.5999984741211,119.08000183105469,238358300,2024-09-13,4,13,9,1.9815286654805124,0.016792612326943512,4.336406679905848,5.3914208722606585,113.94400024414062,111.33400039672851,118.73699989318848
116.74002075195312,116.77999877929688,118.18000030517578,114.36000061035156,116.79000091552734,248772300,2024-09-16,0,16,9,3.2711078393172928,-0.008564205969741504,4.45338760203605,5.339039432428777,116.00599975585938,111.075,118.34699974060058
115.55043029785156,115.58999633789062,118.80000305175781,114.83000183105469,118.16999816894531,231925900,2024-09-17,1,17,9,3.4345543269143186,-2.18329683594148,4.316985860490054,4.856569108736383,117.50399932861328,111.83399963378906,117.62649955749512
113.33119201660156,113.37000274658203,117.69999694824219,113.22000122070312,115.88999938964844,310318900,2024-09-18,2,18,9,3.951658833027707,-2.174472910810541,3.4359458083591976,4.390234758976629,116.7959991455078,112.55,116.93249969482422
117.82964324951172,117.87000274658203,119.66000366210938,117.25,117.3499984741211,293506400,2024-09-19,3,19,9,2.0446284940629305,0.44312252170639166,2.9366956317605526,4.138583492963937,116.54199981689453,113.61600036621094,116.40099983215332
115.96029663085938,116.0,118.62000274658203,115.38999938964844,117.05999755859375,382462400,2024-09-20,4,20,9,2.7844856525289603,-0.9055164707851406,3.097287029170242,3.7168468545380455,115.92200012207032,114.93300018310546,116.01399993896484
116.22020721435547,116.26000213623047,116.98999786376953,114.86000061035156,116.55000305175781,206228500,2024-09-23,0,23,9,1.8320980683641248,-0.24882102782833856,2.809485074979608,3.6314363385078297,115.81800079345703,115.9120002746582,115.35850028991699
120.82862091064453,120.87000274658203,121.80000305175781,115.37999725341797,116.5199966430664,354966800,2024-09-24,1,24,9,5.311496361756631,3.733270021317388,3.184873481948071,3.750929671219062,116.8740020751953,117.18900070190429,115.07900047302246
123.46772003173828,123.51000213623047,124.94000244140625,121.61000061035156,122.0199966430664,284692900,2024-09-25,2,25,9,2.696139400420157,1.2211158286806343,2.9337695954265604,3.184857701892879,118.902001953125,117.8490005493164,114.8395004272461
123.9975357055664,124.04000091552734,127.66999816894531,121.80000305175781,126.80000305175781,302582900,2024-09-26,3,26,9,4.732340433619502,-2.1766577837572116,3.4713119833378747,3.2040038075492134,120.13600158691406,118.3390007019043,114.76100044250488
121.35844421386719,121.4000015258789,124.02999877929688,119.26000213623047,123.97000122070312,271009200,2024-09-27,4,27,9,3.929156987736597,-2.0730819307235966,3.700246250379402,3.398766639774822,121.21600189208985,118.56900100708008,114.9515007019043
121.39842987060547,121.44000244140625,121.5,118.1500015258789,118.30999755859375,226553700,2024-09-30,0,30,9,2.7585625879227393,2.645596270308725,3.885539154291125,3.3475121146353666,122.252001953125,119.03500137329101,115.05500068664551
116.9599380493164,117.0,122.44000244140625,115.79000091552734,121.7699966430664,302094500,2024-10-01,1,1,10,5.683761987930689,-3.9172183415987725,3.959992279525937,3.5724328807370034,121.47800140380859,119.17600173950196,115.5050006866455
118.809326171875,118.8499984741211,119.37999725341797,115.13999938964844,116.44000244140625,221845900,2024-10-02,2,2,10,3.567520335048861,2.0697320355412883,4.134268466451678,3.534019030939119,120.54600067138672,119.72400131225587,116.13700065612792
122.80794525146484,122.8499984741211,124.36000061035156,120.33999633789062,120.91999816894531,277118000,2024-10-03,3,3,10,3.272286790713937,1.5960968693360797,3.842257737870564,3.65678486060422,120.30800018310546,120.22200088500976,116.91900062561035
124.87723541259766,124.91999816894531,125.04000091552734,121.83000183105469,124.94000244140625,243678100,2024-10-04,4,4,10,2.5696438773008654,-0.01601110298546617,3.5703551157834186,3.63530068308141,121.01199951171876,121.1140007019043,118.02350044250488
127.67628479003906,127.72000122070312,130.63999938964844,124.94999694824219,124.98999786376953,346250200,2024-10-07,0,7,10,4.455059808192292,2.184177457070692,3.909654559837329,3.8975968570642268,122.26799926757812,122.26000061035157,119.08600044250488
132.84449768066406,132.88999938964844,133.47999572753906,129.4199981689453,130.25999450683594,285722500,2024-10-08,1,8,10,3.055156578554403,2.0190426790433187,3.3839334779620716,3.6719628787440044,125.44599914550781,123.46200027465821,120.32550048828125
132.60459899902344,132.64999389648438,134.52000427246094,131.3800048828125,134.11000061035156,246191600,2024-10-09,2,9,10,2.3671311979846665,-1.0886635651498862,3.143855650549233,3.6390620585004556,128.20599822998048,124.3759994506836,121.1125
134.76385498046875,134.80999755859375,135.0,131.0,131.91000366210938,242311300,2024-10-10,3,10,10,2.9671389900155156,2.198463964804958,3.0828260904095486,3.4625419141400564,130.597998046875,125.45299911499023,121.89599990844727
134.7538604736328,134.8000030517578,135.77999877929688,133.66000366210938,134.00999450683594,170209500,2024-10-11,4,11,10,1.5726966388669197,0.5895146461494528,2.883436642722759,3.226895879253089,132.5739990234375,126.79299926757812,122.68100013732911
138.0227508544922,138.07000732421875,139.60000610351562,136.3000030517578,136.47000122070312,232347700,2024-10-14,0,14,10,2.3900940658376872,1.1724233085687823,2.470443494251838,3.1900490270445836,134.6440002441406,128.45599975585938,123.7455005645752
131.55496215820312,131.60000610351562,138.57000732421875,128.74000549316406,137.8699951171875,377831000,2024-10-15,1,15,10,7.469605908165748,-4.547754577304855,3.3533333601741075,3.3686334190680896,134.38600158691406,129.91600036621094,124.54600105285644
135.67355346679688,135.72000122070312,136.6199951171875,131.5800018310547,133.97999572753906,264879700,2024-10-16,2,16,10,3.7135228712066928,1.2987054401035565,3.622611694818513,3.3832336726838728,135.0000030517578,131.60300064086914,125.6635009765625
136.88311767578125,136.92999267578125,140.88999938964844,136.8699951171875,139.33999633789062,306435900,2024-10-17,3,17,10,2.935809893731159,-1.7295849902746296,3.6163458755616418,3.3495859829855954,135.42400207519532,133.01100006103516,126.61650047302246
137.9527587890625,138.0,138.89999389648438,137.27999877929688,138.6699981689453,176090200,2024-10-18,4,18,10,1.1739095052083335,-0.4831601484042973,3.5365884488299244,3.2100125457763418,136.06400146484376,134.31900024414062,127.71650047302246
143.6608123779297,143.7100067138672,143.7100067138672,138.0,138.1300048828125,264554500,2024-10-21,0,21,10,3.9732840074498474,4.039673954828772,3.853226437152357,3.161834965702097,137.19200134277344,135.91800079345703,129.0890007019043
143.5408477783203,143.58999633789062,144.4199981689453,141.77999877929688,142.91000366210938,226311600,2024-10-22,1,22,10,1.8385677672392229,0.47581880789045194,2.727018808967051,3.040176084570579,139.58999938964843,136.98800048828124,130.22500038146973
139.51222229003906,139.55999755859375,142.42999267578125,137.4600067138672,142.02999877929688,285930000,2024-10-23,2,23,10,3.561182322196181,-1.7390700851453975,2.696550699164949,3.1595811969917307,140.35799865722657,137.6790008544922,131.0275001525879
140.3619384765625,140.41000366210938,141.35000610351562,138.4600067138672,140.82000732421875,172354900,2024-10-24,3,24,10,2.058257470459937,-0.29115441044211693,2.5210402145107045,3.0686930450361727,141.0540008544922,138.23900146484374,131.846000289917
141.49154663085938,141.5399932861328,144.1300048828125,140.8000030517578,140.92999267578125,205122100,2024-10-25,4,25,10,2.3526932238316984,0.43283945366754484,2.7567969582353773,3.1466927035326506,141.76199951171876,138.91300048828126,132.85299987792968
140.47189331054688,140.52000427246094,143.13999938964844,140.0500030517578,143.0,173586700,2024-10-28,0,28,10,2.1989725618704674,-1.734262746530813,2.4019346691195014,3.1275805531359286,141.1239990234375,139.15800018310546,133.80699996948243
141.20164489746094,141.25,142.25999450683594,138.89999389648438,140.2899932861328,157593600,2024-10-29,1,29,10,2.3787614940542037,0.6843016321977976,2.5099734144824977,2.6184961117247747,140.65599975585937,140.1229995727539,135.0194999694824
139.29229736328125,139.33999633789062,140.3300018310547,136.80999755859375,139.5399932861328,179418100,2024-10-30,2,30,10,2.5261980515093105,-0.14332589785358887,2.3029765603451233,2.4997636297550363,140.61199951171875,140.48499908447266,136.0439998626709
132.7145538330078,132.75999450683594,137.61000061035156,132.11000061035156,137.60000610351562,270039600,2024-10-31,3,31,10,4.142814272048497,-3.517450132261315,2.7198879206628357,2.62046406758677,139.08199768066407,140.06799926757813,136.53949966430665
135.35365295410156,135.39999389648438,137.30999755859375,134.57000732421875,134.6999969482422,207127800,2024-11-01,4,1,11,2.0236265567853495,0.5196710943587904,2.654074587253566,2.7054357727444716,137.85399780273437,139.80799865722656,137.0634994506836
136.00343322753906,136.0500030517578,138.9600067138672,135.57000732421875,137.2100067138672,187528200,2024-11-04,0,4,11,2.4917304767415347,-0.8454220576844698,2.712626170227779,2.5572804196736403,136.95999755859376,139.04199829101563,137.47999954223633
139.8621063232422,139.91000366210938,140.3699951171875,137.3300018310547,137.4499969482422,160537400,2024-11-05,1,5,11,2.1728205321719303,1.7897466485892477,2.671437977851325,2.590705696166911,136.69199829101564,138.6739990234375,137.83099975585938
145.56016540527344,145.61000061035156,146.49000549316406,141.9600067138672,142.9600067138672,242043900,2024-11-06,2,6,11,3.111049213864802,1.8536610044991866,2.7884082103224226,2.545692385333773,137.9459991455078,139.27899932861328,138.47900009155273
148.8290557861328,148.8800048828125,148.92999267578125,146.1699981689453,146.38999938964844,207323300,2024-11-07,3,7,11,1.8538382699600287,1.7009396157837107,2.330613009904729,2.525250465283782,141.1700012207031,140.1259994506836,139.18250045776367
147.57943725585938,147.6300048828125,149.77000427246094,146.25999450683594,148.77000427246094,175665800,2024-11-08,4,8,11,2.377572071755479,-0.7662830926324472,2.401402112898755,2.5277383500761603,143.61600341796876,140.73500061035156,139.8240005493164
145.21026611328125,145.25999450683594,148.85000610351562,143.57000732421875,148.67999267578125,182325600,2024-11-11,0,11,11,3.6348609245255057,-2.300241012523538,2.6300282024555495,2.6713271863416646,145.45800170898437,141.20899963378906,140.18349990844726
148.2392120361328,148.2899932861328,149.64999389648438,146.00999450683594,146.77999877929688,198634700,2024-11-12,1,12,11,2.4546493724798277,1.0287467770771779,2.6863939705171287,2.6789159741842266,147.13399963378907,141.91299896240236,141.01799926757812
146.21994018554688,146.27000427246094,149.3300018310547,145.89999389648438,149.07000732421875,191903300,2024-11-13,2,13,11,2.3449838205932827,-1.8783141572321558,2.5331808918628247,2.660794551092624,147.26600036621093,142.6059997558594,141.545499420166
146.7097625732422,146.75999450683594,149.0,145.5500030517578,147.63999938964844,194463300,2024-11-14,3,14,11,2.3507747869815367,-0.5960477421095142,2.6325681952671265,2.4815906025859276,146.8419982910156,144.00599975585936,142.03699951171876
141.93138122558594,141.97999572753906,145.24000549316406,140.0800018310547,144.8699951171875,250132900,2024-11-15,4,15,11,3.6343173808875653,-1.9948916180404879,2.8839172570935436,2.6426596849961492,145.71199645996094,144.66399993896485,142.2359992980957
140.1020050048828,140.14999389648438,141.5500030517578,137.14999389648438,139.5,221205300,2024-11-18,0,18,11,3.139500069135437,0.4659454455085125,2.7848450860155296,2.7074366442355395,144.68999633789062,145.0739990234375,142.05799865722656
146.9596710205078,147.00999450683594,147.1300048828125,140.99000549316406,141.32000732421875,227834900,2024-11-19,1,19,11,4.1765863676451795,4.026313959610207,3.1292324850486004,2.9078132277828646,144.43399658203126,145.78399810791015,142.22899856567383
145.84005737304688,145.88999938964844,147.55999755859375,142.72999572753906,147.41000366210938,309871700,2024-11-20,2,20,11,3.310714820249289,-1.0311405160433105,3.322378684979802,2.9277797884213133,144.35799560546874,145.81199798583984,142.54549865722657
146.6197967529297,146.6699981689453,152.88999938964844,140.6999969482422,149.35000610351562,400946600,2024-11-21,3,21,11,8.311176514344062,-1.7944478239343216,4.514459030452306,3.573513612859716,144.33999633789062,145.59099731445312,142.85849838256837
141.90139770507812,141.9499969482422,147.16000366210938,141.10000610351562,145.92999267578125,236406200,2024-11-22,4,22,11,4.269107213016247,-2.7273322327793057,4.641416996878043,3.762667126985793,144.33399658203126,145.0229965209961,142.87899856567384
135.9734344482422,136.02000427246094,142.0500030517578,135.82000732421875,141.99000549316406,344941900,2024-11-25,0,25,11,4.580205507904405,-4.20452214222257,4.929558084631837,3.8572015853236836,143.50799865722655,144.0989974975586,142.65399856567382
136.87313842773438,136.9199981689453,139.3000030517578,135.6699981689453,137.6999969482422,190287700,2024-11-26,1,26,11,2.6511867742894974,-0.5664479278021016,4.6244781659607,3.87685532550465,141.48999938964843,142.96199798583984,142.4374984741211
135.2936553955078,135.33999633789062,137.22000122070312,131.8000030517578,135.00999450683594,226370900,2024-11-27,2,27,11,4.004727586524913,0.244427704971115,4.7632807192158255,4.042829702097813,139.37999877929687,141.8689971923828,142.23749847412108
138.2026824951172,138.25,139.35000610351562,136.0500030517578,136.77999877929688,141863200,2024-11-29,4,29,11,2.3869823159188517,1.0747194281490413,3.578441879530783,4.046450454991545,137.6959991455078,141.01799774169922,142.5119987487793
138.58255004882812,138.6300048828125,140.4499969482422,137.82000732421875,138.8300018310547,171682800,2024-12-02,0,2,12,1.897128710517348,-0.14405888180104487,3.104046179031003,3.872731587954523,137.03200073242186,140.68299865722656,142.6734992980957
140.2119903564453,140.25999450683594,140.5399932861328,137.9499969482422,138.25999450683594,164414000,2024-12-03,1,3,12,1.846568115874548,1.4465500357741694,2.5573187006250317,3.743438392628434,137.87999877929687,140.69399871826172,142.8839988708496
145.09033203125,145.13999938964844,145.7899932861328,140.2899932861328,142.0,231224300,2024-12-04,2,4,12,3.7894446900433616,2.211267175808759,2.784970283775805,3.704724224868252,139.5239990234375,140.50699920654296,143.14549865722657
145.0203399658203,145.05999755859375,146.5399932861328,143.9499969482422,145.11000061035156,172621200,2024-12-05,3,5,12,1.7854655876748196,-0.034458722036726036,2.341117884005786,3.5521993016108055,141.46799926757814,140.4239990234375,143.11799850463868
142.40106201171875,142.44000244140625,145.6999969482422,141.30999755859375,144.60000610351562,188505600,2024-12-06,4,6,12,3.0819989570375754,-1.4937784031371901,2.4801212122295313,3.0292815458801567,142.30599975585938,140.0009994506836,142.79599838256837
138.77203369140625,138.80999755859375,139.9499969482422,137.1300048828125,138.97000122070312,189308600,2024-12-09,0,9,12,2.031548242221766,-0.11513539663518285,2.5070051185704143,2.8055256488007085,142.3419982910156,139.68699951171874,142.35499801635743
135.03306579589844,135.07000732421875,141.82000732421875,133.7899932861328,139.00999450683594,210020900,2024-12-10,1,10,12,5.945075592400678,-2.834319357104525,3.3267066138756407,2.9420126572503356,141.3040008544922,139.59199981689454,141.84549865722656
139.2718963623047,139.30999755859375,140.1699981689453,135.2100067138672,137.36000061035156,184905200,2024-12-11,2,11,12,3.5603987811369775,1.4196250288129615,3.2808974320943634,3.0329338579350837,140.13800048828125,139.83099975585938,141.3964988708496
137.30242919921875,137.33999633789062,138.44000244140625,135.8000030517578,137.0800018310547,159211400,2024-12-12,3,12,12,1.922236391468499,0.18966625573609908,3.3082515928530993,2.8246847384294425,138.59400024414063,140.03099975585937,140.9499984741211
134.21328735351562,134.25,139.60000610351562,132.5399932861328,138.94000244140625,231514900,2024-12-13,4,13,12,5.25885498501513,-3.375559492583222,3.74362279844861,3.1118720053390705,136.95599975585938,139.63099975585936,140.3244987487793
131.96388244628906,132.0,134.39999389648438,130.4199981689453,134.17999267578125,237951100,2024-12-16,0,16,12,3.0151482784386836,-1.6246778914713167,3.9403428056919942,3.223673962131204,135.59400024414063,138.96799926757814,139.82549896240235
130.35433959960938,130.38999938964844,131.58999633789062,126.86000061035156,129.08999633789062,259410300,2024-12-17,1,17,12,3.627575542357563,1.0070517380410169,3.476842795683371,3.4017747047795055,134.65799865722656,137.9809997558594,139.33749923706054
128.874755859375,128.91000366210938,136.6999969482422,128.27999877929688,133.86000061035156,277444500,2024-12-18,2,18,12,6.5316871691473,-3.6978910247064483,4.071100473285435,3.6759989526898993,132.5779998779297,136.35800018310547,138.43249969482423
130.6442413330078,130.67999267578125,134.02999877929688,129.5500030517578,131.75999450683594,209719200,2024-12-19,3,19,12,3.4282185327741717,-0.8196735550096392,4.37229690154657,3.8402742471998343,131.24599914550782,134.9199996948242,137.67199935913087
134.6631622314453,134.6999969482422,135.27999877929688,128.22000122070312,129.80999755859375,306528600,2024-12-20,4,20,12,5.241275217924852,3.767043742097896,4.3687809481285145,4.056201873288562,131.33599853515625,134.1459991455078,137.0734992980957
139.63180541992188,139.6699981689453,139.7899932861328,135.1199951171875,136.27999877929688,176053500,2024-12-23,0,23,12,3.3435943510906805,2.4875252568342647,4.434470162658914,4.187406484175454,132.8699981689453,134.23199920654298,136.95949935913086
140.18165588378906,140.22000122070312,141.89999389648438,138.64999389648438,140.0,105157000,2024-12-24,1,24,12,2.31778631558031,0.1571437290736607,4.172512317303463,3.824677556493417,134.83599853515625,134.74699859619142,137.16949920654298
139.89173889160156,139.92999267578125,140.85000610351562,137.72999572753906,139.6999969482422,116205600,2024-12-26,3,26,12,2.229693803533348,0.16463545638034208,3.3121136441806724,3.691607058733054,137.0399963378906,134.80899810791016,137.31999893188475
136.9725341796875,137.00999450683594,139.02000427246094,134.7100067138672,138.5500030517578,170582600,2024-12-27,4,27,12,3.1457541284542625,-1.111518232407817,3.255620763316691,3.81395883243163,138.30599670410157,134.7759979248047,137.40349884033202
137.452392578125,137.49000549316406,140.27000427246094,134.02000427246094,134.8300018310547,167734700,2024-12-30,0,30,12,4.545784966392155,1.972857395227529,3.116522713010151,3.742651830569333,138.86399841308594,135.0999984741211,137.36549911499023
134.25328063964844,134.2899932861328,138.07000732421875,133.8300018310547,138.02999877929688,155659200,2024-12-31,1,31,12,3.157350290523768,-2.709559897297504,3.0792739008967693,3.756872031777841,137.78799743652343,135.32899780273436,137.14849853515625
138.2721710205078,138.30999755859375,138.8800048828125,134.6300048828125,136.0,198247200,2025-01-02,3,2,1,3.072807515739798,1.6985276166130516,3.2302781409286667,3.701395229116064,137.40599670410157,136.1209976196289,137.05099868774414
144.4304962158203,144.47000122070312,144.89999389648438,139.72999572753906,140.00999450683594,229322500,2025-01-03,4,3,1,3.5785963350600642,3.1854916712031076,3.5000586472340105,3.4060861457073415,138.31399841308593,137.67699737548827,137.0174987792969
149.38912963867188,149.42999267578125,152.16000366210938,147.82000732421875,148.58999633789062,265377400,2025-01-06,0,6,1,2.904367630738716,0.5653115005000003,3.4517813476909005,3.3537010555037954,140.797998046875,139.55199737548827,137.23599853515626
140.10166931152344,140.13999938964844,153.1300048828125,140.00999450683594,153.02999877929688,351782200,2025-01-07,1,7,1,9.3620739497061,-8.423184664752347,4.415039144353689,3.76578092868192,141.32799682617187,140.09599761962892,137.12099838256836
140.0717010498047,140.11000061035156,143.9499969482422,137.55999755859375,142.5800018310547,227349900,2025-01-08,2,8,1,4.560701849840926,-1.732361613818654,4.695709456217122,3.8874916785569447,142.49199829101562,140.13999786376954,137.18599853515624
135.8728485107422,135.91000366210938,139.9199981689453,134.22000122070312,137.4499969482422,207602500,2025-01-10,4,10,1,4.1939495214886096,-1.1204025611675412,4.919937857366883,4.075107999147774,142.01199951171876,139.70899810791016,137.22799835205078
133.19357299804688,133.22999572753906,133.49000549316406,129.50999450683594,129.99000549316406,204808900,2025-01-13,0,13,1,2.98732351119144,2.492491805106805,4.801683292593159,4.150870969913584,139.76399841308594,139.03899841308595,136.92399826049805
131.72396850585938,131.75999450683594,136.3800048828125,130.0500030517578,136.0500030517578,195590500,2025-01-14,1,14,1,4.804191025316319,-3.1532586906961093,5.18164797150868,4.316714659599789,136.22999877929686,138.51399841308594,136.6449981689453
136.2027587890625,136.24000549316406,136.4499969482422,131.2899932861328,133.64999389648438,185217300,2025-01-15,2,15,1,3.787436475381148,1.9379062588552927,4.066720476643689,4.240879810498688,135.45,138.38899841308594,136.7444984436035
133.53347778320312,133.57000732421875,138.75,133.49000549316406,138.63999938964844,209235600,2025-01-16,3,16,1,3.938005703681804,-3.6569475531952715,3.9421812474118645,4.3189453518144925,134.14200134277343,138.31699981689454,136.82299880981446
137.67234802246094,137.7100067138672,138.5,135.4600067138672,136.69000244140625,201188800,2025-01-17,4,17,1,2.2075325959785097,0.746217173343145,3.5448978623098446,4.232417859838364,134.502001953125,138.2570007324219,137.1889991760254
140.79148864746094,140.8300018310547,141.8300018310547,137.08999633789062,139.16000366210938,197749000,2025-01-21,1,21,1,3.3657639931371746,1.2000561404124346,3.6205859586989915,4.211134625646074,136.02200317382812,137.89300079345702,137.78499908447264
147.02980041503906,147.07000732421875,147.7899932861328,143.6699981689453,144.66000366210938,237651400,2025-01-22,2,22,1,2.801383635009203,1.665977879924957,3.220024480637568,4.200836226073124,139.0840057373047,137.6570022583008,138.60449981689453
147.17974853515625,147.22000122070312,147.22999572753906,143.72000122070312,145.0500030517578,155915500,2025-01-23,3,23,1,2.384183180092473,1.4960345558703627,2.9393738215798333,3.5030471491117607,141.2800048828125,138.36500244140626,139.2305000305176
142.58099365234375,142.6199951171875,148.97000122070312,141.8800048828125,148.3699951171875,234657600,2025-01-24,4,24,1,4.971249881242066,-3.8754466463778345,3.1460226570918857,3.544101952251875,143.09000244140626,138.61600189208986,139.37799987792968
118.38761901855469,118.41999816894531,128.39999389648438,116.69999694824219,124.80000305175781,818830900,2025-01-27,0,27,1,9.880085398709639,-5.112183274680326,4.680533217638112,4.112715539973978,139.23200073242188,136.86700134277345,138.2879997253418
128.95472717285156,128.99000549316406,129.0,116.25,121.80999755859375,579666400,2025-01-28,1,28,1,9.884486748607586,5.894432377044046,5.984277768732193,4.802431863715592,136.86400146484374,136.44300231933593,137.74100036621093
123.66616821289062,123.69999694824219,126.88999938964844,120.05000305175781,126.5,467120600,2025-01-29,2,29,1,5.52950404740315,-2.2134411476346343,6.529901851210982,4.874963165924275,132.18999938964845,135.63700256347656,137.07550048828125
124.61592102050781,124.6500015258789,125.0,118.0999984741211,123.0999984741211,392925500,2025-01-30,3,30,1,5.535500554684212,1.25914140615011,7.160165326129331,5.049769573854582,127.67599945068359,134.47800216674804,136.433500289917
120.03717041015625,120.06999969482422,127.8499984741211,119.19000244140625,123.77999877929688,388161100,2025-01-31,4,31,1,7.212456112872085,-2.997252481063347,7.608406572455335,5.37721461477361,123.16600036621094,133.12800140380858,135.72250061035157
116.62810516357422,116.66000366210938,118.56999969482422,113.01000213623047,114.75,371235700,2025-02-03,0,3,2,4.76598438544333,1.664491208809913,6.585586369802073,5.633059793720092,122.81400146484376,131.02300109863282,134.64000091552734
118.6175537109375,118.6500015258789,121.19999694824219,116.69999694824219,116.95999908447266,256550000,2025-02-04,1,4,2,3.79266746070669,1.4449405391886763,5.367222512221894,5.675750140477044,120.74600067138672,128.80500106811525,133.34900093078613
124.79586029052734,124.83000183105469,125.0,120.76000213623047,121.76000213623047,262230800,2025-02-05,2,5,2,3.3966176412525875,2.5213531873869117,4.940645230991782,5.735273541101383,120.97200164794921,126.58100051879883,132.1190013885498
128.64480590820312,128.67999267578125,128.77000427246094,125.20999908447266,127.41999816894531,251483600,2025-02-06,3,6,2,2.766556878005097,0.9888514557701683,4.386856495655959,5.773510910892645,121.77799987792969,124.72699966430665,131.54600105285644
129.80447387695312,129.83999633789062,130.3699951171875,125.0,129.22000122070312,228186300,2025-02-07,4,7,2,4.135855875421338,0.47979810503837605,3.7715364481658087,5.6899715103105715,123.73199920654297,123.44899978637696,131.0325008392334
133.53347778320312,133.57000732421875,135.0,129.9600067138672,130.08999633789062,216989100,2025-02-10,0,10,2,3.7732971548763006,2.6750796250999054,3.572999002052403,5.079292685927237,127.11399993896484,124.9640007019043,130.91550102233887
132.76370239257812,132.8000030517578,134.47999572753906,131.02000427246094,132.5800018310547,178902400,2025-02-11,1,11,2,2.605415192445153,0.16593846557904732,3.3355485484000953,4.351385530310994,129.94400024414062,125.34500045776367,130.8940013885498
131.10414123535156,131.13999938964844,132.24000549316406,129.0800018310547,130.02000427246094,160278600,2025-02-12,2,12,2,2.4096413579507847,0.8614021538105133,3.138153291739735,4.039399261365757,131.20599975585938,126.0890007019043,130.86300163269044
135.25299072265625,135.2899932861328,136.5,131.1699981689453,131.55999755859375,197430000,2025-02-13,3,13,2,3.939686669790833,2.8352050750668414,3.3727792500968823,3.87981787287642,132.5279998779297,127.15299987792969,130.81550102233888
138.81202697753906,138.85000610351562,139.25,135.5,136.47999572753906,195479600,2025-02-14,4,14,2,2.7007560930204755,1.736525828083932,3.08575929361671,3.428647870891259,134.3300018310547,129.03100051879883,131.07950096130372
139.36187744140625,139.39999389648438,143.44000244140625,137.92999267578125,141.27000427246094,219176600,2025-02-18,1,18,2,3.9526614109586133,-1.3237136826087723,3.121632144833172,3.347315573442787,135.49599914550782,131.30499954223632,131.16400032043458
139.1919403076172,139.22999572753906,141.36000061035156,137.22000122070312,139.50999450683594,167536000,2025-02-19,2,19,2,2.9734967440134485,-0.20070159151440234,3.195248455146831,3.2653985017734635,136.78199768066406,133.36299896240234,131.0840000152588
140.0717010498047,140.11000061035156,140.66000366210938,136.7899932861328,140.02999877929688,143903600,2025-02-20,3,20,2,2.7621228742544446,0.05713192298228856,3.265744758407563,3.201949025073649,138.57599792480468,134.89099884033203,130.73599967956542
134.3932342529297,134.42999267578125,141.4600067138672,134.02999877929688,140.0399932861328,228217600,2025-02-21,4,21,2,5.527046298730398,-4.005998914102406,3.583216684195476,3.477997967146179,138.40399780273438,135.46599884033202,130.09649925231935
130.244384765625,130.27999877929688,138.58999633789062,130.0800018310547,136.55999755859375,251381100,2025-02-24,0,24,2,6.5320805853340875,-4.598710377541065,4.349481582658198,3.717620438137454,136.68999633789062,135.50999908447267,129.4794994354248
126.59537506103516,126.62999725341797,130.1999969482422,124.44000244140625,129.97999572753906,271428700,2025-02-25,1,25,2,4.548680906395949,-2.5773184984120787,4.468685481745666,3.7951588132894187,134.13599700927733,134.81599807739258,129.88999938964844
131.24411010742188,131.27999877929688,133.72999572753906,128.49000549316406,129.99000549316406,322553800,2025-02-26,2,26,2,3.9914612150357187,0.9923788226939116,4.672278375950119,3.933763415548475,132.5459976196289,134.66399765014648,130.00449905395507
120.11714935302734,120.1500015258789,135.00999450683594,120.01000213623047,135.0,443175800,2025-02-27,3,27,2,12.484387998425989,-10.999998869719327,6.6167314007844285,4.941238079595996,128.5539978027344,133.56499786376952,129.8269992828369
124.8858413696289,124.91999816894531,125.08999633789062,116.4000015258789,118.0199966430664,389091100,2025-02-28,4,28,2,6.9564480782805695,5.846468159753398,6.902611756694464,5.242914220444969,126.6519989013672,132.5279983520508,129.84049911499022
114.02880859375,114.05999755859375,123.69999694824219,112.27999877929688,123.51000213623047,411381400,2025-03-03,0,3,3,10.012272850592291,-7.651205905747978,7.598650209746104,5.974065896202151,123.40799865722656,130.0489974975586,129.5399990081787
115.95829010009766,115.98999786376953,119.30999755859375,110.11000061035156,110.6500015258789,398163300,2025-03-04,1,4,3,7.93171576660222,4.826024640082542,8.275257181787357,6.371971331766511,121.27999877929688,127.7079978942871,129.50649871826172
117.26792907714844,117.30000305175781,118.27999877929688,114.51000213623047,117.58000183105469,284337900,2025-03-05,2,5,3,3.2139782992187316,-0.238134695472443,8.11976059862396,6.39601948728704,118.48399963378907,125.51499862670899,129.43899879455566
110.53976440429688,110.56999969482422,115.3499984741211,110.22000122070312,113.52999877929688,321181900,2025-03-06,3,6,3,4.639592355590921,-2.607239598607691,6.550801470056946,6.583766435420688,116.56799926757813,122.56099853515624,128.72599868774415
112.65919494628906,112.69000244140625,113.4800033569336,107.55999755859375,111.25,341755500,2025-03-07,4,7,3,5.2533549295271165,1.294384216994382,6.210182840306257,6.556397298500359,114.12200012207032,120.38699951171876,127.92649917602539
106.95075225830078,106.9800033569336,111.8499984741211,105.45999908447266,109.9000015258789,366487400,2025-03-10,0,10,3,5.973078322243564,-2.656959170521686,5.4023439346365105,6.5004970721913065,112.70600128173828,118.05699996948242,126.78349952697754
108.73025512695312,108.76000213623047,112.23999786376953,104.7699966430664,106.98999786376953,354865700,2025-03-11,1,11,3,6.86833493378049,1.6543642469408082,5.189667768072165,6.732462474929761,111.26000213623047,116.27000045776367,125.54299926757812
115.71900177001953,115.73999786376953,116.76000213623047,112.87999725341797,114.12000274658203,323857500,2025-03-12,2,12,3,3.3523457356370576,1.4195540467913457,5.217341255355831,6.668550926989896,110.94800109863282,114.71600036621093,124.68999900817872
115.55902862548828,115.58000183105469,117.76000213623047,113.79000091552734,117.02999877929688,299033100,2025-03-13,3,13,3,3.4348513218628822,-1.2389959526332135,4.976393048610222,5.763597259333585,111.9500015258789,114.25900039672851,123.91199913024903
121.64791870117188,121.66999816894531,121.87999725341797,118.1500015258789,118.61000061035156,277593500,2025-03-14,4,14,3,3.0656659683349083,2.5798815806824065,4.5388552563717806,5.374519048339018,113.74600067138672,113.93400039672852,123.23099937438965
119.50830841064453,119.52999877929688,122.88999938964844,118.02999877929688,122.73999786376953,255501500,2025-03-17,0,17,3,4.065925424566587,-2.6152836404930278,4.157424676836385,4.779884305736448,116.25599975585938,114.48100051879882,122.2649990081787
115.4090576171875,115.43000030517578,119.0199966430664,114.54000091552734,118.0,299686900,2025-03-18,1,18,3,3.881136373295308,-2.1779658430713718,3.559984964739349,4.374826366405757,117.58999938964844,114.42500076293945,121.06649932861328
117.49867248535156,117.5199966430664,120.44999694824219,115.68000030517578,117.2699966430664,273426200,2025-03-19,2,19,3,4.058880853744333,0.21318325842621336,3.701291988360804,4.459316621858317,117.94599914550781,114.4470001220703,119.98099937438965
118.50848388671875,118.52999877929688,120.19999694824219,116.47000122070312,116.55000305175781,248829700,2025-03-20,3,20,3,3.1468790736126837,1.698837988583991,3.6436975387107644,4.310045293660493,118.53599853515625,115.24300003051758,118.90199928283691
117.67863464355469,117.69999694824219,117.98999786376953,115.41999816894531,116.94000244140625,266498500,2025-03-21,4,21,3,2.183517214494372,0.6499012236781327,3.4672677879426574,4.0030615221572186,117.74199829101562,115.74399948120117,118.06549949645996
121.38796997070312,121.41000366210938,122.22000122070312,119.33999633789062,119.87999725341797,228452500,2025-03-24,0,24,3,2.37213145205704,1.27628165143938,3.1285089934407475,3.6429668351385667,118.11799926757813,117.18699951171875,117.62199974060059
120.66809844970703,120.69000244140625,121.29000091552734,118.91999816894531,120.55000305175781,167447200,2025-03-25,1,25,3,1.9637109111275748,0.11613387482730228,2.7450239010072015,3.1525044328732745,119.16999969482421,118.37999954223633,117.325
113.7393569946289,113.76000213623047,118.83999633789062,112.70999908447266,118.7300033569336,293463300,2025-03-26,2,26,3,5.38853475589526,-4.185969072839992,3.0109546814373864,3.3561233348990953,118.41800079345703,118.18199996948242,116.44900016784668
111.40977478027344,111.43000030517578,114.44999694824219,110.66000366210938,111.3499984741211,236902100,2025-03-27,3,27,3,3.4012324111577446,0.07184717750425544,3.0618253489463987,3.352761443828581,116.99800109863281,117.76699981689453,116.01300010681152
109.65009307861328,109.66999816894531,112.87000274658203,109.06999969482422,111.48999786376953,229872500,2025-03-28,4,28,3,3.4649431158957014,-1.6324331596526624,3.318110529226664,3.3926891585846604,115.39200134277344,116.56699981689454,115.25050010681153
108.3603286743164,108.37999725341797,110.95999908447266,103.6500015258789,105.12999725341797,299212700,2025-03-31,0,31,3,6.744784779336406,3.091410715217475,4.192641194682539,3.6605750940616426,112.78600006103515,115.45199966430664,114.96650009155273
110.13001251220703,110.1500015258789,110.19999694824219,106.47000122070312,108.5199966430664,222614000,2025-04-01,1,1,4,3.386287495114313,1.5020318220002864,4.477156511479885,3.611090206243543,110.6779998779297,114.92399978637695,114.6745002746582
110.39995574951172,110.41999816894531,111.9800033569336,106.79000091552734,107.29000091552734,220601200,2025-04-02,2,2,4,4.700237753550239,2.9173242862420237,4.339497111010881,3.6752258962241333,110.00999908447265,114.21399993896485,114.33050003051758
101.78153228759766,101.80000305175781,105.62999725341797,101.5999984741211,103.51000213623047,338769400,2025-04-03,3,3,4,3.9587413148189365,-1.6520133795593113,4.4509988917431205,3.7564121203447582,108.08399963378906,112.54100036621094,113.89200019836426
94.29288482666016,94.30999755859375,100.12999725341797,92.11000061035156,98.91000366210938,532273800,2025-04-04,4,4,4,8.503866875920203,-4.650698547368272,5.45878364374802,4.388447086487341,105.01199951171876,110.20200042724609,112.97299995422364
97.62227630615234,97.63999938964844,101.75,86.62000274658203,87.45999908447266,611041300,2025-04-07,0,7,4,15.495695768123916,11.63960714811293,7.208965841505522,5.700803518094029,102.86399993896484,107.825,112.50599975585938
96.28252410888672,96.30000305175781,105.8499984741211,94.45999908447266,103.80999755859375,476243400,2025-04-08,1,8,4,11.827621005917019,-7.234365363121266,8.897232543666064,6.6871945275729745,100.09400024414063,105.38600006103516,111.88299980163575
114.30925750732422,114.33000183105469,115.0999984741211,97.52999877929688,98.88999938964844,612918300,2025-04-09,2,9,4,15.36779446639683,15.613310280819428,11.030743886235381,7.685120498623131,100.8760009765625,105.44300003051758,111.8125
107.55047607421875,107.56999969482422,110.86000061035156,99.1500015258789,109.37000274658203,437812400,2025-04-10,3,10,4,10.885933919953416,-1.645792270782461,12.416182407262278,8.4335906495027,102.03000030517578,105.05699996948242,111.41199989318848
110.90986633300781,110.93000030517578,111.55000305175781,107.4800033569336,108.5,313417300,2025-04-11,4,11,4,3.6689801529138912,2.239631617673531,11.449205062661015,8.453994353204518,105.35400085449218,105.18300018310546,110.875
110.68990325927734,110.70999908447266,114.29000091552734,109.06999969482422,114.11000061035156,264705000,2025-04-14,0,14,4,4.71502236823272,-2.9795824272131965,9.293070382682776,8.25101811209415,107.96800079345704,105.41600036621094,110.43400001525879
112.17963409423828,112.19999694824219,113.62000274658203,110.5,110.97000122070312,228966900,2025-04-15,1,15,4,2.780751186670074,1.108403815453494,7.483696418833387,8.190464481249725,111.1479995727539,105.62099990844726,110.2724998474121
104.47103881835938,104.48999786376953,106.79000091552734,100.44999694824219,104.55000305175781,397016900,2025-04-16,2,16,4,6.067570195140625,-0.05739376971474166,5.623651564582145,8.327197725408762,109.17999877929688,105.02799987792969,109.62099990844726
101.47157287597656,101.48999786376953,104.47000122070312,100.05000305175781,104.44999694824219,292517500,2025-04-17,3,17,4,4.35510716521868,-2.8338910205420267,4.317486213635198,8.366834310448738,107.96399841308593,104.99699935913085,108.7689998626709
96.89241790771484,96.91000366210938,99.44000244140625,95.04000091552734,98.7699966430664,288501100,2025-04-21,0,21,4,4.5402965221424845,-1.883155861266906,4.4917494874809165,7.970477275070965,105.15999908447266,105.25699996948242,107.72950019836426
98.8720474243164,98.88999938964844,99.80999755859375,97.27999877929688,98.77999877929688,241004800,2025-04-22,1,22,4,2.558397001630186,0.11135919387621751,4.06042441416041,6.676747398421592,102.7959991455078,105.38199996948242,106.6034999847412
102.69136047363281,102.70999908447266,104.80000305175781,102.0199966430664,104.5199966430664,247526000,2025-04-23,2,23,4,2.7066560543974125,-1.7317237052492969,4.045605387705878,5.764650903269631,100.8979995727539,106.0229995727539,105.70449981689453
106.41067504882812,106.43000030517578,106.54000091552734,103.11000061035156,103.4800033569336,220815000,2025-04-24,3,24,4,3.2227758107118762,2.850789382047817,3.476646510820128,4.550149037701137,101.28600006103515,105.23299942016601,105.3379997253418
110.98986053466797,111.01000213623047,111.91999816894531,105.7300033569336,106.8499984741211,251064700,2025-04-25,4,25,4,5.576069446801211,3.893311859163874,3.720838967136635,4.019162590385916,103.19000091552735,105.57699966430664,105.31699981689454
108.71026611328125,108.7300033569336,110.37000274658203,106.0199966430664,109.69000244140625,207708500,2025-04-28,0,28,4,4.000741257438975,-0.8751928736490497,3.612927914195933,4.052338700838424,105.55400085449219,105.35699996948242,105.27000007629394
109.00021362304688,109.0199966430664,110.19999694824219,107.44000244140625,107.66999816894531,170444300,2025-04-29,1,29,4,2.5316406088987633,1.2538297548800987,3.607576635649648,3.8340005249050284,107.58000030517579,105.1879997253418,105.30200004577637
108.90023040771484,108.91999816894531,108.91999816894531,104.08000183105469,104.47000122070312,235044600,2025-04-30,2,30,4,4.4436250635841255,4.25959308533091,3.9549704374869905,4.000287912596434,108.8220001220703,104.85999984741211,105.2404998779297
111.5897445678711,111.61000061035156,114.94000244140625,111.30000305175781,113.08000183105469,236121500,2025-05-01,3,1,5,3.2613559445772786,-1.299965685267105,3.962686464260071,3.7196664875401,109.85800018310547,105.5720001220703,105.3
114.4792251586914,114.5,115.4000015258789,113.37000274658203,114.18000030517578,190194800,2025-05-02,4,2,5,1.7729246980758735,0.28025897177170805,3.2020575145150034,3.4614482408258183,110.55599975585938,106.87300033569336,105.93499984741212
113.79934692382812,113.81999969482422,114.66999816894531,112.66000366210938,112.91000366210938,133163200,2025-05-05,0,5,5,1.7659414094404875,0.8059481030910839,2.755097544915306,3.184012729555619,111.5739990234375,108.56399993896484,106.91049995422364
113.51940155029297,113.54000091552734,114.73999786376953,110.81999969482422,111.4800033569336,158525600,2025-05-06,1,6,5,3.45252610299145,1.8478628422696641,2.9392746437338433,3.2734256396917454,112.47799987792969,110.02900009155273,107.70550003051758
117.03875732421875,117.05999755859375,117.68000030517578,112.27999877929688,113.05000305175781,206758800,2025-05-07,2,7,5,4.61302036434433,3.547098096936837,2.973153703885884,3.464062070686437,114.10599975585937,111.46399993896485,108.74349975585938
117.34870910644531,117.37000274658203,118.68000030517578,115.8499984741211,118.25,198428100,2025-05-08,3,8,5,2.411179828601564,-0.7441837238206923,2.803118480690741,3.3829024724754055,115.25800018310547,112.55800018310546,108.89549980163574
116.62882995605469,116.6500015258789,118.2300033569336,115.20999908447266,117.3499984741211,132972200,2025-05-09,4,9,5,2.58894490609239,-0.5965035852953642,2.966322522294045,3.0841900184045237,115.68800048828125,113.12200012207032,109.34949989318848
122.9776840209961,123.0,123.0,120.27999877929688,121.97000122070312,225023300,2025-05-12,0,12,5,2.211383106262703,0.844468942353379,3.055410861658488,2.9052542032868964,117.52400054931641,114.54899978637695,109.95299987792968
129.9064178466797,129.92999267578125,131.22000122070312,124.47000122070312,124.9800033569336,330430100,2025-05-13,1,13,5,5.195105349419595,3.9606250487214787,3.403926710944117,3.1716006773389798,120.80199890136718,116.63999938964844,110.91399955749512
135.3154296875,135.33999633789062,135.44000244140625,131.67999267578125,133.1999969482422,281180800,2025-05-14,2,14,5,2.778195557385518,1.6066061851938194,3.0369617495523547,3.005057726719119,124.45799865722657,119.28199920654296,112.07099952697754
134.80552673339844,134.8300018310547,136.3000030517578,132.66000366210938,134.2899932861328,226632600,2025-05-15,3,15,5,2.699695424026951,0.40212120926335465,3.094664868637432,2.948891674664086,127.94999847412109,121.60399932861328,113.5879997253418
135.37542724609375,135.39999389648438,136.35000610351562,133.4600067138672,136.22000122070312,226542500,2025-05-16,4,16,5,2.1344161890124544,-0.6019727770301347,3.003759125221445,2.9850408237577444,131.6999969482422,123.69399871826172,115.28349952697754
135.54539489746094,135.57000732421875,135.8699951171875,132.38999938964844,132.38999938964844,193154600,2025-05-19,0,19,5,2.5669362982452113,2.4020001127207173,3.0748697636179463,3.0651403126382166,134.21399841308593,125.86899948120117,117.21649971008301
134.35562133789062,134.3800048828125,134.5800018310547,132.6199951171875,134.2899932861328,161514200,2025-05-20,1,20,5,1.4585553227032786,0.06702777658786463,2.3275597582746834,2.8657432346093996,135.1040008544922,127.95299987792968,118.99099998474121
131.7760772705078,131.8000030517578,137.39999389648438,130.58999633789062,133.05999755859375,270608700,2025-05-21,2,21,5,5.166917603119832,-0.9469371185589354,2.8053041674215455,2.9211329584869494,134.39600219726563,129.4270004272461,120.44550018310547
132.80589294433594,132.8300018310547,134.25,131.5500030517578,132.22999572753906,187344000,2025-05-22,3,22,5,2.032671016353888,0.45375945163905346,2.671899285886933,2.8832820772621823,133.99600219726562,130.97300033569337,121.76550025939942
131.26617431640625,131.2899932861328,132.67999267578125,129.16000366210938,130.0,198821300,2025-05-23,4,23,5,2.6810794376388056,0.992302527794471,2.7812319356122037,2.8924955304168236,133.17400207519532,132.43699951171874,122.77949981689453
135.47540283203125,135.5,135.66000366210938,133.30999755859375,134.14999389648438,192953600,2025-05-27,1,27,5,1.7343218476130073,1.0063407863867253,2.6147090454857627,2.8447894045518543,133.16000061035157,133.68699951171874,124.11799964904785
134.78553771972656,134.80999755859375,137.25,134.7899932861328,136.02999877929688,304021100,2025-05-28,2,28,5,1.8247954591038187,-0.8968618919732015,2.6879570727658706,2.5077584155202763,133.24599914550782,134.175,125.40749969482422
139.1647491455078,139.19000244140625,143.49000549316406,137.91000366210938,142.25,369241900,2025-05-29,3,29,5,4.008909931159501,-2.1511406387302285,2.4563555383738045,2.630829852897675,134.7239990234375,134.56000061035155,126.92099990844727
135.10548400878906,135.1300048828125,139.6199951171875,132.9199981689453,138.72000122070312,333170900,2025-05-30,4,30,5,4.958185973613012,-2.587944280781076,3.041458529825629,2.856678907856281,135.18399963378906,134.59000091552736,128.0970001220703
137.35507202148438,137.3800048828125,138.1199951171875,135.39999389648438,135.49000549316406,197663100,2025-06-02,0,2,6,1.9799105575977614,1.3949363886798236,2.9012247538174205,2.8412283447148114,136.402001953125,134.78800201416016,129.24100036621093
141.19436645507812,141.22000122070312,142.0,137.9499969482422,138.77999877929688,225578800,2025-06-03,1,3,6,2.8678678776020816,1.7581801865314963,3.127933959815235,2.871321502650498,137.54600219726564,135.3530014038086,130.6110004425049
141.8942413330078,141.9199981689453,142.38999938964844,139.5399932861328,142.19000244140625,167120800,2025-06-04,2,4,6,2.0081779455231548,-0.18988977271605367,3.1646104570991023,2.9262837649324864,138.96800231933594,136.10700073242188,132.03000030517578
139.964599609375,139.99000549316406,144.0,138.8300018310547,142.1699981689453,231397900,2025-06-05,3,5,6,3.6931194843033075,-1.5333704043455727,3.101452367727864,2.7789039530508335,139.1280029296875,136.9260009765625,133.1765007019043
141.69427490234375,141.72000122070312,143.27000427246094,141.50999450683594,142.50999450683594,153986200,2025-06-06,4,6,6,1.2418922879376106,-0.5543423735764147,2.3581936305927833,2.699826080209206,140.4460021972656,137.81500091552735,134.39400062561035
142.6041259765625,142.6300048828125,145.0,141.94000244140625,143.19000244140625,185114500,2025-06-09,0,9,6,2.145409418661874,-0.3910870515020087,2.391293402805606,2.646259078311513,141.49600219726562,138.94900207519532,135.69300079345703
143.9338836669922,143.9600067138672,144.2899932861328,141.52999877929688,142.69000244140625,155881900,2025-06-10,1,10,6,1.9171953168366147,0.8900443273749664,2.2011588906525126,2.6645464252338735,142.04400329589845,139.79500274658204,136.7410011291504
142.81399536132812,142.8300018310547,144.99000549316406,141.8699951171875,144.61000061035156,167694000,2025-06-11,2,11,6,2.184422275417347,-1.2308960457672926,2.236407756631351,2.7005091068652267,142.22600402832032,140.5970031738281,137.38600158691406
144.98374938964844,145.0,145.0,141.85000610351562,141.97000122070312,162365000,2025-06-12,3,12,6,2.1724095837823274,2.134252837390987,1.9322657765271551,2.5168590721275086,143.2280029296875,141.1780029296875,137.86900177001954
141.95408630371094,141.97000122070312,143.5800018310547,140.85000610351562,142.47999572753906,180820600,2025-06-13,4,13,6,1.9229384405618741,-0.357941130073577,2.0684750070520077,2.2133343188223953,143.2780029296875,141.86200256347655,138.22600173950195
144.6737823486328,144.69000244140625,146.17999267578125,143.1999969482422,143.35000610351562,183133700,2025-06-16,0,16,6,2.059572656891649,0.9347724316962982,2.0513076546979625,2.221300528751784,143.69000244140625,142.59300231933594,138.69050216674805
144.1038360595703,144.1199951171875,145.22000122070312,143.77999877929688,144.49000549316406,139108000,2025-06-17,1,17,6,0.999169088394257,-0.25608025601055706,1.8677024090094911,2.0344306498310014,143.7220001220703,142.88300170898438,139.11800155639648
145.46368408203125,145.47999572753906,145.64999389648438,143.1199951171875,144.00999450683594,161494100,2025-06-18,2,18,6,1.7390698746205362,1.0207633336402537,1.7786319288501289,2.0075198427407392,144.2519989013672,143.23900146484374,139.67300109863282
143.83387756347656,143.85000610351562,146.1999969482422,142.64999389648438,145.4499969482422,242956200,2025-06-20,4,20,6,2.4678504700258417,-1.100028104707292,1.837720106098832,1.884992941312993,144.02200012207032,143.6250015258789,140.2755012512207
144.15383911132812,144.1699981689453,144.77999877929688,142.02999877929688,142.5,154308900,2025-06-23,0,23,6,1.9074703717325558,1.1719285396107455,1.8346264923329685,1.9515507496924875,144.46199951171874,143.87000122070313,140.84250106811524
147.88340759277344,147.89999389648438,147.9600067138672,145.5,145.55999755859375,187566100,2025-06-24,1,24,6,1.663290612161183,1.6075820123236002,1.7553700833868753,1.9033388690424187,145.10399780273437,144.39700012207032,141.67300109863282
154.29270935058594,154.30999755859375,154.4499969482422,149.25999450683594,149.27000427246094,269146500,2025-06-25,2,25,6,3.3633611065514604,3.376427374473284,2.2282084870183154,2.047955448013903,147.14199829101562,145.43199920654297,142.6135009765625
155.00262451171875,155.02000427246094,156.72000122070312,154.0,155.97999572753906,198145700,2025-06-26,3,26,6,1.754613047179698,-0.6154580596059304,2.231317121530148,2.0049745251901383,149.05,146.6509994506836,143.62400131225587
157.73231506347656,157.75,158.7100067138672,155.25999450683594,156.0399932861328,263234500,2025-06-27,4,27,6,2.1870124925713155,1.0958772029242037,2.1751495260392426,2.0064348160690373,151.8299987792969,147.9259994506836,144.55200119018554
157.97230529785156,157.99000549316406,158.66000366210938,155.9600067138672,158.39999389648438,194580300,2025-06-30,0,30,6,1.708966931049959,-0.25883107267557287,2.1354488379027234,1.9850376651178454,154.59400024414063,149.5279998779297,145.69500122070312
153.2828369140625,153.3000030517578,157.1999969482422,151.49000549316406,156.2899932861328,213143600,2025-07-01,1,1,7,3.7247171176834826,-1.9131040775598356,2.5477341390071837,2.1515521111970286,155.67400207519532,150.38899993896484,146.4910011291504
157.2323760986328,157.25,157.60000610351562,152.97000122070312,152.97999572753906,171224100,2025-07-02,2,2,7,2.944359225953895,2.7912174086250565,2.4639337628876703,2.3460711249529926,156.26200256347656,151.7020004272461,147.29250106811523
159.3221435546875,159.33999633789062,160.97999572753906,157.77000427246094,158.3699951171875,143716100,2025-07-03,3,3,7,2.0145547438517153,0.6124905288942913,2.5159221022220737,2.3736196118761104,157.1260009765625,153.08800048828124,148.1635009765625
158.22227478027344,158.24000549316406,159.30999755859375,157.33999633789062,158.1999969482422,140139000,2025-07-07,0,7,7,1.2449451164789227,0.025289851892326187,2.327508627003595,2.2513290765214187,157.2240020751953,154.5270004272461,149.0760009765625
159.98207092285156,160.0,160.22000122070312,158.38999938964844,159.3300018310547,138133000,2025-07-08,1,8,7,1.1437511444091797,0.4205097352950162,2.2144654696754396,2.174957153789081,157.6260009765625,156.11000061035156,149.99000091552733
162.86175537109375,162.8800048828125,164.4199981689453,161.16000366210938,161.22000122070312,183656400,2025-07-09,2,9,7,2.0014700448845213,1.0296511906341588,1.8698160551156469,2.208775097061415,159.54200134277343,157.60800170898438,151.00250091552735
164.0816192626953,164.10000610351562,164.5,161.61000061035156,164.32000732421875,167704100,2025-07-10,3,10,7,1.761120830078094,-0.13388583915350125,1.6331683759404867,2.0485510694140783,160.91200256347656,158.58700256347657,152.00950088500977
164.90151977539062,164.9199981689453,167.88999938964844,163.47000122070312,163.72000122070312,193633300,2025-07-11,4,11,7,2.6800862345495737,0.7329568405173226,1.7662746740800586,2.141098388151066,162.0280029296875,159.577001953125,153.1140007019043
164.05162048339844,164.07000732421875,165.49000549316406,162.02000427246094,165.3699951171875,136975800,2025-07-14,0,14,7,2.11495158517672,-0.786108623905763,1.9402759678196184,2.1338922974116064,163.19400329589843,160.20900268554686,154.06750106811523
170.6808624267578,170.6999969482422,172.39999389648438,169.1999969482422,171.19000244140625,230627400,2025-07-15,1,15,7,1.8746321062984295,-0.28623487713996515,2.086452160197468,2.1504588149364534,165.33400268554686,161.4800018310547,155.50400085449218
171.35079956054688,171.3699951171875,171.75,168.89999389648438,171.05999755859375,158831500,2025-07-16,2,16,7,1.6630718239600304,0.18122153806740557,2.0187725160125702,1.944294285564108,167.03200073242186,163.28700103759766,156.83800048828124
172.98062133789062,173.0,174.16000366210938,170.8300018310547,172.02000427246094,160841100,2025-07-17,3,17,7,1.924856549742594,0.5696986996854483,2.0515196599454697,1.8423440179429782,168.81199951171874,164.86200103759765,158.28200073242186
172.39068603515625,172.41000366210938,174.25,171.25999450683594,173.63999938964844,146456400,2025-07-18,4,18,7,1.7342413025081198,-0.7083596705036552,1.862350673537179,1.8143126738086184,170.31000061035155,166.16900177001952,159.62850112915038
171.36080932617188,171.3800048828125,173.3800048828125,171.0,172.75,123126100,2025-07-21,0,21,7,1.3887296154763897,-0.7930507190665702,1.7171062795971133,1.828691123708365,171.77200012207032,167.48300170898438,161.00500106811523
167.01129150390625,167.02999877929688,171.38999938964844,164.5800018310547,171.33999633789062,193114300,2025-07-22,1,22,7,4.07711046420593,-2.5154649531416062,2.157601951178613,2.12202705568804,171.03800048828126,168.18600158691407,162.14800109863282
170.7608642578125,170.77999877929688,171.25999450683594,167.97000122070312,169.52999877929688,154082200,2025-07-23,2,23,7,1.926451170891827,0.7373326308031868,2.210277820564973,2.114525168288771,170.9200012207031,168.9760009765625,163.29200134277343
173.7205352783203,173.74000549316406,173.8300018310547,171.3000030517578,172.44000244140625,128984600,2025-07-24,3,24,7,1.4561981692791068,0.7538871684947599,2.116546144472275,2.084032902208872,171.06800231933593,169.94000091552735,164.26350173950195
173.48056030273438,173.5,174.72000122070312,172.9600067138672,173.61000061035156,122316800,2025-07-25,4,25,7,1.0144060558132206,-0.06336075684859117,1.972579095133295,1.9174648843352364,171.28600158691407,170.79800109863282,165.1875015258789
176.73019409179688,176.75,177.0,173.97000122070312,174.02000427246094,140023500,2025-07-28,0,28,7,1.7142850236474538,1.5687827034326136,2.0376901767675077,1.8773982281823103,172.36000061035156,172.06600036621094,166.13750152587892
175.49032592773438,175.50999450683594,179.3800048828125,175.02000427246094,177.9600067138672,154077500,2025-07-29,1,29,7,2.4841893606131613,-1.3767206757698653,1.719105956048954,1.9383539536137835,174.05599975585938,172.5470001220703,167.0135009765625
179.2499237060547,179.27000427246094,179.88999938964844,176.0399932861328,176.50999450683594,174312200,2025-07-30,2,30,7,2.147601947766035,1.563656365939159,1.7633361114237958,1.9868069659943839,175.75400085449218,173.33700103759764,168.31200103759767
177.85006713867188,177.8699951171875,183.3000030517578,175.92999267578125,182.89999389648438,221685400,2025-07-31,3,31,7,4.143481519252823,-2.750136111072642,2.300792781418539,2.2086694629454064,176.5799987792969,173.8240005493164,169.34300079345704
173.70053100585938,173.72000122070312,176.5399932861328,170.88999938964844,174.08999633789062,204529000,2025-08-01,4,1,8,3.2523565834577233,-0.21253094661991828,2.74838288694744,2.360480991040367,176.6239990234375,173.9550003051758,170.06200103759767
179.97982788085938,180.0,180.1999969482422,174.52000427246094,175.16000366210938,148174600,2025-08-04,0,4,8,3.1555514865451393,2.763185793959659,3.036636179526977,2.537163178147242,177.2739990234375,174.81699981689454,171.15000076293944
178.24002075195312,178.25999450683594,180.25999450683594,175.89999389648438,179.6199951171875,156407600,2025-08-05,1,5,8,2.4458660073527403,-0.7571543521445216,3.0289715088748927,2.374038732461923,177.8239990234375,175.93999938964845,172.06300048828126
179.39988708496094,179.4199981689453,179.89999389648438,176.25,176.3300018310547,137192300,2025-08-06,2,6,8,2.0343294692531826,1.7523939804930146,3.006317013172322,2.3848265622980587,177.85399780273437,176.8039993286133,172.8900001525879
180.749755859375,180.77000427246094,183.8800048828125,178.8000030517578,181.57000732421875,151878400,2025-08-07,3,7,8,2.8102017541571693,-0.4406030839274543,2.739661060153191,2.520226920785865,178.43399963378906,177.50699920654296,173.72350006103517
182.6795196533203,182.6999969482422,183.3000030517578,180.39999389648438,181.5500030517578,123396700,2025-08-08,4,8,8,1.587306624911982,0.6334309430755146,2.406651068444043,2.5775169776957414,180.22999877929686,178.4269989013672,174.6125
182.0395965576172,182.05999755859375,183.83999633789062,180.25,182.0500030517578,138323200,2025-08-11,0,11,8,1.9718754180117075,0.00548997894446396,2.169915854737357,2.603276017132166,180.64199829101562,178.95799865722657,175.51199951171876
183.1394805908203,183.16000366210938,184.47999572753906,179.4600067138672,182.9600067138672,145485700,2025-08-12,1,12,8,2.7407670415494585,0.10931183914688228,2.2288960615767004,2.6289337852257963,181.62200012207032,179.7229995727539,176.1349998474121
181.5696563720703,181.58999633789062,183.97000122070312,179.35000610351562,182.6199951171875,179871700,2025-08-13,2,13,8,2.5441903245545086,-0.5640120506168689,2.3308682326369654,2.6685926229046433,182.05599975585938,179.9549987792969,176.64599990844727
181.99960327148438,182.02000427246094,183.02000427246094,179.4600067138672,179.75,129554000,2025-08-14,3,14,8,1.9558276425842094,1.2628674672939848,2.1599934103223735,2.449827235237782,182.30599975585938,180.36999969482423,177.0970001220703
180.42977905273438,180.4499969482422,181.89999389648438,178.0399932861328,181.8800048828125,156602200,2025-08-15,4,15,8,2.1390970771025906,-0.7862370223113223,2.2703515007604955,2.338501284602269,181.8559997558594,181.04299926757812,177.49899978637694
181.98959350585938,182.00999450683594,182.94000244140625,180.58999633789062,180.60000610351562,132008000,2025-08-18,0,18,8,1.2911412419318342,0.7807244494289445,2.134204665544521,2.1520602601409387,181.84599914550782,181.2439987182617,178.03049926757814
175.6203155517578,175.63999938964844,182.5,175.49000549316406,182.42999267578125,185229200,2025-08-19,1,19,8,3.991115082666688,-3.72197202145381,2.3842742737679665,2.306585167672333,180.3419982910156,180.98199920654298,178.46099929809571
175.38034057617188,175.39999389648438,176.0,168.8000030517578,175.1699981689453,215142700,2025-08-20,2,20,8,4.104901481633689,0.13129858420004076,2.6964165051838025,2.5136423689103835,179.10399780273437,180.5799987792969,178.69199905395507
174.96038818359375,174.97999572753906,176.89999389648438,173.80999755859375,174.85000610351562,140040900,2025-08-21,3,21,8,1.7659140549426295,0.07434350556812698,2.658433787655487,2.40921359898893,177.69599609375,180.0009979248047,178.75399856567384
177.97006225585938,177.99000549316406,178.58999633789062,171.1999969482422,172.61000061035156,172789400,2025-08-22,4,22,8,4.151918176064251,3.1168558390526164,3.060998007447819,2.665674754104157,177.20399780273436,179.52999877929688,178.97849884033204
179.78985595703125,179.80999755859375,181.91000366210938,176.57000732421875,178.35000610351562,163012800,2025-08-25,0,25,8,2.9697994607616343,0.8186102635907596,3.3967296512137786,2.76546715837915,176.76399841308594,179.30499877929688,179.13149871826172
181.7496337890625,181.77000427246094,182.38999938964844,178.80999755859375,180.05999755859375,168688200,2025-08-26,1,26,8,1.9695228843635317,0.9496871804137007,2.9924112115531476,2.6883427426605566,177.98999938964843,179.16599884033204,179.44449920654296
181.57965087890625,181.60000610351562,182.49000549316406,179.10000610351562,181.97999572753906,235518900,2025-08-27,2,27,8,1.866739689268551,-0.20880845859143712,2.54477885308012,2.620597679131961,179.2300018310547,179.16699981689453,179.5609992980957
180.14981079101562,180.1699981689453,184.47000122070312,176.41000366210938,180.82000732421875,281787800,2025-08-28,3,28,8,4.47355144613805,-0.3594785582039827,3.0863063313192036,2.872370059487345,180.26800231933595,178.98199920654298,179.6759994506836
174.1604766845703,174.17999267578125,178.14999389648438,173.14999389648438,178.11000061035156,243257900,2025-08-29,4,29,8,2.870593759472136,-2.206506047444202,2.830041448000781,2.9455197277242995,179.50599975585936,178.35499877929686,179.6989990234375
170.7608642578125,170.77999877929688,172.3800048828125,167.22000122070312,170.0,231164900,2025-09-02,1,2,9,3.0214332468626917,0.4588228113511029,2.8403682052209924,3.1185489282173853,177.7,177.23199920654298,179.23799896240234
170.60089111328125,170.6199951171875,172.41000366210938,168.8800048828125,171.05999755859375,164424900,2025-09-03,2,3,9,2.0689244404633547,-0.25722111989130275,2.860248516440957,2.926329863997052,175.46999816894532,176.72999877929686,178.85599899291992
171.64077758789062,171.66000366210938,171.86000061035156,169.41000366210938,170.57000732421875,141670100,2025-09-04,3,4,9,1.4272380845713433,0.6390316533309192,2.7723481955015155,2.6585635242908174,173.48199768066405,176.3559997558594,178.46799926757814
167.0012969970703,167.02000427246094,169.02999877929688,164.07000732421875,168.02999877929688,224441400,2025-09-05,4,5,9,2.9696990349652097,-0.6010798751254767,2.471577713266947,2.7789420222930756,170.85199890136718,175.56000061035155,177.78049926757814
168.2911376953125,168.30999755859375,170.9600067138672,167.35000610351562,167.5500030517578,163769100,2025-09-08,0,8,9,2.144852155377647,0.4535926547259852,2.3264293924480497,2.5782354202244147,169.6779998779297,174.59199981689454,177.0609992980957
170.74085998535156,170.75999450683594,170.97999572753906,166.74000549316406,169.08999633789062,157548400,2025-09-09,1,9,9,2.4830114609808462,0.9876386569955174,2.2187450352716804,2.5295566202463364,169.6739990234375,173.68699951171874,176.49599914550782
177.3101348876953,177.3300018310547,179.2899932861328,175.47000122070312,176.63999938964844,226852000,2025-09-10,2,10,9,2.1541713336635833,0.3906263834864381,2.2357944139117265,2.5480214651763413,171.01600036621093,173.2429992675781,176.2044990539551
177.16014099121094,177.1699981689453,180.27999877929688,176.47999572753906,179.67999267578125,151159300,2025-09-11,3,11,9,2.144834391280072,-1.3969248715214664,2.3793136752534716,2.5758309353774935,172.1179992675781,172.79999847412108,175.9834991455078
177.8101043701172,177.82000732421875,178.60000610351562,176.4499969482422,177.77000427246094,124911000,2025-09-12,4,12,9,1.2090929404548563,0.028127946535442976,2.0271924563514014,2.249385084809174,174.2779998779297,172.56499938964845,175.77349929809571
177.74009704589844,177.75,178.85000610351562,174.50999450683594,175.6699981689453,147061600,2025-09-15,0,15,9,2.441638029074367,1.184039308211473,2.086549631090745,2.206489511769397,176.16600036621094,172.9220001220703,175.63849945068358
174.87026977539062,174.8800048828125,177.5,174.3800048828125,177.0,140737800,2025-09-16,1,16,9,1.7840776704450667,-1.1977373543432204,1.9467628729835895,2.0827539541276345,176.99000244140626,173.33200073242188,175.28199996948243
170.280517578125,170.2899932861328,173.1999969482422,168.41000366210938,172.63999938964844,211843800,2025-09-17,2,17,9,2.8128448382074573,-1.3612176273307681,2.0784975738923643,2.157145993902045,175.58200073242188,173.29900054931642,175.01449966430664
176.23019409179688,176.24000549316406,177.10000610351562,172.9600067138672,173.97999572753906,191763300,2025-09-18,3,18,9,2.3490690312132445,1.299005530017533,2.1193445018789987,2.249329088566235,175.39600219726563,173.7570007324219,175.05650024414064
176.66015625,176.6699981689453,178.0800018310547,175.17999267578125,175.77000427246094,237182100,2025-09-19,4,19,9,1.6414836618157587,0.5120292852068747,2.205822646151179,2.11650755125129,175.16600036621094,174.7220001220703,175.14100036621093
183.5997772216797,183.61000061035156,184.5500030517578,174.7100067138672,175.3000030517578,269637000,2025-09-22,0,22,9,5.359183217243487,4.740443476284596,2.789331683785003,2.437940657437874,176.33800048828124,176.2520004272461,175.4220001220703
178.42005920410156,178.42999267578125,182.4199981689453,176.2100067138672,181.97000122070312,192559600,2025-09-23,1,23,9,3.4803517962151567,-1.9453802941004326,3.1285865089390215,2.537674690961305,177.047998046875,177.0190002441406,175.35299987792968
176.96014404296875,176.97000122070312,179.77999877929688,175.39999389648438,179.77000427246094,143564100,2025-09-24,2,24,9,2.474998504040298,-1.5575474134795615,3.0610172421055895,2.5697574079989765,178.38399963378907,176.98300018310547,175.1129997253418
177.68011474609375,177.69000244140625,180.25999450683594,173.1300048828125,174.47999572753906,191586700,2025-09-25,3,25,9,4.012600329821353,1.8397563001318527,3.3937235018272114,2.7565340018531046,178.6739990234375,177.03500061035157,174.91749954223633
178.18008422851562,178.19000244140625,179.77000427246094,174.92999267578125,178.1699981689453,148573700,2025-09-26,4,26,9,2.7162082778865306,0.01122763241091182,3.6086684250413654,2.907245535596272,178.97799987792968,177.0720001220703,174.81849975585936
181.8398895263672,181.85000610351562,184.0,180.32000732421875,180.42999267578125,193063500,2025-09-29,0,29,9,2.0236417664382507,0.7870162863033695,2.9415601348803184,2.8654459093326605,178.6260009765625,177.48200073242188,175.2020004272461
186.56961059570312,186.5800018310547,187.35000610351562,181.47999572753906,182.0800018310547,236981000,2025-09-30,1,30,9,3.146109078341507,2.471441099926715,2.874711591305588,3.0016490501223045,180.2560028076172,178.6520004272461,175.99200057983398
187.22958374023438,187.24000549316406,188.13999938964844,183.89999389648438,185.24000549316406,173844900,2025-10-01,2,1,10,2.2644762704404324,1.0796803825801042,2.832607144585615,2.9468121933456017,182.31000366210938,180.3470016479492,176.8230010986328
188.87948608398438,188.88999938964844,191.0500030517578,188.05999755859375,189.60000610351562,136805800,2025-10-02,3,2,10,1.5829347783501135,-0.37447610285389243,2.3466740342913672,2.8701987680592884,184.5500030517578,181.61200103759765,177.68450088500975
187.6095428466797,187.6199951171875,190.36000061035156,185.3800048828125,189.19000244140625,137596900,2025-10-03,4,3,10,2.654299039091519,-0.8298574469890365,2.334292186532365,2.971480305786865,186.43600158691407,182.70700073242188,178.7145004272461
185.5296630859375,185.5399932861328,187.22999572753906,183.3300018310547,185.5,157678100,2025-10-06,0,6,10,2.1019694069245496,0.021559722982648247,2.3499577146296247,2.645758924754971,187.1739990234375,182.9,179.57600021362305
185.02969360351562,185.0399932861328,189.05999755859375,184.0,186.22999572753906,140088000,2025-10-07,1,7,10,2.734542662228336,-0.6389961170096705,2.2676444314069903,2.571178011356289,186.86599731445312,183.56100006103514,180.29000015258788
189.09947204589844,189.11000061035156,189.60000610351562,186.5399932861328,186.57000732421875,130168900,2025-10-08,2,8,10,1.6181126368286378,1.36141565440304,2.1383717046846313,2.485489424635123,187.23999633789063,184.775,180.87900009155274
192.5592803955078,192.57000732421875,195.3000030517578,191.05999755859375,192.22999572753906,182997200,2025-10-09,3,9,10,2.2017995180451,0.17687749271014372,2.2621446526236286,2.3044093434574977,187.9759979248047,186.26300048828125,181.6490005493164
183.14981079101562,183.16000366210938,195.6199951171875,182.0500030517578,193.50999450683594,268774400,2025-10-10,4,10,10,7.408818406917807,-5.348556218557971,3.2130485261888864,2.7736703563606255,187.08399963378906,186.76000061035157,181.91600036621094
188.3095245361328,188.32000732421875,190.11000061035156,185.9600067138672,187.97000122070312,153482800,2025-10-13,0,13,10,2.203692510132283,0.18620317137981438,3.2333931468304327,2.791675430730028,187.64000244140624,187.40700073242186,182.4445007324219
180.0199737548828,180.02999877929688,184.8000030517578,179.6999969482422,184.77000427246094,205641400,2025-10-14,1,14,10,2.832864599287059,-2.565354431758563,3.2530575342421777,2.760350982824584,186.63800354003905,186.7520004272461,182.7020004272461
179.8199920654297,179.8300018310547,184.8699951171875,177.2899932861328,184.8000030517578,214450500,2025-10-15,2,15,10,4.2150930066585275,-2.6893945555353445,3.7724536082081555,2.9554126564463927,184.7820037841797,186.01100006103516,183.1790008544922
181.7998809814453,181.80999755859375,183.27999877929688,179.77000427246094,182.22999572753906,179723300,2025-10-16,3,16,10,1.9305838809577762,-0.2304769680032656,3.718210480790691,2.9901775667071595,182.6300018310547,185.3029998779297,183.45750045776367
183.20980834960938,183.22000122070312,184.10000610351562,179.75,180.17999267578125,173135200,2025-10-17,4,17,10,2.374198272314001,1.6872064982220942,2.7112864538699295,2.9621674900294073,182.64200134277343,184.86300048828124,183.78500061035157
182.6298370361328,182.63999938964844,185.1999969482422,181.72999572753906,183.1300048828125,128544700,2025-10-20,0,20,10,1.8999130706851042,-0.2675724786211981,2.6505305659804934,2.941961856405463,181.50599975585936,184.5730010986328,183.73650054931642
181.14991760253906,181.16000366210938,182.7899932861328,179.8000030517578,182.7899932861328,124240200,2025-10-21,1,21,10,1.6504692945092787,-0.8917280397685178,2.4140515050249376,2.8335545196335574,181.73200073242188,184.18500213623048,183.8730010986328
180.26995849609375,180.27999877929688,183.44000244140625,176.75999450683594,181.13999938964844,162249600,2025-10-22,2,22,10,3.705351663968081,-0.4747712339899173,2.3121032364868483,3.0422784223475015,181.8220001220703,183.302001953125,184.0385009765625
182.1498565673828,182.16000366210938,183.02999877929688,179.7899932861328,180.4199981689453,111363700,2025-10-23,3,23,10,1.778659106295356,0.9644194162637787,2.2817182815543644,2.9999643811725276,181.89200134277343,182.26100158691406,184.26200103759766
186.24961853027344,186.25999450683594,187.47000122070312,183.5,183.83999633789062,131296700,2025-10-24,4,24,10,2.131429903246036,1.3163610841774886,2.2331646077407714,2.4722255308053507,182.5,182.5710006713867,184.66550064086914
191.47933959960938,191.49000549316406,192.0,188.42999267578125,189.99000549316406,153452700,2025-10-27,0,27,10,1.8643308902856524,0.789515214816903,2.226048171660881,2.438289368820687,184.27000122070314,182.88800048828125,185.14750061035156
201.01881408691406,201.02999877929688,203.14999389648438,191.91000366210938,193.0500030517578,297986200,2025-10-28,1,28,10,5.591200468898651,4.133641855162043,3.0141944065387554,2.7141229557818463,188.24400024414064,184.98800048828124,185.87000045776367
207.02847290039062,207.0399932861328,212.19000244140625,204.77999877929688,207.97999572753906,308829600,2025-10-29,2,29,10,3.5790204319938437,-0.45196771839426586,2.9889281601439084,2.650515698315378,193.59599914550782,187.70899963378906,186.8599998474121
202.8787078857422,202.88999938964844,206.16000366210938,201.41000366210938,205.14999389648438,178864400,2025-10-30,3,30,10,2.3411700992110838,-1.1016303066410507,3.1014303587270535,2.6915743201407087,197.74199829101562,189.81699981689454,187.55999984741212
202.47872924804688,202.49000549316406,207.97000122070312,202.07000732421875,206.4499969482422,179802200,2025-10-31,4,31,10,2.913721041250876,-1.9181358748437813,3.257888586328022,2.745526597034396,200.98800048828124,191.74400024414064,188.30350036621093
206.8684844970703,206.8800048828125,211.33999633789062,205.55999755859375,208.0800018310547,180267300,2025-11-03,0,3,11,2.7938895218853865,-0.576699797040801,3.4438003126479684,2.8349242421544245,204.06600036621094,194.16800079345703,189.37050094604493
198.67893981933594,198.69000244140625,203.97000122070312,197.92999267578125,203.0,188919300,2025-11-04,1,4,11,3.0399156830767446,-2.1231515066964284,2.933543355483587,2.973868881011171,203.5980010986328,195.9210006713867,190.0530014038086
195.1991424560547,195.2100067138672,202.9199981689453,194.64999389648438,198.77000427246094,171350300,2025-11-05,2,5,11,4.236465338881349,-1.7910134739011918,3.065032336861088,3.0269802485024977,201.23200378417968,197.41400146484375,190.35800170898438
188.0695343017578,188.0800018310547,197.6199951171875,186.3800048828125,196.4199981689453,223029800,2025-11-06,3,6,11,5.976175098334733,-4.246001637123122,3.792033336685818,3.4467318477064355,198.27000427246094,198.0060012817383,190.13350143432618
188.1395263671875,188.14999389648438,188.32000732421875,178.91000366210938,184.89999389648438,264942300,2025-11-07,4,7,11,5.001330835698317,1.757706926599198,4.2095552955753055,3.7337219409516633,195.402001953125,198.19500122070312,190.38300094604492
199.03892517089844,199.0500030517578,199.94000244140625,193.7899932861328,195.11000061035156,198897100,2025-11-10,0,10,11,3.089680512928345,2.019374931618555,4.268713493783897,3.8562569032159333,193.83600158691405,198.9510009765625,190.91950073242188
193.1492462158203,193.16000366210938,195.4199981689453,191.3000030517578,195.16000366210938,176483300,2025-11-11,1,11,11,2.132944211574213,-1.0248001447380088,4.0873191994833915,3.5104312774834896,192.7300018310547,198.16400146484375,191.5760009765625
193.78921508789062,193.8000030517578,195.88999938964844,191.1300048828125,195.72000122070312,154935300,2025-11-12,2,12,11,2.456137477750552,-0.9809923140048584,3.7312536272572325,3.39814298205916,192.4480010986328,196.84000244140626,192.27450103759764
186.84959411621094,186.86000061035156,191.44000244140625,183.85000610351562,191.0500030517578,207423100,2025-11-13,3,13,11,4.061862524402753,-2.193144399098034,3.3483911124708365,3.5702122245783263,192.2040008544922,195.23700256347655,192.52700119018556
190.15940856933594,190.1699981689453,191.00999450683594,180.5800018310547,182.86000061035156,186591900,2025-11-14,4,14,11,5.484562641955404,3.9975924391306914,3.445037473722253,3.82729638464878,192.60800170898438,194.0050018310547,192.87450103759767
186.58961486816406,186.60000610351562,189.0,184.32000732421875,185.97000122070312,173628900,2025-11-17,0,17,11,2.508034578083048,0.3387669401931287,3.3287082867531943,3.798710890268546,190.11800231933594,191.977001953125,193.072501373291
181.3498992919922,181.36000061035156,184.8000030517578,179.64999389648438,183.3800048828125,213598900,2025-11-18,1,18,11,2.8396609715160577,-1.1015400908903916,3.4700516387415634,3.7786854191124775,187.75800170898438,190.24400177001954,193.08250122070314
186.50961303710938,186.52000427246094,187.86000061035156,182.8300018310547,184.7899932861328,247246400,2025-11-19,2,19,11,2.6967610251333975,0.9362038255228131,3.5181763482181325,3.624714987737682,186.302001953125,189.3750015258789,193.39450149536134
180.62994384765625,180.63999938964844,196.0,179.85000610351562,195.9499969482422,343504800,2025-11-20,3,20,11,8.940430663780134,-7.813216533316762,4.493889976093609,3.9211405442822227,185.05800170898436,188.6310012817383,193.3185012817383
178.8700408935547,178.8800048828125,184.55999755859375,172.92999267578125,181.24000549316406,346926200,2025-11-21,4,21,11,6.50156784735752,-1.3021411050666603,4.697291017174033,4.071164245448142,182.8000030517578,187.7040023803711,192.94950180053712
182.5398406982422,182.5500030517578,183.5,176.47999572753906,179.49000549316406,256618300,2025-11-24,0,24,11,3.8455240510023865,1.704828940300128,4.9647889117579,4.146748599255547,181.99000244140626,186.0540023803711,192.50250167846679
177.8101043701172,177.82000732421875,178.16000366210938,169.5500030517578,174.91000366210938,320600300,2025-11-25,1,25,11,4.8419751747355235,1.6637148254429812,5.365251752401792,4.417651695571678,181.2820037841797,184.52000274658204,191.34200210571288
180.2499542236328,180.25999450683594,182.91000366210938,178.24000549316406,181.6300048828125,183852000,2025-11-26,2,26,11,2.590701382035277,-0.7542863729263741,5.344039823782169,4.431108086000149,180.03000183105468,183.16600189208984,190.00300216674805
176.99014282226562,177.0,179.2899932861328,176.5,179.00999450683594,121332800,2025-11-28,4,28,11,1.5762673932953744,-1.122839265133423,3.871207169685216,4.182548572889412,179.302001953125,182.18000183105468,188.70850219726563
179.9099884033203,179.9199981689453,180.3000030517578,173.67999267578125,174.75999450683594,188131000,2025-12-01,0,1,12,3.6794188769168152,2.9526229253271894,3.3067773755970764,4.002034196385553,179.51000061035157,181.15500183105468,187.5800018310547
181.4499053955078,181.4600067138672,185.66000366210938,180.0,181.75999450683594,182632200,2025-12-02,1,2,12,3.1191466178188105,-0.16504610587313126,3.1615018889603603,4.063145400359129,179.29200134277343,180.64100189208983,186.30900192260742
179.5800018310547,179.58999633789062,182.4499969482422,179.11000061035156,181.0800018310547,165138000,2025-12-03,2,3,12,1.8597897466441113,-0.8228437586135097,2.5650648033420778,3.9651582778719345,179.6459991455078,180.46400146484376,185.35400161743163
183.3800048828125,183.3800048828125,184.52000427246094,179.9600067138672,181.6199951171875,167364900,2025-12-04,3,4,12,2.486638366875265,0.9690616743433899,2.5442522003100754,3.9441460120461223,180.27000122070314,180.1500015258789,184.76250152587892
182.41000366210938,182.41000366210938,184.66000366210938,180.91000366210938,183.88999938964844,143971100,2025-12-05,4,5,12,2.05580830256787,-0.8048266531357521,2.6401603821645745,3.255683775924895,181.352001953125,180.327001953125,184.47900161743163
185.5500030517578,185.5500030517578,188.0,182.39999389648438,182.63999938964844,204378100,2025-12-08,0,8,12,3.018057672547461,1.593300302143073,2.507888141290704,2.9073327584438893,182.4780029296875,180.99400177001954,184.3490020751953
184.97000122070312,184.97000122070312,185.72000122070312,183.32000732421875,185.55999755859375,144719700,2025-12-09,1,9,12,1.2975043956564298,-0.3179544867714948,2.143559696858228,2.652530792909294,183.18000183105468,181.23600158691406,183.64500198364257
183.77999877929688,183.77999877929688,185.47999572753906,182.0399932861328,184.97000122070312,162785400,2025-12-10,2,10,12,1.871804583880415,-0.6433488855235281,2.1459626643054888,2.3555137338237833,184.01800231933595,181.83200073242188,183.17600173950194
180.92999267578125,180.92999267578125,181.32000732421875,176.6199951171875,180.27999877929688,182136600,2025-12-11,3,11,12,2.5976965662367926,0.36054687202439645,2.168174304177794,2.3562132522439345,183.5279998779297,181.8990005493164,182.53250122070312
175.02000427246094,175.02000427246094,182.82000732421875,174.6199951171875,181.11000061035156,204274900,2025-12-12,4,12,12,4.685185696982357,-3.36259528317982,2.6940497830606915,2.6671050826126326,182.05,181.7010009765625,181.94050140380858
176.2899932861328,176.2899932861328,178.4199981689453,175.02999877929688,177.94000244140625,164775600,2025-12-15,0,15,12,1.9229675641011548,-0.9272839904657009,2.4750317613714303,2.491459951331067,180.197998046875,181.33800048828124,181.24650115966796
177.72000122070312,177.72000122070312,178.49000549316406,174.89999389648438,176.25999450683594,148588100,2025-12-16,1,16,12,2.0200380216188503,0.8283256322299294,2.619538486563914,2.3815490917110704,178.747998046875,180.96399993896483,180.80250091552733
170.94000244140625,170.94000244140625,176.1300048828125,170.30999755859375,176.10000610351562,222775500,2025-12-17,2,17,12,3.404707640748804,-2.9301552999811973,2.926119097937592,2.5360408811215396,176.17999877929688,180.0990005493164,180.28150100708007
174.13999938964844,174.13999938964844,176.14999389648438,171.82000732421875,174.52999877929688,176096000,2025-12-18,3,18,12,2.486497408660848,-0.22345693713183026,2.903879266422403,2.536026785300098,174.8220001220703,179.175,179.66250076293946
180.99000549316406,180.99000549316406,181.4499969482422,176.33999633789062,176.6699981689453,324925900,2025-12-19,4,19,12,2.8233606581909108,2.4452410533720785,2.5315142586641137,2.612782020862402,176.01600036621093,179.03300018310546,179.68000106811525
183.69000244140625,183.69000244140625,184.16000366210938,182.35000610351562,183.9199981689453,129064400,2025-12-22,0,22,12,0.9853544202391232,-0.1250520497111972,2.3439916298917076,2.4095116956315685,177.49600219726562,178.8470001220703,179.9205009460449
189.2100067138672,189.2100067138672,189.3300018310547,182.89999389648438,182.97000122070312,174873600,2025-12-23,1,23,12,3.3983445412028823,3.4103981262137104,2.619652933808514,2.6195957101862133,179.79400329589845,179.27100067138673,180.25350112915038
188.61000061035156,188.61000061035156,188.91000366210938,186.58999633789062,187.94000244140625,65528500,2025-12-24,2,24,12,1.2300553081549697,0.35649577537607874,2.1847224672897467,2.555420782613669,183.3280029296875,179.75400085449218,180.79300079345703
190.52999877929688,190.52999877929688,192.69000244140625,188.0,189.9199981689453,139740300,2025-12-26,4,26,12,2.461555907969632,0.3211881930458582,2.179734167151504,2.541806716786953,186.6060028076172,180.71400146484376,181.30650100708007
188.22000122070312,188.22000122070312,188.75999450683594,185.91000366210938,187.7100067138672,120006100,2025-12-29,0,29,12,1.5141806536196536,0.27169276468746795,1.9178981662372525,2.224706212450683,188.052001953125,182.03400115966798,181.86750106811525
187.5399932861328,187.5399932861328,188.99000549316406,186.92999267578125,188.24000549316406,97687300,2025-12-30,1,30,12,1.0984392082385421,-0.371872177328783,1.9405151238371363,2.1422533768644216,188.8220001220703,183.15900115966798,182.2485008239746
186.5,186.5,190.55999755859375,186.49000549316406,189.57000732421875,120100500,2025-12-31,2,31,12,2.1823013755655163,-1.619458356072204,1.6973064907096629,2.158479712259088,188.27999877929688,184.03700103759766,182.50050048828126
188.85000610351562,188.85000610351562,192.92999267578125,188.25999450683594,189.83999633789062,148240500,2026-01-02,4,2,1,2.4728610103329918,-0.5214866484789357,1.9458676311452674,2.065295049217507,188.3279998779297,185.8280014038086,182.9635009765625
188.1199951171875,188.1199951171875,193.6300048828125,186.14999389648438,191.75999450683594,183529700,2026-01-05,0,5,1,3.9761913568350487,-1.8982058270337911,2.2487947209183505,2.214264444034927,187.84599914550782,187.2260009765625,183.20050048828125
187.24000549316406,187.24000549316406,192.1699981689453,186.82000732421875,190.52000427246094,176862600,2026-01-06,1,6,1,2.857290476271581,-1.721603351743672,2.5174166854487363,2.217657425842994,187.65,187.8510009765625,183.44200057983397
189.11000061035156,189.11000061035156,191.3699951171875,186.55999755859375,188.57000732421875,153543200,2026-01-07,2,7,1,2.543491905805884,0.2863622342679196,2.8064272249622046,2.37347117439967,187.96400146484376,188.39300079345702,183.62000045776367
185.0399932861328,185.0399932861328,189.5500030517578,183.7100067138672,189.11000061035156,172457000,2026-01-08,3,8,1,3.1560724977221906,-2.152190424135594,3.0011814493935396,2.3492439700516012,187.6720001220703,187.9759994506836,183.62350006103514
184.86000061035156,184.86000061035156,186.33999633789062,183.6699981689453,185.0800018310547,131327500,2026-01-09,4,9,1,1.4443352591852157,-0.11886817512782781,2.7954762991639845,2.3706719651546257,186.8739990234375,187.6009994506836,183.6775001525879
184.94000244140625,184.94000244140625,187.1199951171875,183.02000427246094,183.22000122070312,137968500,2026-01-12,0,12,1,2.216930242566394,0.9387628038661817,2.4436240763102535,2.3462093986143016,186.23800048828124,187.04199981689453,183.87800064086915
185.80999755859375,185.80999755859375,188.11000061035156,183.39999389648438,185.0,160128900,2026-01-13,1,13,1,2.5348510713918517,0.4378365181587838,2.3791361953343078,2.4482764403915214,185.95199890136718,186.8009994506836,184.4175003051758
183.13999938964844,183.13999938964844,184.4600067138672,180.8000030517578,184.32000732421875,159586100,2026-01-14,2,14,1,1.9984731212772124,-0.6401952515630489,2.2701324384285733,2.5382798316953887,184.75799865722655,186.36100006103516,184.76000061035157
187.0500030517578,187.0500030517578,189.6999969482422,186.3300018310547,186.5,206188600,2026-01-15,3,15,1,1.8016546710533883,0.2949078025511059,1.9992488730948128,2.500215161244176,185.16000061035157,186.41600036621094,185.22650070190429
186.22999572753906,186.22999572753906,190.44000244140625,186.0800018310547,189.0800018310547,187967200,2026-01-16,4,16,1,2.341191381827874,-1.5073017114005216,2.1786200976233445,2.4870481983936643,185.43399963378906,186.15399932861328,185.99100036621093
178.07000732421875,178.07000732421875,182.3800048828125,177.61000061035156,181.89999389648438,223345300,2026-01-20,1,20,1,2.678724140093964,-2.105545190092306,2.270978877128859,2.357301476719556,184.06000061035155,185.1490005493164,186.18750076293946
183.32000732421875,183.32000732421875,185.3800048828125,178.39999389648438,179.0500030517578,200381000,2026-01-21,2,21,1,3.807555480828296,2.3848110581861377,2.5255197590161473,2.4523279771752273,183.56200256347657,184.7570007324219,186.3040008544922
184.83999633789062,184.83999633789062,186.1699981689453,183.92999267578125,184.75,139636600,2026-01-22,3,22,1,1.2118619008568334,0.048712496828484435,2.3681975149320715,2.319164976680322,183.902001953125,184.3300003051758,186.36150054931642
187.6699981689453,187.6699981689453,189.60000610351562,186.82000732421875,187.5,142748100,2026-01-23,4,23,1,1.481322963937075,0.09066569010416667,2.3041311735088086,2.15169002330181,184.0260009765625,184.59300079345704,186.2845001220703
186.47000122070312,186.47000122070312,189.1199951171875,185.99000549316406,187.16000366210938,124799600,2026-01-26,0,26,1,1.6785486156128824,-0.3686698161493685,2.1716026202658107,2.1751113589445774,184.07400207519532,184.75400085449218,186.1775001525879
188.52000427246094,188.52000427246094,190.0,185.6999969482422,187.24000549316406,143711600,2026-01-27,1,27,1,2.2809266678899385,0.6836139402610766,2.0920431258250054,2.181511001476932,186.16400146484375,185.11200103759765,186.0770004272461
191.52000427246094,191.52000427246094,192.35000610351562,189.83999633789062,191.27000427246094,148552700,2026-01-28,2,28,1,1.3105731566579333,0.13070528280214766,1.5926466609909329,2.05908321000354,187.8040008544922,185.68300170898436,186.24200057983398
192.50999450683594,192.50999450683594,193.47999572753906,186.05999755859375,191.33999633789062,171764400,2026-01-29,3,29,1,3.8543443876529917,0.6114760067619068,2.1211431583501645,2.2446703366411174,189.33800048828124,186.62000122070313,186.49050064086913
191.1300048828125,191.1300048828125,194.49000549316406,189.47000122070312,191.2100067138672,179489500,2026-01-30,4,30,1,2.626486759909231,-0.04183977210690904,2.350175917544596,2.3271535455267016,190.03000183105468,187.0280014038086,186.72200088500978
185.61000061035156,185.61000061035156,190.3000030517578,184.8800048828125,187.1999969482422,165794100,2026-02-02,0,2,2,2.920100291537328,-0.8493570319502909,2.598486252729485,2.3850444364976475,189.85800170898438,186.96600189208985,186.56000061035155
180.33999633789062,180.33999633789062,186.27000427246094,176.22999572753906,186.24000549316406,204019600,2026-02-03,1,3,2,5.567266690030648,-3.1679601488682283,3.2557542571576263,2.673898691491316,188.2220001220703,187.19300079345703,186.1710006713867
174.19000244140625,174.19000244140625,179.5800018310547,171.91000366210938,179.4600067138672,207014100,2026-02-04,2,4,2,4.4032367308366815,-2.9365898112683593,3.8742869719933766,2.7334668164921543,184.75599975585936,186.28000030517578,185.51850051879882
171.8800048828125,171.8800048828125,176.82000732421875,171.02999877929688,174.92999267578125,206312900,2026-02-05,3,5,2,3.368634151988472,-1.7435476594466328,3.7771449248604725,2.9491440416053183,180.6300018310547,184.98400115966797,184.65700073242186
185.41000366210938,185.41000366210938,187.0,174.60000610351562,176.69000244140625,231346200,2026-02-06,4,6,2,6.687877488575042,4.935197860781535,4.589423070593635,3.4697994940691146,179.48600158691406,184.75800170898438,184.6755012512207
190.0399932861328,190.0399932861328,193.66000366210938,183.9499969482422,184.25999450683594,196387400,2026-02-09,0,9,2,5.109454355351066,3.1368712425976115,5.027293883356383,3.8128900680429334,180.37200012207032,185.11500091552733,184.93450088500975
188.5399932861328,188.5399932861328,192.47999572753906,188.1199951171875,191.3800048828125,136764800,2026-02-10,1,10,2,2.312507035965956,-1.4839646380084004,4.376341952543443,3.8160481048505352,182.01199951171876,185.11699981689452,185.1145004272461
190.0500030517578,190.0500030517578,193.25999450683594,188.77000427246094,192.4499969482422,143855000,2026-02-11,2,11,2,2.362530998303749,-1.2470740111935845,3.968200806036857,3.9212438890151162,185.18399963378906,184.96999969482422,185.3265007019043
