Adj Close,Close,High,Low,Open,Volume,date,day_of_week,day,month,hl_pct,oc_pct,volatility_5d,volatility_10d,ma_5,ma_10,ma_20
ORCL,ORCL,ORCL,ORCL,ORCL,ORCL,,,,,,,,,,,
111.77787017822266,114.12999725341797,114.75,111.18000030517578,111.61000061035156,20438300,2024-03-11,0,11,3,3.1280117241195367,2.257859178644859,2.4943941082062167,1.963952682317372,112.85999908447266,112.68799896240235,112.26449928283691
124.9114990234375,127.54000091552734,129.3699951171875,124.5999984741211,126.26000213623047,48536100,2024-03-12,1,12,3,3.740000477360576,1.0137801026771707,2.732209574260312,2.1835263282651733,116.17999877929688,114.30399932861329,112.84949951171875
122.93313598632812,125.5199966430664,128.8000030517578,124.83000183105469,128.0,15870300,2024-03-13,2,13,3,3.162843631993057,-1.9375026226043701,2.940799507753261,2.4174326321493522,118.82999877929687,115.68799896240235,113.44149932861328
122.94293975830078,125.52999877929688,127.80000305175781,124.94000244140625,127.2300033569336,10965900,2024-03-14,3,14,3,2.2783403474574477,-1.3361664173406425,2.958192369253163,2.4840916089761196,121.02799835205079,117.07299880981445,114.0049991607666
122.95272064208984,125.54000091552734,126.01000213623047,123.55999755859375,124.04000091552734,17844900,2024-03-15,4,15,3,1.9515728530902787,1.2092873177431829,2.8521538068041794,2.4665572240176856,123.6519989013672,118.2489990234375,114.64299926757812
125.1661605834961,127.80000305175781,128.9499969482422,126.87999725341797,127.19999694824219,12231400,2024-03-18,0,18,3,1.619718032389943,0.47170292288589294,2.5504950684582606,2.522444588332239,126.38600006103516,119.62299957275391,115.46749954223633
126.5274887084961,129.19000244140625,129.2100067138672,126.48999786376953,127.75,10221000,2024-03-19,1,19,3,2.1054329272354555,1.1272034766389434,2.2235815584332363,2.477895566346774,126.71600036621093,121.4479995727539,116.50449981689454
126.57646942138672,129.24000549316406,130.69000244140625,128.27000427246094,129.97999572753906,8373300,2024-03-20,2,20,3,1.8724838022955006,-0.5693108622084815,1.9655095924937254,2.453154550123493,127.46000213623047,123.14500045776367,117.55849990844726
126.35120391845703,129.00999450683594,132.77000427246094,128.9499969482422,130.52000427246094,17842400,2024-03-21,3,21,3,2.961016577685643,-1.156918262485534,2.1020448385393644,2.5301186038962635,128.15600128173827,124.59199981689453,118.45849952697753
125.1563491821289,127.79000091552734,129.2100067138672,127.55000305175781,129.00999450683594,6660000,2024-03-22,4,22,3,1.2990090384353956,-0.9456581995621658,1.9715320756083876,2.4118429412062836,128.6060012817383,126.12900009155274,119.2504997253418
123.48159790039062,126.08000183105469,127.66999816894531,126.05000305175781,127.66999816894531,7446100,2024-03-25,0,25,3,1.2848945857077867,-1.2453954419162658,1.9045673862719563,2.2275312273651084,128.26200103759766,127.32400054931641,120.00599975585938
123.86356353759766,126.47000122070312,126.94000244140625,125.83999633789062,126.75,7063900,2024-03-26,1,26,3,0.8697763049721187,-0.2209063347509862,1.6574360618192892,1.9405088101262629,127.71800079345704,127.21700057983398,120.76049995422363
122.68827819824219,125.2699966430664,127.81999969482422,124.47000122070312,127.33000183105469,8115900,2024-03-27,2,27,3,2.6742225304486054,-1.6178474502195945,1.81778380744991,1.8916466999718176,126.9239990234375,127.19200057983399,121.43999977111817
123.02128601074219,125.61000061035156,126.16999816894531,125.19999694824219,125.38999938964844,6587400,2024-03-28,3,28,3,0.7722324782977406,0.17545356230481582,1.3800269875723292,1.7410359130558468,126.24400024414062,127.20000076293945,122.13649978637696
122.89395904541016,125.4800033569336,126.2699966430664,124.55999755859375,125.54000091552734,4133600,2024-04-01,0,1,4,1.3627662087388426,-0.04779158686968692,1.3927784216330188,1.6821552486207032,125.78200073242188,127.19400100708008,122.72150001525878
121.77745056152344,124.33999633789062,124.93000030517578,123.43000030517578,124.51000213623047,4862400,2024-04-02,1,2,4,1.2063696671856015,-0.13653987263917547,1.3770734379285816,1.640820412100269,125.43399963378906,126.84800033569336,123.23549995422363
123.6382827758789,126.23999786376953,126.41000366210938,124.05999755859375,124.26000213623047,7430000,2024-04-03,2,3,4,1.8615384531704506,1.5934296583773802,1.575425867568248,1.6164309646937685,125.38799896240235,126.5529998779297,124.0004997253418
121.63054656982422,124.19000244140625,127.98999786376953,124.02999877929688,127.5999984741211,7588300,2024-04-04,3,4,4,3.1886617333315637,-2.672410715903288,1.6783137081448398,1.7480487577973747,125.17200012207032,126.04799957275391,124.59650001525878
122.32592010498047,124.9000015258789,126.0,124.13999938964844,124.41999816894531,4899500,2024-04-05,4,5,4,1.489191823561488,0.3857927696493091,1.8217055771975894,1.6008662823849593,125.03000030517578,125.6370002746582,125.11450004577637
121.7872543334961,124.3499984741211,125.12000274658203,123.76000213623047,125.0,6119200,2024-04-08,0,8,4,1.0936876775552167,-0.520001220703125,1.7678898709608641,1.5803341462969414,124.80399932861329,125.29300003051758,125.71100006103515
121.0798110961914,123.2300033569336,124.75,121.23999786376953,124.3499984741211,5564100,2024-04-09,1,9,4,2.848334042533301,-0.9006796388667314,2.096282746030404,1.7366780919794926,124.58200073242188,125.00800018310547,126.16600036621094
119.62562561035156,121.75,123.08000183105469,121.31999969482422,121.3499984741211,4509900,2024-04-10,2,10,4,1.4455869702098307,0.32962631306848345,2.01309244943828,1.7942591585032637,123.68400115966797,124.53600006103515,125.87650032043457
121.08963775634766,123.23999786376953,123.81999969482422,121.36000061035156,121.72000122070312,7315200,2024-04-11,3,11,4,1.9961044523807592,1.2487648930518356,1.7745809932481191,1.7264473506964795,123.49400024414062,124.33300018310547,125.76250038146972
118.99681091308594,121.11000061035156,121.83999633789062,120.41999816894531,121.73999786376953,6196900,2024-04-12,4,12,4,1.1724863031863793,-0.5174940565737098,1.7112398891730973,1.7664727331853434,122.73600006103516,123.88300018310547,125.54150047302247
117.78826904296875,119.87999725341797,122.47000122070312,119.44000244140625,122.18000030517578,5101500,2024-04-15,0,15,4,2.5275265671650526,-1.8824709821680856,1.9980076670950644,1.8829487690279643,121.84199981689453,123.3229995727539,125.258500289917
118.51536560058594,120.62000274658203,121.44000244140625,119.75,120.08999633789062,7000000,2024-04-16,1,16,4,1.4010963380235366,0.4413410149502847,1.7085601261931118,1.9024214361117575,121.31999969482422,122.95100021362305,124.89950027465821
116.59937286376953,118.66999816894531,121.04000091552734,118.61000061035156,120.9800033569336,5366600,2024-04-17,2,17,4,2.0476955782170783,-1.90941074879371,1.828981847794561,1.9210371486164206,120.70399932861328,122.19400024414062,124.37350006103516
113.97596740722656,116.0,118.76000213623047,115.69999694824219,118.76000213623047,6662400,2024-04-18,3,18,4,2.6379355068864494,-2.3240165767801604,1.9573480586956993,1.865964525971909,119.25599975585938,121.375,123.71149978637695
112.8755111694336,114.87999725341797,116.7699966430664,114.45999908447266,116.12000274658203,8251500,2024-04-19,4,19,4,2.0107917947613125,-1.0678655389547531,2.1250091570106857,1.9181245230918915,118.00999908447265,120.37299957275391,123.00499992370605
112.53160858154297,114.52999877929688,116.33999633789062,114.33999633789062,116.02999877929688,7125500,2024-04-22,0,22,4,1.7462673721441897,-1.292769125037381,1.968757318006513,1.983382492550789,116.93999938964843,119.39099960327148,122.34199981689453
113.08183288574219,115.08999633789062,115.86000061035156,114.75,115.16999816894531,5494800,2024-04-23,1,23,4,0.964463155505481,-0.06946412462152785,1.8814306815029025,1.794995403848007,115.83399810791016,118.57699890136719,121.79249954223633
113.32748413085938,115.33999633789062,115.7300033569336,113.87999725341797,115.37999725341797,5791800,2024-04-24,2,24,4,1.6039588713840414,-0.034668847702853264,1.792683340136295,1.8108325939654282,115.16799774169922,117.93599853515624,121.2359992980957
112.88533020019531,114.88999938964844,114.98999786376953,112.77999877929688,113.62999725341797,6796600,2024-04-25,3,25,4,1.92357828898359,1.1088640030681405,1.649811896555723,1.803579977625711,114.94599761962891,117.10099868774414,120.71699943542481
115.16484832763672,117.20999908447266,119.20999908447266,116.1500015258789,117.04000091552734,8355100,2024-04-26,4,26,4,2.6106966832995413,0.14524792174942588,1.7697928742633686,1.947401015637027,115.41199798583985,116.71099853515625,120.29699935913087
114.4574203491211,116.48999786376953,117.30999755859375,115.29000091552734,116.98999786376953,4994100,2024-04-29,0,29,4,1.7340515753367192,-0.4273869639541589,1.7673497149018746,1.868053516454194,115.80399780273437,116.3719985961914,119.84749908447266
111.76522827148438,113.75,115.5199966430664,113.69000244140625,115.08999633789062,6234700,2024-04-30,1,30,4,1.6087861113495878,-1.164303050246482,1.896214306070696,1.8888224937867992,115.53599853515625,115.6849983215332,119.31799926757813
112.62986755371094,114.62999725341797,116.76000213623047,113.6500015258789,113.91000366210938,5583600,2024-05-01,2,1,5,2.7130774534314406,0.632072309859902,2.118038022480176,1.9553606813082354,115.39399871826171,115.28099822998047,118.73749923706055
112.95410919189453,114.95999908447266,115.80999755859375,114.26000213623047,115.2300033569336,5001000,2024-05-02,3,2,5,1.3482910879499432,-0.23431768167582098,2.0029805822734463,1.8263962394145845,115.40799865722656,115.17699813842773,118.27599906921387
113.77945709228516,115.80000305175781,116.20999908447266,115.06999969482422,115.9800033569336,4485000,2024-05-03,4,3,5,0.9844554055312976,-0.1551994309069145,1.6777323267197974,1.7237626004915831,115.1259994506836,115.26899871826171,117.82099914550781
116.27513885498047,118.33999633789062,118.36000061035156,116.18000030517578,116.33000183105469,6052400,2024-05-06,0,6,5,1.842150052929974,1.7278384554270356,1.6993520222384486,1.7333508685701617,115.49599914550781,115.64999847412109,117.52049903869629
115.87229919433594,117.93000030517578,119.12999725341797,117.29000091552734,118.0,6437700,2024-05-07,1,7,5,1.560244495148933,-0.05932177527476166,1.6896436989983177,1.7929290025345068,116.33199920654297,115.9339988708496,117.2554988861084
115.34171295166016,117.38999938964844,117.9800033569336,117.11000061035156,117.70999908447266,4636000,2024-05-08,2,8,5,0.7411216893308451,-0.2718543006652954,1.2952525461781987,1.7066452843291873,116.88399963378906,116.1389991760254,117.03749885559083
114.60479736328125,116.63999938964844,117.7300033569336,116.5,117.38999938964844,3236200,2024-05-09,3,9,5,1.054529632518803,-0.6388959910550402,1.2365002550919706,1.6197404186827087,117.21999969482422,116.31399917602539,116.70749893188477
114.63426971435547,116.66999816894531,117.62999725341797,115.91000366210938,117.1500015258789,4122500,2024-05-10,4,10,5,1.4742381231702237,-0.409733974119974,1.3344567986197557,1.5060945626697768,117.39399871826171,116.25999908447265,116.48549880981446
114.33950805664062,116.37000274658203,117.19000244140625,116.19999694824219,117.12999725341797,4140000,2024-05-13,0,13,5,0.8507394257951417,-0.6488470286494096,1.1361746731927895,1.4177633477156188,117.0,116.24799957275391,116.30999908447265
118.76097869873047,120.87000274658203,122.55000305175781,116.12999725341797,116.5,17811200,2024-05-14,1,14,5,5.311496361756631,3.751075318954533,1.8864250465143289,1.7880343727563233,117.58800048828125,116.9599998474121,116.32249908447265
119.50772094726562,121.62999725341797,122.08999633789062,119.66999816894531,120.16999816894531,6604600,2024-05-15,2,15,5,1.989639253138524,1.2149447505358735,2.136128559275865,1.7156905527270319,118.43600006103516,117.65999984741211,116.47049903869629
120.02848052978516,122.16000366210938,122.44999694824219,121.20999908447266,121.94000244140625,5159300,2024-05-16,3,16,5,1.0150604343458645,0.1804175957834989,2.1282347196412768,1.682367487366624,119.54000091552734,118.38000030517578,116.77849922180175
121.34510803222656,123.5,123.58000183105469,122.08000183105469,123.18000030517578,6179400,2024-05-17,4,17,5,1.214574898785425,0.2597821838215834,2.076302074764317,1.7053794366920365,120.90600128173828,119.15,117.20949935913086
122.34730529785156,124.5199966430664,124.68000030517578,123.23999786376953,123.80000305175781,5989000,2024-05-20,0,20,5,1.1564427242429043,0.5815780077223275,2.13744273445387,1.6368087038233294,122.53600006103515,119.76800003051758,117.70899925231933
122.45538330078125,124.62999725341797,125.36000061035156,123.91999816894531,124.45999908447266,5549500,2024-05-21,1,21,5,1.1554220277147265,0.13658859890391972,1.3062278676454888,1.596326457079909,123.28799896240234,120.4379997253418,118.18599929809571
122.4259033203125,124.5999984741211,125.16000366210938,123.30000305175781,124.62999725341797,5705000,2024-05-22,2,22,5,1.492777394164958,-0.024070271971423224,1.2068554958507758,1.67149202756332,123.88199920654297,121.15899963378907,118.64899940490723
121.9248046875,124.08999633789062,126.69999694824219,123.16000366210938,126.55000305175781,6108600,2024-05-23,3,23,5,2.852762825855514,-1.9439009518325077,1.5743959741527056,1.8513153468969912,124.26799774169922,121.90399932861328,119.10899925231934
120.76539611816406,122.91000366210938,123.51000213623047,121.41999816894531,123.41999816894531,7173400,2024-05-24,4,24,5,1.700434386960694,-0.41321869583713966,1.6715678717877593,1.8739349732760382,124.14999847412109,122.52799987792969,119.39399948120118
122.31781768798828,124.48999786376953,124.81999969482422,123.01000213623047,123.23999786376953,6911400,2024-05-28,1,28,5,1.4539301065571917,1.0142810951536692,1.7310653482506169,1.9342540413522435,124.14399871826171,123.33999938964844,119.79399948120117
121.58089447021484,123.73999786376953,123.91999816894531,122.7699966430664,122.98999786376953,4735100,2024-05-29,2,29,5,0.929369278917388,0.6098056858499511,1.6858547984911492,1.496041333068319,123.96599884033203,123.62699890136719,120.29349937438965
115.04693603515625,117.08999633789062,121.44000244140625,117.02999877929688,120.16999816894531,10839600,2024-05-30,3,30,5,3.7663368349447,-2.563037262199635,2.140566686647097,1.6737110912489368,122.46399841308593,123.17299880981446,120.41649932861328
115.14521789550781,117.19000244140625,117.41999816894531,114.55000305175781,116.58999633789062,12755600,2024-05-31,4,31,5,2.4490102034279473,0.5146291468924498,2.0598161621615843,1.8171060681571451,121.08399963378906,122.67599868774414,120.52799949645996
117.19873046875,119.27999877929688,119.33000183105469,117.33999633789062,117.52999877929688,7256300,2024-06-03,0,3,6,1.6683480160375912,1.4889815520939713,2.0533988879769636,1.8624833798823617,120.35799865722656,122.25399856567383,120.70199928283691
117.97494506835938,120.06999969482422,120.37000274658203,118.72000122070312,119.0199966430664,7368000,2024-06-04,1,4,6,1.374199658593013,0.8822072604376779,2.0374527983841277,1.8842590733173723,119.4739990234375,121.8089988708496,120.78849945068359
120.49028015136719,122.62999725341797,122.79000091552734,120.51000213623047,121.6500015258789,5973700,2024-06-05,2,5,6,1.8592504528767138,0.8055862846253935,2.223429033175993,1.9546419158335708,119.25199890136719,121.6089988708496,121.0234992980957
121.34510803222656,123.5,124.2699966430664,122.25,122.87999725341797,7347200,2024-06-06,3,6,6,1.6356248121995192,0.5045595381186303,1.7972866286269569,1.9689266576370272,120.53399963378907,121.4989990234375,121.32899932861328
123.7228775024414,125.91999816894531,126.22000122070312,123.2699966430664,124.20999908447266,11545000,2024-06-07,4,7,6,2.342760975646405,1.3767000217991476,1.7760367830706485,1.9179264726161165,122.27999877929688,121.68199920654297,121.79299926757812
122.32765197753906,124.5,126.94999694824219,124.05000305175781,125.7300033569336,10164700,2024-06-10,0,10,6,2.3293123666541167,-0.9782894488929186,1.9082296531939533,1.9808142705854586,123.3239990234375,121.84099884033203,122.18449935913085
121.71846008300781,123.87999725341797,124.83000183105469,122.29000091552734,124.05000305175781,18373900,2024-06-11,1,11,6,2.050372111593878,-0.13704618634222174,2.043464143794126,2.040458471089127,124.08599853515625,121.77999877929688,122.55999908447265
137.93057250976562,140.3800048828125,140.9600067138672,133.9600067138672,134.69000244140625,40871300,2024-06-12,2,12,6,4.98646513500517,4.224517290272938,2.668907080219818,2.4461680566979056,127.63600006103516,123.44399948120117,123.53549919128417
137.40982055664062,139.85000610351562,142.39999389648438,138.77000427246094,140.42999267578125,13733200,2024-06-13,3,13,6,2.595630651125288,-0.4130076212456075,2.8609082480049715,2.3290974383159644,130.90600128173827,125.72000045776367,124.44649963378906
135.71983337402344,138.1300048828125,139.97000122070312,137.3800048828125,139.25999450683594,11330800,2024-06-14,4,14,6,1.875042529744309,-0.8114244352982285,2.767364558824552,2.2717006709476,133.3480026245117,127.81400070190429,125.24499969482422
138.84434509277344,141.30999755859375,141.44000244140625,138.25,138.8000030517578,11232800,2024-06-17,0,17,6,2.257449930309089,1.808353351332401,2.752992071555547,2.33061086237475,136.71000213623046,130.017000579834,126.1354995727539
142.11622619628906,144.63999938964844,145.05999755859375,141.22000122070312,141.22000122070312,11629400,2024-06-18,1,18,6,2.6548647359614446,2.4217519752038736,2.87389059642906,2.458677370111593,140.86200256347655,132.4740005493164,127.14149971008301
140.4164276123047,142.91000366210938,145.32000732421875,141.9499969482422,145.32000732421875,8940000,2024-06-20,3,20,6,2.358134692896992,-1.6584114647974757,2.348224508007424,2.508565794113621,141.36800231933594,134.50200119018555,128.05550003051758
139.03102111816406,141.5,143.72000122070312,140.44000244140625,143.72000122070312,14844100,2024-06-21,4,21,6,2.318020338725707,-1.5446710282822693,2.2927024455275085,2.57680534676624,141.6980010986328,136.30200119018554,128.90050010681153
137.44912719726562,139.88999938964844,141.52999877929688,139.1199951171875,140.0,7793300,2024-06-24,0,24,6,1.7227848113692323,-0.07857186453683035,2.262250901852493,2.5148077303385223,142.05,137.69900131225586,129.6905002593994
136.74168395996094,139.1699981689453,139.5500030517578,137.55999755859375,139.0,8205500,2024-06-25,1,25,6,1.42990983642056,0.12230084096785072,2.096742883074787,2.424867477315167,141.62200012207032,139.1660011291504,130.5034999847412
135.81808471679688,138.22999572753906,140.75,138.0800018310547,139.49000549316406,8036300,2024-06-26,2,26,6,1.9315620715261141,-0.9032975238406947,1.952082350187721,2.412986473308391,140.33999938964843,140.6010009765625,131.19049987792968
137.73406982421875,140.17999267578125,141.4199981689453,138.80999755859375,139.25,7518200,2024-06-27,3,27,6,1.861892386018429,0.6678582949955116,1.8528338888120086,2.1005291984097165,139.79399719238282,140.58099975585938,132.01249961853028
138.7362518310547,141.1999969482422,142.82000732421875,139.27000427246094,139.44000244140625,25814800,2024-06-28,4,28,6,2.5141665215892957,1.2621876620918022,1.8920631253847262,2.0923827854561172,139.73399658203124,140.71599884033202,133.21799964904784
140.59327697753906,143.08999633789062,144.05999755859375,141.07000732421875,141.69000244140625,6552400,2024-07-01,0,1,7,2.0895871905080496,0.988068228076516,1.9654236012124897,2.113837251532491,140.37399597167968,141.21199798583984,134.51299934387208
140.77996826171875,143.27999877929688,144.22000122070312,142.5500030517578,142.6300048828125,5920500,2024-07-02,1,2,7,1.1655487040572319,0.4557203072512142,1.9125513747398242,2.0046471289073056,141.19599609375,141.40899810791015,135.71299934387207
141.86077880859375,144.3800048828125,144.64999389648438,143.5,143.75,3560800,2024-07-03,2,3,7,0.7965049574681613,0.43826426630434784,1.6855399519282337,1.8188111510579774,142.42599792480468,141.38299865722655,136.9284996032715
142.3029327392578,144.8300018310547,145.7899932861328,144.02000427246094,144.9499969482422,5365500,2024-07-05,4,5,7,1.2221148873122165,-0.08278380111339159,1.557584452186991,1.7052091704994996,143.3559997558594,141.5749984741211,138.03849983215332
142.4994354248047,145.02999877929688,145.22999572753906,143.42999267578125,144.75999450683594,8622600,2024-07-08,0,8,7,1.2411246410454801,0.18651857053516757,1.3029760760782279,1.5975196007314771,144.12200012207032,141.9279983520508,139.11499977111816
138.22532653808594,140.67999267578125,145.6999969482422,138.0,145.1300048828125,14334200,2024-07-09,1,9,7,5.473412957866737,-3.0662248034956536,1.9797412295499655,1.9725824153812277,143.63999938964844,142.00699768066406,139.85299949645997
139.59109497070312,142.07000732421875,142.3800048828125,139.74000549316406,141.1199951171875,6350300,2024-07-10,2,10,7,1.8582383709065915,0.6731946144430845,2.1182791629198374,2.015415268829831,143.39800109863282,142.2969985961914,140.7314998626709
140.66505432128906,142.75999450683594,143.47999572753906,141.67999267578125,142.36000061035156,5245100,2024-07-11,3,11,7,1.260859569220298,0.2809735141679185,2.2111500852702646,1.9483450185992488,143.0739990234375,142.7499984741211,141.6754997253418
142.6455841064453,144.77000427246094,145.1300048828125,141.25999450683594,142.7100067138672,7361800,2024-07-12,4,12,7,2.673212862999646,1.4434850127391798,2.5013696804077505,2.0294770662973702,143.06199951171874,143.20899963378906,141.8949996948242
140.9705352783203,143.07000732421875,146.58999633789062,141.9199981689453,145.72999572753906,8687800,2024-07-15,0,15,7,3.2641349897762817,-1.825285446582667,2.9059717501539106,2.1044739131160695,142.6700012207031,143.39600067138673,142.05599975585938
140.51727294921875,142.61000061035156,143.5,142.0500030517578,143.07000732421875,7181500,2024-07-16,1,16,7,1.016756848773856,-0.3215256100635692,2.014640528335335,1.99719087894265,143.05600280761718,143.3480010986328,142.27999954223634
137.21644592285156,139.25999450683594,141.7899932861328,138.67999267578125,140.47999572753906,9157000,2024-07-17,2,17,7,2.233233328325961,-0.8684519204209811,2.0896395198192086,2.103959341369523,142.49400024414064,142.9460006713867,142.17749938964843
136.00450134277344,138.02999877929688,140.05999755859375,137.1999969482422,139.36000061035156,5998700,2024-07-18,3,18,7,2.0720137909474023,-0.9543641111005391,2.2518703641646294,2.2315102247174474,141.54800109863282,142.31100006103514,141.84699935913085
136.52670288085938,138.55999755859375,140.44000244140625,138.0800018310547,138.35000610351562,6111900,2024-07-19,4,19,7,1.7032337268579798,0.15178275808748873,2.0578745369362963,2.279622108672023,140.30599975585938,141.68399963378906,141.62949905395507
138.11306762695312,140.1699981689453,140.67999267578125,139.1199951171875,139.74000549316406,5387200,2024-07-22,0,22,7,1.1129325668632046,0.30770907319184615,1.6276340523536805,2.266802901253796,139.7259979248047,141.1979995727539,141.56299896240233
141.00994873046875,143.11000061035156,143.22000122070312,141.2100067138672,141.3000030517578,6697400,2024-07-23,1,23,7,1.4045101657909913,1.2809607356701562,1.7051847157571078,1.859912622046221,139.82599792480468,141.44100036621094,141.7239990234375
136.733642578125,138.77000427246094,142.66000366210938,138.39999389648438,141.6999969482422,8018800,2024-07-24,2,24,7,3.069834715332933,-2.0677436407083825,1.8725049931585023,1.9810722564888554,139.72799987792968,141.11100006103516,141.7039993286133
135.79757690429688,137.82000732421875,141.07000732421875,137.6999969482422,140.14999389648438,7654600,2024-07-25,3,25,7,2.4452257995086897,-1.6624949509356148,1.9471473948707598,2.099508879517695,139.68600158691407,140.61700134277345,141.68349990844726
136.97012329101562,139.00999450683594,139.9600067138672,138.3800048828125,138.8699951171875,5139400,2024-07-26,4,26,7,1.136610239184629,0.1008132746964504,1.8338226973360894,1.9458486171361926,139.7760009765625,140.04100036621094,141.625
136.28038024902344,138.30999755859375,139.77999877929688,137.82000732421875,139.27000427246094,4054600,2024-07-29,0,29,7,1.4171003468117283,-0.68931333698323,1.8946562533257942,1.7611451528397375,139.40400085449218,139.56499938964845,141.4805000305176
133.67913818359375,135.6699981689453,139.57000732421875,134.9600067138672,139.07000732421875,6505700,2024-07-30,1,30,7,3.3979514060366407,-2.444818419651678,2.293344501374924,1.999264608566016,137.91600036621094,138.87099914550782,141.1095001220703
137.40365600585938,139.4499969482422,141.5500030517578,138.66000366210938,139.69000244140625,7188000,2024-07-31,2,31,7,2.072427000999563,-0.17181293504861533,2.09386295850825,1.983183975833376,138.0519989013672,138.88999938964844,140.9180000305176
135.49212646484375,137.50999450683594,140.38999938964844,135.77000427246094,139.2899932861328,5906800,2024-08-01,3,1,8,3.3597522374694226,-1.277908582880293,2.2767682461003966,2.111957820485578,137.98999633789063,138.83799896240234,140.57449951171876
131.32418823242188,133.27999877929688,134.3000030517578,131.8000030517578,132.77000427246094,8251600,2024-08-02,4,2,8,1.875750317299927,0.38411876962010477,2.4245962617234564,2.129209479529773,136.8439971923828,138.30999908447265,139.99699935913085
125.98373413085938,127.86000061035156,129.97000122070312,126.66000366210938,127.88999938964844,10355000,2024-08-05,0,5,8,2.588767044261825,-0.023456704543000518,2.6589296012134755,2.276792927269635,134.75399780273438,137.0789993286133,139.13849945068358
126.32859802246094,128.2100067138672,131.0399932861328,128.0800018310547,130.5399932861328,8373900,2024-08-06,1,6,8,2.3087054832499065,-1.7848833247282985,2.4410804166561286,2.367212459015527,133.26199951171876,135.58899993896483,138.5150001525879
124.05249786376953,125.9000015258789,130.3000030517578,125.75,128.9199981689453,8617700,2024-08-07,2,7,8,3.6139817288425955,-2.342535437449202,2.7493913622247352,2.421627160366493,130.5520004272461,134.30199966430663,137.7064998626709
127.06759643554688,128.9600067138672,129.82000732421875,127.6500015258789,128.0,6243200,2024-08-08,3,8,8,1.6826967163196502,0.7500052452087402,2.4139802579947807,2.3453742520475886,128.84200286865234,133.41599960327147,137.01650047302246
130.12208557128906,132.05999755859375,132.3699951171875,128.33999633789062,128.39999389648438,5597300,2024-08-09,4,9,8,3.0516423245493423,2.8504702773273163,2.6491586594446637,2.5368774605840603,128.5980026245117,132.72099990844725,136.3810001373291
130.63446044921875,132.5800018310547,132.7100067138672,131.2100067138672,132.25,5600800,2024-08-12,0,12,8,1.1313923512472375,0.24952879474834594,2.3576837208417465,2.508306661027611,129.54200286865233,132.14800033569335,135.8564998626709
132.28981018066406,134.25999450683594,134.5399932861328,132.80999755859375,132.97000122070312,4324000,2024-08-13,1,13,8,1.2885414854169226,0.9701385833573742,2.15365092127515,2.2973656689656394,130.7520004272461,132.00699996948242,135.43899955749512
133.61016845703125,135.60000610351562,135.97000122070312,134.00999450683594,134.0399932861328,4044600,2024-08-14,2,14,8,1.4454326147824352,1.1638413126839544,1.7199410984631176,2.2346662303439264,132.69200134277344,131.62200088500975,135.2560001373291
134.92062377929688,136.92999267578125,137.25,135.72000122070312,136.92999267578125,4698100,2024-08-15,3,15,8,1.1173584029318986,0.0,1.6068734357855672,2.010426846890174,134.28599853515624,131.5640007019043,135.20099983215331
135.45269775390625,137.47000122070312,137.82000732421875,136.38999938964844,136.7899932861328,4893800,2024-08-16,4,16,8,1.04023272122802,0.49711818696261956,1.2045915151213027,1.926875087282983,135.3679992675781,131.9830009460449,135.1465000152588
135.89610290527344,137.9199981689453,137.9499969482422,136.4600067138672,137.52999877929688,3641600,2024-08-19,0,19,8,1.0803293606122544,0.283574051559685,1.1943789169943062,1.7760313189180263,136.43599853515624,132.9890007019043,135.03400001525878
137.12777709960938,139.1699981689453,139.7899932861328,137.82000732421875,137.82000732421875,3738300,2024-08-20,1,20,8,1.4155248888647678,0.9795318335390425,1.2197755976838753,1.6867132594795122,137.41799926757812,134.08499984741212,134.83699989318848
138.1426544189453,140.1999969482422,140.3000030517578,138.5500030517578,138.8000030517578,3776800,2024-08-21,2,21,8,1.2482168602657315,1.0086411136189417,1.1803324467805345,1.4501367726218262,138.33799743652344,135.51499938964844,134.90849952697755
136.0537567138672,138.0800018310547,141.0800018310547,137.64999389648438,140.6999969482422,5162200,2024-08-22,3,22,8,2.4840729208325456,-1.8621145515385402,1.453675350360664,1.5302743930731155,138.56799926757813,136.4269989013672,134.92149925231934
137.14747619628906,139.19000244140625,139.7899932861328,137.25999450683594,138.72999572753906,4544600,2024-08-23,4,23,8,1.8176584057191243,0.33158417648237,1.6091604872588845,1.4068760011900936,138.91199951171876,137.13999938964844,134.93049964904785
136.86172485351562,138.89999389648438,139.39999389648438,138.19000244140625,139.38999938964844,2729600,2024-08-26,0,26,8,0.8711241960023949,-0.3515356161199983,1.5673194543369129,1.3808491856656093,139.10799865722657,137.7719985961914,134.9599994659424
136.4478759765625,138.47999572753906,139.5,137.74000549316406,137.85000610351562,3872200,2024-08-27,1,27,8,1.2709377246795603,0.45701095112782203,1.5384020214998713,1.3790888095918734,138.96999816894532,138.19399871826172,135.10049934387206
135.85671997070312,137.8800048828125,138.9499969482422,136.91000366210938,138.8300018310547,3022600,2024-08-28,2,28,8,1.4795425107989018,-0.6842879317960824,1.5846671516065054,1.38249979919352,138.50599975585936,138.4219985961914,135.0219997406006
137.37408447265625,139.4199981689453,141.16000366210938,138.85000610351562,139.13999938964844,4588400,2024-08-29,3,29,8,1.656862422128681,0.20123528857633874,1.4192250518657326,1.4364502011131983,138.7739990234375,138.6709991455078,135.11749992370605
139.21665954589844,141.2899932861328,141.72000122070312,140.10000610351562,140.3300018310547,7980700,2024-08-30,4,30,8,1.1465745588272298,0.6840956620480007,1.2850082824873534,1.447084384873119,139.19399719238282,139.0529983520508,135.51799964904785
137.45294189453125,139.5,142.1999969482422,138.8300018310547,140.4499969482422,6831200,2024-09-03,1,3,9,2.4157671090949817,-0.6763951362649547,1.5939368651058707,1.580628159721392,139.31399841308593,139.21099853515625,136.09999961853026
138.68458557128906,140.75,141.10000610351562,137.9499969482422,138.44000244140625,6243300,2024-09-04,2,4,9,2.238017161828375,1.6685910992897013,1.7873527525356336,1.6628773870177525,139.76799926757812,139.3689987182617,136.7269992828369
140.51727294921875,142.61000061035156,143.27999877929688,140.30999755859375,141.39999389648438,8733200,2024-09-05,3,5,9,2.0826037500819865,0.8557332150615262,1.9079650003922506,1.746316075999378,140.71399841308593,139.60999908447266,137.56249923706054
139.72901916503906,141.80999755859375,143.94000244140625,139.39999389648438,143.7899932861328,11154800,2024-09-06,4,6,9,3.2014728320166648,-1.377005229841689,2.2168870823698477,1.81805606711779,141.19199829101564,139.98299865722657,138.2049987792969
137.8372039794922,139.88999938964844,143.3000030517578,139.50999450683594,142.49000549316406,20233400,2024-09-09,0,9,9,2.7092776906555103,-1.8246936650166385,2.5294277087355037,1.9072179956114284,140.91199951171876,140.0529983520508,138.59649887084962
153.60240173339844,155.88999938964844,160.52000427246094,153.1199951171875,154.22999572753906,37374200,2024-09-10,1,10,9,4.74694283420776,1.0763169993481154,2.995662853758059,2.294799859431965,144.18999938964845,141.7519989013672,139.7619987487793
154.87347412109375,157.17999267578125,159.44000244140625,154.83999633789062,156.77999877929688,12630100,2024-09-11,2,11,9,2.926585009457382,0.25513069243447084,3.1333764232838606,2.4603645879097473,147.4759979248047,143.62199859619142,140.90799865722656
159.01185607910156,161.3800048828125,162.33999633789062,157.89999389648438,159.0399932861328,16161300,2024-09-12,3,12,9,2.7512717233032657,1.4713353215940561,3.267110017928117,2.587537509160184,151.22999877929686,145.9719985961914,142.1969985961914
159.65231323242188,162.02999877929688,173.94000244140625,161.0,173.6999969482422,25727800,2024-09-13,4,13,9,7.986176966545555,-6.718479202059314,4.2240508448338945,3.2204689636018715,155.2739990234375,148.23299865722657,143.45199890136718
167.83050537109375,170.3300018310547,173.99000549316406,164.50999450683594,164.99000549316406,27384400,2024-09-16,0,16,9,5.565673037290911,3.236557464150078,4.795329914160975,3.6623788114482396,161.36199951171875,151.13699951171876,145.09499893188476
165.01248168945312,167.47000122070312,170.63999938964844,166.77000427246094,170.27999877929688,12580100,2024-09-17,1,17,9,2.3108587143839348,-1.6502217399213406,4.30811309019621,3.6518879719771347,163.6779998779297,153.93399963378906,146.57249908447267
162.1156005859375,164.52999877929688,167.6199951171875,163.72999572753906,167.6199951171875,12274400,2024-09-18,2,18,9,2.364310106673339,-1.8434533038438097,4.1956581096394014,3.6645172664616306,165.14800109863282,156.31199951171874,147.84049911499022
165.13072204589844,167.58999633789062,168.16000366210938,164.50999450683594,167.25,10075900,2024-09-19,3,19,9,2.1779397547777157,0.20328630068198802,4.0809917159342906,3.6740508669312035,166.38999938964844,158.80999908447265,149.20999908447266
165.53469848632812,168.0,168.8300018310547,166.60000610351562,167.1300048828125,12187700,2024-09-20,4,20,9,1.327378409249442,0.5205499262669917,2.749232004475069,3.4866414246544815,167.58399963378906,161.4289993286133,150.70599899291992
163.51478576660156,165.9499969482422,167.3300018310547,164.25999450683594,167.22999572753906,7916100,2024-09-23,0,23,9,1.8499592531937485,-0.7654121939836225,2.0060892476556362,3.4007095809083054,166.70799865722657,164.03499908447264,152.04399871826172
163.36700439453125,165.8000030517578,166.10000610351562,163.9199981689453,165.74000549316406,6155100,2024-09-24,1,24,9,1.3148419146227512,0.036199804878264345,1.8068858877033993,3.0574994889498046,166.3739990234375,165.0259994506836,153.38899917602538
163.83993530273438,166.27999877929688,168.75,165.66000366210938,167.69000244140625,7142400,2024-09-25,2,25,9,1.8583090934418223,-0.8408394308432635,1.7056856850570958,2.9506718973482484,166.7239990234375,165.93600006103514,154.77899932861328
165.6332244873047,168.10000610351562,168.36000061035156,166.47999572753906,167.64999389648438,7096800,2024-09-26,3,26,9,1.1183847796262405,0.26842363460455027,1.4937746900268007,2.787383202980546,166.8260009765625,166.60800018310547,156.28999938964844
166.26385498046875,168.74000549316406,169.11000061035156,166.50999450683594,168.08999633789062,8974400,2024-09-27,4,27,9,1.5408356162587393,0.3867030575494833,1.5364661314286603,2.1428490679518646,166.9740020751953,167.27900085449218,157.75599975585936
167.8994598388672,170.39999389648438,170.52000427246094,166.4499969482422,169.5,10210300,2024-09-30,0,30,9,2.388502036385766,0.5309698504332595,1.6441746880670636,1.8251319678613498,167.86400146484374,167.28600006103517,159.21149978637695
164.70703125,167.16000366210938,170.50999450683594,165.97000122070312,170.22000122070312,7595100,2024-10-01,1,1,10,2.715956680229426,-1.7976721517151393,1.9243976411883987,1.8656417644458991,168.13600158691406,167.25500030517577,160.59449996948243
165.24896240234375,167.7100067138672,169.17999267578125,167.27000427246094,167.60000610351562,7073000,2024-10-02,2,2,10,1.1388637092949232,0.06563282001530613,1.7805085643590188,1.7430971247080573,168.42200317382813,167.5730010986328,161.94250030517577
164.41143798828125,166.86000061035156,167.86000061035156,166.24000549316406,166.88999938964844,4735700,2024-10-03,3,3,10,0.9708708565634512,-0.01797518090154401,1.751005779746461,1.622390234886631,168.17400207519532,167.5000015258789,163.15500030517578
168.35272216796875,170.86000061035156,170.89999389648438,168.1699981689453,168.7100067138672,6386900,2024-10-04,4,4,10,1.5977968616334333,1.2743724799506249,1.7623980288214,1.64943208012503,168.5980010986328,167.78600158691407,164.60750045776368
167.47576904296875,169.97000122070312,172.3300018310547,169.5500030517578,170.4199981689453,6791000,2024-10-07,0,7,10,1.6355820199630957,-0.26405172695523943,1.6118140255368658,1.6279943568019646,168.51200256347656,168.18800201416016,166.11150054931642
171.81121826171875,174.3699951171875,174.63999938964844,170.44000244140625,170.60000610351562,7845400,2024-10-08,1,8,10,2.408669533665771,2.20984107783932,1.5503565962241348,1.737377118706267,169.9540008544922,169.0450012207031,167.03550033569337
175.67369079589844,178.2899932861328,178.61000061035156,173.80999755859375,174.55999755859375,8120900,2024-10-09,2,9,10,2.692244787992345,2.136798682233615,1.8610328119636192,1.820770688161319,172.06999816894532,170.24600067138672,168.09100036621095
173.22459411621094,175.41000366210938,178.3000030517578,174.17999267578125,177.64999389648438,7115900,2024-10-10,3,10,10,2.348788717838978,-1.2609008225917695,2.1366163842187245,1.9438110819825927,173.77999877929688,170.97700042724608,168.7925003051758
173.58010864257812,175.77000427246094,177.0,174.39999389648438,175.5,5869400,2024-10-11,4,11,10,1.479209216770205,0.15384858829683049,2.112898855246079,1.9376484420337392,174.76199951171876,171.68000030517578,169.479500579834
173.92575073242188,176.1199951171875,177.22000122070312,175.5,176.5500030517578,4688700,2024-10-14,0,14,10,0.9766075791443573,-0.24356155601099044,1.9811039670823312,1.7964589963095985,175.99199829101562,172.2520004272461,169.7690002441406
171.92105102539062,174.08999633789062,178.22000122070312,173.75,176.94000244140625,5848600,2024-10-15,1,15,10,2.5676381841190437,-1.610718924037206,2.0128976971729857,1.7816271466985605,175.93599853515624,172.94499969482422,170.1
172.5925750732422,174.77000427246094,174.91000366210938,171.63999938964844,173.5,6383000,2024-10-16,2,16,10,1.871032896104473,0.731990935135987,1.8486553187954116,1.854844065379515,175.23200073242188,173.6509994506836,170.61200027465821
173.49124145507812,175.67999267578125,177.75,175.13999938964844,177.5,5474000,2024-10-17,3,17,10,1.4856561470652712,-1.0253562389964788,1.67602880464067,1.906322594429697,175.28599853515624,174.53299865722656,171.01650009155273
172.51356506347656,174.69000244140625,176.97000122070312,174.5800018310547,176.8000030517578,5001300,2024-10-18,4,18,10,1.3681374756692677,-1.1934392386485788,1.6538144564204829,1.8833566558332806,175.06999816894532,174.91599884033204,171.35100021362305
171.5951690673828,173.75999450683594,175.14999389648438,173.16000366210938,174.4499969482422,4198400,2024-10-21,0,21,10,1.1452522429129746,-0.3955302112220545,1.6875433891742062,1.8343236781282684,174.597998046875,175.2949981689453,171.74150009155272
173.1258544921875,175.30999755859375,175.85000610351562,174.27999877929688,175.4499969482422,5510100,2024-10-22,1,22,10,0.8955606332114672,-0.07979446684729061,1.3531278789926908,1.6830127880828383,174.8419982910156,175.38899841308594,172.21699981689454
170.94338989257812,173.10000610351562,176.07000732421875,173.00999450683594,174.5,4830400,2024-10-23,2,23,10,1.7677716403735377,-0.8022887658936247,1.3324756278465038,1.5905654733209575,174.50799865722655,174.86999969482423,172.55800018310546
172.20741271972656,174.3800048828125,174.9499969482422,172.91000366210938,173.32000732421875,3488000,2024-10-24,3,24,10,1.1698550458831196,0.6115840721209294,1.2693154076100732,1.4726721061253716,174.2480010986328,174.76699981689453,172.87200012207032
171.358154296875,173.52000427246094,176.2899932861328,173.10000610351562,174.77999877929688,3674700,2024-10-25,4,25,10,1.83839736288173,-0.7209031443162974,1.3633673850525658,1.5085909207365242,174.01400146484374,174.54199981689453,173.11100006103516
170.2718505859375,172.4199981689453,174.1699981689453,172.13999938964844,174.0500030517578,4330000,2024-10-28,0,28,10,1.1773569196467488,-0.9365152853963353,1.3697883203993206,1.5286658547867635,173.74600219726562,174.1720001220703,173.2120002746582
171.26927185058594,173.42999267578125,174.02000427246094,172.2899932861328,172.2899932861328,4122900,2024-10-29,1,29,10,0.9975269903645181,0.6616747542355341,1.390181591829931,1.3716547354113107,173.37000122070313,174.1059997558594,173.5254997253418
172.38519287109375,174.55999755859375,176.16000366210938,172.7899932861328,173.97999572753906,5822500,2024-10-30,2,30,10,1.9305742570518578,0.33337271255196366,1.422742115165595,1.3776088715060493,173.66199951171876,174.08499908447266,173.8679992675781
165.7489013671875,167.83999633789062,170.8800048828125,167.39999389648438,170.52000427246094,9477500,2024-10-31,3,31,10,2.0734098321369525,-1.571667761800036,1.6034530724163616,1.4363842400132174,172.35399780273437,173.3009994506836,173.91699905395507
167.90176391601562,170.02000427246094,172.27000427246094,169.10000610351562,170.14999389648438,5680600,2024-11-01,4,1,11,1.8644854071790975,-0.07639707827584197,1.6086706812758347,1.4860190331642003,171.65399780273438,172.83399963378906,173.87499923706054
167.4770965576172,169.58999633789062,170.47999572753906,168.72999572753906,170.30999755859375,4804400,2024-11-04,0,4,11,1.0319004881121083,-0.4227592220212525,1.5795793949689068,1.4746838576841137,171.08799743652344,172.41699981689453,173.85599899291992
169.6398162841797,171.77999877929688,171.88999938964844,170.32000732421875,170.47000122070312,5456800,2024-11-05,1,5,11,0.9139551033801177,0.768462221630262,1.5628650175720267,1.4765233047009787,170.75799865722655,172.06399993896486,173.72649917602538
178.98196411132812,181.24000549316406,182.10000610351562,177.4199981689453,178.52000427246094,11085000,2024-11-06,2,6,11,2.5822157320265755,1.523639455302613,1.69319331256697,1.5579677138662826,172.09400024414063,172.87799987792968,173.87399978637694
184.0480499267578,186.3699951171875,186.6699981689453,180.5399932861328,181.0800018310547,7759400,2024-11-07,3,7,11,3.289158686170495,2.9213569873211664,1.936343083373679,1.7698980778950202,175.8,174.07699890136718,174.42199935913087
186.89215087890625,189.25,190.16000366210938,186.25999450683594,186.25999450683594,8520400,2024-11-08,4,8,11,2.060771019959544,1.605285934363284,1.9756002059297681,1.7921354436028014,179.6459991455078,175.6499984741211,175.09599914550782
186.773681640625,189.1300048828125,191.5,187.83999633789062,191.0500030517578,5973600,2024-11-11,0,11,11,1.93517874880676,-1.0049715458131456,2.1562558580686986,1.8679176265188027,183.5540008544922,177.3209991455078,175.74649963378906
187.21804809570312,189.5800018310547,190.61000061035156,187.1999969482422,188.5399932861328,6629900,2024-11-12,1,12,11,1.7987148587266177,0.5516116378255796,2.333207809137998,1.9480364133550125,187.11400146484374,178.93600006103514,176.52099990844727
187.26742553710938,189.6300048828125,191.77000427246094,188.7899932861328,189.0,5695400,2024-11-13,2,13,11,1.5714870587962657,0.3333359168320106,2.1310620744919366,1.9121276935294536,188.79200134277343,180.44300079345703,177.26399993896484
184.71957397460938,187.0500030517578,189.58999633789062,186.7100067138672,188.66000366210938,7804300,2024-11-14,3,14,11,1.5396896963570366,-0.8533873524327279,1.7811682765292445,1.858755679951462,188.9280029296875,182.36400146484374,177.83250045776367
181.45083618164062,183.74000549316406,185.8000030517578,182.3300018310547,184.52000427246094,8986300,2024-11-15,4,15,11,1.8885387596400307,-0.4227177331651989,1.746721824465342,1.861161015197555,187.8260040283203,183.73600158691406,178.28500061035157
183.41600036621094,185.72999572753906,186.17999267578125,182.8800048828125,184.3000030517578,6289400,2024-11-18,0,18,11,1.7767662030261089,0.7759048573535068,1.7150393153092118,1.9356475866889553,187.14600219726563,185.3500015258789,178.8835006713867
186.5465087890625,188.89999389648438,189.32000732421875,184.32000732421875,184.88999938964844,8117000,2024-11-19,1,19,11,2.646903208869323,2.168854194425644,1.884676985337753,2.108942397237876,187.01000061035157,187.06200103759767,179.56300048828126
188.37347412109375,190.75,190.97000122070312,187.82000732421875,190.89999389648438,4860200,2024-11-20,2,20,11,1.6513729470429228,-0.0785719755264682,1.9006541629870846,2.0158581187395104,187.23399963378907,188.01300048828125,180.44550018310548
190.0325469970703,192.42999267578125,196.0399932861328,191.63999938964844,191.94000244140625,11394300,2024-11-21,3,21,11,2.2865426721175295,0.2552830197678985,2.050024758139183,1.915596517334214,188.30999755859375,188.61900024414064,181.3479995727539
189.894287109375,192.2899932861328,194.1999969482422,191.05999755859375,193.0,6879400,2024-11-22,4,22,11,1.6329499710242497,-0.3678791263560557,1.9989070004160268,1.8728144124406847,190.0199951171875,188.9229995727539,182.2864990234375
185.64788818359375,187.99000549316406,194.75,187.99000549316406,194.5,15138500,2024-11-25,0,25,11,3.5959329269139007,-3.34704087755061,2.3627403451935853,2.0388898302513985,190.4719970703125,188.80899963378906,183.06499938964845
187.9982147216797,190.3699951171875,192.39999389648438,188.32000732421875,188.32000732421875,6427200,2024-11-26,1,26,11,2.1431878325962432,1.0885661179055788,2.261997269938969,2.073337127638361,190.76599731445313,188.88799896240235,183.91199951171876
180.4237823486328,182.6999969482422,188.9600067138672,182.22000122070312,188.9600067138672,8368800,2024-11-27,2,27,11,3.689110895318441,-3.3128754991548153,2.669544859594073,2.2850995112905785,189.15599670410157,188.19499816894532,184.31899948120116
182.53709411621094,184.83999633789062,185.92999267578125,184.0,184.00999450683594,4628000,2024-11-29,4,29,11,1.0441423469048285,0.4510634508082946,2.4210647945515325,2.2355447763453578,187.63799743652345,187.9739974975586,185.16899948120118
179.1498565673828,181.41000366210938,185.2899932861328,181.0,185.2899932861328,8859700,2024-12-02,0,2,12,2.3648052475227703,-2.094009263647492,2.5674358498512366,2.2831714251336317,185.46199951171874,187.74099731445312,185.7384994506836
180.61138916015625,182.88999938964844,183.0399932861328,179.11000061035156,181.17999267578125,8917100,2024-12-03,1,3,12,2.1488286340951714,0.9438165266554668,2.278014991287491,2.320377668240538,184.44199829101564,187.45699768066407,186.40349960327148
185.84536743164062,188.19000244140625,189.7899932861328,185.89999389648438,188.0,8906300,2024-12-04,2,4,12,2.0670595351416745,0.10106512840757978,2.262789331796577,2.2623933008677732,184.00599975585936,187.38599853515626,187.22399978637696
183.91966247558594,186.24000549316406,189.02000427246094,185.85000610351562,189.02000427246094,6398100,2024-12-05,3,5,12,1.7021037776234749,-1.470743157581181,1.8653879082575837,2.267466383925828,184.71400146484376,186.93499908447265,187.47399978637696
189.30177307128906,191.69000244140625,192.6300048828125,186.3800048828125,187.0,10503400,2024-12-06,4,6,12,3.2604725965875208,2.508022695939171,2.3086539581941223,2.364859376372827,186.08400268554686,186.86100006103516,187.7400001525879
188.07720947265625,190.4499969482422,198.30999755859375,188.92999267578125,196.3000030517578,20158000,2024-12-09,0,9,12,4.9251798546164665,-2.9801355132802376,2.8207288796128616,2.6940823647320493,187.89200134277343,186.6770004272461,187.8
175.52557373046875,177.74000549316406,177.8000030517578,171.05999755859375,173.4600067138672,26502000,2024-12-10,1,10,12,3.7920587852256396,2.46742684978503,3.149374909838955,2.713694950563223,186.86200256347655,185.6520004272461,187.2305000305176
176.3551025390625,178.5800018310547,181.3800048828125,174.8300018310547,178.0,13188700,2024-12-11,2,11,12,3.6678256157452793,0.3258437253116222,3.469528125959676,2.8661587288781267,184.94000244140625,184.4730010986328,186.68050003051758
173.1357421875,175.32000732421875,178.1699981689453,174.80999755859375,178.0,8154200,2024-12-12,3,12,12,1.9164958190641208,-1.505613862798455,3.5124065342478055,2.6888972212526947,182.7560028076172,183.73500213623046,185.9650001525879
171.22975158691406,173.38999938964844,176.13999938964844,171.63999938964844,175.0,8351100,2024-12-13,4,13,12,2.5953053900689125,-0.9200003487723214,3.379373092944084,2.844013525569103,179.09600219726562,182.59000244140626,185.28199996948243
169.09666442871094,171.22999572753906,174.27000427246094,170.92999267578125,173.83999633789062,9572000,2024-12-16,0,16,12,1.9505995912038154,-1.5013809625712007,2.7844570402615534,2.8025929599372073,175.252001953125,181.5720016479492,184.65649948120117
167.59561157226562,169.7100067138672,172.99000549316406,169.27000427246094,170.75,8940200,2024-12-17,1,17,12,2.1919751773830787,-0.6090736668420571,2.464440318693041,2.806907614265998,173.64600219726563,180.2540023803711,183.8555000305176
163.34918212890625,165.41000366210938,171.22999572753906,165.36000061035156,169.41000366210938,8817900,2024-12-18,2,18,12,3.5487546020362886,-2.3611356552344196,2.4406261159512432,2.9550771209554596,171.01200256347656,177.97600250244142,182.68100051879884
166.6870574951172,168.7899932861328,171.0,167.39999389648438,167.5500030517578,8386400,2024-12-19,3,19,12,2.1328314750347164,0.740071746815758,2.4838932471453625,2.9981498906965838,169.70599975585938,176.2310012817383,181.58300018310547
167.54623413085938,169.66000366210938,171.25999450683594,165.6300048828125,167.72999572753906,13810500,2024-12-20,4,20,12,3.3183953215255046,1.1506635567471315,2.6285112334366807,3.0039421631903824,168.96000061035156,174.0280014038086,180.4445007324219
167.03271484375,169.13999938964844,169.6199951171875,167.1699981689453,169.58999633789062,6518200,2024-12-23,0,23,12,1.4485023986538634,-0.2653440403086128,2.5280917949266906,2.6562744175941218,168.54200134277343,171.89700164794922,179.28700103759766
169.27444458007812,171.41000366210938,171.77000427246094,169.02999877929688,169.6999969482422,2451500,2024-12-24,1,24,12,1.5985096754126886,1.0076645519261458,2.4093986945326122,2.436919506612827,168.8820007324219,171.26400146484374,178.45800094604493
169.54104614257812,171.67999267578125,172.5500030517578,170.5,170.5,4100100,2024-12-26,3,26,12,1.1940838415745136,0.6920778157074781,1.9384645424402571,2.18954532919575,170.13599853515626,170.5740005493164,177.52350082397462
166.85496520996094,168.9600067138672,171.14999389648438,167.1999969482422,170.3800048828125,4344300,2024-12-27,4,27,12,2.3378295402955827,-0.8334300553178106,1.9794641554924304,2.2316787013188963,170.1700012207031,169.93800048828126,176.83650131225585
164.8304901123047,166.91000366210938,167.91000366210938,164.5500030517578,166.50999450683594,5254800,2024-12-30,0,30,12,2.0130612525499116,0.24023131852125276,1.7183973416973122,2.1734542875669964,169.62000122070313,169.29000091552734,175.94000167846679
164.56385803222656,166.63999938964844,167.3000030517578,165.83999633789062,167.1999969482422,4307500,2024-12-31,1,31,12,0.8761442146031849,-0.334926775607,1.6039257048871765,2.0660087499069335,169.12000122070313,168.83100128173828,175.20150146484374
163.96145629882812,166.02999877929688,168.69000244140625,164.89999389648438,168.52000427246094,5360800,2025-01-02,3,2,1,2.2827251537596656,-1.477572650151524,1.7407688005565718,2.075083747544592,168.04400024414062,168.46300048828124,174.35850143432617
164.2478485107422,166.32000732421875,167.1999969482422,165.27000427246094,166.6999969482422,5876000,2025-01-03,4,3,1,1.1604092056218984,-0.22794818895012844,1.7340338733660488,1.836249207903153,166.9720031738281,168.5540008544922,173.2650016784668
163.6256866455078,165.69000244140625,168.0500030517578,165.19000244140625,167.30999755859375,6845400,2025-01-06,0,6,1,1.7261153770354722,-0.9682596024306082,1.6116910407140268,1.7955775981032285,166.31800231933593,168.24400177001954,172.2375015258789
160.0113067626953,162.02999877929688,166.16000366210938,161.32000732421875,165.5800018310547,7712200,2025-01-07,1,7,1,2.9870989164687,-2.143980560756345,1.8064985734977843,1.7624479575975482,165.34200134277344,167.4810012817383,170.75450134277344
161.1074676513672,163.13999938964844,163.97999572753906,161.42999267578125,162.17999267578125,7596200,2025-01-08,2,8,1,1.5630765362866708,0.5919390536577251,1.9438850378344814,1.7739053713608286,164.64200134277343,166.8810012817383,169.38900146484374
152.9501190185547,154.5,159.1999969482422,153.9199981689453,159.1999969482422,13593900,2025-01-10,4,10,1,3.4174749380562295,-2.9522594461922083,2.170834994693794,1.955801897625183,162.33600158691405,165.19000091552735,168.22700119018555
152.37596130371094,153.9199981689453,154.14999389648438,152.4199981689453,153.74000549316406,8828500,2025-01-13,0,13,1,1.1239577365640223,0.11707601752964243,2.163544700882219,1.948789287124134,159.8559997558594,163.41400146484375,166.99400100708007
154.74195861816406,156.30999755859375,157.25,154.35000610351562,156.4199981689453,7410200,2025-01-14,1,14,1,1.8552836938003883,-0.07032387906868123,2.189378364235202,1.9005347024746144,157.97999877929686,162.1490005493164,166.04350051879882
156.72189331054688,158.30999755859375,159.14999389648438,157.25999450683594,158.6699981689453,10701200,2025-01-15,2,15,1,1.1938597806805664,-0.22688637707567663,1.8307305370775755,1.8186145552876802,157.23599853515626,161.28899993896485,165.28950042724608
157.93955993652344,159.5399932861328,161.5,158.41000366210938,160.14999389648438,9210600,2025-01-16,3,16,1,1.9368161388528822,-0.380893308522913,1.9054784575908177,1.9246817477126494,156.51599731445313,160.5789993286133,164.7050003051758
159.41461181640625,161.02999877929688,163.16000366210938,160.5399932861328,161.77000427246094,11618300,2025-01-17,4,17,1,1.6270324758354338,-0.4574429582864504,1.5473899651466585,1.8591124799202265,157.8219970703125,160.0789993286133,164.27099990844727
170.8388671875,172.57000732421875,173.3699951171875,162.75,163.8699951171875,30232000,2025-01-21,1,21,1,6.154021363187989,5.309094078394068,2.553402690471452,2.3584736956768353,161.5519989013672,160.7039993286133,164.62900009155274
182.37197875976562,184.22000122070312,191.99000549316406,180.57000732421875,191.50999450683594,48028500,2025-01-22,2,22,1,6.199108725042122,-3.8065863376506948,3.422167696719799,2.8057730304775004,167.13399963378907,162.55699920654297,165.40050048828124
184.5994110107422,186.47000122070312,186.57000732421875,181.5,181.63999938964844,17314600,2025-01-23,3,23,1,2.7189399319078484,2.659106940808516,3.7271837269652552,2.7789571320214153,172.76600036621093,165.0009994506836,166.24100036621093
181.75820922851562,183.60000610351562,189.10000610351562,181.8699951171875,188.63999938964844,12147200,2025-01-24,4,24,1,3.9379143496606246,-2.6717521747454906,4.127403369126804,3.0164409133588106,177.5780029296875,167.0470001220703,166.9640007019043
156.69219970703125,158.27999877929688,172.52000427246094,152.66000366210938,168.89999389648438,42201600,2025-01-27,0,27,1,12.547384864491965,-6.2877415636239125,6.31147384685811,3.9294319060023843,177.0280029296875,167.425,166.30750045776367
162.35482788085938,164.0,165.8300018310547,156.75,162.99000549316406,20319300,2025-01-28,1,28,1,5.536586482350419,0.6196665272695493,6.187986870690596,4.370694780581024,175.31400146484376,168.43300018310546,165.92350082397462
160.3946990966797,162.02000427246094,164.02999877929688,160.00999450683594,164.02999877929688,9866600,2025-01-29,2,29,1,2.481177735127508,-1.225382260436638,5.444400672707673,4.433284184713736,170.8740020751953,169.00400085449218,165.5765007019043
168.6708221435547,170.3800048828125,171.49000549316406,164.10000610351562,164.77999877929688,14981700,2025-01-30,3,30,1,4.337363057790311,3.398474417405576,5.7680852978841655,4.74763451242471,167.6560028076172,170.21100158691405,165.75000076293946
168.35403442382812,170.05999755859375,173.0,169.1300048828125,170.41000366210938,8704600,2025-01-31,4,31,1,2.2756645729423246,-0.20539058505603963,5.435635342540506,4.781519355833654,164.9480010986328,171.26300201416015,165.9210006713867
166.90869140625,168.60000610351562,169.89999389648438,163.1999969482422,163.1999969482422,8250600,2025-02-03,0,3,2,3.9739007744332935,3.3088292011341247,3.7209385245287714,5.016206185693441,167.01200256347656,172.02000274658204,166.04950103759765
166.205810546875,167.88999938964844,170.39999389648438,166.35000610351562,170.39999389648438,6777000,2025-02-04,1,4,2,2.4122865016928814,-1.4730015239089294,3.0960785283972636,4.64203269954393,167.79000244140624,171.552001953125,166.12800064086915
169.93798828125,171.66000366210938,171.88999938964844,168.52000427246094,168.99000549316406,7866700,2025-02-05,2,5,2,1.9631801498856436,1.5799740115715415,2.9924790113488906,4.218439842028282,169.71800231933594,170.29600219726564,166.4265007019043
170.62107849121094,172.35000610351562,175.64999389648438,171.57000732421875,173.0,7036900,2025-02-06,3,6,2,2.367268017278243,-0.3757190153088873,2.598460003246477,4.183272650565321,170.11200256347655,168.88400268554688,166.94250106811523
172.7099151611328,174.4600067138672,177.38999938964844,173.17999267578125,175.0,9991300,2025-02-07,4,7,2,2.4131643653849233,-0.30856759207589285,2.625959961734997,4.0307976521377515,170.99200439453125,167.97000274658203,167.50850143432618
177.1251678466797,178.9199981689453,179.99000549316406,174.9199981689453,176.0,7625900,2025-02-10,0,10,2,2.833672801310557,1.6590898687189275,2.3979143671104497,3.0594264458196103,173.05600280761718,170.03400268554688,168.72950134277343
175.4125213623047,177.19000244140625,179.1199951171875,176.4499969482422,177.6199951171875,6528800,2025-02-11,1,11,2,1.5068559919616435,-0.24208573786839468,2.216828265164202,2.6564533967807327,174.91600341796874,171.3530029296875,169.89300155639648
170.49237060546875,172.22000122070312,174.88999938964844,170.7100067138672,174.88999938964844,7454800,2025-02-12,2,12,2,2.4271238219447646,-1.5266728676673247,2.3096169995760265,2.651048005462459,175.0280029296875,172.3730026245117,170.68850173950196
172.1159210205078,173.86000061035156,174.3800048828125,172.10000610351562,173.0,6421700,2025-02-13,3,13,2,1.3113992702707518,0.4971101793939668,2.0984432501745283,2.3484516267105024,175.3300018310547,172.72100219726562,171.46600189208985
172.41290283203125,174.16000366210938,175.02999877929688,172.80999755859375,174.25,7260900,2025-02-14,4,14,2,1.2746906143905379,-0.05164782662302726,1.8707484999756514,2.248354230855324,175.27000122070314,173.1310028076172,172.19700241088867
177.996337890625,179.8000030517578,182.24000549316406,176.08999633789062,176.75,11430500,2025-02-18,1,18,2,3.420472219626757,1.7256028581373761,1.988108383638891,2.1930113753746703,175.4460021972656,174.2510025024414,173.13550262451173
179.69908142089844,181.52000427246094,181.67999267578125,175.6999969482422,178.5800018310547,8688500,2025-02-19,2,19,2,3.2944003893714697,1.6463223268345772,2.3456172631208565,2.2812227641425293,176.31200256347657,175.61400299072267,173.58300247192383
174.23443603515625,176.0,180.27000427246094,174.42999267578125,179.80999755859375,8737000,2025-02-20,3,20,2,3.3181884072043677,-2.1189019578025445,2.5238301801727765,2.4167235898744015,177.06800231933593,176.04800262451172,173.17200241088867
166.12660217285156,167.80999755859375,176.8800048828125,167.5500030517578,176.1199951171875,9713900,2025-02-21,4,21,2,5.5598605367936775,-4.718372580617213,3.373522433477362,2.735982841825945,175.85800170898438,175.59400177001953,172.2390022277832
168.2550506591797,169.9600067138672,174.1699981689453,164.66000366210938,173.57000732421875,10639100,2025-02-24,0,24,2,5.595430766748733,-2.079852772955347,4.237670463949001,3.0542094819623262,175.01800231933595,175.14400177001954,171.55700225830077
166.84927368164062,168.5399932861328,170.60000610351562,164.44000244140625,169.2899932861328,8316100,2025-02-25,1,25,2,3.6549210320967833,-0.4430267763862185,4.2845602264430065,3.1363343050409487,172.76600036621093,174.1060012817383,172.07000198364258
170.7398681640625,172.47000122070312,173.8699951171875,169.1300048828125,170.97999572753906,6915100,2025-02-26,2,26,2,2.748298371210318,0.871450187388251,4.175339822810775,3.260478542965816,170.95599975585938,173.63400115966797,172.49350204467774
163.10720825195312,164.75999450683594,174.86000061035156,164.5800018310547,173.0,7436800,2025-02-27,3,27,2,6.239377957050341,-4.763008955586163,4.759577732779971,3.6417039564763742,168.70799865722657,172.88800048828125,172.6305015563965
164.3941650390625,166.05999755859375,166.14999389648438,160.80999755859375,163.11000061035156,12843300,2025-02-28,4,28,2,3.2157030087914005,1.8085935486502411,4.290746227179515,3.8321343303284388,168.35799865722657,172.10800018310547,172.41450119018555
160.3946990966797,162.02000427246094,167.1199951171875,161.1300048828125,166.9499969482422,8081800,2025-03-03,0,3,3,3.6970683103439086,-2.9529756010176182,3.91107373589855,4.074372099923775,166.7699981689453,170.8940002441406,172.01250152587892
155.8903350830078,157.47000122070312,159.75999450683594,153.52000427246094,159.22000122070312,13171900,2025-03-04,1,4,3,3.9626533219043423,-1.0991081438155712,3.9726201938600623,4.128590210151534,164.55599975585938,168.66100006103517,171.45600128173828
159.93930053710938,161.55999755859375,162.49000549316406,157.0500030517578,158.05999755859375,7141000,2025-03-05,2,5,3,3.3671716536349274,2.214349015602464,4.096394850344984,4.1358673365778795,162.3739990234375,166.66499938964844,171.13950119018554
149.42584228515625,150.94000244140625,157.16000366210938,149.72999572753906,157.16000366210938,12321200,2025-03-06,3,6,3,4.9224909330809,-3.9577507481330896,3.8330174455510955,4.296297589165533,159.61000061035156,164.15899963378905,170.1035011291504
153.603515625,155.16000366210938,156.47999572753906,148.5,150.6199951171875,12646500,2025-03-07,4,7,3,5.143075237944072,3.0142137113930945,4.21849189138163,4.254619059280572,157.43000183105468,162.8940002441406,169.24400100708007
147.2974090576172,148.7899932861328,152.52000427246094,146.8000030517578,150.52999877929688,21486100,2025-03-10,0,10,3,3.8443453718713405,-1.1559194228887313,4.247947303687116,4.079510519792834,154.78399963378905,160.7769989013672,167.96050033569335
142.73362731933594,144.17999267578125,145.77999877929688,137.6999969482422,143.4199981689453,27200200,2025-03-11,1,11,3,5.604107533299891,0.5299083227854195,4.576238145966227,4.274429169913144,152.1259979248047,158.34099884033202,166.22350006103517
149.3763427734375,150.88999938964844,152.22999572753906,145.00999450683594,146.22999572753906,15373900,2025-03-12,2,12,3,4.78494350182789,3.1867631801016123,4.859792515604819,4.478093682974901,149.99199829101562,156.18299865722656,164.90849990844725
146.17874145507812,147.66000366210938,150.1699981689453,145.47999572753906,149.7899932861328,14187700,2025-03-13,3,13,3,3.1762172051264406,-1.4219839238223844,4.5105377700139275,4.171777607782511,149.33599853515625,154.4729995727539,163.68050003051758
147.77259826660156,149.27000427246094,150.8800048828125,147.8800048828125,148.9199981689453,9330000,2025-03-14,4,14,3,2.0097808763535183,0.23502961846571707,3.8838788976958156,4.051185394538724,148.15799865722656,152.79400024414062,162.45100021362305
152.46502685546875,154.00999450683594,155.75,150.39999389648438,150.39999389648438,9885000,2025-03-17,0,17,3,3.473804489537955,2.4002664606730058,3.809770721229139,4.0288590124581285,149.20199890136718,151.9929992675781,161.44349975585936
147.95079040527344,149.4499969482422,152.4199981689453,148.6300048828125,152.3699951171875,9402500,2025-03-18,1,18,3,2.5359607651550307,-1.9163866000648926,3.196141367600167,3.886189756783196,150.25599975585936,151.19099884033204,159.9259994506836
150.92066955566406,152.4499969482422,154.07000732421875,150.0,150.05999755859375,6909500,2025-03-19,2,19,3,2.669732637384404,1.5926958740054737,2.7730991947114694,3.816445855158144,150.56799926757813,150.27999877929688,158.47249908447264
151.18798828125,152.72000122070312,154.49000549316406,150.82000732421875,151.5800018310547,7051600,2025-03-20,3,20,3,2.403089405192984,0.7520776988240424,2.6184736347247783,3.5645057023693525,151.5799987792969,150.45799865722657,157.30849914550782
150.70291137695312,152.22999572753906,153.83999633789062,150.11000061035156,151.64999389648438,17620200,2025-03-21,4,21,3,2.450237030956108,0.3824608337607941,2.7065648656452965,3.2952218816705567,152.1719970703125,150.16499786376954,156.52949905395508
153.31640625,154.8699951171875,156.60000610351562,154.02999877929688,156.33999633789062,7848300,2025-03-24,0,24,3,1.659461099791518,-0.9402592139800727,2.343696187696009,3.076733454462574,152.3439971923828,150.772998046875,155.7749984741211
152.38583374023438,153.92999267578125,155.60000610351562,153.0500030517578,154.50999450683594,8521200,2025-03-25,1,25,3,1.6565992159363103,-0.37538143270662444,2.167823877852265,2.681982622726216,153.23999633789063,151.747998046875,155.04449844360352
146.31735229492188,147.8000030517578,153.02999877929688,146.55999755859375,152.88999938964844,13210000,2025-03-26,2,26,3,4.377537947977855,-3.3291885396104255,2.509384939970955,2.6412420673412123,152.30999755859375,151.43899841308593,153.81099853515624
144.31761169433594,145.77999877929688,147.0399932861328,144.9199981689453,145.85000610351562,9148300,2025-03-27,3,27,3,1.4542427870349068,-0.04799953465141646,2.3196156163393398,2.469044625532059,150.9219970703125,151.2509979248047,152.86199874877929
139.45684814453125,140.8699951171875,145.64999389648438,139.11000061035156,143.77999877929688,13144500,2025-03-28,4,28,3,4.642573658565329,-2.0239280058530587,2.7580829418611836,2.7323239037532403,148.64999694824218,150.41099700927734,151.60249862670898
138.407470703125,139.80999755859375,140.58999633789062,136.75999450683594,138.63999938964844,15509900,2025-03-31,0,31,3,2.7394334439134447,0.8439109738142934,2.9740774106855694,2.658886799190789,145.63799743652345,148.99099731445312,150.49199829101562
140.51611328125,141.94000244140625,143.25,138.75999450683594,139.75999450683594,9518500,2025-04-01,1,1,4,3.163312255836804,1.5598225674398436,3.275420018665668,2.7216219482589663,143.23999938964843,148.23999786376953,149.7154983520508
144.3968048095703,145.86000061035156,147.88999938964844,139.86000061035156,139.86000061035156,11594400,2025-04-02,2,2,4,5.50527817475341,4.290004271282634,3.500968064020779,3.005176501995867,142.85199890136718,147.58099822998048,148.93049850463868
135.85337829589844,137.22999572753906,141.39999389648438,136.63999938964844,139.25,14433800,2025-04-03,3,3,4,3.468625413562343,-1.450631434442325,3.9038445893262663,3.111730102832803,141.14199829101562,146.03199768066406,148.2449981689453
126.98326110839844,128.27000427246094,133.82000732421875,126.94999694824219,132.91000366210938,14986900,2025-04-04,4,4,4,5.355897830473158,-3.4910836368980034,4.046509423707832,3.402296182784508,138.62200012207032,143.63599853515626,146.9004981994629
125.8843994140625,127.16000366210938,134.11000061035156,118.86000061035156,118.86000061035156,19482700,2025-04-07,0,7,4,11.992764675064361,6.983007747885677,5.897175669938015,4.435626540311792,136.09200134277344,140.86499938964843,145.81899871826172
123.2510757446289,124.5,132.99000549316406,121.69999694824219,132.5399932861328,11950300,2025-04-08,1,8,4,9.068279955760543,-6.066088496606261,7.078169209922763,5.176794614294215,132.6040008544922,137.9220001220703,144.83499908447266
138.2886962890625,139.69000244140625,140.58999633789062,123.4000015258789,123.4000015258789,17762000,2025-04-09,2,9,4,12.305816101064325,13.200973026010116,8.438276795184946,5.969622429602863,131.37000122070313,137.11100006103516,144.27499923706054
132.4865264892578,133.35000610351562,136.64999389648438,129.25999450683594,136.64999389648438,12401600,2025-04-10,3,10,4,5.541806562732215,-2.4149198246350227,8.85291302501892,6.378378807172593,130.59400329589843,135.86800079345704,143.55949935913085
131.4929962158203,132.35000610351562,133.0,128.83999633789062,132.11000061035156,10190200,2025-04-11,4,11,4,3.1431835816129,0.1816709500077443,8.410370175246868,6.228439799477351,131.41000366210938,135.01600189208983,142.7134994506836
133.76817321777344,134.63999938964844,136.8000030517578,132.8699951171875,136.8000030517578,8217700,2025-04-14,0,14,4,2.9189007370661533,-1.5789500101781029,6.595597387647227,6.2463865287926215,132.9060028076172,134.4990020751953,141.74499969482423
133.0727081298828,133.94000244140625,136.47999572753906,133.72000122070312,134.75999450683594,8630000,2025-04-15,1,15,4,2.0606200212989636,-0.6084833028010341,5.194065400754911,6.136117305338837,134.79400329589845,133.69900207519532,140.96949996948243
128.9197540283203,129.75999450683594,132.5399932861328,127.8499984741211,132.27999877929688,8295200,2025-04-16,2,16,4,3.614361136370612,-1.9050531416056702,3.455774407816169,5.947025601500558,132.80800170898436,132.08900146484376,139.83499984741212
127.78713989257812,128.6199951171875,131.3000030517578,128.44000244140625,130.89999389648438,8925500,2025-04-17,3,17,4,2.223604975062995,-1.7417867728090932,2.7921340902823246,5.822523557650623,131.86199951171875,131.2280014038086,138.62999954223633
122.02470397949219,122.81999969482422,127.19999694824219,121.23999786376953,126.88999938964844,12201200,2025-04-21,0,21,4,4.852629131478346,-3.2075023361976984,3.134023200255414,5.7721966877511415,129.95599822998048,130.68300094604493,137.15949974060058
126.41607666015625,127.23999786376953,127.98999786376953,123.38999938964844,124.5,11233700,2025-04-22,1,22,4,3.615214202570262,2.2008014970036394,3.2732858933562357,4.934441640501732,128.4759979248047,130.69100036621094,135.7779998779297
130.5491485595703,131.39999389648438,135.8699951171875,130.99000549316406,134.91000366210938,9528900,2025-04-23,2,23,4,3.7138431131647125,-2.6017416576579753,3.6039305117293856,4.398997956242149,127.9679962158203,131.38099975585936,134.65149993896483
136.61956787109375,137.50999450683594,137.86000061035156,132.0,132.50999450683594,7305900,2025-04-24,3,24,4,4.261508868041042,3.7733002847132857,3.7333600580634716,3.59456723293982,129.51799621582032,131.16299896240236,134.13699951171876
137.59324645996094,138.49000549316406,139.0,136.75999450683594,137.49000549316406,5476400,2025-04-25,4,25,4,1.6174492052241491,0.7273255946227448,3.6121289040957025,3.2021314971890136,131.49199829101562,131.6769989013672,133.77249984741212
139.23252868652344,140.13999938964844,140.6699981689453,138.0800018310547,139.64999389648438,6985100,2025-04-28,0,28,4,1.848149243021859,0.35088114184042096,3.0112329264044044,3.0726280633299092,134.95599822998048,132.45599822998048,133.73600006103516
139.87832641601562,140.7899932861328,141.16000366210938,139.5500030517578,139.80999755859375,4851500,2025-04-29,1,29,4,1.1435476149782162,0.7009482473729037,2.516899608885996,2.895092751121116,137.66599731445314,133.0709976196289,133.7849998474121
139.8087921142578,140.72000122070312,141.3000030517578,135.57000732421875,138.47999572753906,9443500,2025-04-30,2,30,4,4.071912789818858,1.6175661194930264,2.588513544216825,3.096222027973105,139.52999877929688,133.7489974975586,133.72399978637696
144.54791259765625,145.49000549316406,148.63999938964844,145.33999633789062,146.55999755859375,11525800,2025-05-01,3,1,5,2.268199138883712,-0.7300710175038803,2.189851598385359,2.961605828224415,141.1260009765625,135.3219985961914,133.70550003051758
149.7539825439453,150.72999572753906,153.05999755859375,148.3300018310547,148.3300018310547,11346000,2025-05-02,4,2,5,3.1380586887888238,1.6180097531569686,2.493973495098294,3.053051199596998,143.5739990234375,137.53299865722656,134.38050003051757
148.32327270507812,149.2899932861328,150.82000732421875,148.52000427246094,149.44000244140625,5187400,2025-05-05,0,5,5,1.540627741438484,-0.10038085708159326,2.4324691947816186,2.721851060593012,145.40399780273438,140.17999801635742,135.43149948120117
146.74359130859375,147.6999969482422,148.94000244140625,145.72000122070312,146.97999572753906,5108600,2025-05-06,1,6,5,2.1800956582494004,0.4898634110983453,2.6397788034358554,2.5783392061609254,146.78599853515624,142.2259979248047,136.4584991455078
148.40277099609375,149.3699951171875,149.89999389648438,147.24000549316406,147.5,6049600,2025-05-07,2,7,5,1.7808050413561518,1.2677932997881356,2.1815572537433146,2.3850353989800697,148.51599731445313,144.022998046875,137.70199890136718
149.32675170898438,150.3000030517578,151.80999755859375,148.61000061035156,149.0500030517578,6113600,2025-05-08,3,8,5,2.1290731092934347,0.838644732912844,2.153732047825259,2.171791823105309,149.47799682617188,145.3019989013672,138.23249893188478
149.3665008544922,150.33999633789062,151.8000030517578,149.7899932861328,150.0399932861328,4707100,2025-05-09,4,9,5,1.3369760639793307,0.1999487237950575,1.7935155228633604,2.143744508980827,149.39999694824218,146.48699798583985,139.0819984436035
156.20193481445312,157.22000122070312,157.42999267578125,154.4199981689453,156.30999755859375,7875500,2025-05-12,0,12,5,1.9145111839876858,0.5821787961888072,1.8682922113732008,2.15038070307741,150.98599853515626,148.19499816894532,140.32549819946288
161.21925354003906,162.27000427246094,163.22000122070312,157.57000732421875,158.22000122070312,11955200,2025-05-13,1,13,5,3.4818473825869263,2.5597288715150563,2.128642556240706,2.3842106798382807,153.9,150.34299926757814,141.7069984436035
161.89483642578125,162.9499969482422,163.41000366210938,161.05999755859375,162.36000061035156,7499400,2025-05-14,2,14,5,1.4421639444780459,0.3633877406212628,2.0609143368650846,2.1212357953041994,156.61600036621093,152.56599884033204,143.15749816894532
158.36782836914062,159.39999389648438,161.74000549316406,158.91000366210938,161.36000061035156,10169200,2025-05-15,3,15,5,1.7754089958701713,-1.214679416493166,1.990181514180432,2.0719567810028456,158.43599853515624,153.95699768066407,144.63949813842774
159.45077514648438,160.49000549316406,160.83999633789062,158.52000427246094,160.0,8515500,2025-05-16,4,16,5,1.4455679394493544,0.30625343322753906,2.0118998892744364,1.9027077060688984,160.46600036621095,154.93299865722656,146.23299865722657
158.6062774658203,159.63999938964844,161.97000122070312,157.8300018310547,158.3000030517578,10268900,2025-05-19,0,19,5,2.5933346313435828,0.8464916690194246,2.1476645787456166,2.0079783950594083,160.95,155.96799926757814,148.07399864196776
159.2719268798828,160.30999755859375,160.36000061035156,157.52999877929688,158.6300048828125,7576400,2025-05-20,1,20,5,1.7653308428379921,1.0590636223092473,1.8043612707958292,1.9665019135182675,160.55799865722656,157.22899932861327,149.72749862670898
156.16220092773438,157.17999267578125,160.89999389648438,156.4600067138672,158.35000610351562,6011000,2025-05-21,2,21,5,2.8247788455975122,-0.7388780439765318,2.0808842510197225,2.0708992939424036,159.40399780273438,158.00999908447267,151.01649856567383
156.29136657714844,157.30999755859375,159.19000244140625,156.82000732421875,156.97999572753906,7603300,2025-05-22,3,22,5,1.5065762850226607,0.21021903429495073,2.027117708850221,2.0086496115153265,158.98599853515626,158.71099853515625,152.00649871826172
154.9600372314453,155.97000122070312,157.3800048828125,154.25999450683594,154.99000549316406,6527500,2025-05-23,4,23,5,2.000391326253589,0.6322960789767091,2.1380823862110674,2.074991137742752,158.08199768066407,159.2739990234375,152.88049850463867
160.861572265625,161.91000366210938,162.39999389648438,158.9199981689453,159.32000732421875,6976800,2025-05-27,1,27,5,2.1493395397615327,1.6256566776449748,2.049283367894657,2.0984739733201367,158.53599853515624,159.7429992675781,153.96899871826173
162.7890167236328,163.85000610351562,164.32000732421875,161.27999877929688,161.8699951171875,8090700,2025-05-28,2,28,5,1.8553606540614265,1.2232106295516194,2.067289330139344,1.9358253004675867,159.24400024414064,159.9009994506836,155.12199935913085
161.8451690673828,162.89999389648438,165.32000732421875,161.49000549316406,165.0,6994700,2025-05-29,3,29,5,2.3511368781809048,-1.2727309718276516,1.9725609366560228,2.0267225938378726,160.38800048828125,159.8959991455078,156.23099899291992
164.4581298828125,165.52999877929688,165.75,161.5500030517578,163.42999267578125,17547900,2025-05-30,4,30,5,2.537302591201063,1.2849575950735668,2.178706197891703,2.102911953370962,162.03200073242186,160.50899963378907,157.23299865722657
165.4914093017578,166.57000732421875,167.0,162.60000610351562,164.1699981689453,7166000,2025-06-02,0,2,6,2.6415283082266097,1.461904843784927,2.3069335942863076,2.2225079902486873,164.152001953125,161.11699981689452,158.02499923706054
168.04476928710938,169.13999938964844,169.3300018310547,166.58999633789062,166.8000030517578,7155300,2025-06-03,1,3,6,1.6199630501664495,1.4028754766656253,2.2010582963672904,2.1251708321309737,165.5980010986328,162.06699981689454,159.01749954223632
167.01148986816406,168.10000610351562,170.47999572753906,167.57000732421875,169.7100067138672,6375800,2025-06-04,2,4,6,1.7311054715419512,-0.9486774772603951,2.1762072598633955,2.12174829500137,166.4480010986328,162.84600067138672,160.0375
170.0318145751953,171.13999938964844,172.25999450683594,168.75999450683594,169.0,7707800,2025-06-05,3,5,6,2.0451092745602177,1.2662718281943417,2.115001739139258,2.0437813378976406,168.09600219726562,164.24200134277345,161.12600021362306
172.89317321777344,174.02000427246094,174.7899932861328,172.66000366210938,174.0,6833700,2025-06-06,4,6,6,1.223991249125899,0.01149670831088362,1.8523394707242258,2.0155228343079643,169.79400329589845,165.91300201416016,162.3120002746582
176.0028839111328,177.14999389648438,178.72000122070312,173.7899932861328,174.86000061035156,9668900,2025-06-09,0,9,6,2.782956875206616,1.3096152797321028,1.8806251841202268,2.093779389203267,171.91000061035157,168.03100128173827,163.6525001525879
176.33074951171875,177.47999572753906,177.85000610351562,174.27999877929688,177.7100067138672,11056700,2025-06-10,1,10,6,2.011498428081606,-0.12943052030742883,1.9589322597032581,2.079995278035274,173.5779998779297,169.58800048828124,164.66549987792968
175.23788452148438,176.3800048828125,179.5500030517578,176.1999969482422,177.5500030517578,18002900,2025-06-11,2,11,6,1.8993117194556042,-0.6589682618052363,1.9925735092859884,2.084390384574692,175.23399963378907,170.84100036621095,165.37099990844726
198.56582641601562,199.86000061035156,202.49000549316406,188.8800048828125,189.9600067138672,54610000,2025-06-12,3,12,6,6.809767121378986,5.211620102433735,2.9455050786497425,2.5302534088945,180.97799987792968,174.53700103759766,167.21650009155275
213.82638549804688,215.22000122070312,216.60000610351562,201.1999969482422,201.5800018310547,53707400,2025-06-13,4,13,6,7.155473035928981,6.766543935781981,4.131801436010359,2.9920704533672917,189.21799926757814,179.5060012817383,170.00750045776368
209.73306274414062,211.10000610351562,215.1699981689453,209.97999572753906,213.1999969482422,22665300,2025-06-16,0,16,6,2.4585515354562637,-0.9849863390178049,4.066920368060289,2.9737727760902577,196.00800170898438,183.95900115966796,172.53800048828126
206.83193969726562,208.17999267578125,215.8800048828125,207.47999572753906,210.66000366210938,17819200,2025-06-17,1,17,6,4.034974277454021,-1.177257639426404,4.471615537934771,3.2152738988190146,202.14800109863282,187.86300048828124,174.9650001525879
209.50454711914062,210.8699951171875,214.72000122070312,209.57000732421875,211.08999633789062,15055400,2025-06-18,2,18,6,2.4422601677504434,-0.10422152850434951,4.580205227593739,3.286389368439864,209.0459991455078,192.13999938964844,177.49300003051758
203.84144592285156,205.1699981689453,213.8000030517578,204.63999938964844,213.35000610351562,20879100,2025-06-20,4,20,6,4.464592164477506,-3.8340790722084357,4.111170236213442,3.5283376574315923,210.10799865722657,195.54299926757812,179.8925003051758
205.69932556152344,207.0399932861328,207.27000427246094,202.5399932861328,205.50999450683594,13418400,2025-06-23,0,23,6,2.284588069799234,0.7444887451670785,3.136993242987493,3.634397339498926,208.4719970703125,198.84499816894532,182.37900009155274
213.8760528564453,215.27000427246094,216.3699951171875,208.5500030517578,209.99000549316406,19030600,2025-06-24,1,24,6,3.6326436151002963,2.514404800788844,3.3718116589163003,3.719366013488294,209.30599670410157,202.65699920654296,185.34400024414063
209.3555145263672,210.72000122070312,216.92999267578125,210.22999572753906,214.94000244140625,11804600,2025-06-25,2,25,6,3.179573324520234,-1.9633391517493441,3.2007314683295425,3.8361735031321573,209.81399841308593,205.9809997558594,187.7845001220703
211.44192504882812,212.82000732421875,214.4199981689453,210.36000061035156,212.0,10531100,2025-06-26,3,26,6,1.9077142274544625,0.38679590765035377,3.0938222802703463,3.8370137539320432,210.2040008544922,209.625,190.23300018310547
208.87863159179688,210.24000549316406,214.64999389648438,209.9600067138672,213.69000244140625,14127500,2025-06-27,4,27,6,2.2307777112237956,-1.6144868308418763,2.647059389619604,3.379114812916524,211.21800231933594,210.66300048828126,192.60000076293946
217.2143096923828,218.6300048828125,228.22000122070312,218.3800048828125,226.5,31844200,2025-06-30,0,30,6,4.5007529241766,-3.4746115307671084,3.0902923604950776,3.113642801741286,213.53600463867187,211.00400085449218,195.25500106811523
217.5421600341797,218.9600067138672,223.1699981689453,216.30999755859375,219.3000030517578,16962200,2025-07-01,1,1,7,3.132992510050515,-0.15503708762392546,2.9903621394851214,3.1810868992007104,214.2740051269531,211.79000091552734,197.87450103759767
228.4907989501953,229.97999572753906,231.89999389648438,216.72000122070312,217.67999267578125,22326900,2025-07-02,2,2,7,6.600570900855754,5.65049773319213,3.6745616547522255,3.437646561540884,218.12600402832032,213.97000122070312,200.9165008544922
235.78329467773438,237.32000732421875,237.99000549316406,231.1999969482422,233.22000122070312,18441400,2025-07-03,3,3,7,2.861119305312337,1.757999349136297,3.8652426703238,3.4795324752970735,223.0260040283203,216.61500244140626,204.37750091552735
230.75604248046875,232.25999450683594,235.25,229.5,235.11000061035156,16584300,2025-07-07,0,7,7,2.4756738723813085,-1.2122011382403712,3.9142219025553033,3.2806406460874533,227.43000183105468,219.32400207519532,207.43350067138672
232.98153686523438,234.5,241.44000244140625,233.19000244140625,237.1300048828125,20401800,2025-07-08,1,8,7,3.518123667377399,-1.1090983125953313,3.7176960511954626,3.40399420584527,230.6040008544922,222.07000274658202,210.45750045776367
234.2830352783203,235.80999755859375,236.50999450683594,232.0,235.50999450683594,10871600,2025-07-09,2,9,7,1.9125544097066114,0.1273844247612619,3.4736084311266824,3.231985285305902,233.9739990234375,224.1240020751953,213.39050064086913
233.97439575195312,235.0,240.05999755859375,233.5,239.94000244140625,11486300,2025-07-10,3,10,7,2.791488322805851,-2.0588490419027177,2.7117919155167014,3.1931767851344635,234.97799987792968,226.552001953125,216.2665008544922
229.5537872314453,230.55999755859375,234.0,229.8699951171875,231.3699951171875,10208200,2025-07-11,4,11,7,1.7912929070720147,-0.3500875548635817,2.4978266358686367,3.181534653096219,233.6259979248047,228.3260009765625,218.97550048828126
228.2793731689453,229.27999877929688,230.63999938964844,225.1199951171875,229.4499969482422,11337000,2025-07-14,0,14,7,2.4075385126700257,-0.0740894186996479,2.4841995639263805,3.1992107332408417,233.02999877929688,230.2300003051758,220.4465003967285
233.93458557128906,234.9600067138672,235.60000610351562,229.1999969482422,232.41000366210938,10728800,2025-07-15,1,15,7,2.7238717110981905,1.0972002115129043,2.325349172670539,3.0215226119330008,233.12200012207032,231.86300048828124,221.43350067138672
240.24691772460938,241.3000030517578,241.3300018310547,233.19000244140625,235.5,12597500,2025-07-16,2,16,7,3.3733938196024154,2.4628463064789012,2.6175170546496997,3.045562742888191,234.22000122070312,234.0970001220703,222.94350051879883
247.66441345214844,248.75,251.60000610351562,242.00999450683594,243.33999633789062,17631300,2025-07-17,3,17,7,3.8552810438913316,2.22322829930403,2.8302755988667956,2.7710337571917485,236.97000122070312,235.9740005493164,224.97200088500978
244.37879943847656,245.4499969482422,249.67999267578125,245.0,248.5,9678100,2025-07-18,4,18,7,1.906699015672881,-1.2273654131822183,2.853356820586969,2.675591728227803,239.9480010986328,236.78699951171876,226.7010009765625
242.4771270751953,243.5399932861328,246.8000030517578,243.24000549316406,245.30999755859375,7348400,2025-07-21,0,21,7,1.4617712313111313,-0.7215377644925219,2.66420336431519,2.5742014641207853,242.8,237.91499938964844,228.61950073242187
237.07083129882812,238.11000061035156,242.2899932861328,235.41000366210938,241.97999572753906,11380900,2025-07-22,1,22,7,2.889416490860459,-1.5993037381259307,2.6973123202676437,2.511330746469091,243.42999877929688,238.2759994506836,230.17300109863282
240.8442840576172,241.89999389648438,243.4199981689453,238.66000366210938,239.9499969482422,7255800,2025-07-23,2,23,7,1.967753049581667,0.8126680446104805,2.416184166263494,2.5168506104565966,243.54999694824218,238.88499908447267,231.50450057983397
241.77024841308594,242.8300018310547,244.0800018310547,240.55999755859375,242.41000366210938,8237900,2025-07-24,3,24,7,1.44957552440737,0.17325942106363723,1.9350430623667016,2.382659330616749,242.36599731445312,239.66799926757812,233.11000061035156
244.0502471923828,245.1199951171875,245.47000122070312,241.42999267578125,242.33999633789062,7149600,2025-07-25,4,25,7,1.6481758426073805,1.1471481477703618,1.8833384277536016,2.368347624170285,242.29999694824218,241.1239990234375,234.725
246.62893676757812,247.7100067138672,247.77999877929688,243.4199981689453,246.0,6756800,2025-07-28,0,28,7,1.7601229228449584,0.695124680433816,1.9430087660603672,2.303606065187778,243.13399963378907,242.96699981689454,236.59850006103517
248.88902282714844,249.97999572753906,253.07000732421875,246.58999633789062,248.6999969482422,8415300,2025-07-29,1,29,7,2.592211815777007,0.5146758323295275,1.883567831043677,2.29044007565566,245.50799865722655,244.46899871826173,238.16599960327147
249.50633239746094,250.60000610351562,251.0500030517578,245.60000610351562,248.63999938964844,8441400,2025-07-30,2,30,7,2.1747792559873087,0.7882909904595133,1.9249730723248049,2.1705786192941496,247.2480010986328,245.3989990234375,239.7479995727539
252.66249084472656,253.77000427246094,260.8699951171875,253.32000732421875,255.77000427246094,15548700,2025-07-31,3,31,7,2.975130104369105,-0.7819525224191203,2.230083988317152,2.0825635253419272,249.43600158691407,245.9009994506836,240.9375
243.35330200195312,244.4199981689453,248.41000366210938,242.0,247.8300018310547,12718200,2025-08-01,4,1,8,2.622536498702828,-1.3759446543659266,2.4249561195362417,2.1541472736449214,249.29600219726564,245.7979995727539,241.29249954223633
251.42791748046875,252.52999877929688,252.91000366210938,245.89999389648438,245.89999389648438,8614800,2025-08-04,0,4,8,2.7759116934663766,2.6962200274000447,2.628113873660525,2.285561319860446,250.26000061035157,246.6970001220703,242.30599975585938
254.55419921875,255.6699981689453,258.489990234375,251.3699951171875,255.41000366210938,11197300,2025-08-05,1,5,8,2.7848379427306313,0.10179495834465949,2.66663909905125,2.2751034650474633,251.39800109863282,248.4529998779297,243.36449966430663
255.31088256835938,256.42999267578125,256.8399963378906,251.72000122070312,256.8399963378906,9930200,2025-08-06,2,6,8,1.9966444111165247,-0.1596338841128105,2.6310121300770932,2.277992601200949,252.56399841308593,249.90599975585937,244.395499420166
248.30160522460938,249.38999938964844,257.760009765625,246.52000427246094,257.7099914550781,11954200,2025-08-07,3,7,8,4.50699928652817,-3.2284320908372544,2.937385966508906,2.583734977413029,251.68799743652343,250.56199951171874,245.11499938964843
248.95872497558594,250.0500030517578,250.88999938964844,247.86000061035156,250.02999877929688,8313300,2025-08-08,4,8,8,1.2117571454976932,0.008000748933569128,2.6552300958678794,2.5400931077020603,252.81399841308593,251.05500030517578,246.08949966430663
251.57725524902344,252.67999267578125,254.69000244140625,245.55999755859375,248.39999389648438,9012100,2025-08-11,0,11,8,3.613267827867714,1.7230269261119535,2.822701322748147,2.725407598204336,252.8439971923828,251.5519989013672,247.25949935913087
252.75210571289062,253.86000061035156,257.8699951171875,251.0800018310547,252.5800018310547,9998400,2025-08-12,1,12,8,2.674699940836579,0.5067696452678936,2.800673722369336,2.733656410710293,252.48199768066405,251.93999938964845,248.2044990539551
243.1143341064453,244.17999267578125,257.6700134277344,242.63999938964844,257.1700134277344,14182100,2025-08-13,2,13,8,6.155301207680262,-5.051141297079476,3.6324050816820836,3.1317086058795884,250.03199768066406,251.297998046875,248.34849853515624
243.89096069335938,244.9600067138672,248.9199981689453,242.57000732421875,244.9499969482422,10285600,2025-08-14,3,14,8,2.5922561523048366,0.004086452643277664,3.249456454837417,3.0934212106731613,249.1459991455078,250.41699829101563,248.15899887084962
247.1964569091797,248.27999877929688,250.6300048828125,242.92999267578125,246.9199981689453,11554000,2025-08-15,4,15,8,3.1013421318227126,0.5507859308426835,3.627373452102421,3.1413017739851496,248.79199829101563,250.8029983520508,248.30049896240234
247.98300170898438,249.07000732421875,249.16000366210938,243.6199951171875,246.1999969482422,6759900,2025-08-18,0,18,8,2.2242776657208467,1.165723156600979,3.349575419673047,3.086138371210597,248.07000122070312,250.45699920654297,248.57699966430664
233.5960693359375,234.6199951171875,249.25,232.22999572753906,249.25,16819300,2025-08-19,1,19,8,7.254285494277596,-5.869610785481445,4.265492530361251,3.5330831263652933,244.2220001220703,248.35199890136718,248.40249938964843
234.03414916992188,235.05999755859375,235.8800048828125,228.25,232.17999267578125,11256400,2025-08-20,2,20,8,3.245981860827067,1.2404190600669762,3.6836286609906117,3.658016871336348,242.39800109863282,246.21499938964843,248.0604995727539
232.14244079589844,233.16000366210938,235.9199981689453,232.42999267578125,233.0500030517578,7403100,2025-08-21,3,21,8,1.4968285462122852,0.04720043291616374,3.464543139772102,3.356999797304759,240.03800048828126,244.59199981689454,247.57699966430664
235.3384246826172,236.3699951171875,238.5,231.4600067138672,234.05999755859375,9343600,2025-08-22,4,22,8,2.978378572391358,0.9869253963464959,3.4399504278858304,3.5336619399941256,237.65599975585937,243.2239990234375,247.13949966430664
234.38262939453125,235.41000366210938,239.02999877929688,235.27000427246094,237.35000610351562,6308600,2025-08-25,0,25,8,1.5972110141218823,-0.8173593391694103,3.3145370975660375,3.332056258619543,234.9239990234375,241.49700012207032,246.52449951171874
233.1878662109375,234.2100067138672,236.91000366210938,232.7100067138672,235.0,11805200,2025-08-26,1,26,8,1.7932611023632719,-0.33616735580119683,2.222332219183173,3.2439123747722114,234.84200134277344,239.53200073242186,245.73600006103516
234.78086853027344,235.80999755859375,236.52999877929688,232.67999267578125,235.0,5637600,2025-08-27,2,27,8,1.6326729754360736,0.3446798121675532,1.8996704421049742,2.791649551547793,234.99200134277345,238.69500122070312,244.99649963378906
239.2711944580078,240.32000732421875,241.9499969482422,235.1199951171875,235.5399932861328,8691500,2025-08-28,3,28,8,2.842044616718177,2.0293853164371964,2.1687136562061524,2.8166283979891267,236.42400207519532,238.2310012817383,244.32399978637696
225.14312744140625,226.1300048828125,238.22000122070312,223.11000061035156,237.61000061035156,16618600,2025-08-29,4,29,8,6.681997206952713,-4.831444677433721,2.9094373831184237,3.174693905502127,234.37600402832032,236.01600189208983,243.4095001220703
224.31674194335938,225.3000030517578,225.4499969482422,218.7899932861328,222.0,10461900,2025-09-02,1,2,9,2.956060173944775,1.486487861152168,3.1812072150830017,3.2478721563245196,232.35400390625,233.63900146484374,242.04800033569336
222.4748077392578,223.4499969482422,225.89999389648438,221.75,225.89999389648438,8900800,2025-09-03,2,3,9,1.8572360497483649,-1.0845493645143105,3.1940022045600207,2.7081672118715963,230.202001953125,232.52200164794922,240.4370002746582
222.0267791748047,223.0,223.57000732421875,219.55999755859375,222.0,10303100,2025-09-04,3,4,9,1.7982106572309415,0.45045045045045046,3.227109740918994,2.5633900915119843,227.64000244140624,231.31600189208984,238.76550064086913
231.78402709960938,232.8000030517578,234.6199951171875,225.88999938964844,232.5500030517578,15386100,2025-09-05,4,5,9,3.7499981155920112,0.10750376122091833,3.408700440693761,2.7887070484499565,226.13600158691406,231.28000183105468,237.9360008239746
237.439208984375,238.47999572753906,242.4199981689453,235.30999755859375,239.88999938964844,18803000,2025-09-08,0,8,9,2.9813823958948173,-0.5877709223797757,2.668577478482182,2.789007430800303,228.6059997558594,231.49100189208986,237.35750045776368
240.45599365234375,241.50999450683594,243.49000549316406,234.55999755859375,239.94000244140625,41178700,2025-09-09,1,9,9,3.697572828323487,0.6543269356734637,2.8168800093579245,2.999043612220463,231.847998046875,232.1010009765625,236.79900054931642
326.8970642089844,328.3299865722656,345.7200012207031,312.0899963378906,319.19000244140625,131618100,2025-09-10,2,10,9,10.242745487217482,2.8634932363012227,4.493981896851748,3.8439920507058845,252.8239959716797,241.51299896240235,240.52249984741212
306.51641845703125,307.8599853515625,331.0,304.6000061035156,330.3399963378906,69986000,2025-09-11,3,11,9,8.57532487255099,-6.805113287987775,5.849404739915757,4.5382572404173755,269.7959930419922,248.7179977416992,243.70649948120118
290.90484619140625,292.17999267578125,307.9700012207031,291.75,305.7900085449219,51781900,2025-09-12,4,12,9,5.551372998596012,-4.450771931333804,6.209679716516558,4.80919007860516,281.6719909667969,253.90399627685548,246.06749877929687
300.8214111328125,302.1400146484375,307.0299987792969,297.2900085449219,306.45001220703125,40004000,2025-09-15,0,15,9,3.2236677573833465,-1.4064276021898166,6.258136788814264,4.4633571336482225,294.40399475097655,261.50499725341797,248.7604995727539
305.31170654296875,306.6499938964844,319.9700012207031,302.2699890136719,314.05999755859375,51923300,2025-09-16,1,16,9,5.772056924614266,-2.359422950936915,6.67303360807242,4.7449568087151714,307.43199462890624,269.63999633789064,251.63949890136718
300.0945739746094,301.4100036621094,308.6600036621094,295.0299987792969,307.69000244140625,27707900,2025-09-17,2,17,9,4.522081124451393,-2.0410148946886184,5.528900735519201,5.011441316185475,302.047998046875,277.43599700927734,254.97899932861327
295.32550048828125,296.6199951171875,303.82000732421875,292.0,303.0400085449219,24673100,2025-09-18,3,18,9,3.9848990353967695,-2.1185365782428325,4.610815568088357,5.230110154002057,299.8,284.7979965209961,258.05699920654297
307.3129577636719,308.6600036621094,311.1099853515625,297.32000732421875,299.0,40776200,2025-09-19,4,19,9,4.467691914641348,3.230770455554975,4.3940793512974246,5.301879533906991,303.09600219726565,292.3839965820313,261.83199920654295
326.7178649902344,328.1499938964844,329.5,306.9200134277344,309.6300048828125,44437500,2025-09-22,0,22,9,6.8809955789267905,5.981328915678326,5.125544915606113,5.691840852210189,308.297998046875,301.35099639892576,266.42099914550784
312.4603576660156,313.8299865722656,325.0,310.04998779296875,324.0,35280200,2025-09-23,1,23,9,4.763729677434349,-3.1388930332513505,4.9238794661701295,5.798456537121274,309.73399658203124,308.58299560546874,270.3419982910156
307.1138000488281,308.4599914550781,312.4700012207031,300.0299987792969,311.8599853515625,33765300,2025-09-24,2,24,9,4.0329387233410205,-1.0902308908440215,4.826050985948055,5.177475860733628,311.143994140625,306.59599609375,274.0544975280762
290.0585632324219,291.3299865722656,298.75,288.54998779296875,295.2699890136719,39274900,2025-09-25,3,25,9,3.501188575554029,-1.334372807262785,4.729308893979507,4.670062231033933,310.08599243164065,304.9429962158203,276.83049697875975
282.2229309082031,283.4599914550781,294.0,283.0,293.0,25990700,2025-09-26,4,26,9,3.8806181936060793,-3.2559756126013224,4.6118941497724535,4.502986750534939,305.0459899902344,304.07099609375,278.98749618530275
281.5259704589844,282.760009765625,285.9800109863281,279.6099853515625,284.6000061035156,25778500,2025-09-29,0,29,9,2.2528028769151733,-0.6465201329691384,3.68625560937013,4.405900262488122,295.9679931640625,302.13299560546875,281.81899642944336
280.0126037597656,281.239990234375,284.0,275.8999938964844,283.69000244140625,23880800,2025-09-30,1,30,9,2.880104673864261,-0.8636230342792144,3.3095306086561123,4.116705037413121,289.4499938964844,299.5919952392578,284.6159957885742
287.7486877441406,289.010009765625,289.989990234375,277.8800048828125,278.79998779296875,23378300,2025-10-01,2,1,10,4.190161220153998,3.6621314274367927,3.340975108018708,4.083513046983382,285.55999755859375,298.35199584960935,287.89399642944335
287.5196838378906,288.7799987792969,294.9700012207031,286.04998779296875,291.79998779296875,16215500,2025-10-02,3,2,10,3.088861231885934,-1.0349517272134188,3.2585096392850885,3.993909266632298,285.05,297.5679962158203,291.1829963684082
284.8912353515625,286.1400146484375,294.6400146484375,284.0,289.6000061035156,13688400,2025-10-03,4,3,10,3.7184644243169647,-1.1947484054407698,3.226078885427266,3.9189865175998606,285.58600463867185,295.3159973144531,293.84999694824216
290.3174133300781,291.5899963378906,296.67999267578125,290.79998779296875,292.3800048828125,14076800,2025-10-06,0,6,10,2.016531759203024,-0.27019923788513334,3.1788246618848364,3.432540135627483,287.352001953125,291.6599975585938,296.50549697875977
282.9994812011719,284.239990234375,293.2200012207031,271.0,293.2200012207031,31723400,2025-10-07,1,7,10,7.8173381593424764,-3.0625506271548577,4.166271358980479,3.737900983818296,287.952001953125,288.7009979248047,298.6419967651367
287.370361328125,288.6300048828125,291.5299987792969,283.6000061035156,285.4200134277344,18982100,2025-10-08,2,8,10,2.747459564711898,1.124655351433814,3.8777310278920596,3.6093530679553836,287.8760009765625,286.71799926757814,296.65699768066406
296.17706298828125,296.9599914550781,300.9700012207031,287.260009765625,291.54998779296875,26479800,2025-10-09,3,9,10,4.61678066055308,1.8556007163859147,4.183314913625489,3.7209122764552887,289.5119995117187,287.2809997558594,296.1119979858398
292.1876220703125,292.9599914550781,307.7200012207031,292.010009765625,300.2799987792969,28895300,2025-10-10,4,10,10,5.362504066527822,-2.4377272392354343,4.51212284206766,3.8691008637474624,290.87599487304686,288.2309997558594,296.1509979248047
307.1979675292969,308.010009765625,310.70001220703125,297.739990234375,298.70001220703125,21703700,2025-10-13,0,13,10,4.207662595938996,3.1168386937128476,4.950349009414855,4.064586835649846,294.1599975585938,290.75599975585936,296.4444976806641
298.2117004394531,299.0,304.4200134277344,291.9800109863281,303.57000732421875,17346200,2025-10-14,1,14,10,4.160535933580686,-1.5054212254038297,4.218988564262497,4.192629961621488,297.11199951171875,292.53200073242186,296.06199798583987
302.81951904296875,303.6199951171875,311.010009765625,298.9200134277344,304.8999938964844,13698900,2025-10-15,2,15,10,3.9819499810031544,-0.4198093817382769,4.4658866475207475,4.171808837706403,300.10999755859376,293.9929992675781,296.17249755859376
312.1748046875,313.0,322.5400085449219,303.07000732421875,305.6000061035156,32500900,2025-10-16,3,16,10,6.220447674346046,2.421463923000637,4.786620050279341,4.484967481952415,303.3179992675781,296.4149993896484,296.9914978027344
290.5419921875,291.30999755859375,304.2799987792969,287.5,303.75,37653000,2025-10-17,4,17,10,5.76018637188096,-4.095474054783951,4.866156511349969,4.689139676708814,302.9880004882813,296.93199768066404,296.1239974975586
276.44921875,277.17999267578125,289.239990234375,275.30999755859375,288.95001220703125,32810700,2025-10-20,0,20,10,5.025612614138145,-4.073375682302045,5.029746514989798,4.990047762202327,296.8219970703125,295.4909973144531,293.57549743652345
274.4245910644531,275.1499938964844,280.29998779296875,272.260009765625,278.1099853515625,18370800,2025-10-21,1,21,10,2.922034601377644,-1.0643240483927108,4.7820462485491895,4.500517406405843,292.0519958496094,294.5819976806641,291.64149780273436
271.941162109375,272.6600036621094,277.20001220703125,269.25,274.82000732421875,16474000,2025-10-22,2,22,10,2.915723648593215,-0.7859703094910088,4.568800982067202,4.517343814793975,285.85999755859376,292.98499755859376,289.85149841308595
279.3316345214844,280.07000732421875,283.1000061035156,272.3900146484375,272.9599914550781,16872200,2025-10-23,3,23,10,3.8240408380037163,2.6047831520066347,4.0895196147987365,4.438069832539038,279.2739990234375,291.29599914550784,289.2884994506836
282.5830078125,283.3299865722656,287.19000244140625,282.25,285.9200134277344,13194900,2025-10-24,4,24,10,1.743550868431027,-0.9058571397008462,3.2861925141087496,4.076174512729359,277.67799682617186,290.33299865722654,289.281999206543
280.6581115722656,281.3999938964844,287.0,279.80999755859375,286.57000732421875,13855800,2025-10-27,0,27,10,2.5550826571983367,-1.8041013698565949,2.792086522720788,3.910916518855293,278.5219970703125,287.6719970703125,289.21399841308596
280.089599609375,280.8299865722656,285.4599914550781,280.5400085449219,283.0,12448500,2025-10-28,1,28,10,1.751943576328234,-0.7667891970792844,2.558068317710906,3.6700572831300478,279.6579956054687,285.85499572753906,289.1934982299805
274.5741882324219,275.29998779296875,281.6199951171875,271.3500061035156,281.4599914550781,18007100,2025-10-29,2,29,10,3.7304720192705267,-2.1885894440142946,2.721017991846368,3.6449094869567853,280.1859924316406,283.0229949951172,288.5079971313477
256.2127380371094,256.8900146484375,269.760009765625,256.2799987792969,268.739990234375,27954200,2025-10-30,3,30,10,5.247386125449822,-4.4094574743427035,3.0056870493355894,3.5476033320671627,275.54999389648435,277.41199645996096,286.9134979248047
261.9176330566406,262.6099853515625,265.80999755859375,256.7099914550781,259.510009765625,16898700,2025-10-31,4,31,10,3.465217094214152,1.1945495238265473,3.3500202944922144,3.3181064043004818,271.40599365234374,274.5419952392578,285.73699645996095
257.1701965332031,257.8500061035156,265.6199951171875,255.22999572753906,265.239990234375,15709200,2025-11-03,0,3,11,4.02947416858982,-2.786150053892453,3.6448985967705108,3.2184925597456493,266.69599609375,272.60899658203124,284.0499969482422
247.51571655273438,248.1699981689453,255.27999877929688,245.19000244140625,249.97999572753906,19772600,2025-11-04,1,4,11,4.065759927604833,-0.7240569603683498,4.107661867025831,3.332865092368368,260.16399841308595,269.91099700927737,282.2464973449707
249.6500701904297,250.30999755859375,252.39999389648438,247.02999877929688,247.91000366210938,11991500,2025-11-05,2,5,11,2.1453378488929378,0.9680907833616359,3.7906350329503127,3.2558265123983405,255.16600036621094,267.6759963989258,280.33049697875975
243.15724182128906,243.8000030517578,249.07000732421875,239.2899932861328,247.94000244140625,18678300,2025-11-06,3,6,11,4.011490531445841,-1.6697585500051821,3.543455914149517,3.274571481742553,252.547998046875,264.0489959716797,277.67249755859376
238.6291961669922,239.25999450683594,240.39999389648438,232.35000610351562,239.0,20969300,2025-11-07,4,7,11,3.3645356423088746,0.10878431248365586,3.5233196237684608,3.436669959130338,247.87799987792968,259.6419967651367,274.9874977111816
240.195068359375,240.8300018310547,247.24000549316406,237.07000732421875,245.9499969482422,16698700,2025-11-10,0,10,11,4.2228950262101055,-2.0817219681710153,3.5620037952925188,3.6034511960315143,244.4739990234375,255.58499755859376,271.6284973144531
235.52740478515625,236.14999389648438,237.4499969482422,228.88999938964844,236.22999572753906,20686600,2025-11-11,1,11,11,3.6248137962459563,-0.03386607649392642,3.4738145690207434,3.790738218023287,242.06999816894532,251.11699829101562,268.48599700927736
226.3915557861328,226.99000549316406,236.80999755859375,226.1699981689453,236.74000549316406,24195000,2025-11-12,2,12,11,4.6874307820433385,-4.1184420772861445,3.9822331556508233,3.8864340943005677,237.40599975585937,246.28600006103517,264.65449752807615
216.99639892578125,217.57000732421875,225.16000366210938,215.22000122070312,224.99000549316406,30009000,2025-11-13,3,13,11,4.568645542486858,-3.297923457835889,4.093664157859027,3.818560036004272,232.16000061035157,242.35399932861327,259.8829978942871
222.26248168945312,222.85000610351562,227.0500030517578,210.77000427246094,210.8300018310547,36053800,2025-11-14,4,14,11,7.30536160350594,5.701277886480777,4.88182935009844,4.20257448693345,228.8780029296875,238.37800140380858,256.4599983215332
219.2803497314453,219.86000061035156,222.8000030517578,215.55999755859375,218.2100067138672,16143800,2025-11-17,0,17,11,3.293007128656937,0.7561495099754829,4.695851770587806,4.128927782940162,224.6840026855469,234.5790008544922,253.59399871826173
219.90869140625,220.49000549316406,223.6999969482422,214.5,216.2100067138672,21098300,2025-11-18,1,18,11,4.172523343026276,1.9795562861995721,4.805393679943871,4.1396041244823065,221.5520050048828,231.81100158691407,250.8609992980957
224.93540954589844,225.52999877929688,228.14999389648438,217.30999755859375,219.05999755859375,21679500,2025-11-19,2,19,11,4.80645430610702,2.953529303757315,4.829198384756606,4.405715770203715,221.26000366210937,229.33300170898437,248.50449905395507
210.13453674316406,210.69000244140625,234.0,210.3000030517578,231.16000366210938,27459600,2025-11-20,3,20,11,11.248752514886535,-8.855338681610545,6.1652197792365415,5.129441968547784,219.88400268554688,226.02200164794922,245.03549880981444
198.23597717285156,198.75999450683594,208.30999755859375,193.5500030517578,207.0800018310547,44834100,2025-11-21,4,21,11,7.426038898551236,-4.017774411170129,6.189355238245601,5.53559229417202,215.06600036621094,221.9720016479492,240.80699920654297
199.75196838378906,200.27999877929688,203.82000732421875,194.3000030517578,196.86000061035156,31144700,2025-11-24,0,24,11,4.7533474787723184,1.7372742854525205,6.481423308268677,5.588637539428242,211.15,217.91700134277343,236.7509994506836
196.5105438232422,197.02999877929688,199.41000366210938,185.6300048828125,194.0800018310547,29595000,2025-11-25,1,25,11,6.993858227006608,1.5199901692138995,7.045690285064744,5.925541982504306,206.45799865722657,214.0050018310547,232.56100006103514
204.41964721679688,204.9600067138672,210.0,202.24000549316406,209.5,26544100,2025-11-26,2,26,11,3.7861018016403647,-2.167061234430937,6.841619784171412,5.835409084464009,202.34400024414063,211.802001953125,229.04400100708008
201.41757202148438,201.9499969482422,202.33999633789062,197.61000061035156,199.50999450683594,13848500,2025-11-28,4,28,11,2.3421618217460605,1.2229975984098613,5.060301645543317,5.61276071238993,200.59599914550782,210.24000091552733,226.2970001220703
200.4102325439453,200.94000244140625,203.5,196.6999969482422,200.5,13461200,2025-12-01,0,1,12,3.3840962322774337,0.21945258923004987,4.251913112288557,5.220634175267079,201.03200073242186,208.04900054931642,223.2135009765625
200.56982421875,201.10000610351562,209.6999969482422,200.0,205.13999938964844,19664500,2025-12-02,1,2,12,4.823469246067125,-1.9693834932987109,4.265937465747518,5.373680387008098,201.1960021972656,206.17300109863282,220.3760009765625
207.1823272705078,207.72999572753906,207.9199981689453,199.39999389648438,200.3300018310547,19060500,2025-12-03,2,3,12,4.10148002103455,3.693901976162836,3.6874618245531066,5.366576054808925,203.33600158691405,204.89700012207032,218.3540008544922
213.7649383544922,214.3300018310547,215.41000366210938,206.32000732421875,207.86000061035156,23316900,2025-12-04,3,4,12,4.241121756279273,3.112672568894871,3.778465815480888,5.31004279982615,205.21000061035156,203.7770004272461,216.55500106811525
217.00636291503906,217.5800018310547,219.5,213.6199951171875,219.0,24208700,2025-12-05,4,5,12,2.702456491097088,-0.6484009903859875,3.8505247493510937,4.455413197447205,208.33600158691405,204.46600036621095,215.24400100708007
219.95855712890625,220.5399932861328,224.75,216.91000366210938,221.35000610351562,24711200,2025-12-08,0,8,12,3.5549091215029027,-0.36594208043708176,3.8846873271961875,4.0683002197423725,212.25599975585936,206.6440002441406,214.30800094604493
220.94595336914062,221.52999877929688,222.6199951171875,218.27999877929688,220.02999877929688,17643600,2025-12-09,1,9,12,1.9591009623100402,0.6817252230704182,3.3118136704447707,3.7888755680961443,216.3419982910156,208.7690002441406,213.34300079345704
222.4220428466797,223.00999450683594,225.32000732421875,217.5800018310547,221.8000030517578,47928000,2025-12-10,2,10,12,3.4706989300099766,0.5455326593461629,3.185657452239856,3.4365596383964814,219.397998046875,211.36699981689452,212.6860008239746
198.32574462890625,198.85000610351562,201.99000549316406,186.22999572753906,190.6199951171875,100612700,2025-12-11,3,11,12,7.925576707008392,4.317496168892754,3.92254844238568,3.850507128933284,216.3019989013672,210.75599975585936,211.27900085449218
189.4691619873047,189.97000122070312,197.85000610351562,185.97999572753906,196.3699951171875,55201600,2025-12-12,4,12,12,6.2483604251737805,-3.259150611408356,4.631729229201018,4.241126989276056,210.77999877929688,209.55800018310546,209.8990005493164
184.43246459960938,184.9199981689453,188.97000122070312,181.39999389648438,188.2899932861328,43897500,2025-12-15,0,15,12,4.0936661254466875,-1.789789812178879,4.739480629989775,4.312083978592981,203.65599975585937,207.95599975585938,208.00250015258788
188.1526336669922,188.64999389648438,189.8000030517578,184.49000549316406,184.6999969482422,32433500,2025-12-16,1,16,12,2.814735081045081,2.1386015232848545,4.910607453736784,4.111210562090777,197.0799987792969,206.71099853515625,206.44199981689454
177.989501953125,178.4600067138672,186.5,177.07000732421875,183.30999755859375,50222000,2025-12-17,2,17,12,5.28409297378363,-2.6457863233434917,5.273286262491514,4.229471857365685,188.1700012207031,203.78399963378905,204.3404998779297
179.55535888671875,180.02999877929688,184.75999450683594,178.5800018310547,182.72000122070312,36297300,2025-12-18,3,18,12,3.432757161409223,-1.4721992247346039,4.374722353371681,4.14863539787868,184.40599975585937,200.35399932861327,202.06549987792968
191.46388244628906,191.97000122070312,195.1199951171875,188.1199951171875,188.38999938964844,77008600,2025-12-19,4,19,12,3.6464030606283506,1.900314158210778,3.8543308804625944,4.243030054831807,184.80599975585938,197.79299926757812,201.12949981689454
197.85699462890625,198.3800048828125,198.8000030517578,192.8300018310547,196.82000732421875,27148000,2025-12-22,0,22,12,3.0093764864204626,0.7926011078863485,3.637472952657349,4.188476791323563,187.4980010986328,195.5770004272461,201.11050033569336
194.8249969482422,195.33999633789062,197.1999969482422,192.19000244140625,196.42999267578125,18301600,2025-12-23,1,23,12,2.564756117927773,-0.5549032115934175,3.5874771600338873,4.249042306885336,188.83600158691405,192.95800018310547,200.86350021362304
196.96932983398438,197.49000549316406,198.27999877929688,194.4199981689453,195.0,9282700,2025-12-24,2,24,12,1.9545295979472608,1.2769258939302883,2.921564484866614,4.097425373679064,192.64200134277343,190.40600128173827,200.8865005493164
197.468017578125,197.99000549316406,200.3699951171875,196.11000061035156,198.05999755859375,11262000,2025-12-26,4,26,12,2.151620985223429,-0.03533881969728953,2.665337249629455,3.5200298015005678,196.23400268554687,190.32000122070312,200.53800048828126
194.86489868164062,195.3800048828125,198.50999450683594,192.63999938964844,194.16000366210938,14748100,2025-12-29,0,29,12,3.0043991045594867,0.6283483712877629,2.536936458415682,3.1956336694391383,196.91600341796874,190.86100158691406,200.20950088500976
196.69007873535156,197.2100067138672,198.3800048828125,195.7100067138672,196.05999755859375,14197400,2025-12-30,1,30,12,1.3538857451687143,0.586559813115243,2.2058383101653325,2.9216556314113413,196.6820037841797,192.09000244140626,200.02300109863282
194.39613342285156,194.91000366210938,197.1999969482422,194.72999572753906,196.4199981689453,10341500,2025-12-31,2,31,12,1.2672521544789723,-0.768758029178453,1.9463375174755728,2.7669073387547303,196.59600524902345,192.71600341796875,199.7135009765625
195.19403076171875,195.7100067138672,198.58999633789062,194.2100067138672,197.47000122070312,14540700,2026-01-02,4,2,1,2.2379998333080073,-0.8912718367124902,2.003031564547722,2.4622980247071675,196.24000549316406,194.44100341796874,199.1125015258789
192.08224487304688,192.58999633789062,201.69000244140625,192.3300018310547,198.33999633789062,22635500,2026-01-05,0,5,1,4.860065833289625,-2.899062269923783,2.544720534160961,2.6050288918952083,195.16000366210938,195.69700317382814,198.0255012512207
193.23919677734375,193.75,194.8800048828125,190.6999969482422,192.55999755859375,16474500,2026-01-06,1,6,1,2.1574234501008065,0.617990473875108,2.3753254032692253,2.4561309308424537,194.83400268554686,195.8750030517578,196.83400115966796
192.3315887451172,192.83999633789062,195.6699981689453,192.0,195.3000030517578,11171200,2026-01-07,2,7,1,1.9031312168844947,-1.2596040324767654,2.4851744976123813,2.3455064038888573,193.96000061035156,195.3210021972656,195.44900131225586
189.14999389648438,189.64999389648438,190.9499969482422,186.14999389648438,190.8800048828125,19468500,2026-01-08,3,8,1,2.530979808192228,-0.6443896452555464,2.7379200283550325,2.3421287729153026,192.90799865722656,194.752001953125,193.85500106811523
198.52000427246094,198.52000427246094,200.17999267578125,188.77999877929688,191.66000366210938,26152700,2026-01-09,4,9,1,5.7424912609,3.57925518067167,3.4388183138734307,2.7209249392105765,193.46999816894532,194.8550018310547,192.6305015563965
204.67999267578125,204.67999267578125,206.60000610351562,197.00999450683594,197.60000610351562,25428500,2026-01-12,0,12,1,4.6853683505209665,3.582989045332656,3.403878817319699,2.9742996757403306,195.88799743652345,195.5240005493164,192.92200088500977
202.2899932861328,202.2899932861328,207.8000030517578,200.66000366210938,205.0,15857400,2026-01-13,1,13,1,3.529586053003192,-1.3219544945693598,3.678311337900176,3.0268183705847003,197.59599609375,196.21499938964843,193.53800048828126
193.61000061035156,193.61000061035156,201.67999267578125,190.80999755859375,201.67999267578125,22473200,2026-01-14,2,14,1,5.614376882867653,-4.001384549038003,4.420560471096808,3.452867484354594,197.7499969482422,195.85499877929686,193.97250061035157
189.85000610351562,189.85000610351562,195.00999450683594,189.38999938964844,195.00999450683594,16418600,2026-01-15,3,15,1,2.9602290948166736,-2.646012280739505,4.506410328421697,3.6221651783883653,197.78999938964844,195.3489990234375,194.03250122070312
191.08999633789062,191.08999633789062,191.8699951171875,186.52999877929688,189.91000366210938,19224700,2026-01-16,4,16,1,2.7944928778209275,0.6213430851598055,3.916810651805883,3.677814482839657,196.3039978027344,194.88699798583986,194.66400070190429
179.9199981689453,179.9199981689453,187.19000244140625,179.36000061035156,187.19000244140625,29129500,2026-01-20,1,20,1,4.351935254969432,-3.883756705829723,3.850124032695576,3.627001425007637,191.35199890136718,193.6199981689453,194.65850067138672
173.8800048828125,173.8800048828125,180.60000610351562,170.60000610351562,179.67999267578125,38190000,2026-01-21,2,21,1,5.751092546115099,-3.227954157052078,4.2944253313179575,3.986368334609067,185.6700012207031,191.63299865722655,193.75400085449218
178.17999267578125,178.17999267578125,180.16000366210938,176.5,179.3699951171875,21141900,2026-01-22,3,22,1,2.0541047326055106,-0.6634345062164871,3.5823709012655285,4.001465686181168,182.58399963378906,190.16699829101563,192.74400024414064
177.16000366210938,177.16000366210938,179.64999389648438,172.0,172.6199951171875,23011300,2026-01-23,4,23,1,4.318126969039198,2.63005947940143,3.8539504761100334,4.180180402265865,180.0459991455078,188.91799926757812,191.83500061035156
182.44000244140625,182.44000244140625,185.30999755859375,178.52999877929688,179.10000610351562,21100400,2026-01-26,0,26,1,3.716289568388045,1.8648778470505383,4.038309814223457,3.9775602330146698,178.31600036621094,187.30999908447265,191.08250045776367
174.89999389648438,174.89999389648438,179.72000122070312,173.67999267578125,179.19000244140625,27093700,2026-01-27,1,27,1,3.453406950086397,-2.3941115500150043,3.85860415324685,3.8543640929712124,177.31199951171874,184.33199920654297,189.9279998779297
172.8000030517578,172.8000030517578,181.67999267578125,171.86000061035156,174.9199981689453,35882700,2026-01-28,2,28,1,5.682865678242123,-1.2119798418588577,3.844958779672255,4.069692055495106,177.09599914550782,181.38300018310548,188.79899978637695
169.00999450683594,169.00999450683594,170.22999572753906,161.52000427246094,170.14999389648438,37254500,2026-01-29,3,29,1,5.153536322211899,-0.6699967267362871,4.464845097593533,4.023607999429531,175.26199951171876,178.9229995727539,187.38899917602538
164.5800018310547,164.5800018310547,168.89999389648438,163.24000549316406,168.1699981689453,27362400,2026-01-30,4,30,1,3.4390499090712283,-2.1347424492947176,4.289029685599939,4.071490080854986,172.74599914550782,176.3959991455078,185.87249908447265
160.05999755859375,160.05999755859375,171.1999969482422,160.0,170.9199981689453,47421000,2026-02-02,0,2,2,6.997374184103784,-6.353850179437183,4.945246608743086,4.491778211483272,168.2699981689453,173.29299926757812,184.089998626709
154.6699981689453,154.6699981689453,159.3800048828125,151.89999389648438,158.25999450683594,43260100,2026-02-03,1,3,2,4.836109830529476,-2.2684168220008103,5.221787184831703,4.540195669039276,164.2239990234375,170.76799926757812,182.19399871826172
146.6699981689453,146.6699981689453,153.94000244140625,144.42999267578125,153.88999938964844,42323400,2026-02-04,2,4,2,6.4839502859137355,-4.691663687919142,5.382004106366025,4.61348144301914,158.997998046875,168.0469985961914,179.839998626709
136.47999572753906,136.47999572753906,146.5500030517578,135.25,145.60000610351562,42789000,2026-02-05,3,5,2,8.279603902037408,-6.263743127519246,6.007217622331127,5.23603135996233,152.49199829101562,163.8769989013672,177.0219985961914
142.82000732421875,142.82000732421875,143.1999969482422,138.91000366210938,139.75,29962400,2026-02-06,4,6,2,3.003776128084077,2.1967852051654737,5.920162866133696,5.104596275866817,148.13999938964844,160.44299926757813,174.6804992675781
156.58999633789062,156.58999633789062,159.75,147.0,148.49000549316406,49936500,2026-02-09,0,9,2,8.142282583932111,5.45490642136144,6.149144546099362,5.547195577421225,147.4459991455078,157.85799865722657,172.5839988708496
159.88999938964844,159.88999938964844,165.38999938964844,156.9600067138672,160.0,40092200,2026-02-10,1,10,2,5.272370196986206,-0.06875038146972656,6.236396619390708,5.729091902111206,148.48999938964843,156.35699920654298,170.34449920654296
157.16000366210938,157.16000366210938,163.66000366210938,154.0,163.66000366210938,24514000,2026-02-11,2,11,2,6.146604375804276,-3.971648450784486,6.168927437368816,5.775465771867419,150.58800048828124,154.79299926757812,168.0879997253418
