Adj Close,Close,High,Low,Open,Volume,date,day_of_week,day,month,hl_pct,oc_pct,volatility_5d,volatility_10d,ma_5,ma_10,ma_20
PFE,PFE,PFE,PFE,PFE,PFE,,,,,,,,,,,
24.890012741088867,28.3700008392334,28.389999389648438,27.309999465942383,27.309999465942383,52600100,2024-03-11,0,11,3,3.806837827838563,3.881367242840546,2.4450242764969503,2.2388207270101916,27.13000030517578,26.86200008392334,27.16200008392334
24.57417106628418,28.010000228881836,28.34000015258789,27.760000228881836,28.309999465942383,48758200,2024-03-12,1,12,3,2.0706887503271125,-1.0596935454606886,2.2993464250502136,2.3008537872978847,27.51600036621094,26.97400016784668,27.179500102996826
24.758407592773438,28.219999313354492,28.690000534057617,28.190000534057617,28.290000915527344,39273000,2024-03-13,2,13,3,1.771793097682274,-0.247442912362828,2.2785683682233193,2.3227076303229635,27.722000122070312,27.092000007629395,27.242000102996826
24.6794490814209,28.1299991607666,28.280000686645508,27.770000457763672,28.25,36428000,2024-03-14,3,14,3,1.813011888010086,-0.42478173179964046,2.223104716109145,2.2630444705298625,27.989999771118164,27.248999977111815,27.29300003051758
24.512754440307617,27.940000534057617,28.280000686645508,27.860000610351562,27.959999084472656,75727900,2024-03-15,4,15,3,1.503221432590826,-0.07152557607251528,2.1931105992897724,2.26669516308928,28.13400001525879,27.38400001525879,27.314500045776366
24.319744110107422,27.719999313354492,28.030000686645508,27.610000610351562,28.010000228881836,36226500,2024-03-18,0,18,3,1.5151518279136627,-1.035347779927243,1.734773399304792,2.089898837900871,28.003999710083008,27.567000007629396,27.319499969482422
24.24078369140625,27.6299991607666,27.780000686645508,27.31999969482422,27.670000076293945,29026600,2024-03-19,1,19,3,1.664860679671936,-0.14456420461528735,1.653607785173757,1.9764771051119852,27.92799949645996,27.72199993133545,27.32149991989136
24.30219841003418,27.700000762939453,27.739999771118164,27.209999084472656,27.479999542236328,34468000,2024-03-20,2,20,3,1.913359826887115,0.800586697117613,1.6819211310147253,1.9802447496190223,27.82399978637695,27.772999954223632,27.322999954223633
24.267099380493164,27.65999984741211,28.040000915527344,27.6299991607666,27.75,29633700,2024-03-21,3,21,3,1.4822912401393318,-0.32432487419059686,1.6157770014405741,1.9194408587748597,27.729999923706053,27.85999984741211,27.32849998474121
24.003904342651367,27.360000610351562,27.84000015258789,27.34000015258789,27.469999313354492,28830100,2024-03-22,4,22,3,1.8274853393491033,-0.40043212869486317,1.6806297827922296,1.936870191041001,27.613999938964845,27.873999977111815,27.308500003814697
24.065317153930664,27.43000030517578,27.479999542236328,27.100000381469727,27.239999771118164,31110600,2024-03-25,0,25,3,1.3853414383480678,0.6975056374966259,1.6546677048791107,1.6947205520919515,27.5560001373291,27.779999923706054,27.321000003814696
24.205686569213867,27.59000015258789,27.6299991607666,27.309999465942383,27.450000762939453,38220300,2024-03-26,1,26,3,1.1598394094035676,0.5100159772580124,1.553663450825437,1.603635617999597,27.54800033569336,27.73799991607666,27.35600004196167
24.37238121032715,27.780000686645508,27.940000534057617,27.540000915527344,27.709999084472656,34247600,2024-03-27,2,27,3,1.439883400444128,0.2526221742536148,1.4589681655368396,1.5704446482757823,27.56400032043457,27.694000053405762,27.393000030517577
24.3460636138916,27.75,28.1200008392334,27.719999313354492,27.81999969482422,40466700,2024-03-28,3,28,3,1.4414469401041665,-0.2516164471318879,1.4507993055298065,1.5332881534851905,27.58200035095215,27.6560001373291,27.45250005722046
24.319744110107422,27.719999313354492,27.8700008392334,27.579999923706055,27.760000228881836,26596600,2024-04-01,0,1,4,1.0461793748589012,-0.14409551584126543,1.2945381126317663,1.487583947711998,27.654000091552735,27.63400001525879,27.50900001525879
24.170597076416016,27.549999237060547,27.75,27.40999984741211,27.56999969482422,32451500,2024-04-02,1,2,4,1.234120370248573,-0.07254427996031719,1.2642938990118673,1.459480801945489,27.677999877929686,27.617000007629393,27.592000007629395
23.881071090698242,27.219999313354492,27.75,27.200000762939453,27.510000228881836,36828600,2024-04-03,2,3,4,2.0205703561157327,-1.054165442073975,1.4364400883543005,1.4950517695898686,27.60399971008301,27.576000022888184,27.648999977111817
23.380992889404297,26.649999618530273,27.399999618530273,26.639999389648438,27.309999465942383,41922700,2024-04-04,3,4,4,2.8517832636417477,-2.4166966690540534,1.7188200609938242,1.5888941132653318,27.37799949645996,27.470999908447265,27.62199993133545
23.389766693115234,26.65999984741211,26.700000762939453,26.350000381469727,26.559999465942383,39880500,2024-04-05,4,5,4,1.3128296454349049,0.37650746792354434,1.6930966020599718,1.5719479537948893,27.159999465942384,27.370999908447267,27.615499877929686
23.319580078125,26.579999923706055,26.81999969482422,26.520000457763672,26.600000381469727,24431400,2024-04-08,0,8,4,1.1286653044456365,-0.07518968976257884,1.7095937879773189,1.5020659503045426,26.931999588012694,27.292999839782716,27.583499908447266
23.49504852294922,26.780000686645508,27.420000076293945,26.649999618530273,26.770000457763672,45127800,2024-04-09,1,9,4,2.8752816953722156,0.03735610276740108,2.0378260530020476,1.6510599760069575,26.777999877929688,27.227999877929687,27.50399990081787
23.09147071838379,26.31999969482422,26.59000015258789,26.15999984741211,26.520000457763672,44541600,2024-04-10,2,10,4,1.6337397802490858,-0.7541506767994921,1.960459937828718,1.698450013091509,26.59799995422363,27.10099983215332,27.41949987411499
23.109020233154297,26.34000015258789,26.450000762939453,26.1299991607666,26.350000381469727,32814500,2024-04-11,3,11,4,1.2148883838993128,-0.03795153220896521,1.6330809618802313,1.6759505114370277,26.536000061035157,26.95699977874756,27.32549991607666
22.68790054321289,25.860000610351562,26.31999969482422,25.829999923706055,26.25,43034100,2024-04-12,4,12,4,1.8948173223245046,-1.4857119605654763,1.7494784972581514,1.7212875496590612,26.376000213623048,26.767999839782714,27.21199998855591
22.731761932373047,25.90999984741211,26.170000076293945,25.75,25.90999984741211,35660200,2024-04-15,0,15,4,1.6209960585387457,0.0,1.8479446480767732,1.7787692180270458,26.24200019836426,26.586999893188477,27.110499954223634
22.53875160217285,25.690000534057617,25.989999771118164,25.68000030517578,25.81999969482422,28885300,2024-04-16,1,16,4,1.2066931082053187,-0.5034824256510766,1.5142269306433935,1.7760264918227204,26.02400016784668,26.401000022888184,27.00900001525879
22.301868438720703,25.420000076293945,25.690000534057617,25.260000228881836,25.690000534057617,43828900,2024-04-17,2,17,4,1.6915826274004964,-1.0509943641524189,1.5257955000736756,1.7431277189511967,25.844000244140624,26.221000099182127,26.898500061035158
22.27555274963379,25.389999389648438,25.459999084472656,25.229999542236328,25.350000381469727,35788400,2024-04-18,3,18,4,0.9058666709936963,0.15778701213728305,1.4639911574925524,1.5485360596863917,25.654000091552735,26.095000076293946,26.782999992370605
22.810726165771484,26.0,26.0,25.350000381469727,25.389999389648438,38372800,2024-04-19,4,19,4,2.499998532808744,2.4025231390917683,1.5850273995894004,1.6672529484237757,25.681999969482423,26.029000091552735,26.7
23.038833618164062,26.260000228881836,26.5,25.93000030517578,26.0,35678700,2024-04-22,0,22,4,2.1706004945015556,1.0000008803147535,1.6949482867819623,1.7714464674293677,25.752000045776366,25.99700012207031,26.644999980926514
23.09147071838379,26.31999969482422,26.469999313354492,26.190000534057617,26.329999923706055,24297800,2024-04-23,1,23,4,1.0638251616391026,-0.03798036046643621,1.666374697468719,1.5903008140560562,25.87799987792969,25.951000022888184,26.589499950408936
23.047605514526367,26.270000457763672,26.34000015258789,26.040000915527344,26.25,24547800,2024-04-24,2,24,4,1.1419841333572833,0.07619222005208333,1.5564549986600764,1.5411252493668761,26.047999954223634,25.94600009918213,26.523499965667725
22.161497116088867,25.260000228881836,26.43000030517578,25.25,26.270000457763672,47661400,2024-04-25,3,25,4,4.671418426301477,-3.84469056445466,2.3095653497216326,1.8867782536070927,26.022000122070313,25.838000106811524,26.39749994277954
22.28432273864746,25.399999618530273,25.540000915527344,25.200000762939453,25.329999923706055,46526500,2024-04-26,4,26,4,1.3385832980085852,0.2763509476314954,2.0772823027616005,1.8311548511755003,25.90200004577637,25.792000007629394,26.279999923706054
22.494882583618164,25.639999389648438,25.850000381469727,25.540000915527344,25.579999923706055,39995300,2024-04-29,0,29,4,1.209046307807394,0.234556161537666,1.8849714654227683,1.7899598761023654,25.777999877929688,25.76499996185303,26.175999927520753
22.477336883544922,25.6200008392334,25.829999923706055,25.59000015258789,25.649999618530273,38017700,2024-04-30,1,30,4,0.9367672258255294,-0.11695430699033245,1.8595598782600535,1.7629672878643867,25.638000106811525,25.757999992370607,26.079500007629395
23.845983505249023,27.18000030517578,27.450000762939453,26.020000457763672,26.329999923706055,97388900,2024-05-01,2,1,5,5.261222550109655,3.228258199516491,2.683407561610528,2.1199312801353023,25.820000076293944,25.93400001525879,26.07750005722046
24.30219841003418,27.700000762939453,27.940000534057617,27.1200008392334,27.209999084472656,69649000,2024-05-02,3,2,5,2.960287625411612,1.800814755434577,2.341181401432555,2.325373375577094,26.30800018310547,26.16500015258789,26.130000114440918
24.39870262145996,27.809999465942383,27.90999984741211,27.520000457763672,27.860000610351562,60568900,2024-05-03,4,3,5,1.4023710792445419,-0.17947287621595184,2.3539389576797465,2.2156106302206737,26.79000015258789,26.346000099182127,26.187500095367433
24.70577049255371,28.15999984741211,28.329999923706055,27.959999084472656,27.979999542236328,59899700,2024-05-06,0,6,5,1.3139234418973242,0.6433177559708944,2.3749143844977323,2.1299429249602504,27.294000244140626,26.536000061035157,26.266500091552736
24.363609313964844,27.770000457763672,28.489999771118164,27.399999618530273,28.290000915527344,65606400,2024-05-07,1,7,5,3.9250995124962587,-1.838106896201133,2.9725808418318787,2.4160703600459663,27.72400016784668,26.6810001373291,26.316000080108644
24.802278518676758,28.270000457763672,28.34000015258789,27.520000457763672,27.700000762939453,39087800,2024-05-08,2,8,5,2.900600217708966,2.0577605744575864,2.50045637535174,2.5919319684811346,27.94200019836426,26.881000137329103,26.413500118255616
25.096166610717773,28.18000030517578,28.25,27.31999969482422,27.760000228881836,47831100,2024-05-09,3,9,5,3.3002139641743344,1.512968562071452,2.568441643104285,2.45481152226842,28.038000106811523,27.173000144958497,26.50550012588501
24.94476890563965,28.010000228881836,28.280000686645508,27.920000076293945,28.239999771118164,25849800,2024-05-10,4,10,5,1.2852574345228194,-0.8144459776928011,2.5450189141599404,2.449478935919843,28.078000259399413,27.43400020599365,26.613000106811523
25.327713012695312,28.440000534057617,28.649999618530273,28.170000076293945,28.190000534057617,39609800,2024-05-13,0,13,5,1.687762071809797,0.8868392879168756,2.619786640142435,2.4973505123200836,28.134000396728517,27.71400032043457,26.7395001411438
25.274276733398438,28.3799991607666,28.68000030517578,28.190000534057617,28.549999237060547,23530900,2024-05-14,1,14,5,1.7265672502046974,-0.5954468680800155,2.1800801876841227,2.5763305147580007,28.256000137329103,27.99000015258789,26.874000072479248
25.666126251220703,28.81999969482422,28.989999771118164,28.479999542236328,28.489999771118164,38376300,2024-05-15,2,15,5,1.769605254275651,1.1583008998146544,1.9538811949974595,2.2271687851746003,28.36599998474121,28.154000091552735,27.04400005340576
25.755184173583984,28.920000076293945,29.030000686645508,28.670000076293945,28.8700008392334,40077800,2024-05-16,3,16,5,1.2448153852069286,0.17318751509213512,1.5428014792039784,2.055621561154132,28.513999938964844,28.276000022888184,27.22050008773804
25.50582504272461,28.639999389648438,28.90999984741211,28.510000228881836,28.899999618530273,26106400,2024-05-17,4,17,5,1.3966467425095275,-0.8996547830925486,1.56507934080132,2.0550491274806304,28.639999771118163,28.35900001525879,27.35250005722046
25.40786361694336,28.530000686645508,28.709999084472656,28.459999084472656,28.65999984741211,22423300,2024-05-20,0,20,5,0.8762705712692868,-0.4535909332125834,1.4027810406932182,2.011283840417827,28.657999801635743,28.396000099182128,27.466000080108643
25.434581756591797,28.559999465942383,28.670000076293945,28.31999969482422,28.469999313354492,28119900,2024-05-21,1,21,5,1.2254915546728207,0.3161227775150456,1.3025659015868427,1.7413230446354828,28.6939998626709,28.475,27.57800006866455
26.360767364501953,29.600000381469727,29.6299991607666,28.420000076293945,28.469999313354492,46987500,2024-05-22,2,22,5,4.087834692158123,3.969094117909522,1.766211789163337,1.8600464920803987,28.85,28.607999992370605,27.744500064849852
25.550352096557617,28.690000534057617,29.43000030517578,28.670000076293945,29.43000030517578,42031300,2024-05-23,3,23,5,2.6490073709815625,-2.5144402427614727,2.0470501863182635,1.794925832761121,28.804000091552734,28.65900001525879,27.916000080108642
25.719560623168945,28.8799991607666,28.989999771118164,28.549999237060547,28.670000076293945,22589100,2024-05-24,4,24,5,1.5235475998744372,0.732469772981605,2.0724303577912453,1.8187548492962828,28.852000045776368,28.745999908447267,28.090000057220458
25.203033447265625,28.299999237060547,28.8799991607666,28.1299991607666,28.799999237060547,32371200,2024-05-28,1,28,5,2.6501767498913216,-1.7361111571023504,2.427211593515653,1.9149963171044355,28.805999755859375,28.731999778747557,28.223000049591064
24.77556037902832,27.81999969482422,28.170000076293945,27.690000534057617,28.15999984741211,24241700,2024-05-29,2,29,5,1.7253757997906443,-1.2073869120391223,2.5271884425392175,1.91487717206303,28.657999801635743,28.67599983215332,28.332999992370606
25.113977432250977,28.200000762939453,28.200000762939453,27.790000915527344,27.90999984741211,23298600,2024-05-30,3,30,5,1.4539001287933748,1.0390573884371892,2.000401529866268,1.8833066595148025,28.37799987792969,28.613999938964845,28.38400001525879
25.523637771606445,28.65999984741211,28.75,28.239999771118164,28.34000015258789,78290100,2024-05-31,4,31,5,1.7794844089222388,1.1291450003573755,1.8264969374544031,1.936773561886334,28.371999740600586,28.58799991607666,28.431999969482423
26.10250473022461,29.309999465942383,29.530000686645508,28.639999389648438,28.65999984741211,38177200,2024-06-03,0,3,6,3.036510792268125,2.267967976241863,2.1290895759331407,2.1007599668621935,28.457999801635744,28.654999923706054,28.506999969482422
26.26280403137207,29.489999771118164,29.729999542236328,29.170000076293945,29.299999237060547,46309500,2024-06-04,1,4,6,1.8989469999617754,0.648466003430103,1.9788436259472317,2.2030276097314423,28.695999908447266,28.75099983215332,28.573499965667725
26.316240310668945,29.549999237060547,29.6200008392334,29.170000076293945,29.559999465942383,27346700,2024-06-05,2,5,6,1.5228452607710337,-0.03383027423040966,1.9383375181433096,2.2327629803412634,29.04199981689453,28.849999809265135,28.66249990463257
25.6483154296875,28.799999237060547,29.540000915527344,28.790000915527344,29.360000610351562,35360400,2024-06-06,3,6,6,2.604166735653526,-1.9073615859993336,2.1683908395153395,2.084396184690804,29.16199951171875,28.769999694824218,28.68899984359741
25.452390670776367,28.579999923706055,29.049999237060547,28.549999237060547,28.75,27526200,2024-06-07,4,7,6,1.7494751621229658,-0.5913046131963315,2.162388990155485,1.9944429638049446,29.14599952697754,28.758999633789063,28.708999824523925
24.99820327758789,28.06999969482422,28.350000381469727,27.6299991607666,28.350000381469727,36977900,2024-06-10,0,10,6,2.5650204080190453,-0.9876567297280295,2.068090913305669,2.0985902446194054,28.897999572753907,28.677999687194824,28.711999797821044
24.96257781982422,28.030000686645508,28.329999923706055,27.889999389648438,27.950000762939453,29573500,2024-06-11,1,11,6,1.5697485668177282,0.2862251217256898,2.0022512266768593,1.9905474263120457,28.605999755859376,28.65099983215332,28.69149980545044
24.633068084716797,27.65999984741211,28.229999542236328,27.559999465942383,28.170000076293945,32507900,2024-06-12,2,12,6,2.422270715799122,-1.810437442316584,2.182136317682477,2.0602369179128934,28.227999877929687,28.63499984741211,28.655499839782713
24.62416648864746,27.649999618530273,27.719999313354492,27.200000762939453,27.5,33945200,2024-06-13,3,13,6,1.8806457778992165,0.5454531582919033,2.0374321261316153,2.102911482823478,27.997999954223634,28.579999732971192,28.596999835968017
24.517297744750977,27.530000686645508,28.219999313354492,27.43000030517578,27.75,29461900,2024-06-14,4,14,6,2.869593129221862,-0.7927903183945664,2.2614557195513947,2.21192235485344,27.788000106811523,28.466999816894532,28.527499866485595
24.027482986450195,26.979999542236328,27.479999542236328,26.8700008392334,27.450000762939453,32194600,2024-06-17,0,17,6,2.260929256310758,-1.7122084067031387,2.200637489209737,2.134364201257703,27.570000076293944,28.233999824523927,28.44449987411499
24.410429000854492,27.40999984741211,27.459999084472656,26.950000762939453,26.979999542236328,29817800,2024-06-18,1,18,6,1.8606286916172827,1.5937743234673876,2.258813514169648,2.130532370423254,27.445999908447266,28.02599983215332,28.38849983215332
24.704313278198242,27.739999771118164,27.959999084472656,27.149999618530273,27.200000762939453,29693400,2024-06-20,3,20,6,2.919969259645501,1.9852904155593643,2.3583532229389244,2.270244770310701,27.461999893188477,27.844999885559083,28.34749984741211
24.704313278198242,27.739999771118164,27.889999389648438,27.559999465942383,27.770000457763672,52487000,2024-06-21,4,21,6,1.1896176151004805,-0.10803271930490915,2.2201475903791765,2.128789858255396,27.479999923706053,27.738999938964845,28.25449981689453
25.256465911865234,28.360000610351562,28.40999984741211,27.729999542236328,27.950000762939453,35414100,2024-06-24,0,24,6,2.397744324898136,1.4669046018623093,2.125777829514431,2.193616774532913,27.645999908447266,27.717000007629395,28.237999820709227
24.926956176757812,27.989999771118164,28.450000762939453,27.93000030517578,28.399999618530273,24721600,2024-06-25,1,25,6,1.857808010060225,-1.4436614539409887,2.045153580264325,2.122895534737031,27.84799995422363,27.709000015258788,28.193499851226807
24.41933250427246,27.420000076293945,27.93000030517578,27.06999969482422,27.90999984741211,30745800,2024-06-26,2,26,6,3.136399007872648,-1.7556423281872506,2.300307643515398,2.2795605788425233,27.85,27.647999954223632,28.149499893188477
24.757749557495117,27.799999237060547,27.829999923706055,27.06999969482422,27.3700008392334,28399600,2024-06-27,3,27,6,2.7338138479826632,1.5710573059638684,2.2630765611828303,2.310714892060877,27.861999893188475,27.661999893188476,28.14849987030029
24.918048858642578,27.979999542236328,28.1200008392334,27.639999389648438,27.780000686645508,33189200,2024-06-28,4,28,6,1.7155162881986108,0.7199382672692459,2.368256295802456,2.2942019430908167,27.90999984741211,27.69499988555908,28.137499809265137
25.131786346435547,28.219999313354492,28.6299991607666,27.940000534057617,27.950000762939453,26209000,2024-07-01,0,1,7,2.445069608426453,0.9660055207334591,2.37772135250812,2.2517495910112757,27.881999588012697,27.76399974822998,28.115499782562257
24.784467697143555,27.829999923706055,28.280000686645508,27.690000534057617,28.219999313354492,21989800,2024-07-02,1,2,7,2.120014927076298,-1.3819964533588025,2.4301627359113342,2.2376581580878296,27.849999618530273,27.848999786376954,28.04149980545044
24.66869354248047,27.700000762939453,28.049999237060547,27.6200008392334,27.920000076293945,15180100,2024-07-03,2,3,7,1.5523407436235683,-0.787963154560616,2.1133510830615183,2.2068293632884584,27.905999755859376,27.87799987792969,27.951999855041503
24.980392456054688,28.049999237060547,28.09000015258789,27.670000076293945,27.760000228881836,17268700,2024-07-05,4,5,7,1.4973265159274154,1.0446650064397065,1.8660536166504689,2.0645650889166496,27.955999755859374,27.908999824523924,27.876999855041504
24.873525619506836,27.93000030517578,28.1200008392334,27.790000915527344,28.049999237060547,25694400,2024-07-08,0,8,7,1.1815249556044636,-0.42780369036951427,1.7592553501316395,2.0637558229670483,27.945999908447266,27.927999877929686,27.833499908447266
24.686504364013672,27.719999313354492,27.940000534057617,27.299999237060547,27.8799991607666,36867800,2024-07-09,1,9,7,2.3088070449148272,-0.5738875617947111,1.7320028374293144,2.0548620949687173,27.845999908447265,27.86399974822998,27.790499877929687
25.247560501098633,28.350000381469727,28.40999984741211,27.799999237060547,27.829999923706055,29873600,2024-07-10,2,10,7,2.1516776089720064,1.868488893960531,1.7383353738084562,2.0842490548598955,27.95,27.899999809265136,27.804499912261964
25.523637771606445,28.65999984741211,29.229999542236328,28.420000076293945,28.780000686645508,47322600,2024-07-11,3,11,7,2.8262368117755687,-0.4169591256788302,1.9931145874388563,2.053232835250187,28.141999816894533,28.023999786376955,27.83599987030029
25.755184173583984,28.920000076293945,29.139999389648438,28.790000915527344,28.899999618530273,28397000,2024-07-12,4,12,7,1.2102298519977925,0.0692057371199682,1.9356952546529314,1.9008744356517007,28.31599998474121,28.135999870300292,27.898999881744384
25.915485382080078,29.100000381469727,29.270000457763672,28.829999923706055,29.030000686645508,30534400,2024-07-15,0,15,7,1.5120293068373991,0.24112880871001935,2.001796124899519,1.880525737515579,28.55,28.247999954223634,27.971499919891357
26.271711349487305,29.5,29.559999465942383,29.1200008392334,29.200000762939453,26912100,2024-07-16,1,16,7,1.4915207685050318,1.0273946206237945,1.8383388696175598,1.7851708535234372,28.9060001373291,28.376000022888185,28.06999988555908
26.743715286254883,30.030000686645508,30.299999237060547,29.309999465942383,29.420000076293945,45395000,2024-07-17,2,17,7,3.29670245914587,2.0734215117935673,2.0673438396523323,1.9028396067303945,29.24200019836426,28.596000099182127,28.222499942779542
26.45873260498047,29.709999084472656,30.690000534057617,29.6299991607666,29.90999984741211,47279700,2024-07-18,3,18,7,3.5678270143232833,-0.6686752389159831,2.2156618801618753,2.104388233800366,29.452000045776366,28.79699993133545,28.33749990463257
26.690277099609375,29.969999313354492,30.0,29.549999237060547,29.940000534057617,30021200,2024-07-19,4,19,7,1.5015040815797913,0.10019632184959555,2.2739167260782747,2.1048059903656036,29.661999893188476,28.988999938964845,28.448999881744385
26.360767364501953,29.600000381469727,30.229999542236328,29.3799991607666,30.110000610351562,46483200,2024-07-22,0,22,7,2.8716228733626847,-1.693790164542548,2.5458354393833322,2.2738157821414253,29.761999893188477,29.15599994659424,28.541999912261964
26.271711349487305,29.5,29.639999389648438,29.329999923706055,29.6200008392334,25528300,2024-07-23,1,23,7,1.0508456472623147,-0.4051344896467741,2.4577004151347888,2.148019642376174,29.761999893188477,29.334000015258788,28.598999881744383
26.699182510375977,29.979999542236328,29.989999771118164,29.309999465942383,29.510000228881836,29579400,2024-07-24,2,24,7,2.2681798384212293,1.5926781081299264,2.2519958909898605,2.1596698653210966,29.75199966430664,29.49699993133545,28.698499870300292
26.877296447753906,30.18000030517578,30.93000030517578,29.969999313354492,29.969999313354492,42296200,2024-07-25,3,25,7,3.1809177671103326,0.7007040261349409,2.17461404154727,2.195137960854573,29.845999908447265,29.648999977111817,28.836499881744384
27.789464950561523,30.770000457763672,30.8799991607666,30.010000228881836,30.149999618530273,35657100,2024-07-26,4,26,7,2.827425800915949,2.056387552497162,2.4397983854145022,2.356857555746388,30.006000137329103,29.834000015258788,28.98499994277954
27.744308471679688,30.719999313354492,30.93000030517578,30.440000534057617,30.690000534057617,41713700,2024-07-29,0,29,7,1.5950513739274501,0.09774773142667251,2.1844840855274548,2.3651597624553937,30.229999923706053,29.995999908447267,29.12199993133545
28.349407196044922,31.389999389648438,31.540000915527344,29.780000686645508,31.010000228881836,89857500,2024-07-30,1,30,7,5.606882010524141,1.2254084423149443,3.0956913581798204,2.7766958866573046,30.607999801635742,30.184999847412108,29.280499935150146
27.581741333007812,30.540000915527344,31.260000228881836,30.469999313354492,31.200000762939453,40978700,2024-07-31,2,31,7,2.586774367533455,-2.1153840745929795,3.1594102640022657,2.705703077496063,30.720000076293946,30.235999870300294,29.415999984741212
27.68108558654785,30.649999618530273,30.809999465942383,29.90999984741211,30.719999313354492,39753100,2024-08-01,3,1,8,2.9363772585046126,-0.22786359501573533,3.1105021622811213,2.6425581019141964,30.813999938964844,30.329999923706055,29.563499927520752
27.482397079467773,30.43000030517578,31.31999969482422,30.010000228881836,30.8799991607666,42364700,2024-08-02,4,2,8,4.3049604101369905,-1.4572502196261363,3.40600908412533,2.9229037347699163,30.745999908447267,30.376000022888185,29.682499980926515
26.859233856201172,29.739999771118164,30.010000228881836,28.850000381469727,29.09000015258789,37838000,2024-08-05,0,5,8,3.9004702634148534,2.2344435033371717,3.8670928620228104,3.025788473775133,30.55,30.38999996185303,29.772999954223632
26.479917526245117,29.31999969482422,30.049999237060547,29.25,29.729999542236328,29031800,2024-08-06,1,6,8,2.7285103867233964,-1.3790778800034542,3.291418537262661,3.1935549477212413,30.136000061035155,30.37199993133545,29.85299997329712
26.055444717407227,28.850000381469727,29.809999465942383,28.739999771118164,29.6299991607666,32866100,2024-08-07,2,7,8,3.7088377146486153,-2.63246304890106,3.515831206685694,3.3376207353439797,29.797999954223634,30.25900001525879,29.87799997329712
25.974163055419922,28.760000228881836,29.010000228881836,28.540000915527344,28.93000030517578,32094400,2024-08-08,3,8,8,1.6342117858625809,-0.5876255599746091,3.2553981121572875,3.1829501372192044,29.420000076293945,30.117000007629393,29.882999992370607
25.784502029418945,28.549999237060547,28.75,28.450000762939453,28.649999618530273,25795600,2024-08-09,4,9,8,1.0507854468560547,-0.34904147574594807,2.6045631195011003,3.005286101813215,29.043999862670898,29.89499988555908,29.864499950408934
25.694190979003906,28.450000762939453,28.610000610351562,28.31999969482422,28.579999923706055,21141600,2024-08-12,0,12,8,1.0193353523741027,-0.45486060571599957,2.0283361372929503,2.9477144996578803,28.786000061035157,29.66800003051758,29.83199996948242
26.055444717407227,28.850000381469727,28.950000762939453,28.309999465942383,28.549999237060547,34620700,2024-08-13,1,13,8,2.218375350206724,1.0507921275869962,1.9263091299896158,2.6088638336261387,28.69200019836426,29.41400012969971,29.799499988555908
26.082538604736328,28.8799991607666,29.18000030517578,28.670000076293945,28.799999237060547,23677700,2024-08-14,2,14,8,1.7659288216831732,0.27777752022683677,1.537727351396527,2.5267792790411105,28.697999954223633,29.247999954223634,29.741999912261964
25.929004669189453,28.709999084472656,29.010000228881836,28.520000457763672,28.93000030517578,28676800,2024-08-15,3,15,8,1.7067216535829588,-0.7604604852484749,1.5522293249406025,2.403813718548945,28.687999725341797,29.05399990081787,29.691999912261963
25.558719635009766,28.299999237060547,28.649999618530273,27.850000381469727,28.649999618530273,50332900,2024-08-16,4,16,8,2.8268525039848758,-1.2216418364046084,1.907442736366367,2.2560029279337335,28.637999725341796,28.840999794006347,29.608499908447264
26.01028823852539,28.799999237060547,28.889999389648438,28.280000686645508,28.350000381469727,26382500,2024-08-19,0,19,8,2.1180511082026987,1.5872975292266696,2.127185887532086,2.077761012412518,28.707999420166015,28.746999740600586,29.568499851226807
26.10059928894043,28.899999618530273,29.190000534057617,28.799999237060547,28.799999237060547,21301300,2024-08-20,1,20,8,1.349485474549996,0.3472235559681669,1.9534079124007406,1.939858521195178,28.717999267578126,28.704999732971192,29.53849983215332
26.218008041381836,29.030000686645508,29.170000076293945,28.93000030517578,28.979999542236328,16729700,2024-08-21,2,21,8,0.8267301599774667,0.1725367329157701,1.7655681800595993,1.6516477657280633,28.747999572753905,28.72299976348877,29.49099988937378
25.992225646972656,28.780000686645508,29.1299991607666,28.540000915527344,29.020000457763672,20241500,2024-08-22,3,22,8,2.0500286002877988,-0.8270150493879724,1.834229569400567,1.6932294471705849,28.761999893188477,28.724999809265135,29.420999908447264
26.10059928894043,28.899999618530273,28.940000534057617,28.639999389648438,28.81999969482422,21885300,2024-08-23,4,23,8,1.0380662573324853,0.27758474862309546,1.4764723200700889,1.691957528218228,28.881999969482422,28.75999984741211,29.327499866485596
26.118663787841797,28.920000076293945,29.049999237060547,28.770000457763672,28.920000076293945,16506000,2024-08-26,0,26,8,0.9681838815982342,0.0,1.246498874749196,1.6868423811406412,28.9060001373291,28.80699977874756,29.237499904632568
26.028350830078125,28.81999969482422,29.040000915527344,28.559999465942383,28.979999542236328,16184600,2024-08-27,1,27,8,1.665515109881019,-0.5521043821236806,1.309704801815401,1.6315563571080705,28.89000015258789,28.80399971008301,29.108999919891357
25.965129852294922,28.75,29.079999923706055,28.639999389648438,28.780000686645508,19874100,2024-08-28,2,28,8,1.5304366402004075,-0.10424143825482508,1.450446097859989,1.608007138959794,28.834000015258788,28.790999794006346,29.01949987411499
25.938037872314453,28.719999313354492,28.889999389648438,28.530000686645508,28.8700008392334,19229800,2024-08-29,3,29,8,1.2534774081123816,-0.5195757586368305,1.2911358594249056,1.5626827144127362,28.821999740600585,28.79199981689453,28.9229998588562
26.1999454498291,29.010000228881836,29.049999237060547,28.670000076293945,28.719999313354492,37137600,2024-08-30,4,30,8,1.3098902370510195,1.0097525155319083,1.3455006553686126,1.4109864877193508,28.8439998626709,28.86299991607666,28.851999855041505
25.558719635009766,28.299999237060547,28.920000076293945,28.139999389648438,28.649999618530273,44499600,2024-09-03,1,3,9,2.756186246196255,-1.2216418364046084,1.7031011282882165,1.4748000015187064,28.719999694824217,28.81299991607666,28.779999828338624
25.640003204345703,28.389999389648438,28.540000915527344,28.200000762939453,28.290000915527344,23510500,2024-09-04,2,4,9,1.1976053536368214,0.3534763905440818,1.609519177039377,1.459611989427389,28.633999633789063,28.761999893188477,28.733499813079835
25.748376846313477,28.510000228881836,28.799999237060547,28.350000381469727,28.43000030517578,25927200,2024-09-05,3,5,9,1.578389519390296,0.28139262345167976,1.6191097528773546,1.534777925368672,28.58599967956543,28.70999984741211,28.71649980545044
25.793537139892578,28.559999465942383,28.770000457763672,28.280000686645508,28.559999465942383,31214500,2024-09-06,4,6,9,1.7156855051852702,0.0,1.7115513722919324,1.501343615858419,28.55399971008301,28.687999725341797,28.706499767303466
26.561201095581055,29.40999984741211,29.59000015258789,28.450000762939453,28.540000915527344,36558400,2024-09-09,0,9,9,3.8762305187456505,3.0483493482000483,2.2248194286308585,1.7851600419997353,28.633999633789063,28.73899974822998,28.749499797821045
26.859233856201172,29.739999771118164,29.760000228881836,29.190000534057617,29.420000076293945,32378800,2024-09-10,1,10,9,1.9166096140248488,1.0876944051474295,2.0569041021965773,1.8800026152423968,28.921999740600587,28.820999717712404,28.813999748229982
26.786983489990234,29.65999984741211,29.700000762939453,29.139999389648438,29.68000030517578,31943100,2024-09-11,2,11,9,1.888069373472626,-0.06738698638147948,2.1949969061637384,1.9022580416015575,29.17599983215332,28.90499973297119,28.854499721527098
26.335416793823242,29.15999984741211,29.709999084472656,28.760000228881836,29.579999923706055,32511800,2024-09-12,3,12,9,3.2578836096089034,-1.4198785577323416,2.53089572420746,2.0750027385424077,29.305999755859375,28.945999717712404,28.868499755859375
26.43476104736328,29.270000457763672,29.31999969482422,28.989999771118164,29.15999984741211,19987700,2024-09-13,4,13,9,1.1274339547149697,0.377231176019107,2.4132454141134,2.062398393202666,29.447999954223633,29.00099983215332,28.896499824523925
27.157270431518555,30.06999969482422,30.139999389648438,29.440000534057617,29.56999969482422,29224600,2024-09-16,0,16,9,2.3278977808280694,1.690902959622003,2.1035788665298836,2.164199147580371,29.579999923706055,29.106999778747557,28.98499984741211
26.940515518188477,29.829999923706055,30.139999389648438,29.600000381469727,30.049999237060547,27055300,2024-09-17,1,17,9,1.810254809117753,-0.7321108783362893,2.0823079055484643,2.0696060038725212,29.59799995422363,29.25999984741211,29.036499881744383
26.868268966674805,29.75,30.139999389648438,29.729999542236328,30.0,25812800,2024-09-18,2,18,9,1.378150747603729,-0.8333333333333334,1.980324180374685,2.0876605432692115,29.61599998474121,29.395999908447266,29.07899990081787
26.786983489990234,29.65999984741211,30.350000381469727,29.520000457763672,29.889999389648438,22653200,2024-09-19,3,19,9,2.7983814159677878,-0.7694866073365729,1.8884237416464618,2.209659732926961,29.71599998474121,29.510999870300292,29.1104998588562
26.570232391357422,29.420000076293945,29.549999237060547,29.229999542236328,29.540000915527344,56877400,2024-09-20,4,20,9,1.0876944051474295,-0.4062316706643075,1.8804758317329537,2.1468606229231773,29.745999908447267,29.59699993133545,29.14249982833862
26.47088623046875,29.309999465942383,29.469999313354492,29.18000030517578,29.43000030517578,23126200,2024-09-23,0,23,9,0.9894200391087821,-0.40775004413538585,1.6127802833890965,1.8581795749594896,29.5939998626709,29.586999893188477,29.162999820709228
26.642480850219727,29.5,29.59000015258789,29.149999618530273,29.25,21446200,2024-09-24,1,24,9,1.4915272340936174,0.8547008547008548,1.5490347683842693,1.815671336966367,29.527999877929688,29.56299991607666,29.19199981689453
26.12769317626953,28.93000030517578,29.709999084472656,28.90999984741211,29.600000381469727,30712700,2024-09-25,2,25,9,2.76529287459918,-2.2635137420923166,1.8264631937833595,1.9033936870790225,29.363999938964845,29.489999961853027,29.19749984741211
26.163818359375,28.969999313354492,29.010000228881836,28.309999465942383,28.479999542236328,32310400,2024-09-26,3,26,9,2.41629540742436,1.7205048419733506,1.7500459920746738,1.8192348668605678,29.22599983215332,29.470999908447265,29.208499813079833
26.27219581604004,29.09000015258789,29.229999542236328,28.920000076293945,29.020000457763672,25013000,2024-09-27,4,27,9,1.0656564603517362,0.24121190117173774,1.7456384031155352,1.8130571174242445,29.15999984741211,29.452999877929688,29.226999855041505
26.136728286743164,28.940000534057617,29.190000534057617,28.780000686645508,29.110000610351562,27464700,2024-09-30,0,30,9,1.4167237036834435,-0.583992005254349,1.8310991360304676,1.721939709709782,29.086000061035158,29.339999961853028,29.223499870300294
25.892881393432617,28.670000076293945,29.079999923706055,28.530000686645508,29.049999237060547,30725100,2024-10-01,1,1,10,1.9183789173245203,-1.308086646287472,1.916469472676648,1.7327521205304586,28.920000076293945,29.223999977111816,29.241999912261964
25.83869171142578,28.610000610351562,28.770000457763672,28.3799991607666,28.600000381469727,24957200,2024-10-02,2,2,10,1.3631642386472425,0.03496583478479673,1.6360437454862606,1.7312534696348099,28.8560001373291,29.11000003814697,29.25299997329712
25.594844818115234,28.34000015258789,28.520000457763672,28.260000228881836,28.5,25678900,2024-10-03,3,3,10,0.9174319953491383,-0.5614029733758223,1.3362710630712162,1.543158527572945,28.730000305175782,28.97800006866455,29.244499969482423
25.81159782409668,28.579999923706055,28.59000015258789,28.239999771118164,28.290000915527344,28769000,2024-10-04,4,4,10,1.2246339482296995,1.0250936684117995,1.3680665606468088,1.556852481881172,28.628000259399414,28.89400005340576,29.245499992370604
26.371543884277344,29.200000762939453,29.84000015258789,29.110000610351562,29.3700008392334,51426600,2024-10-07,0,7,10,2.4999983669960764,-0.5788221703652582,1.5847214933093354,1.7079103146699013,28.68000030517578,28.88300018310547,29.23500003814697
26.353479385375977,29.18000030517578,29.489999771118164,29.0,29.209999084472656,29126600,2024-10-08,1,8,10,1.679231548984085,-0.10270037739515589,1.5368920196412483,1.726680746158948,28.78200035095215,28.851000213623045,29.207000064849854
27.265647888183594,30.190000534057617,30.43000030517578,29.100000381469727,29.219999313354492,44244800,2024-10-09,2,9,10,4.405431931694302,3.3196483350353905,2.14534555825066,1.8906946518684606,29.09800033569336,28.97700023651123,29.23350009918213
26.49798011779785,29.34000015258789,30.079999923706055,29.280000686645508,29.889999389648438,34347700,2024-10-10,3,10,10,2.7266504188821012,-1.840077779496455,2.507189242957253,1.9217301530142343,29.29800033569336,29.01400032043457,29.24250011444092
26.335416793823242,29.15999984741211,29.440000534057617,28.950000762939453,29.360000610351562,29617600,2024-10-11,4,11,10,1.68038331166744,-0.6812014944881783,2.598339115644801,1.983202838145805,29.41400032043457,29.02100028991699,29.23700008392334
26.263166427612305,29.079999923706055,29.170000076293945,28.850000381469727,29.15999984741211,23594200,2024-10-14,0,14,10,1.1004116081972704,-0.2743481622931302,2.31842176388504,1.9515716285971876,29.39000015258789,29.035000228881835,29.187500095367433
26.58829689025879,29.440000534057617,29.739999771118164,29.06999969482422,29.09000015258789,29009900,2024-10-15,1,15,10,2.2758154352574036,1.203163903863335,2.4377385411397037,1.987315280390476,29.44200019836426,29.112000274658204,29.16800012588501
26.7960147857666,29.670000076293945,29.81999969482422,29.43000030517578,29.5,28414800,2024-10-16,2,16,10,1.314456989031299,0.5762714450642215,1.819543552607103,1.9824445554288814,29.338000106811524,29.218000221252442,29.16400012969971
26.43476104736328,29.270000457763672,29.530000686645508,29.219999313354492,29.479999542236328,23779200,2024-10-17,3,17,10,1.0591095607885097,-0.7123442596116333,1.4860353809883844,1.9966123119728187,29.32400016784668,29.311000251770018,29.144500160217284
26.389604568481445,29.219999313354492,29.3700008392334,29.079999923706055,29.299999237060547,24244900,2024-10-18,4,18,10,0.9924740668792688,-0.2730372893828119,1.3484535320307502,1.9733963238377754,29.336000061035158,29.375000190734863,29.134500122070314
26.12769317626953,28.93000030517578,29.219999313354492,28.8799991607666,29.219999313354492,23395700,2024-10-21,0,21,10,1.1752511199492182,-0.9924675393341709,1.3634214343811397,1.84092159913309,29.3060001373291,29.348000144958498,29.11550016403198
26.046415328979492,28.84000015258789,28.989999771118164,28.600000381469727,28.899999618530273,29036400,2024-10-22,1,22,10,1.3522863647191825,-0.2076106115375586,1.1787156202734956,1.8082270807065992,29.186000061035156,29.314000129699707,29.082500171661376
26.064476013183594,28.860000610351562,29.110000610351562,28.670000076293945,28.8700008392334,22217600,2024-10-23,2,23,10,1.5246033428696357,-0.034638824354469536,1.220744891041163,1.520144221824133,29.02400016784668,29.1810001373291,29.079000186920165
25.865785598754883,28.639999389648438,28.979999542236328,28.5,28.860000610351562,31473600,2024-10-24,3,24,10,1.675976091011433,-0.7623049759195588,1.3441181970857476,1.4150767890370661,28.897999954223632,29.111000061035156,29.062500190734863
25.694190979003906,28.450000762939453,28.729999542236328,28.440000534057617,28.68000030517578,26091100,2024-10-25,4,25,10,1.0193286481611619,-0.8019509755542817,1.3494891133421263,1.3489713226864384,28.744000244140626,29.04000015258789,29.030500221252442
26.064476013183594,28.860000610351562,28.940000534057617,28.559999465942383,28.600000381469727,37922500,2024-10-28,0,28,10,1.3167049898777023,0.9090916972514906,1.3777798873278233,1.3706006608544814,28.730000305175782,29.018000221252443,29.02650022506714
25.70322036743164,28.459999084472656,29.170000076293945,28.030000686645508,29.010000228881836,102267000,2024-10-29,1,29,10,4.00561990977155,-1.895901896138589,1.9084465963382968,1.543581108305896,28.654000091552735,28.920000076293945,29.016000175476073
25.75741195678711,28.520000457763672,28.600000381469727,28.190000534057617,28.309999465942383,47104000,2024-10-30,2,30,10,1.437587099689193,0.741790871716283,1.8910433477022082,1.5558941193716855,28.586000061035158,28.80500011444092,29.01150016784668
25.558719635009766,28.299999237060547,28.639999389648438,28.290000915527344,28.450000762939453,37909600,2024-10-31,3,31,10,1.2367437581508827,-0.5272461225178825,1.803196881130098,1.5736575391079228,28.518000030517577,28.707999992370606,29.009500122070314
25.369060516357422,28.09000015258789,28.540000915527344,28.049999237060547,28.479999542236328,46894600,2024-11-01,4,1,11,1.7443989882700437,-1.3693799013938244,1.9482109491518744,1.6488500312470002,28.445999908447266,28.595000076293946,28.985000133514404
25.071025848388672,27.760000228881836,28.139999389648438,27.729999542236328,28.100000381469727,41347800,2024-11-04,0,4,11,1.4769446831111357,-1.2099649394029917,1.980258887798561,1.679019387563192,28.22599983215332,28.47800006866455,28.913000106811523
25.27874755859375,27.989999771118164,28.0,27.579999923706055,27.739999771118164,44175800,2024-11-05,1,5,11,1.500536190526617,0.9012256743429772,1.4792421439495744,1.6938443701439354,28.131999969482422,28.393000030517577,28.853500080108642
24.709774017333984,27.360000610351562,27.989999771118164,27.079999923706055,27.93000030517578,65749500,2024-11-06,2,6,11,3.326022759911102,-2.0408152115866276,1.8569292759939564,1.873986311848082,27.9,28.243000030517578,28.71200008392334
24.80008316040039,27.459999084472656,27.59000015258789,27.34000015258789,27.530000686645508,48484800,2024-11-07,3,7,11,0.9104151796616894,-0.25427388458732786,1.7916635602961175,1.7974302207131079,27.731999969482423,28.125,28.618000030517578
24.506593704223633,26.719999313354492,27.149999618530273,26.709999084472656,27.110000610351562,55951300,2024-11-08,4,8,11,1.6467086278617815,-1.4385883003195283,1.7721254882144648,1.8601682186831696,27.457999801635744,27.951999855041503,28.496000003814697
24.066356658935547,26.239999771118164,26.829999923706055,26.219999313354492,26.719999313354492,54329300,2024-11-11,0,11,11,2.3246974682636155,-1.7964055186050372,1.9416760452449613,1.9609674665217607,27.153999710083006,27.689999771118163,28.3539999961853
24.020498275756836,26.190000534057617,26.440000534057617,25.950000762939453,26.229999542236328,53035200,2024-11-12,1,12,11,1.8709421959765358,-0.15249336209214698,2.015757246334945,1.7474996951422597,26.793999862670898,27.46299991607666,28.191499996185303
24.506593704223633,26.719999313354492,26.75,25.979999542236328,26.229999542236328,47983100,2024-11-13,2,13,11,2.881738314187869,1.8680891333190908,1.926900357190298,1.8919148165921271,26.665999603271484,27.282999801635743,28.04399995803833
23.864582061767578,26.020000457763672,26.850000381469727,25.84000015258789,26.739999771118164,45262200,2024-11-14,3,14,11,3.8816303271066195,-2.692592817940718,2.5211433866792845,2.1564034734877007,26.37799987792969,27.054999923706056,27.88149995803833
22.74563980102539,24.799999237060547,25.700000762939453,24.479999542236328,25.700000762939453,131074400,2024-11-15,4,15,11,4.919359912237349,-3.5019513586036486,3.175673643554398,2.4738995658844316,25.993999862670897,26.72599983215332,27.66049995422363
22.80067253112793,24.860000610351562,25.25,24.700000762939453,24.969999313354492,64221700,2024-11-18,0,18,11,2.2123862572695607,-0.4405234522537612,3.1532114013555868,2.547443723300274,25.71800003051758,26.435999870300293,27.45699996948242
23.020790100097656,25.100000381469727,25.110000610351562,24.610000610351562,24.700000762939453,52381200,2024-11-19,1,19,11,1.992031842235066,1.6194316039473313,3.177429330607293,2.5965932884711185,25.5,26.14699993133545,27.269999980926514
22.87404441833496,24.940000534057617,25.100000381469727,24.649999618530273,25.06999969482422,46170800,2024-11-20,2,20,11,1.8043334134052649,-0.5185447241686257,2.961948350450772,2.444424353820535,25.144000244140624,25.904999923706054,27.073999977111818
23.04830551147461,25.1299991607666,25.219999313354492,24.780000686645508,24.8700008392334,45048400,2024-11-21,3,21,11,1.7508899379348888,1.045429484357096,2.535800272616426,2.528471829647855,24.96599998474121,25.67199993133545,26.898499965667725
23.52522850036621,25.649999618530273,25.75,25.100000381469727,25.18000030517578,41897000,2024-11-22,4,22,11,2.5341116109050374,1.866558012939671,2.0587506123499635,2.6172121279521803,25.136000061035155,25.564999961853026,26.758499908447266
24.002155303955078,26.170000076293945,26.450000762939453,25.739999771118164,25.75,57707600,2024-11-25,0,25,11,2.713033969244969,1.6310682574522148,2.158880154745045,2.656045778050316,25.397999954223632,25.557999992370604,26.623999881744385
23.635292053222656,25.770000457763672,26.239999771118164,25.610000610351562,26.15999984741211,33001000,2024-11-26,1,26,11,2.444699843134085,-1.4908233636209993,2.249413754924849,2.713421542766071,25.53199996948242,25.51599998474121,26.489499950408934
23.690319061279297,25.829999923706055,25.950000762939453,25.700000762939453,25.760000228881836,28242100,2024-11-27,2,27,11,0.9678668243841417,0.2717379433317545,2.0821204371206243,2.522034393785698,25.70999984741211,25.427000045776367,26.354999923706053
24.03883934020996,26.209999084472656,26.229999542236328,25.770000457763672,25.829999923706055,22023000,2024-11-29,4,29,11,1.75505189065485,1.4711543239992382,2.0829528276646165,2.309376550140521,25.92599983215332,25.445999908447266,26.25049991607666
23.6811466217041,25.81999969482422,26.219999313354492,25.729999542236328,26.06999969482422,43866400,2024-12-02,0,2,12,1.8977528152968475,-0.9589566663847469,1.9556810685429784,2.007215840446471,25.95999984741211,25.547999954223634,26.136999893188477
23.442686080932617,25.559999465942383,25.899999618530273,25.520000457763672,25.829999923706055,49064300,2024-12-03,1,3,12,1.4866947132488573,-1.0452979425519586,1.7104132173437563,1.9346466860444012,25.837999725341795,25.617999839782716,26.026999855041502
23.1400203704834,25.229999542236328,25.5,25.18000030517578,25.450000762939453,42541500,2024-12-04,2,4,12,1.2683301650026693,-0.8644448491470893,1.4751392817174733,1.8622765183211611,25.729999542236328,25.630999755859374,25.88899984359741
23.571088790893555,25.700000762939453,25.790000915527344,25.139999389648438,25.229999542236328,43647900,2024-12-05,3,5,12,2.529188741567033,1.8628665447112618,1.7874036651540515,1.9347620511373378,25.703999710083007,25.70699977874756,25.805999851226808
23.598604202270508,25.729999542236328,26.100000381469727,25.59000015258789,25.739999771118164,31830700,2024-12-06,4,6,12,1.982122961349688,-0.038850928402325784,1.8328178792930188,1.9578853534788176,25.607999801635742,25.766999816894533,25.71949987411499
23.937952041625977,26.100000381469727,26.440000534057617,25.579999923706055,25.760000228881836,37464800,2024-12-09,0,9,12,3.295021447440817,1.319876357014493,2.112271605721813,2.0339763371323962,25.663999938964842,25.811999893188478,25.688499927520752
23.451858520507812,25.56999969482422,26.110000610351562,25.510000228881836,26.100000381469727,43280500,2024-12-10,1,10,12,2.346501324328042,-2.0306539421424437,2.28423292793765,1.9973230726407032,25.665999984741212,25.751999855041504,25.654999923706054
23.1400203704834,25.229999542236328,25.510000228881836,25.170000076293945,25.3799991607666,39569400,2024-12-11,2,11,12,1.347602690276362,-0.5910150649734801,2.300087432992388,1.8876133573549307,25.665999984741212,25.69799976348877,25.60699987411499
23.26842498779297,25.3700008392334,25.479999542236328,25.059999465942383,25.18000030517578,38705100,2024-12-12,3,12,12,1.655498866379369,0.754569228573688,2.1253494579548553,1.9563765615544533,25.6,25.651999855041502,25.539499950408935
23.461027145385742,25.579999923706055,25.65999984741211,25.260000228881836,25.34000015258789,29043600,2024-12-13,4,13,12,1.5637201709276671,0.9471182702169545,2.0416688998704515,1.9372433895817351,25.570000076293944,25.588999938964843,25.517499923706055
23.15836524963379,25.25,25.75,25.219999313354492,25.59000015258789,40194000,2024-12-16,0,16,12,2.099012620378249,-1.3286445899200463,1.8024671344579377,1.9573693700898755,25.4,25.53199996948242,25.539999961853027
24.240615844726562,26.43000030517578,26.459999084472656,25.860000610351562,25.899999618530273,71440300,2024-12-17,1,17,12,2.2701417600952363,2.0463347276125687,1.787195221611377,2.0357140747745133,25.572000122070314,25.619000053405763,25.618499946594238
23.745349884033203,25.889999389648438,26.520000457763672,25.860000610351562,26.190000534057617,47575100,2024-12-18,2,18,12,2.5492462841694628,-1.1454797185630317,2.0275239403899965,2.1638056866911923,25.704000091552736,25.685000038146974,25.657999897003172
23.635292053222656,25.770000457763672,26.09000015258789,25.579999923706055,25.700000762939453,50324700,2024-12-19,3,19,12,1.9790462546468028,0.27237234531588583,2.0922334180434836,2.1087914379991695,25.78400001525879,25.692000007629396,25.699499893188477
24.17641830444336,26.360000610351562,26.489999771118164,25.700000762939453,25.700000762939453,116340100,2024-12-20,4,20,12,2.996961266641544,2.568092715249482,2.3788816371862587,2.2102752685283553,25.940000152587892,25.755000114440918,25.760999965667725
24.497421264648438,26.709999084472656,26.75,26.190000534057617,26.360000610351562,35350400,2024-12-23,0,23,12,2.0965911087130205,1.3277635281375884,2.3783973348532133,2.0904322346555757,26.231999969482423,25.81599998474121,25.813999938964844
24.52493667602539,26.739999771118164,26.770000457763672,26.3799991607666,26.59000015258789,19716400,2024-12-24,1,24,12,1.4584940177086694,0.5641204124463859,2.2160677863758997,2.001631503993638,26.293999862670898,25.932999992370604,25.842499923706054
24.359848022460938,26.559999465942383,26.719999313354492,26.479999542236328,26.639999389648438,31406000,2024-12-26,3,26,12,0.9036136142469179,-0.30030002079181894,1.886941252391391,1.9572325963906938,26.427999877929686,26.06599998474121,25.88199987411499
24.414878845214844,26.6200008392334,26.850000381469727,26.420000076293945,26.43000030517578,35218300,2024-12-27,4,27,12,1.6153279174282866,0.718882072885975,1.814197584947688,1.9532155014955859,26.59799995422363,26.19099998474121,25.921499919891357
24.231443405151367,26.420000076293945,26.579999923706055,26.239999771118164,26.479999542236328,32859100,2024-12-30,0,30,12,1.2869044345422425,-0.2265840898021241,1.4721862185278272,1.9255339278570431,26.60999984741211,26.275,25.931999969482423
24.332334518432617,26.530000686645508,26.649999618530273,26.360000610351562,26.399999618530273,27085500,2024-12-31,1,31,12,1.093098381730117,0.49242829543067895,1.2714876731312466,1.82494250399223,26.57400016784668,26.40300006866455,25.967500019073487
24.40570831298828,26.610000610351562,26.860000610351562,26.559999465942383,26.75,32899200,2025-01-02,3,2,1,1.1273999907105459,-0.5233622042932243,1.205268867731622,1.7106683270537608,26.54800033569336,26.42100009918213,26.020000076293947
24.387361526489258,26.59000015258789,26.84000015258789,26.520000457763672,26.700000762939453,33417000,2025-01-03,4,3,1,1.203458792733683,-0.41198729291516445,1.2652379034289751,1.576089577910183,26.554000473022462,26.491000175476074,26.088000106811524
24.662511825561523,26.889999389648438,27.25,26.559999465942383,26.709999084472656,43951000,2025-01-06,0,6,1,2.566011713348121,0.6739060701818629,1.4553746626129418,1.6347861237803147,26.608000183105467,26.60300006866455,26.147500038146973
24.882633209228516,27.1299991607666,27.56999969482422,26.940000534057617,27.010000228881836,35030000,2025-01-07,1,7,1,2.3221495770543914,0.4442759380521981,1.6624236911153716,1.5673049548215994,26.75,26.679999923706056,26.217500019073487
24.63499641418457,26.860000610351562,27.139999389648438,26.229999542236328,27.049999237060547,35430700,2025-01-08,2,8,1,3.3879368083908568,-0.7023979004356935,2.12139137644752,1.6964395247893833,26.81599998474121,26.695000076293944,26.255500030517577
24.506593704223633,26.719999313354492,27.049999237060547,26.690000534057617,26.8700008392334,32836900,2025-01-10,4,10,1,1.3473005698132805,-0.5582490554294519,2.1653714922680667,1.685320179999844,26.837999725341795,26.693000030517577,26.313000011444093
24.579967498779297,26.799999237060547,26.809999465942383,26.360000610351562,26.649999618530273,28359600,2025-01-13,0,13,1,1.6791002552288756,0.5628503590145485,2.260499784767105,1.76286884409804,26.879999542236327,26.717000007629395,26.391499996185303
24.222272872924805,26.40999984741211,26.8700008392334,26.270000457763672,26.809999465942383,25856900,2025-01-14,1,14,1,2.2718681746926253,-1.4919792111089223,2.2016710770360057,1.828522869824474,26.783999633789062,26.695999908447266,26.443499946594237
24.04801368713379,26.219999313354492,26.649999618530273,26.209999084472656,26.520000457763672,35949700,2025-01-15,2,15,1,1.6781103950430465,-1.1312260151992382,2.0728632406337373,1.8676434658745542,26.60199966430664,26.67599983215332,26.47549991607666
24.29564666748047,26.489999771118164,26.56999969482422,25.959999084472656,26.06999969482422,29981100,2025-01-16,3,16,1,2.3027580808688466,1.6110474921767246,1.855827495129335,1.9886094357884274,26.527999496459962,26.671999740600587,26.53749990463257
24.12138557434082,26.299999237060547,26.559999465942383,26.219999313354492,26.399999618530273,35380300,2025-01-17,4,17,1,1.2927762830836158,-0.37878932922232267,1.844922637783402,2.005147065025734,26.44399948120117,26.640999603271485,26.530999851226806
24.4332218170166,26.639999389648438,26.639999389648438,26.389999389648438,26.450000762939453,39745600,2025-01-21,1,21,1,0.9384384599390909,0.7183312711854507,1.696790278725445,1.9786450317462747,26.41199951171875,26.64599952697754,26.568499851226807
23.855411529541016,26.010000228881836,26.600000381469727,25.969999313354492,26.510000228881836,41890400,2025-01-22,2,22,1,2.4221494139614546,-1.8860807079709687,1.726846526579211,1.9642588018076084,26.331999588012696,26.55799961090088,26.580499839782714
24.249788284301758,26.440000534057617,26.479999542236328,25.850000381469727,26.010000228881836,40987000,2025-01-23,3,23,1,2.382750181699481,1.6532114624832006,1.8677744839104975,1.970318862272117,26.37599983215332,26.48899974822998,26.584499835968018
24.32437515258789,26.09000015258789,26.200000762939453,25.959999084472656,26.020000457763672,31300200,2025-01-24,4,24,1,0.919899107179541,0.2690226502410868,1.5912026891726365,1.7235150921509856,26.295999908447264,26.411999702453613,26.55349988937378
25.042264938354492,26.860000610351562,26.969999313354492,26.18000030517578,26.239999771118164,50648600,2025-01-27,0,27,1,2.941172711195895,2.362808096956696,1.9208819747950927,1.8829023062892472,26.408000183105468,26.42599983215332,26.55949993133545
24.93971061706543,26.75,26.860000610351562,26.489999771118164,26.780000686645508,40589600,2025-01-28,1,28,1,1.3831807074145737,-0.1120264595828348,2.0098304242901888,1.853310351507817,26.43000030517578,26.420999908447264,26.56899995803833
24.81850814819336,26.6200008392334,27.06999969482422,26.56999969482422,26.799999237060547,34418200,2025-01-29,2,29,1,1.8782869430382745,-0.6716358319079223,1.9010579301055528,1.813952228342382,26.552000427246092,26.442000007629396,26.56899995803833
25.088882446289062,26.90999984741211,27.010000228881836,26.579999923706055,26.65999984741211,32289600,2025-01-30,3,30,1,1.5979201323449048,0.9377344389755033,1.7440919202346379,1.8059332020725676,26.64600028991699,26.511000061035155,26.59349994659424
24.72527503967285,26.520000457763672,27.010000228881836,26.420000076293945,26.959999084472656,37307000,2025-01-31,4,31,1,2.224736585233238,-1.6320424393574895,2.005059415845377,1.798131052509007,26.73200035095215,26.514000129699706,26.592999935150146
24.426931381225586,26.200000762939453,26.469999313354492,26.149999618530273,26.299999237060547,49626200,2025-02-03,0,3,2,1.2213728454423032,-0.3802223460911028,1.6610994426946586,1.7909907087448758,26.600000381469727,26.5040002822876,26.57249994277954
24.119264602661133,25.8700008392334,26.920000076293945,25.600000381469727,26.100000381469727,68748300,2025-02-04,1,4,2,5.102433908012714,-0.881224286876338,2.404950082814287,2.207390253552238,26.424000549316407,26.427000427246092,26.536499977111816
24.65068817138672,26.440000534057617,26.690000534057617,25.700000762939453,25.950000762939453,50426800,2025-02-05,2,5,2,3.7443258363135654,1.8882456906049818,2.778157861469345,2.339607895787449,26.38800048828125,26.47000045776367,26.514000034332277
24.08197021484375,25.829999923706055,26.469999313354492,25.780000686645508,26.420000076293945,45182000,2025-02-06,3,6,2,2.671307118648974,-2.233157270568232,2.992835258730159,2.368463589482398,26.17200050354004,26.409000396728516,26.449000072479247
23.99806022644043,25.739999771118164,25.959999084472656,25.530000686645508,25.860000610351562,36512800,2025-02-07,4,7,2,1.670545460958522,-0.46404035731291904,2.8819970338752157,2.4435282248602963,26.01600036621094,26.374000358581544,26.393000030517577
24.119264602661133,25.8700008392334,26.1200008392334,25.510000228881836,25.780000686645508,39632700,2025-02-10,0,10,2,2.3579458467835077,0.3491084181177399,3.109311634143457,2.385205538419058,25.950000381469728,26.275000381469727,26.350500106811523
23.80227279663086,25.530000686645508,25.90999984741211,25.459999084472656,25.829999923706055,36593300,2025-02-11,1,11,2,1.7626351384112737,-1.1614372355658271,2.4413518802231686,2.4231509815187278,25.882000350952147,26.15300045013428,26.28700017929077
23.7463321685791,25.469999313354492,25.6200008392334,25.170000076293945,25.479999542236328,31671600,2025-02-12,2,12,2,1.7667874953711038,-0.03924736680335999,2.0458442120346763,2.412001036752011,25.688000106811522,26.038000297546386,26.24000015258789
23.904827117919922,25.639999389648438,25.739999771118164,25.329999923706055,25.489999771118164,30612500,2025-02-13,3,13,2,1.59906340550709,0.5884645738609728,1.8313954694062997,2.412115364068229,25.65,25.91100025177002,26.211000156402587
23.80227279663086,25.530000686645508,25.829999923706055,25.469999313354492,25.729999542236328,33214600,2025-02-14,4,14,2,1.4101081107290188,-0.7772983254916815,1.7793079993603989,2.3306525166178074,25.608000183105467,25.812000274658203,26.163000202178956
23.830244064331055,25.559999465942383,25.739999771118164,25.420000076293945,25.610000610351562,40499700,2025-02-18,1,18,2,1.2519550137338806,-0.19524069979509967,1.5581098327504734,2.333710733446965,25.545999908447264,25.748000144958496,26.126000213623048
24.137910842895508,25.889999389648438,25.920000076293945,25.5,25.56999969482422,37292400,2025-02-19,2,19,2,1.622248305119209,1.2514653838224012,1.5300324660920603,1.9856921731576143,25.617999649047853,25.75,26.088500213623046
24.147232055664062,25.899999618530273,26.079999923706055,25.75,25.860000610351562,37139000,2025-02-20,3,20,2,1.2741309983261726,0.15467520199013313,1.4315011666830741,1.7386726893588755,25.703999710083007,25.695999908447266,26.08300018310547
24.52016258239746,26.299999237060547,26.56999969482422,25.850000381469727,25.889999389648438,54611500,2025-02-21,4,21,2,2.7376400541483963,1.5836224684348161,1.6592164964113354,1.7453059829088176,25.83599967956543,25.742999839782716,26.076000118255614
24.846477508544922,26.649999618530273,26.739999771118164,25.8799991607666,26.399999618530273,43823300,2025-02-24,0,24,2,3.2270192219949867,0.9469697106530408,2.022598718664529,1.900953359012464,26.059999465942383,25.833999824523925,26.104000091552734
24.93038558959961,26.739999771118164,27.030000686645508,26.540000915527344,26.719999313354492,43560100,2025-02-25,1,25,2,1.832459892716275,0.07485201451212525,2.1386996944610077,1.8484047636057404,26.29599952697754,25.9209997177124,26.098000049591064
24.63204002380371,26.420000076293945,26.780000686645508,26.350000381469727,26.68000030517578,30103300,2025-02-26,2,26,2,1.6275560330584957,-0.9745135903592821,2.1397612400488653,1.8348968530704628,26.40199966430664,26.009999656677245,26.08150005340576
24.333696365356445,26.100000381469727,26.5,26.010000228881836,26.290000915527344,28268300,2025-02-27,3,27,2,1.8773937316340052,-0.7227102603309514,2.2604137867104317,1.8459574766967528,26.44199981689453,26.07299976348877,26.055500030517578
24.64136505126953,26.43000030517578,26.489999771118164,25.90999984741211,26.059999465942383,51531700,2025-02-28,4,28,2,2.19447566026881,1.4198037099615055,2.1517809079345147,1.905498702172925,26.46800003051758,26.151999855041502,26.03150005340576
24.473548889160156,26.25,26.899999618530273,25.969999313354492,26.3700008392334,54048600,2025-03-03,0,3,3,3.5428583054315474,-0.45506573915181936,2.2149487246218262,2.1187737216431777,26.388000106811525,26.223999786376954,26.018000030517577
24.007383346557617,25.75,26.309999465942383,25.670000076293945,26.25,51315000,2025-03-04,1,4,3,2.4854345229065533,-1.9047619047619049,2.345543650659882,2.242121672560445,26.190000152587892,26.242999839782716,25.995499992370604
24.184526443481445,25.940000534057617,26.18000030517578,25.65999984741211,25.700000762939453,37062400,2025-03-05,2,5,3,2.0046277835690227,0.9338512217643761,2.4209580007619875,2.2803596204054264,26.094000244140624,26.247999954223634,25.998999977111815
24.464223861694336,26.239999771118164,26.459999084472656,25.899999618530273,25.93000030517578,46998300,2025-03-06,3,6,3,2.1341443247982146,1.1955243435940304,2.4723081193948295,2.3663609530526304,26.12200012207031,26.28199996948242,25.988999938964845
24.921062469482422,26.729999542236328,26.889999389648438,26.18000030517578,26.399999618530273,54337700,2025-03-07,4,7,3,2.6561881654759474,1.2499997290697926,2.564650620436257,2.3582157641853856,26.181999969482423,26.325,26.033999919891357
24.837154388427734,26.639999389648438,27.239999771118164,26.540000915527344,26.639999389648438,53013500,2025-03-10,0,10,3,2.627623391999102,0.0,2.3816036377497682,2.2982761811857975,26.25999984741211,26.323999977111818,26.07899990081787
24.23114013671875,25.989999771118164,26.6200008392334,25.8700008392334,26.56999969482422,44841400,2025-03-11,1,11,3,2.8857253043666837,-2.18291279777108,2.461661794041794,2.4036027223508385,26.30799980163574,26.248999977111815,26.08499984741211
23.970090866088867,25.709999084472656,25.969999313354492,25.5,25.940000534057617,37331000,2025-03-12,2,12,3,1.8280798525517818,-0.8866670965676474,2.426352207838346,2.423655104300167,26.26199951171875,26.177999877929686,26.093999767303465
23.867536544799805,25.600000381469727,26.06999969482422,25.530000686645508,25.760000228881836,36717900,2025-03-13,3,13,3,2.109371094266011,-0.621117414559334,2.4213975617319052,2.446852840563367,26.133999633789063,26.12799987792969,26.100499820709228
23.979413986206055,25.719999313354492,25.760000228881836,25.5,25.6200008392334,30298300,2025-03-14,4,14,3,1.0108873865592876,0.3903140938542058,2.092337405948573,2.3284940131924152,25.931999588012694,26.05699977874756,26.10449981689453
24.28708267211914,26.049999237060547,26.149999618530273,25.59000015258789,25.739999771118164,32676900,2025-03-17,0,17,3,2.1497101049649494,1.2043491402444415,1.9967547485417427,2.1891791931457556,25.813999557495116,26.036999702453613,26.130499744415282
24.52948570251465,26.309999465942383,26.399999618530273,26.100000381469727,26.209999084472656,32958700,2025-03-18,1,18,3,1.1402479785257622,0.3815352345012818,1.6476592833735584,2.0546605387076764,25.87799949645996,26.09299964904785,26.167999744415283
24.43625259399414,26.209999084472656,26.5,26.079999923706055,26.329999923706055,42522700,2025-03-19,2,19,3,1.6024421631619286,-0.4557570815841758,1.6025317454955879,2.0144419766669666,25.97799949645996,26.119999504089357,26.183999729156493
24.4176082611084,26.190000534057617,26.299999237060547,26.020000457763672,26.25,35378900,2025-03-20,3,20,3,1.0691056647088002,-0.22856939406622023,1.3944786595841454,1.9079381106580253,26.09599952697754,26.1149995803833,26.198499774932863
24.501516342163086,26.280000686645508,26.520000457763672,26.010000228881836,26.1299991607666,349996500,2025-03-21,4,21,3,1.9406400896366742,0.574058670863369,1.580429200199623,1.8363833030740977,26.207999801635744,26.06999969482422,26.19749984741211
24.370988845825195,26.139999389648438,26.219999313354492,25.889999389648438,26.100000381469727,37944400,2025-03-24,0,24,3,1.2624327904029569,0.1532529026593774,1.4029737372872244,1.6998642429144835,26.22599983215332,26.019999694824218,26.171999835968016
23.8209171295166,25.549999237060547,26.200000762939453,25.510000228881836,26.15999984741211,47607600,2025-03-25,1,25,3,2.700589255035139,-2.3318066280948666,1.7150419925890996,1.681350637981329,26.07399978637695,25.975999641418458,26.112499809265138
23.503929138183594,25.209999084472656,25.649999618530273,25.1299991607666,25.520000457763672,49487400,2025-03-26,2,26,3,2.0626754329552934,-1.2147389017648205,1.8070886465477727,1.7048101960216802,25.873999786376952,25.925999641418457,26.05199975967407
23.31746482849121,25.010000228881836,25.229999542236328,24.829999923706055,25.200000762939453,51302000,2025-03-27,3,27,3,1.5993587159921305,-0.7539703504177774,1.913139256804439,1.653808958194292,25.637999725341796,25.866999626159668,25.99749975204468
23.503929138183594,25.209999084472656,25.219999313354492,24.809999465942383,25.030000686645508,32352500,2025-03-28,4,28,3,1.6263382082573596,0.7191306148192984,1.8502788805285761,1.7153540403640997,25.423999404907228,25.815999603271486,25.936499691009523
23.62512969970703,25.34000015258789,25.43000030517578,24.610000610351562,24.799999237060547,53498100,2025-03-31,0,31,3,3.235989304997991,2.1774231134667894,2.244990183447583,1.8239819603674037,25.26399955749512,25.74499969482422,25.890999698638915
22.879274368286133,24.540000915527344,25.350000381469727,24.520000457763672,25.290000915527344,54444200,2025-04-01,1,1,4,3.3822326517554604,-2.965598943650181,2.3813188627916473,2.0481804276903732,25.061999893188478,25.567999839782715,25.830499744415285
23.028444290161133,24.700000762939453,24.739999771118164,24.309999465942383,24.5,41965000,2025-04-02,2,2,4,1.7408918700155076,0.8163296446508291,2.31696215020369,2.0620253983757313,24.960000228881835,25.417000007629394,25.768499755859374
22.646188735961914,24.290000915527344,24.8700008392334,24.280000686645508,24.739999771118164,53501800,2025-04-03,3,3,4,2.428983657265875,-1.8189121251171374,2.482887138458439,2.1980131976314388,24.816000366210936,25.227000045776368,25.670999813079835
21.41551971435547,22.969999313354492,24.100000381469727,22.950000762939453,23.940000534057617,80002600,2025-04-04,4,4,4,5.006528745787453,-4.051801165681589,3.1589252459644577,2.5046020632465167,24.368000411987303,24.895999908447266,25.482999801635742
21.098527908325195,22.6299991607666,23.15999984741211,21.75,22.139999389648438,86106100,2025-04-07,0,7,4,6.230666812646691,2.213187825774122,3.7578607474941976,3.00142546547089,23.826000213623047,24.544999885559083,25.28249979019165
20.361989974975586,21.84000015258789,22.989999771118164,21.440000534057617,22.899999618530273,72406000,2025-04-08,1,8,4,7.097066054172544,-4.628818705676528,4.500827427977614,3.441073145384631,23.286000061035157,24.173999977111816,25.074999809265137
20.96800422668457,22.489999771118164,22.540000915527344,20.920000076293945,21.110000610351562,95954400,2025-04-09,2,9,4,7.203205227746673,6.537182003158735,5.5932900995238475,3.9551261248637686,22.8439998626709,23.90200004577637,24.913999843597413
20.1289119720459,21.59000015258789,22.270000457763672,21.09000015258789,22.260000228881836,72960700,2025-04-10,3,10,4,5.465494658805457,-3.0098835103543067,6.200592299831763,4.341739719145101,22.30399971008301,23.560000038146974,24.71349983215332
20.42725372314453,21.90999984741211,22.0,21.280000686645508,21.59000015258789,55078100,2025-04-11,4,11,4,3.2861675872605476,1.482166246237205,5.8565200681263825,4.50772265704542,22.091999816894532,23.23000011444092,24.522999858856203
20.6230411529541,22.1200008392334,22.229999542236328,21.8700008392334,22.079999923706055,61900900,2025-04-14,0,14,4,1.6274805124076388,0.18116356732590844,4.9358828080785715,4.346871777786385,21.99000015258789,22.908000183105468,24.326499938964844
20.921384811401367,22.440000534057617,22.93000030517578,22.1299991607666,22.170000076293945,51814700,2025-04-15,1,15,4,3.5650674036081362,1.2178640362404842,4.22948307796569,4.365155252971652,22.110000228881837,22.698000144958495,24.132999992370607
20.548458099365234,22.040000915527344,22.68000030517578,21.950000762939453,22.489999771118164,37641200,2025-04-16,2,16,4,3.312157495066337,-2.000884215964788,3.451273531429623,4.522281815476735,22.020000457763672,22.432000160217285,23.92450008392334
20.641687393188477,22.139999389648438,22.549999237060547,22.100000381469727,22.149999618530273,54073700,2025-04-17,3,17,4,2.0325152122687835,-0.04514776096641525,2.7646776421222885,4.482634970977026,22.13000030517578,22.217000007629395,23.72200002670288
20.548458099365234,22.040000915527344,22.170000076293945,21.8700008392334,22.1299991607666,32021000,2025-04-21,0,21,4,1.3611580063465205,-0.4066798402722587,2.379675725939483,4.118097897032933,22.156000518798827,22.12400016784668,23.510000038146973
21.00529670715332,22.530000686645508,22.549999237060547,22.149999618530273,22.18000030517578,36052600,2025-04-22,1,22,4,1.7754088164203665,1.5779998947432512,2.4092613867420285,3.6725720974103,22.23800048828125,22.11400032043457,23.329500102996825
20.87476921081543,22.389999389648438,23.059999465942383,22.239999771118164,22.780000686645508,50781000,2025-04-23,2,23,4,3.662347999899138,-1.7120337367930973,2.428717506000229,3.3291002919829595,22.228000259399415,22.169000244140626,23.17150011062622
21.238378524780273,22.780000686645508,22.860000610351562,22.229999542236328,22.399999618530273,35009600,2025-04-24,3,24,4,2.765588450945766,1.6964333686902415,2.319403697176115,2.8853386143028694,22.376000213623048,22.198000335693358,23.050000190734863
21.3689022064209,22.920000076293945,23.110000610351562,22.479999542236328,22.770000457763672,35847700,2025-04-25,4,25,4,2.7486957505154708,0.658759839765965,2.4626398048254527,2.6136587234738706,22.53200035095215,22.331000328063965,22.94550018310547
21.4901065826416,23.049999237060547,23.290000915527344,22.899999618530273,23.030000686645508,55888900,2025-04-28,0,28,4,1.6919796525199593,0.08683695101509786,2.5288041340601404,2.4542399299998117,22.73400001525879,22.44500026702881,22.837500190734865
22.18002700805664,23.790000915527344,24.1200008392334,22.459999084472656,22.829999923706055,98540200,2025-04-29,1,29,4,6.9777288393347074,4.204997788127235,3.5692681386430083,2.9892647626925184,22.986000061035156,22.612000274658204,22.760000228881836
22.75806999206543,24.40999984741211,24.440000534057617,23.979999542236328,24.200000762939453,53941700,2025-04-30,2,30,4,1.8844776513591714,0.8677647845129601,3.2136940689350153,2.8212057874676217,23.39000015258789,22.80900020599365,22.753500175476074
22.3105525970459,23.93000030517578,24.329999923706055,23.799999237060547,24.299999237060547,46891700,2025-05-01,3,1,5,2.214795987824851,-1.5226293971255391,3.103535576310832,2.7114696367434736,23.620000076293945,22.998000144958496,22.71500015258789
22.562280654907227,24.200000762939453,24.299999237060547,23.969999313354492,24.280000686645508,41685800,2025-05-02,4,2,5,1.3636360053815604,-0.3294889680545037,2.82652362728405,2.644581716054751,23.876000213623048,23.2040002822876,22.710500144958495
22.25461196899414,23.8700008392334,24.25,23.850000381469727,24.200000762939453,40811800,2025-05-05,0,5,5,1.6757419541972656,-1.3636360053815604,2.823276087619511,2.6760401108398257,24.04000053405762,23.387000274658202,22.75550022125244
21.331607818603516,22.8799991607666,23.889999389648438,22.850000381469727,23.829999923706055,60872600,2025-05-06,1,6,5,4.545450377297415,-3.986574762824038,2.3368203952120528,2.953044266927531,23.858000183105467,23.422000122070312,22.768000221252443
21.247699737548828,22.790000915527344,23.09000015258789,22.719999313354492,22.989999771118164,48270500,2025-05-07,2,7,5,1.6235227045616683,-0.8699384844799978,2.2846294058525523,2.7491617373937833,23.534000396728516,23.4620002746582,22.815500259399414
21.41551971435547,22.969999313354492,23.09000015258789,22.510000228881836,22.81999969482422,55669800,2025-05-08,3,8,5,2.5250323946193998,0.6573164791246456,2.346676687211462,2.725106131761147,23.342000198364257,23.4810001373291,22.83950023651123
21.16849136352539,22.280000686645508,22.600000381469727,22.260000228881836,22.510000228881836,39059800,2025-05-09,4,9,5,1.5260329538126296,-1.0217660590745945,2.379156076897676,2.6028398520908627,22.95800018310547,23.417000198364256,22.87400026321411
21.938081741333008,23.09000015258789,23.149999618530273,22.18000030517578,22.229999542236328,77480900,2025-05-12,0,12,5,4.200949791876793,3.868648799194023,2.8841976444335815,2.8537368660265465,22.802000045776367,23.421000289916993,22.9330002784729
21.72905731201172,22.8700008392334,22.979999542236328,22.489999771118164,22.899999618530273,41193200,2025-05-13,1,13,5,2.142543739122088,-0.1309990384130859,2.403616316798516,2.3702183560052843,22.800000381469726,23.3290002822876,22.9705002784729
20.92146110534668,22.020000457763672,22.899999618530273,21.969999313354492,22.860000610351562,59394000,2025-05-14,2,14,5,4.2234345406105005,-3.67454125179471,2.923598684008282,2.6041140449304168,22.64600028991699,23.090000343322753,22.949500274658202
21.4725284576416,22.600000381469727,22.600000381469727,22.09000015258789,22.200000762939453,51800100,2025-05-15,3,15,5,2.2566381428028524,1.801800021547884,2.8699198336449725,2.608298260428217,22.57200050354004,22.95700035095215,22.977500247955323
21.69105339050293,22.829999923706055,22.850000381469727,22.450000762939453,22.649999618530273,37786800,2025-05-16,4,16,5,1.7520789306482856,0.794703347493748,2.915129029012104,2.64714255295489,22.682000350952148,22.82000026702881,23.012000274658202
21.852569580078125,23.0,23.030000686645508,22.639999389648438,22.739999771118164,31513700,2025-05-19,0,19,5,1.6956578130307403,1.1433607365821503,2.414070633242893,2.6491341388382375,22.66400032043457,22.733000183105467,23.060000228881837
22.346630096435547,23.520000457763672,23.700000762939453,23.15999984741211,23.170000076293945,57047500,2025-05-20,1,20,5,2.295922215210229,1.5105756595479016,2.4447463284605213,2.424181322629519,22.794000244140626,22.797000312805174,23.109500217437745
21.89057731628418,23.040000915527344,23.479999542236328,23.040000915527344,23.469999313354492,42984700,2025-05-21,2,21,5,1.9097161858724416,-1.8321193455786688,1.98200265751291,2.4528006707605963,22.99800033569336,22.822000312805176,23.14200029373169
21.89057731628418,23.040000915527344,23.15999984741211,22.809999465942383,23.040000915527344,38602800,2025-05-22,3,22,5,1.5190988175432356,0.0,1.8344947924609862,2.3522073130529795,23.086000442504883,22.82900047302246,23.155000305175783
22.156606674194336,23.31999969482422,23.389999389648438,22.8799991607666,22.950000762939453,35405400,2025-05-23,4,23,5,2.186964989519397,1.6121957280378578,1.9214720042352087,2.4183005166236566,23.184000396728514,22.933000373840333,23.175000286102296
22.432138442993164,23.610000610351562,23.65999984741211,23.3700008392334,23.549999237060547,36155400,2025-05-27,1,27,5,1.2282888635401552,0.25478290970214423,1.8279982143370919,2.1210344237899923,23.30600051879883,22.9850004196167,23.203000354766846
22.023591995239258,23.18000030517578,23.639999389648438,23.110000610351562,23.610000610351562,36737200,2025-05-28,2,28,5,2.286448543223416,-1.821263422531434,1.8261034799397293,2.1354249042001254,23.23800048828125,23.01600036621094,23.172500324249267
22.280120849609375,23.450000762939453,23.450000762939453,23.15999984741211,23.329999923706055,26091400,2025-05-29,3,29,5,1.236677637920009,0.5143627930811235,1.6914957703492426,1.8367492139310762,23.320000457763673,23.159000396728516,23.124500370025636
22.318126678466797,23.489999771118164,23.6200008392334,23.15999984741211,23.479999542236328,56618600,2025-05-30,4,30,5,1.958284360593641,0.04259041344463108,1.7793328789593237,1.806913835710155,23.410000228881835,23.24800033569336,23.102500343322752
22.289621353149414,23.459999084472656,23.559999465942383,23.219999313354492,23.540000915527344,30443900,2025-06-02,0,2,6,1.4492760692941575,-0.33985483408336264,1.6317950949142754,1.7766335495747423,23.438000106811522,23.311000251770018,23.065500259399414
22.185110092163086,23.350000381469727,23.540000915527344,23.059999465942383,23.3799991607666,37887100,2025-06-03,1,3,6,2.055680692690199,-0.12830958243666327,1.7972734607442846,1.8126358375406881,23.386000061035155,23.346000289916994,23.03950023651123
22.223115921020508,23.389999389648438,23.540000915527344,23.350000381469727,23.40999984741211,24500100,2025-06-04,2,4,6,0.8123152587242243,-0.08543553137136331,1.5024468038444463,1.6642751418920878,23.427999877929686,23.33300018310547,23.06500024795532
21.966585159301758,23.1200008392334,23.440000534057617,23.079999923706055,23.440000534057617,33173600,2025-06-05,3,5,6,1.5570960090133767,-1.3651863802616762,1.5665304780631195,1.6290131242061812,23.361999893188475,23.341000175476076,23.081500244140624
22.185110092163086,23.350000381469727,23.579999923706055,23.25,23.270000457763672,30426200,2025-06-06,4,6,6,1.413275881433983,0.343789953297418,1.457528782231188,1.618430830595256,23.334000015258788,23.37200012207031,23.100500297546386
22.774179458618164,23.969999313354492,24.139999389648438,23.420000076293945,23.440000534057617,42542600,2025-06-09,0,9,6,3.003751914808593,2.2610868908761446,1.7684239513340754,1.7001095231241756,23.436000061035156,23.43700008392334,23.185000228881837
23.087717056274414,24.299999237060547,24.420000076293945,23.959999084472656,23.969999313354492,40439200,2025-06-10,1,10,6,1.8930082562296127,1.3767206222746975,1.7358894640419578,1.766581462393121,23.62599983215332,23.505999946594237,23.24550018310547
23.25873565673828,24.479999542236328,24.690000534057617,24.31999969482422,24.329999923706055,38558700,2025-06-11,2,11,6,1.511441365000931,0.6165212453787169,1.8757146852972995,1.6890807445708726,23.8439998626709,23.635999870300292,23.326000118255614
23.60077667236328,24.84000015258789,24.8799991607666,24.530000686645508,24.530000686645508,42465400,2025-06-12,3,12,6,1.409011561880486,1.2637564503255438,1.8460977958707212,1.7063141369669204,24.187999725341797,23.774999809265136,23.467000102996828
23.315746307373047,24.540000915527344,24.950000762939453,24.459999084472656,24.790000915527344,46368400,2025-06-13,4,13,6,1.9967467815241815,-1.0084711204807226,1.962791975888761,1.7101603790599746,24.42599983215332,23.879999923706055,23.564000129699707
23.182727813720703,24.399999618530273,24.59000015258789,24.280000686645508,24.5,35102100,2025-06-16,0,16,6,1.2704896343808039,-0.40816482232541457,1.616139519803203,1.692281735568639,24.511999893188477,23.973999977111816,23.642500114440917
22.802682876586914,24.0,24.31999969482422,23.90999984741211,24.270000457763672,40408800,2025-06-17,1,17,6,1.7083326975504558,-1.1124864139724484,1.5792044080673715,1.6575469360546649,24.452000045776366,24.038999938964842,23.692500114440918
22.688669204711914,23.8799991607666,24.079999923706055,23.770000457763672,23.959999084472656,37076200,2025-06-18,2,18,6,1.2981552631362452,-0.3338895106965962,1.5365471876944343,1.7061309364958668,24.33199996948242,24.08799991607666,23.710500049591065
22.774179458618164,23.969999313354492,24.09000015258789,23.770000457763672,24.0,63098100,2025-06-20,4,20,6,1.3350008510260414,-0.12500286102294922,1.5217450455235455,1.6839214206971334,24.157999801635743,24.172999763488768,23.756999969482422
22.831186294555664,24.030000686645508,24.09000015258789,23.770000457763672,23.8700008392334,31959100,2025-06-23,0,23,6,1.3316674393690557,0.6702967816789063,1.3887291770925203,1.6757605764906405,24.055999755859375,24.24099979400635,23.80649995803833
23.097217559814453,24.309999465942383,24.399999618530273,24.110000610351562,24.139999389648438,34404200,2025-06-24,1,24,6,1.192920668653207,0.7042256859660223,1.373215383947001,1.494677451875102,24.0379997253418,24.274999809265136,23.85599994659424
23.049713134765625,24.260000228881836,24.3700008392334,24.06999969482422,24.209999084472656,25603300,2025-06-25,2,25,6,1.2366081680907182,0.20653096365149579,1.2788704780550533,1.4290374430612125,24.089999771118165,24.270999908447266,23.88849992752075
23.030710220336914,24.239999771118164,24.43000030517578,24.15999984741211,24.31999969482422,31835300,2025-06-26,3,26,6,1.1138632851200603,-0.3289470588401375,1.2420120824518164,1.3892796350731254,24.161999893188476,24.24699993133545,23.94149990081787
22.983205795288086,24.190000534057617,24.420000076293945,24.079999923706055,24.350000381469727,39528800,2025-06-27,4,27,6,1.4055400788817558,-0.6570835519734478,1.2561199280229594,1.3889324867732527,24.206000137329102,24.181999969482423,23.97849988937378
23.030710220336914,24.239999771118164,24.3799991607666,24.1200008392334,24.209999084472656,44730900,2025-06-30,0,30,6,1.0726003464859344,0.12391857819089747,1.2043065094463352,1.2965178432694278,24.247999954223634,24.151999855041502,24.01599988937378
23.790800094604492,25.040000915527344,25.350000381469727,24.260000228881836,24.280000686645508,59259900,2025-07-01,1,1,7,4.353035593988257,3.13014912433611,1.836329494513345,1.6047724392301732,24.394000244140624,24.21599998474121,24.094999980926513
24.05683135986328,25.31999969482422,25.360000610351562,25.030000686645508,25.1299991607666,36772100,2025-07-02,2,2,7,1.303317249934689,0.7560705945197538,1.8496713108821392,1.5642708944685964,24.6060001373291,24.34799995422363,24.193499946594237
24.11383628845215,25.3799991607666,25.520000457763672,25.219999313354492,25.350000381469727,27104600,2025-07-03,3,3,7,1.1820376451112466,0.1183383780885598,1.8633061828803765,1.5526591326660966,24.834000015258788,24.497999954223634,24.292999935150146
23.98082160949707,25.239999771118164,25.530000686645508,25.139999389648438,25.360000610351562,34905900,2025-07-07,0,7,7,1.5451715552047833,-0.47318941776529744,1.8912324781449823,1.5736762030839706,25.043999862670898,24.625,24.398999881744384
24.34186363220215,25.6200008392334,25.959999084472656,25.209999084472656,25.239999771118164,51275800,2025-07-08,1,8,7,2.9274003724913285,1.5055509966765734,2.262192483346061,1.7332494963961977,25.320000076293944,24.78400001525879,24.51249990463257
24.28485870361328,25.559999465942383,25.84000015258789,25.34000015258789,25.690000534057617,38362200,2025-07-09,2,9,7,1.9561815745193143,-0.5060376232491315,1.7828216794522724,1.809575586982809,25.423999786376953,24.90900001525879,24.59199991226196
24.49388313293457,25.780000686645508,26.049999237060547,25.540000915527344,25.579999923706055,39499200,2025-07-10,3,10,7,1.9782711712548215,0.7818638136668017,1.9178124637162988,1.883741887299219,25.51599998474121,25.061000061035156,24.665999984741212
24.370365142822266,25.649999618530273,25.719999313354492,25.420000076293945,25.649999618530273,34864400,2025-07-11,4,11,7,1.1695876862462762,0.0,1.9153224719433048,1.889314327411841,25.570000076293944,25.202000045776366,24.72449998855591
24.08533477783203,25.350000381469727,25.6299991607666,25.34000015258789,25.579999923706055,25918000,2025-07-14,0,14,7,1.1439802911825343,-0.8991381662326665,1.8350842191388548,1.8631583486419185,25.592000198364257,25.318000030517577,24.75
23.382251739501953,24.610000610351562,25.440000534057617,24.530000686645508,25.34000015258789,54458000,2025-07-15,1,15,7,3.697683156616182,-2.880819012788268,1.9891407759638255,2.125666629654943,25.39000015258789,25.35500011444092,24.75349998474121
23.382251739501953,24.610000610351562,24.959999084472656,24.530000686645508,24.68000030517578,44218200,2025-07-16,2,16,7,1.7472506589304215,-0.2836292299783267,1.9473545928460472,1.8650881361491596,25.200000381469728,25.31200008392334,24.764000034332277
23.353748321533203,24.579999923706055,24.780000686645508,24.450000762939453,24.489999771118164,47393900,2025-07-17,3,17,7,1.342554616478204,0.36749756402215517,1.8202112818907235,1.8690118728035112,24.960000228881835,25.238000106811523,24.79300003051758
23.249235153198242,24.469999313354492,24.780000686645508,24.389999389648438,24.709999084472656,36309400,2025-07-18,4,18,7,1.593793657297846,-0.9712658033604535,1.9050524761010377,1.910187474022171,24.72400016784668,25.147000122070313,24.822500038146973
23.049713134765625,24.260000228881836,24.649999618530273,24.260000228881836,24.59000015258789,33663400,2025-07-21,0,21,7,1.607581970193629,-1.3420086281346566,1.9977728119032563,1.9164285155210556,24.506000137329103,25.04900016784668,24.83700008392334
23.88581085205078,25.139999389648438,25.139999389648438,24.34000015258789,24.3700008392334,48091600,2025-07-22,1,22,7,3.1821768356523985,3.159616429620364,1.8946715477104998,1.941906161837163,24.611999893188475,25.001000022888185,24.892500019073488
24.09483528137207,25.360000610351562,25.530000686645508,25.25,25.3799991607666,42073300,2025-07-23,2,23,7,1.1041036273919325,-0.078796497542654,1.7660421414028018,1.8566983671244244,24.761999893188477,24.9810001373291,24.945000076293944
24.08533477783203,25.350000381469727,25.540000915527344,25.260000228881836,25.389999389648438,25672400,2025-07-24,3,24,7,1.104539181191421,-0.1575384369446603,1.7184390543454455,1.7693251681180844,24.915999984741212,24.938000106811522,24.99950008392334
23.95969009399414,24.790000915527344,24.969999313354492,24.6200008392334,24.969999313354492,35643400,2025-07-25,4,25,7,1.4118534134537704,-0.7208586414773405,1.6820510055766302,1.7935517408388335,24.980000305175782,24.85200023651123,25.027000141143798
23.495765686035156,24.309999465942383,24.729999542236328,24.239999771118164,24.68000030517578,31096600,2025-07-28,0,28,7,2.0156305301636874,-1.499193009150018,1.7636607175706416,1.880716764736949,24.99000015258789,24.748000144958496,25.03300008773804
23.486099243164062,24.299999237060547,24.329999923706055,23.93000030517578,24.309999465942383,38499800,2025-07-29,1,29,7,1.6460890168268971,-0.041136277669795815,1.4564431538055416,1.6755573507580208,24.822000122070314,24.717000007629395,25.036000061035157
23.01251220703125,23.809999465942383,24.399999618530273,23.799999237060547,24.31999969482422,35649500,2025-07-30,2,30,7,2.519951259671223,-2.0970404411245704,1.7396126802613998,1.7528274108321007,24.511999893188477,24.636999893188477,24.97449998855591
22.509929656982422,23.290000915527344,23.84000015258789,23.139999389648438,23.600000381469727,62768300,2025-07-31,3,31,7,3.0055849524366725,-1.3135570378455947,2.11982183451045,1.9191304444279478,24.1,24.507999992370607,24.873000049591063
22.703229904174805,23.489999771118164,23.520000457763672,23.110000610351562,23.299999237060547,51332700,2025-08-01,4,1,8,1.7454229519245017,0.8154529625709422,2.1865357422045966,1.934293373890613,23.839999771118165,24.410000038146972,24.778500080108643
22.74188995361328,23.530000686645508,23.68000030517578,23.399999618530273,23.440000534057617,57010700,2025-08-04,0,4,8,1.189973134188741,0.38395968659268204,2.0214042630096065,1.8925324902901246,23.68400001525879,24.33700008392334,24.69300012588501
23.92102813720703,24.75,24.889999389648438,24.270000457763672,24.270000457763672,113955100,2025-08-05,1,5,8,2.505046189433396,1.9777483855909126,2.193195697530907,1.8248194256682244,23.77400016784668,24.298000144958497,24.64950008392334
23.12849235534668,23.93000030517578,24.709999084472656,23.860000610351562,24.68000030517578,65689200,2025-08-06,2,6,8,3.5520203229468783,-3.0388978554538886,2.399609510186038,2.0696110952237188,23.79800033569336,24.155000114440917,24.56800012588501
23.41844367980957,24.229999542236328,24.469999313354492,23.940000534057617,24.170000076293945,45494400,2025-08-07,3,7,8,2.187366030993983,0.24823941147286377,2.2359657258974996,2.177893780203975,23.986000061035156,24.04300003051758,24.490500068664552
23.75672149658203,24.579999923706055,24.610000610351562,24.15999984741211,24.290000915527344,36377000,2025-08-08,4,8,8,1.8307598223605046,1.19390282934625,2.253033099984701,2.2197844210946487,24.204000091552736,24.02199993133545,24.43700008392334
23.75672149658203,24.579999923706055,24.920000076293945,24.530000686645508,24.600000381469727,38115700,2025-08-11,0,11,8,1.5866533395401055,-0.08130267257531217,2.3323691410549734,2.17688670203229,24.413999938964842,24.048999977111816,24.398500061035158
23.824377059936523,24.649999618530273,24.770000457763672,24.469999313354492,24.65999984741211,34402700,2025-08-12,1,12,8,1.217043201021627,-0.04055242880662625,2.0747685433726195,2.1339821204517633,24.3939998626709,24.084000015258788,24.40050001144409
24.31729507446289,25.15999984741211,25.200000762939453,24.739999771118164,24.75,40176500,2025-08-13,2,13,8,1.8283028402665256,1.656565040048927,1.730025046836549,2.0648172785112933,24.639999771118163,24.21900005340576,24.42799997329712
24.268970489501953,25.110000610351562,25.18000030517578,24.81999969482422,25.09000015258789,32514000,2025-08-14,3,14,8,1.4336941521345592,0.0797148570826491,1.5792906710646644,1.9076281984810823,24.81599998474121,24.401000022888184,24.454500007629395
24.29796600341797,25.139999389648438,25.299999237060547,24.969999313354492,25.219999313354492,31844800,2025-08-15,4,15,8,1.3126488930701181,-0.3172082707539692,1.475668485206587,1.8643507925956437,24.927999877929686,24.56599998474121,24.488000011444093
24.230308532714844,25.06999969482422,25.229999542236328,25.010000228881836,25.139999389648438,35623300,2025-08-18,0,18,8,0.8775401517053537,-0.2784395247560809,1.3338458476396367,1.8331074943473051,25.02599983215332,24.719999885559083,24.52849998474121
24.47193717956543,25.31999969482422,25.43000030517578,25.100000381469727,25.139999389648438,29170500,2025-08-19,1,19,8,1.303317249934689,0.7159916847487975,1.3511006574222493,1.7129346003974344,25.15999984741211,24.776999855041502,24.5375
24.529924392700195,25.3799991607666,25.690000534057617,25.34000015258789,25.389999389648438,38111000,2025-08-20,2,20,8,1.379040161714311,-0.03938648728724686,1.2612481217118063,1.4956365842741777,25.203999710083007,24.921999740600587,24.538499927520753
24.87786865234375,25.739999771118164,25.889999389648438,25.3700008392334,25.40999984741211,37068100,2025-08-21,3,21,8,2.0201964065225395,1.298701006248387,1.3785485725894024,1.4789196218270333,25.32999954223633,25.07299976348877,24.557999897003175
25.013179779052734,25.8799991607666,26.110000610351562,25.760000228881836,25.899999618530273,34560500,2025-08-22,4,22,8,1.352397190183522,-0.07722184578474842,1.386498232012083,1.431083358609335,25.47799949645996,25.202999687194826,24.612499809265138
24.29796600341797,25.139999389648438,25.889999389648438,25.110000610351562,25.8799991607666,32684200,2025-08-25,0,25,8,3.1026205180340805,-2.8593500584033413,1.8315143052778282,1.5826800764587325,25.491999435424805,25.258999633789063,24.65399980545044
24.08533477783203,24.920000076293945,25.239999771118164,24.8700008392334,25.139999389648438,43938700,2025-08-26,1,26,8,1.4847469131299906,-0.8750967330774015,1.8678002379168888,1.609450447669569,25.41199951171875,25.28599967956543,24.684999847412108
24.230308532714844,25.06999969482422,25.170000076293945,24.850000381469727,25.010000228881836,31840300,2025-08-27,2,27,8,1.276424805423048,0.2399019008128386,1.847277166658636,1.5542626441852212,25.349999618530273,25.27699966430664,24.7479998588562
23.776052474975586,24.600000381469727,25.06999969482422,24.510000228881836,25.06999969482422,44306800,2025-08-28,3,28,8,2.2764205579614942,-1.8747479819536057,1.898521996946427,1.6385352847679147,25.121999740600586,25.225999641418458,24.81349983215332
23.930692672729492,24.760000228881836,24.8799991607666,24.510000228881836,24.68000030517578,37030000,2025-08-29,4,29,8,1.4943413912136092,0.3241487954490724,1.9269108371524446,1.6567045345822637,24.897999954223632,25.187999725341797,24.876999855041504
24.14332389831543,24.979999542236328,25.06999969482422,24.709999084472656,24.729999542236328,44725000,2025-09-02,1,2,9,1.4411553921082798,1.0109179321779824,1.5946178119672845,1.7130660586225563,24.86599998474121,25.17899971008301,24.949499797821044
23.95969009399414,24.790000915527344,25.1200008392334,24.719999313354492,24.8799991607666,30957600,2025-09-03,2,3,9,1.6135599479883973,-0.3617292937098507,1.6203804189389657,1.7440903284279272,24.84000015258789,25.12599983215332,24.95149984359741
23.718061447143555,24.540000915527344,24.780000686645508,24.350000381469727,24.780000686645508,41695500,2025-09-04,3,4,9,1.7522424170070203,-0.9685220519283734,1.7155439412557603,1.7814105539571983,24.734000396728515,25.042000007629394,24.98199987411499
24.046672821044922,24.8799991607666,24.889999389648438,24.510000228881836,24.56999969482422,34613200,2025-09-05,4,5,9,1.5273278681046911,1.2616991037557301,1.5657254032843997,1.732123700115413,24.79000015258789,24.95599994659424,25.014499855041503
23.727725982666016,24.549999237060547,24.969999313354492,24.309999465942383,24.899999618530273,49242900,2025-09-08,0,8,9,2.6883905007042816,-1.4056240435010312,1.8045352251825342,1.8657230311674895,24.747999954223634,24.822999954223633,25.01299982070923
23.882368087768555,24.709999084472656,24.790000915527344,24.510000228881836,24.549999237060547,32751300,2025-09-09,1,9,9,1.1331472967210894,0.6517305596106678,1.7429336061050962,1.6687757090361903,24.6939998626709,24.779999923706054,25.01949977874756
23.74705696105957,24.56999969482422,24.649999618530273,24.450000762939453,24.639999389648438,32975900,2025-09-10,2,10,9,0.81399616636117,-0.28408967758995346,1.5830208497796505,1.601700634359308,24.649999618530273,24.744999885559082,25.015499782562255
24.02734375,24.860000610351562,24.860000610351562,24.540000915527344,24.600000381469727,36784100,2025-09-11,3,11,9,1.287207107673894,1.0569114831302382,1.4900137879130253,1.6027788645843928,24.713999557495118,24.723999977111816,25.00049982070923
23.07050323486328,23.8700008392334,24.84000015258789,23.84000015258789,24.809999465942383,81378200,2025-09-12,4,12,9,4.189358880777131,-3.788789387115287,2.022419990447513,1.7940726968659564,24.511999893188477,24.651000022888184,24.93849983215332
23.167152404785156,23.969999313354492,24.1200008392334,23.68000030517578,23.989999771118164,50760200,2025-09-15,0,15,9,1.8356301487771762,-0.08336997896828101,1.851867920062092,1.8282015726223133,24.395999908447266,24.571999931335448,24.879999828338622
23.099496841430664,23.899999618530273,24.219999313354492,23.8700008392334,23.959999084472656,57010800,2025-09-16,1,16,9,1.4644287853868043,-0.2504151428839813,1.918124217795235,1.8305289119501655,24.23400001525879,24.463999938964843,24.821499824523926
23.244474411010742,24.049999237060547,24.389999389648438,23.899999618530273,23.979999542236328,46351600,2025-09-17,2,17,9,2.0374211503636332,0.2919086578835302,2.1628092145957276,1.872915032187689,24.129999923706055,24.389999771118163,24.75799980163574
23.341123580932617,24.149999618530273,24.239999771118164,23.959999084472656,24.049999237060547,34419000,2025-09-18,3,18,9,1.1594231514217646,0.4158020151436349,2.137252423345302,1.8136331056291635,23.987999725341798,24.350999641418458,24.696499824523926
23.225143432617188,24.030000686645508,24.25,23.81999969482422,24.25,86577600,2025-09-19,4,19,9,1.7894310981636827,-0.9072136633174935,1.6572668668226123,1.839843428635063,24.019999694824218,24.265999794006348,24.610999870300294
23.23480987548828,24.040000915527344,24.799999237060547,24.030000686645508,24.280000686645508,67863300,2025-09-22,0,22,9,3.202988856450916,-0.988466904163511,1.93073860835736,1.891303264209726,24.03400001525879,24.214999961853028,24.51899995803833
23.321794509887695,24.1299991607666,24.360000610351562,24.049999237060547,24.100000381469727,38955200,2025-09-23,1,23,9,1.2847135684739368,0.1244762606723475,1.8947955649747865,1.9064598913850108,24.079999923706055,24.15699996948242,24.46849994659424
23.28313446044922,24.09000015258789,24.18000030517578,23.979999542236328,24.170000076293945,39669400,2025-09-24,2,24,9,0.8302231700814989,-0.33098851242668803,1.6533559689183597,1.9080825917570436,24.088000106811524,24.10900001525879,24.426999950408934
22.809547424316406,23.600000381469727,24.149999618530273,23.579999923706055,24.09000015258789,56738300,2025-09-25,3,25,9,2.4152529051303393,-2.03403805734524,1.9045219196600747,2.0208871715026886,23.978000259399415,23.982999992370605,24.353499984741212
22.964187622070312,23.760000228881836,23.809999465942383,23.610000610351562,23.729999542236328,33374500,2025-09-26,4,26,9,0.8417460171052885,0.12642514633053606,1.714984903448396,1.6861258851355039,23.92400016784668,23.97199993133545,24.311499977111815
23.051172256469727,23.850000381469727,23.860000610351562,23.639999389648438,23.790000915527344,39184300,2025-09-29,0,29,9,0.9224369693262356,0.252204554995297,1.2588745260234597,1.59480656719041,23.886000061035155,23.960000038146973,24.26599998474121
24.626577377319336,25.479999542236328,25.6299991607666,23.809999465942383,23.850000381469727,164867300,2025-09-30,1,30,9,7.142856073475742,6.834377923251651,2.4305030270238204,2.1626492959993038,24.1560001373291,24.118000030517578,24.290999984741212
26.298633575439453,27.209999084472656,27.450000762939453,25.579999923706055,25.969999313354492,150879900,2025-10-01,2,1,10,6.8724766709033505,4.774739329625326,3.6389537271881904,2.6461548480532757,24.779999923706054,24.43400001525879,24.411999893188476
26.17298698425293,27.079999923706055,27.170000076293945,26.6200008392334,26.93000030517578,69684100,2025-10-02,3,2,10,2.031016390731497,0.5569982058315998,3.5621064243084226,2.7333141719842486,25.47599983215332,24.727000045776368,24.538999843597413
26.45327377319336,27.3700008392334,27.690000534057617,27.040000915527344,27.200000762939453,70524000,2025-10-03,4,3,10,2.3748615221031875,0.6250002629616608,3.8687295253080025,2.7918572143781994,26.197999954223633,25.061000061035156,24.663499927520753
25.544757843017578,26.43000030517578,27.360000610351562,26.389999389648438,27.270000457763672,62945600,2025-10-06,0,6,10,3.6700764642563013,-3.0803085386408404,4.418257424294016,2.8385659751587378,26.713999938964843,25.3,24.757499980926514
25.390117645263672,26.270000457763672,26.579999923706055,26.049999237060547,26.420000076293945,47744200,2025-10-07,1,7,10,2.017513046859787,-0.5677502577483512,3.393188818970825,2.9118459229973226,26.87200012207031,25.514000129699706,24.835500049591065
24.81987762451172,25.68000030517578,26.5,25.6299991607666,26.420000076293945,48693300,2025-10-08,2,8,10,3.3878536950719997,-2.800907528316583,2.6962642238045547,3.1676089754963725,26.566000366210936,25.673000144958497,24.891000080108643
24.394615173339844,25.239999771118164,25.899999618530273,25.209999084472656,25.780000686645508,47278700,2025-10-09,3,9,10,2.733758083655677,-2.0946505087064393,2.8368125623893903,3.1994594933489067,26.198000335693358,25.83700008392334,24.910000038146972
23.950023651123047,24.780000686645508,25.420000076293945,24.6200008392334,25.260000228881836,64963900,2025-10-10,4,10,10,3.228406839761244,-1.9002357002653754,3.007521625921002,3.438125575614502,25.68000030517578,25.939000129699707,24.955500030517577
23.901697158813477,24.729999542236328,24.950000762939453,24.610000610351562,24.84000015258789,45356600,2025-10-13,0,13,10,1.3748490047773956,-0.44283659289793675,2.5484761340252207,3.4833667791596183,25.34000015258789,26.02700004577637,24.99350004196167
23.698732376098633,24.520000457763672,24.790000915527344,24.479999542236328,24.649999618530273,42277000,2025-10-14,1,14,10,1.2642796390848399,-0.5273799707034341,2.3978294524702313,2.895509135720528,24.99000015258789,25.9310001373291,25.02450008392334
23.57308578491211,24.389999389648438,24.579999923706055,24.209999084472656,24.489999771118164,47729800,2025-10-15,2,15,10,1.5170186490059265,-0.4083314920552192,2.0236624432570167,2.3599633335307857,24.731999969482423,25.64900016784668,25.041500091552734
23.41844367980957,24.229999542236328,24.610000610351562,24.209999084472656,24.440000534057617,44390000,2025-10-16,3,16,10,1.6508523872716003,-0.8592511752552894,1.8070813039802012,2.321946933184796,24.529999923706054,25.364000129699708,25.045500087738038
23.68906593322754,24.510000228881836,24.530000686645508,24.15999984741211,24.200000762939453,40101900,2025-10-17,4,17,10,1.509591333244464,1.280989488302515,1.4633182026768452,2.2354199142989235,24.47599983215332,25.07800006866455,25.069500064849855
23.863037109375,24.690000534057617,24.729999542236328,24.510000228881836,24.56999969482422,35856800,2025-10-20,0,20,10,0.8910462073543624,0.4884039101501379,1.3665576431922386,1.9575168886087297,24.46800003051758,24.904000091552735,25.102000045776368
24.017677307128906,24.850000381469727,24.959999084472656,24.600000381469727,24.719999313354492,40726900,2025-10-21,1,21,10,1.4486869113747591,0.5258943030997734,1.4034390976502222,1.9006342750602268,24.53400001525879,24.76200008392334,25.138000106811525
23.892030715942383,24.719999313354492,24.93000030517578,24.6200008392334,24.790000915527344,48662900,2025-10-22,2,22,10,1.2540431818495712,-0.28237837671480565,1.3508440042189513,1.687253223737984,24.6,24.665999984741212,25.169500064849853
23.843706130981445,24.670000076293945,24.780000686645508,24.510000228881836,24.760000228881836,34219900,2025-10-23,3,23,10,1.09444854855563,-0.36349011209986987,1.2395632364757572,1.5233222702279794,24.688000106811522,24.60900001525879,25.223000049591064
23.930692672729492,24.760000228881836,24.829999923706055,24.68000030517578,24.700000762939453,27429200,2025-10-24,4,24,10,0.6058142857175872,0.24291281007734877,1.058807826970382,1.2610630148236135,24.738000106811523,24.606999969482423,25.273000049591065
23.940357208251953,24.770000457763672,24.799999237060547,24.6299991607666,24.739999771118164,34974900,2025-10-27,0,27,10,0.6863143849505345,0.12126389217081178,1.0178614624896165,1.1922095528409276,24.754000091552733,24.611000061035156,25.319000053405762
23.679401397705078,24.5,24.780000686645508,24.3799991607666,24.780000686645508,50152400,2025-10-28,1,28,10,1.6326592893016583,-1.1299462424809634,1.0546559380749962,1.2290475178626095,24.68400001525879,24.60900001525879,25.270000076293947
23.476436614990234,24.290000915527344,24.6299991607666,24.229999542236328,24.530000686645508,65438400,2025-10-29,2,29,10,1.6467665848236932,-0.9783928430496271,1.1332006186698207,1.242022311444386,24.59800033569336,24.59900016784668,25.12400016784668
23.476436614990234,24.290000915527344,24.700000762939453,24.149999618530273,24.309999465942383,157478000,2025-10-30,3,30,10,2.264310924984743,-0.08226470939687376,1.3671730939556432,1.3033681652157003,24.52200050354004,24.605000305175782,24.984500217437745
23.824377059936523,24.649999618530273,24.729999542236328,24.15999984741211,24.280000686645508,132697400,2025-10-31,4,31,10,2.312372022901493,1.5238835313883352,1.7084846413924246,1.383646234181403,24.500000381469725,24.619000244140626,24.848500156402586
23.834043502807617,24.65999984741211,24.75,24.40999984741211,24.59000015258789,140871300,2025-11-03,0,3,11,1.3787516410855583,0.2846673216342045,1.846972092619429,1.4324167775545227,24.478000259399415,24.616000175476074,24.760000133514403
23.486099243164062,24.299999237060547,25.200000762939453,24.200000762939453,24.389999389648438,166162000,2025-11-04,1,4,11,4.11522646665303,-0.36900432488771745,2.3434855280897033,1.6990707330823498,24.438000106811522,24.561000061035156,24.66150007247925
23.78571891784668,24.610000610351562,24.670000076293945,24.15999984741211,24.3799991607666,107240900,2025-11-05,2,5,11,2.072329200460554,0.9434022046854279,2.4285980512170755,1.780899334943448,24.502000045776366,24.550000190734863,24.608000087738038
24.017677307128906,24.850000381469727,25.1299991607666,24.540000915527344,24.75,124137200,2025-11-06,3,6,11,2.374238374978902,0.4040419453322285,2.450583541215907,1.9088783175857753,24.613999938964845,24.56800022125244,24.588500118255617
24.02751350402832,24.43000030517578,24.6299991607666,24.110000610351562,24.329999923706055,117794500,2025-11-07,4,7,11,2.128524535076945,0.4110167767501335,2.413814043650998,2.061149342521711,24.570000076293944,24.535000228881835,24.57100009918213
23.98817253112793,24.389999389648438,24.889999389648438,23.90999984741211,24.65999984741211,148958600,2025-11-10,0,10,11,4.018038404102043,-1.094892374024108,2.941671396254295,2.394321744436862,24.51599998474121,24.49700012207031,24.554000091552734
25.0897216796875,25.510000228881836,25.510000228881836,24.440000534057617,24.489999771118164,139673800,2025-11-11,1,11,11,4.194432321536358,4.164967200067478,2.9575125672309603,2.6504990476603316,24.75800018310547,24.598000144958498,24.603500080108642
25.443790435791016,25.8700008392334,25.950000762939453,25.25,25.399999618530273,96008000,2025-11-12,2,12,11,2.7058397380407513,1.8503985344954141,3.084214674747,2.7564063629820383,25.010000228881836,24.756000137329103,24.67750015258789
25.365108489990234,25.790000915527344,26.479999542236328,25.670000076293945,25.940000534057617,123083100,2025-11-13,3,13,11,3.140750047258462,-0.5782560348575676,3.2375170092029117,2.8440502752094097,25.198000335693358,24.9060001373291,24.75550022125244
24.64713478088379,25.059999465942383,25.770000457763672,24.969999313354492,25.670000076293945,96507600,2025-11-14,4,14,11,3.1923430225783354,-2.376317134937968,3.4502807067031895,2.932047375177094,25.32400016784668,24.947000122070314,24.783000183105468
24.666805267333984,25.079999923706055,25.56999969482422,24.950000762939453,25.110000610351562,88042200,2025-11-17,0,17,11,2.4720850628820448,-0.11947704466856951,3.14109003845919,3.0413807173567426,25.4620002746582,24.989000129699708,24.80250015258789
25.030710220336914,25.450000762939453,25.510000228881836,24.979999542236328,25.049999237060547,66511800,2025-11-18,1,18,11,2.0825173703621265,1.5968125271920919,2.7187070482243443,2.838109807727652,25.450000381469728,25.104000282287597,24.832500171661376
24.4700984954834,24.8799991607666,25.5,24.719999313354492,25.350000381469727,62000200,2025-11-19,2,19,11,3.135051097089645,-1.8540481800019426,2.8045493200341225,2.9443819973905616,25.252000045776366,25.131000137329103,24.840500164031983
23.99800682067871,24.399999618530273,25.0,24.280000686645508,24.889999389648438,51983200,2025-11-20,3,20,11,2.950816904143301,-1.968661242000477,2.76656269141109,3.002039850307001,24.973999786376954,25.086000061035158,24.8270001411438
24.627464294433594,25.040000915527344,25.520000457763672,24.59000015258789,24.59000015258789,73079400,2025-11-21,4,21,11,3.7140585909447257,1.8300152913666994,2.8709058050843685,3.1605932558937795,24.970000076293946,25.147000122070313,24.841000175476076
24.80449867248535,25.219999313354492,25.469999313354492,25.049999237060547,25.110000610351562,63074900,2025-11-24,0,24,11,1.6653453121687711,0.4380673051739508,2.709557854941714,2.9253239467004524,24.997999954223634,25.23000011444092,24.863500118255615
25.296260833740234,25.719999313354492,25.969999313354492,25.360000610351562,25.3700008392334,39130300,2025-11-25,1,25,11,2.371690199409152,1.3795761235444626,2.7673924207511194,2.7430497344877316,25.051999664306642,25.251000022888185,24.92450008392334
25.28642463684082,25.709999084472656,25.809999465942383,25.579999923706055,25.700000762939453,33461000,2025-11-26,2,26,11,0.8945917947357473,0.03890397368244888,2.3193005602803396,2.561924940157231,25.21799964904785,25.23499984741211,24.995499992370604
25.31593132019043,25.739999771118164,25.860000610351562,25.65999984741211,25.850000381469727,22627600,2025-11-28,4,28,11,0.7770037479326868,-0.4255342697418882,1.8845379290382163,2.3255503102246537,25.48599967956543,25.22999973297119,25.067999935150148
24.853675842285156,25.270000457763672,25.940000534057617,25.229999542236328,25.760000228881836,53198600,2025-12-01,0,1,12,2.809659592242533,-1.9021730076259145,1.703658129297778,2.287281967191073,25.531999588012695,25.25099983215332,25.098999977111816
24.73565101623535,25.149999618530273,25.31999969482422,25.040000915527344,25.31999969482422,43827000,2025-12-02,1,2,12,1.1133152427190283,-0.6714063125707534,1.5932521154078294,2.151404985174772,25.51799964904785,25.25799980163574,25.123499965667726
25.148731231689453,25.56999969482422,25.889999389648438,25.299999237060547,25.31999969482422,56121200,2025-12-03,2,3,12,2.307392098668332,0.9873617812527213,1.5803924952596655,2.173892458005392,25.487999725341798,25.269999694824218,25.186999988555907
25.27659034729004,25.700000762939453,25.739999771118164,25.350000381469727,25.6299991607666,35454000,2025-12-04,3,4,12,1.5175073076683874,0.27312370060474783,1.7049755978461936,2.0121380790632664,25.486000061035156,25.351999855041505,25.241499996185304
25.601154327392578,26.030000686645508,26.1200008392334,25.639999389648438,25.770000457763672,47443700,2025-12-05,4,5,12,1.8440316439608164,1.0089259769629,1.9183811770518193,1.901459553045018,25.544000244140626,25.51499996185303,25.300500011444093
25.34543800354004,25.770000457763672,26.190000534057617,25.760000228881836,26.040000915527344,45209300,2025-12-08,0,8,12,1.6686080618451677,-1.0368680809172852,1.6901708709723464,1.6969145001350623,25.644000244140624,25.58799991607666,25.367500019073486
24.91268539428711,25.329999923706055,26.1299991607666,25.1299991607666,26.0,43483800,2025-12-09,1,9,12,3.9478878918752445,-2.576923370361328,2.2570854008035894,1.9251687581057095,25.68000030517578,25.598999977111816,25.414500045776368
25.35527229309082,25.780000686645508,25.790000915527344,25.219999313354492,25.489999771118164,43635400,2025-12-10,2,10,12,2.211022447598779,1.1377046611665087,2.237811470589679,1.9091019829246723,25.722000503540038,25.60500011444092,25.428000068664552
25.374942779541016,25.799999237060547,26.040000915527344,25.610000610351562,25.799999237060547,35570200,2025-12-11,3,11,12,1.6666678988040629,0.0,2.2676435888168145,1.986309593331504,25.74200019836426,25.614000129699708,25.424499988555908
25.42411994934082,25.850000381469727,26.040000915527344,25.719999313354492,25.84000015258789,51599700,2025-12-12,4,12,12,1.2379172048378035,0.0387005759395648,2.146420700992212,2.0324009390220157,25.706000137329102,25.625000190734863,25.427499961853027
25.994564056396484,26.43000030517578,26.649999618530273,25.809999465942383,25.81999969482422,60360000,2025-12-15,0,15,12,3.178207124058919,2.3625120742113754,2.4483405134349616,2.069255692203654,25.838000106811524,25.741000175476074,25.496000003814697
25.109392166137695,25.530000686645508,26.510000228881836,24.920000076293945,26.440000534057617,111695500,2025-12-16,1,16,12,6.227967527707918,-3.4417542701632318,2.9043564406014966,2.580720920702543,25.878000259399414,25.779000282287598,25.51850004196167
24.627464294433594,25.040000915527344,25.489999771118164,25.030000686645508,25.399999618530273,61255300,2025-12-17,2,17,12,1.8370569794484717,-1.4173177496439677,2.8295633469714354,2.5336874087805574,25.730000305175782,25.72600040435791,25.498000049591063
24.627464294433594,25.040000915527344,25.229999542236328,24.979999542236328,25.010000228881836,47062500,2025-12-18,3,18,12,0.9984025194063576,0.11995476357838124,2.695910271091894,2.481776929954354,25.578000640869142,25.6600004196167,25.506000137329103
24.774993896484375,25.190000534057617,25.520000457763672,24.979999542236328,25.010000228881836,87590000,2025-12-19,4,19,12,2.143711409601785,0.7197133287824397,2.87706911204469,2.5117449065184507,25.44600067138672,25.57600040435791,25.545500183105467
24.794662475585938,25.209999084472656,25.399999618530273,25.1299991607666,25.200000762939453,38758900,2025-12-22,0,22,12,1.0710054247085259,0.03967587789881031,2.4556287721746113,2.4519846428047867,25.202000427246094,25.52000026702881,25.554000091552734
24.4700984954834,24.8799991607666,25.34000015258789,24.829999923706055,25.260000228881836,43692900,2025-12-23,1,23,12,2.049840217382555,-1.5043589258591847,1.6200033101095392,2.262179875355518,25.072000122070314,25.475000190734864,25.53700008392334
24.617630004882812,25.030000686645508,25.139999389648438,24.90999984741211,24.920000076293945,19328500,2025-12-24,2,24,12,0.9188954691441218,0.4414149679566196,1.4363710080486691,2.1329671775100523,25.070000076293944,25.400000190734865,25.502500152587892
24.676639556884766,25.09000015258789,25.110000610351562,24.920000076293945,25.020000457763672,21617800,2025-12-26,4,26,12,0.7572759382307924,0.27977495421067405,1.388145691813556,2.042027981452725,25.079999923706055,25.3290002822876,25.471500205993653
24.588123321533203,25.0,25.200000762939453,24.969999313354492,25.049999237060547,33067700,2025-12-29,0,29,12,0.9200057983398436,-0.1995977588157961,1.1434045695611679,2.010236840802929,25.04199981689453,25.244000244140626,25.434500217437744
24.57828712463379,24.989999771118164,25.049999237060547,24.920000076293945,25.010000228881836,28821700,2025-12-30,1,30,12,0.5202047297209111,-0.07996984238558749,1.0332444305636448,1.7444366013691284,24.997999954223634,25.100000190734864,25.420500183105467
24.489770889282227,24.899999618530273,25.020000457763672,24.8799991607666,24.969999313354492,29409200,2025-12-31,2,31,12,0.5622542134212849,-0.2803351892235792,0.7357272297713908,1.1778652699404648,25.002000045776366,25.03700008392334,25.408000183105468
24.76515769958496,25.18000030517578,25.299999237060547,24.829999923706055,24.979999542236328,35976700,2026-01-02,4,2,1,1.866558012939671,0.8006435812830608,0.9252597385305006,1.180815373289585,25.03199996948242,25.051000022888182,25.388500213623047
24.755321502685547,25.170000076293945,25.399999618530273,24.950000762939453,25.200000762939453,52620900,2026-01-05,0,5,1,1.7878381177068259,-0.11905034022708649,1.1313721744257073,1.2597589331196317,25.047999954223634,25.063999938964844,25.36200017929077
25.01103973388672,25.43000030517578,26.010000228881836,25.190000534057617,25.190000534057617,50977300,2026-01-06,1,6,1,3.2245367085478316,0.9527581025402415,1.5922783564673049,1.3678414630142364,25.13400001525879,25.08799991607666,25.332000160217284
24.863510131835938,25.280000686645508,25.809999465942383,25.139999389648438,25.59000015258789,51395800,2026-01-07,2,7,1,2.650316685505003,-1.2114086131063695,2.0183007476241235,1.525772589093884,25.19200019836426,25.095000076293946,25.307500171661378
24.87334632873535,25.290000915527344,25.559999465942383,25.1200008392334,25.18000030517578,42977300,2026-01-08,3,8,1,1.7398126167675925,0.436857065204053,2.2538124282933847,1.4947698290323879,25.270000457763672,25.13600025177002,25.30550022125244
25.06021499633789,25.479999542236328,25.549999237060547,25.229999542236328,25.34000015258789,34190200,2026-01-09,4,9,1,1.2558857950282876,0.552483775869827,2.131677984711108,1.5284688616208044,25.33000030517578,25.1810001373291,25.290500164031982
24.853675842285156,25.270000457763672,25.770000457763672,25.09000015258789,25.579999923706055,50256300,2026-01-12,0,12,1,2.6909390299075584,-1.2118822004182,2.312298167151255,1.7218351707884811,25.350000381469727,25.19900016784668,25.26400022506714
24.73565101623535,25.149999618530273,25.389999389648438,24.969999313354492,25.31999969482422,47656100,2026-01-13,1,13,1,1.6699804479698415,-0.6714063125707534,2.001386915035657,1.7968326357514808,25.294000244140626,25.214000129699706,25.229000186920167
25.158567428588867,25.579999923706055,25.709999084472656,25.200000762939453,25.229999542236328,53738100,2026-01-14,2,14,1,1.9937385576790656,1.3872389529132085,1.870071289470469,1.9441860185472961,25.354000091552734,25.273000144958495,25.18650016784668
25.463459014892578,25.889999389648438,25.889999389648438,25.25,25.549999237060547,55263200,2026-01-15,3,15,1,2.471994610800677,1.3307247073992736,2.0165076882770863,2.1351600582852357,25.473999786376954,25.37200012207031,25.204500102996825
25.227413177490234,25.649999618530273,25.889999389648438,25.549999237060547,25.889999389648438,59470600,2026-01-16,4,16,1,1.3255366769762642,-0.9269979790502538,2.0304378646666814,2.0810579246888947,25.50799980163574,25.41900005340576,25.23500003814697
25.09955596923828,25.520000457763672,25.649999618530273,25.09000015258789,25.43000030517578,55425400,2026-01-20,1,20,1,2.1943552347077655,0.3539132973174713,1.9311211056267226,2.1217096363889887,25.55799980163574,25.454000091552736,25.25900001525879
25.463459014892578,25.889999389648438,25.920000076293945,25.3799991607666,25.469999313354492,47264100,2026-01-21,2,21,1,2.0857509782068653,1.6489991661434,2.0142752116741276,2.0078310633548924,25.705999755859374,25.5,25.29399995803833
25.670000076293945,26.100000381469727,26.309999465942383,25.75,25.899999618530273,49883900,2026-01-22,3,22,1,2.145591792174711,0.772203729286396,2.0446458585732565,1.9573585740218629,25.809999847412108,25.58199996948242,25.338500022888184
25.649999618530273,25.649999618530273,25.690000534057617,25.510000228881836,25.579999923706055,45402300,2026-01-23,4,23,1,0.7017555861706292,0.2736500978615997,1.690598053647247,1.8535528709621665,25.761999893188477,25.617999839782716,25.377000045776366
25.8799991607666,25.8799991607666,25.920000076293945,25.600000381469727,25.6299991607666,41441900,2026-01-26,0,26,1,1.2364749041774694,0.9754194622943656,1.672785699087488,1.8516117818770845,25.80799980163574,25.657999801635743,25.419499969482423
26.5,26.5,26.829999923706055,25.899999618530273,25.940000534057617,75575400,2026-01-27,1,27,1,3.5094351138708726,2.1588259614996463,1.9358016749201095,1.9334613902734161,26.003999710083008,25.780999755859376,25.489999961853027
25.860000610351562,25.860000610351562,26.389999389648438,25.760000228881836,26.270000457763672,44976700,2026-01-28,2,28,1,2.4361915927968605,-1.5607150371820437,2.0058897978381083,2.010082504756118,25.997999954223634,25.851999855041505,25.532999992370605
26.100000381469727,26.100000381469727,26.229999542236328,25.8799991607666,25.899999618530273,44373800,2026-01-29,3,29,1,1.3409976105525925,0.772203729286396,1.8449709615136847,1.9448084100434706,25.997999954223634,25.903999900817873,25.588500022888184
26.440000534057617,26.440000534057617,26.469999313354492,25.899999618530273,26.1299991607666,51599400,2026-01-30,4,30,1,2.1558233105555225,1.1863811069556913,2.1357845063906633,1.913191280018955,26.1560001373291,25.959000015258788,25.66550006866455
26.65999984741211,26.65999984741211,26.690000534057617,26.350000381469727,26.420000076293945,52129500,2026-02-02,0,2,2,1.2753194093543645,0.9084018562646042,2.143553407426043,1.9081695532567653,26.312000274658203,26.060000038146974,25.739500045776367
25.770000457763672,25.770000457763672,26.110000610351562,25.260000228881836,25.360000610351562,91964900,2026-02-03,1,3,2,3.298410424411338,1.6167186023045825,2.1013484695341353,2.0185750722271227,26.166000366210938,26.085000038146973,25.769500064849854
26.780000686645508,26.780000686645508,26.979999542236328,25.860000610351562,25.8799991607666,83025800,2026-02-04,2,4,2,4.182221445734615,3.4775948804638483,2.4505544401216866,2.2282221189798976,26.350000381469727,26.17400016784668,25.83700008392334
26.489999771118164,26.489999771118164,27.190000534057617,26.459999084472656,26.760000228881836,72650700,2026-02-05,3,5,2,2.7557623853997755,-1.0089703118621902,2.733507395091123,2.2892391783024038,26.428000259399415,26.213000106811524,25.897500038146973
27.219999313354492,27.219999313354492,27.3700008392334,26.520000457763672,26.670000076293945,50691600,2026-02-06,4,6,2,3.122705374399863,2.062239353157792,2.9268838078599915,2.531334157125327,26.584000015258788,26.370000076293945,25.99399995803833
27.049999237060547,27.049999237060547,27.3700008392334,26.790000915527344,27.18000030517578,49288200,2026-02-09,0,9,2,2.1441772275964093,-0.4782967868123194,3.1006553715083998,2.6221043894672214,26.661999893188476,26.48700008392334,26.07249994277954
27.610000610351562,27.610000610351562,27.729999542236328,27.09000015258789,27.18000030517578,43760600,2026-02-10,1,10,2,2.3179984625153844,1.5820467268129426,2.904572979129209,2.5029607243316727,27.029999923706054,26.598000144958498,26.189499950408937
27.729999542236328,27.729999542236328,27.940000534057617,27.309999465942383,27.549999237060547,41594200,2026-02-11,2,11,2,2.2719115705561492,0.6533586575699173,2.5225110040935164,2.4865327221076017,27.219999694824217,26.785000038146972,26.318499946594237
