Adj Close,Close,High,Low,Open,Volume,date,day_of_week,day,month,hl_pct,oc_pct,volatility_5d,volatility_10d,ma_5,ma_10,ma_20
PLTR,PLTR,PLTR,PLTR,PLTR,PLTR,,,,,,,,,,,
25.350000381469727,25.350000381469727,26.829999923706055,25.290000915527344,25.889999389648438,60829300,2024-03-11,0,11,3,6.074946686408791,-2.0857436110818064,5.710174843244939,4.737716421137473,25.563999938964844,25.082000160217284,24.55900001525879
24.700000762939453,24.700000762939453,25.639999389648438,24.350000381469727,25.56999969482422,75202600,2024-03-12,1,12,3,5.222667887987519,-3.4024205798518934,5.932364772365602,4.893084921845724,25.74200019836426,25.09900016784668,24.541500091552734
25.0,25.0,25.440000534057617,24.600000381469727,24.700000762939453,59713000,2024-03-13,2,13,3,3.360000610351563,1.2145717724457474,4.907117703072413,4.985432521170982,25.510000228881836,25.157000160217287,24.591000080108643
24.43000030517578,24.43000030517578,24.969999313354492,24.139999389648438,24.829999923706055,49214800,2024-03-14,3,14,3,3.397461781980451,-1.6109529591596177,4.740048549275072,4.953169664255483,25.10400047302246,25.092000198364257,24.553000068664552
23.489999771118164,23.489999771118164,24.100000381469727,23.420000076293945,23.850000381469727,61421000,2024-03-15,4,15,3,2.8948501992403894,-1.50943649724746,4.189985433193742,4.779357182171184,24.594000244140624,24.948000144958495,24.457000064849854
24.0,24.0,24.18000030517578,23.31999969482422,23.770000457763672,44083000,2024-03-18,0,18,3,3.5833358764648438,0.9676042818972959,3.6916632712049533,4.700919057224946,24.32400016784668,24.944000053405762,24.435000038146974
23.799999237060547,23.799999237060547,23.829999923706055,22.920000076293945,23.5,43247200,2024-03-19,1,19,3,3.823528893207226,1.2765924981299868,3.4118354722488946,4.672100122307248,24.1439998626709,24.943000030517577,24.455000019073488
24.56999969482422,24.56999969482422,24.649999618530273,23.670000076293945,23.770000457763672,40273800,2024-03-20,2,20,3,3.988602175045079,3.3655835997228767,3.5375557851875974,4.222336744130005,24.05799980163574,24.78400001525879,24.54650001525879
24.489999771118164,24.489999771118164,25.329999923706055,24.440000534057617,25.299999237060547,37099600,2024-03-21,3,21,3,3.634133923913066,-3.2015790133141984,3.584890213574121,4.1624693814245965,24.06999969482422,24.58700008392334,24.591499996185302
24.18000030517578,24.18000030517578,24.475000381469727,24.020000457763672,24.200000762939453,25453000,2024-03-22,4,22,3,1.8817200908333362,-0.08264651707904541,3.3822641918927103,3.786124812543226,24.207999801635744,24.401000022888184,24.65200004577637
24.510000228881836,24.510000228881836,24.6200008392334,24.049999237060547,24.1200008392334,29255900,2024-03-25,0,25,3,2.32558791044473,1.61691283614745,3.1307145986886873,3.41118893494682,24.309999847412108,24.317000007629396,24.69950008392334
24.889999389648438,24.889999389648438,25.469999313354492,24.469999313354492,24.760000228881836,43610500,2024-03-26,1,26,3,4.017677880763197,0.5250369933961521,3.1695443961998815,3.290689934224388,24.527999877929688,24.33599987030029,24.717500019073487
24.510000228881836,24.510000228881836,25.479999542236328,24.260000228881836,25.0,38600100,2024-03-27,2,27,3,4.977557331545359,-1.9599990844726565,3.3673354274999374,3.452445606343768,24.51599998474121,24.286999893188476,24.72200002670288
23.010000228881836,23.010000228881836,24.280000686645508,22.940000534057617,24.170000076293945,70008200,2024-03-28,3,28,3,5.823555581307387,-4.799337375881281,3.805219758978802,3.6950549862764612,24.220000076293946,24.14499988555908,24.61850004196167
22.860000610351562,22.860000610351562,23.209999084472656,22.399999618530273,22.979999542236328,41000000,2024-04-01,0,1,4,3.5433046557995076,-0.5221885738692568,4.137536671972036,3.7599004319323734,23.956000137329102,24.08199996948242,24.51500005722046
22.719999313354492,22.719999313354492,22.790000915527344,21.719999313354492,22.0,39770600,2024-04-02,1,2,4,4.709514236401934,3.272724151611328,4.614321937163477,3.8725182679260826,23.59799995422363,23.95399990081787,24.448999977111818
22.700000762939453,22.700000762939453,23.010000228881836,22.3799991607666,22.440000534057617,30357400,2024-04-03,2,3,4,2.7753350085511395,1.1586462686898276,4.365853362721065,3.767698879460474,23.160000228881835,23.84400005340576,24.39350004196167
22.479999542236328,22.479999542236328,24.100000381469727,22.399999618530273,23.81999969482422,64995300,2024-04-04,3,4,4,7.562281127921837,-5.625525481761679,4.882798121996361,4.1250667747481495,22.754000091552733,23.635000038146973,24.20950002670288
22.959999084472656,22.959999084472656,23.31999969482422,22.30699920654297,22.420000076293945,38716800,2024-04-05,4,5,4,4.412023208512757,2.408559350317243,4.600491647437435,4.202855703208119,22.743999862670897,23.481999969482423,24.03450002670288
23.0,23.0,23.200000762939453,22.670000076293945,23.079999923706055,25022700,2024-04-08,0,8,4,2.304350811502208,-0.3466201211893625,4.352700878577975,4.245118775275006,22.771999740600585,23.363999938964845,23.882499980926514
22.809999465942383,22.809999465942383,23.086999893188477,22.459999084472656,23.010000228881836,27643300,2024-04-09,1,9,4,2.748797998228783,-0.8691906169058395,3.9605576309433443,4.287439784053411,22.789999771118165,23.1939998626709,23.755499935150148
22.420000076293945,22.420000076293945,22.709999084472656,22.010000228881836,22.219999313354492,28642900,2024-04-10,2,10,4,3.1222071954003803,0.9000934703866089,4.029932068313193,4.1978927155171295,22.73399963378906,22.946999931335448,23.64149990081787
22.84000015258789,22.84000015258789,22.90999984741211,22.25,22.649999618530273,26399400,2024-04-11,3,11,4,2.889666563059668,0.8388544691284462,3.095409155340759,3.9891036386685608,22.805999755859375,22.779999923706054,23.533499908447265
22.670000076293945,22.670000076293945,23.200000762939453,22.40999984741211,22.700000762939453,36764500,2024-04-12,4,12,4,3.4847856765269665,-0.13216161073654073,2.909961648943601,3.7552266481905177,22.747999954223634,22.745999908447267,23.445499897003174
21.899999618530273,21.899999618530273,23.1299991607666,21.829999923706055,22.790000915527344,38182100,2024-04-15,0,15,4,5.9360696790176055,-3.905227122613638,3.636305422446681,3.9945031505123274,22.527999877929688,22.649999809265136,23.36599988937378
21.8799991607666,21.8799991607666,21.989999771118164,21.270000457763672,21.59000015258789,33869200,2024-04-16,1,16,4,3.290673404803119,1.3432098477495849,3.744680503761548,3.852619067352446,22.341999816894532,22.56599979400635,23.25999984741211
21.309999465942383,21.309999465942383,22.110000610351562,21.219999313354492,22.010000228881836,30139800,2024-04-17,2,17,4,4.1764491755125075,-3.180375991186507,3.9555288997839733,3.9927304840485833,22.11999969482422,22.426999664306642,23.1354998588562
21.1299991607666,21.1299991607666,21.43000030517578,20.700000762939453,21.25,34550500,2024-04-18,3,18,4,3.4548015675824737,-0.5647098316865808,4.068555900688535,3.5819825280146467,21.777999496459962,22.29199962615967,22.96349983215332
20.469999313354492,20.469999313354492,21.43000030517578,20.329999923706055,20.979999542236328,39632600,2024-04-19,4,19,4,5.373719679375336,-2.4308877026194318,4.446342701258208,3.6781521751009043,21.33799934387207,22.04299964904785,22.762499809265137
20.969999313354492,20.969999313354492,21.079999923706055,20.360000610351562,20.719999313354492,31894500,2024-04-22,0,22,4,3.433473232857806,1.2065637465483388,3.945823412026248,3.791064417236464,21.151999282836915,21.8399995803833,22.601999759674072
21.639999389648438,21.639999389648438,22.059999465942383,21.229999542236328,21.25,36304600,2024-04-23,1,23,4,3.8354895892607455,1.8352912454044117,4.054786648917774,3.899733576339661,21.10399932861328,21.722999572753906,22.458499717712403
21.59000015258789,21.59000015258789,22.25,21.299999237060547,22.049999237060547,34426500,2024-04-24,2,24,4,4.4001887736234275,-2.0861637205842283,4.0995345685399585,4.027531734161966,21.159999465942384,21.6399995803833,22.293499755859376
21.709999084472656,21.709999084472656,21.739999771118164,20.65999984741211,20.81999969482422,26226700,2024-04-25,3,25,4,4.974665910872784,4.274732962026356,4.40350743719802,4.236031668943277,21.275999450683592,21.526999473571777,22.153499698638917
22.520000457763672,22.520000457763672,22.670000076293945,21.90999984741211,22.049999237060547,33119800,2024-04-26,4,26,4,3.374778922883322,2.1315248841966863,4.003719285899618,4.225030993578914,21.68599967956543,21.51199951171875,22.128999710083008
22.829999923706055,22.829999923706055,23.09000015258789,22.545000076293945,22.75,30104900,2024-04-29,0,29,4,2.3872101538118358,0.35164801629035025,3.7944666700904235,3.8701450410583362,22.05799980163574,21.604999542236328,22.127499675750734
21.969999313354492,21.969999313354492,22.8700008392334,21.950000762939453,22.770000457763672,30511900,2024-04-30,1,30,4,4.187528926023781,-3.5133997730615367,3.8648745374430304,3.959830593180402,22.123999786376952,21.613999557495116,22.089999675750732
22.1200008392334,22.1200008392334,22.829999923706055,21.6299991607666,21.93000030517578,34665900,2024-05-01,2,1,5,5.424958035313714,0.8663954920820245,4.069828389781088,4.084681479160523,22.229999923706053,21.69499969482422,22.06099967956543
22.549999237060547,22.549999237060547,22.71500015258789,22.100000381469727,22.600000381469727,30396100,2024-05-02,3,2,5,2.7272718045481006,-0.22124399807610978,3.6203495685161506,4.011928502857085,22.397999954223632,21.836999702453614,22.06449966430664
23.329999923706055,23.329999923706055,23.639999389648438,22.90999984741211,23.479999542236328,55976400,2024-05-03,4,3,5,3.12901647931238,-0.63883995508795,3.571197079801962,3.78745818285079,22.559999847412108,22.12299976348877,22.08299970626831
25.209999084472656,25.209999084472656,25.354999542236328,24.030000686645508,24.3700008392334,175936600,2024-05-06,0,6,5,5.255846504202824,3.446853575347195,4.14492434988016,3.9696955099852915,23.03599967956543,22.546999740600587,22.193499660491945
21.399999618530273,21.399999618530273,22.700000762939453,21.350000381469727,21.989999771118164,161061600,2024-05-07,1,7,5,6.308413109973891,-2.683038466252289,4.569101186670182,4.216987862056606,22.921999740600587,22.52299976348877,22.122999668121338
21.559999465942383,21.559999465942383,21.729999542236328,21.059999465942383,21.579999923706055,67582900,2024-05-08,2,8,5,3.107607109881066,-0.09268052749945091,4.105631001583652,4.08772969568237,22.809999465942383,22.519999694824218,22.07999963760376
21.139999389648438,21.139999389648438,21.579999923706055,20.940000534057617,21.489999771118164,54101900,2024-05-09,3,9,5,3.027433340238525,-1.6286662875637408,4.165663308721737,3.8930064386189436,22.527999496459962,22.462999725341795,21.994999599456786
20.600000381469727,20.600000381469727,21.3700008392334,20.5,21.270000457763672,59845400,2024-05-10,4,10,5,4.223304966615381,-3.149976783613051,4.384521006182338,3.9778590429921494,21.981999588012695,22.270999717712403,21.891499614715578
20.940000534057617,20.940000534057617,21.190000534057617,20.600000381469727,20.600000381469727,37524800,2024-05-13,0,13,5,2.81757467784345,1.650486147047503,3.8968666409104626,4.020895495395311,21.12799987792969,22.08199977874756,21.843499660491943
21.440000534057617,21.440000534057617,22.06999969482422,20.93000030517578,20.950000762939453,57894400,2024-05-14,1,14,5,5.317161199868158,2.338900970280505,3.6986162588893157,4.133858722779749,21.136000061035155,22.028999900817873,21.821499729156493
21.670000076293945,21.670000076293945,21.809999465942383,21.184999465942383,21.729999542236328,39424000,2024-05-15,2,15,5,2.884171655743201,-0.27611351682618585,3.653929168061743,3.8797800848226975,21.158000183105468,21.983999824523927,21.839499759674073
21.649999618530273,21.649999618530273,21.8700008392334,21.53499984741211,21.739999771118164,27416700,2024-05-16,3,16,5,1.5473487192792423,-0.4139841468970798,3.357912243869886,3.7617877762958125,21.260000228881836,21.8939998626709,21.865499782562257
21.760000228881836,21.760000228881836,22.16900062561035,21.559999465942383,21.780000686645508,30032300,2024-05-17,4,17,5,2.7987185352123642,-0.09182946342116156,3.072994957589283,3.72875798188581,21.49200019836426,21.736999893188475,21.929999828338623
21.6200008392334,21.6200008392334,21.770000457763672,21.219999313354492,21.770000457763672,35255300,2024-05-20,0,20,5,2.543945990099608,-0.6890198225824116,3.018269220040515,3.4575679304754887,21.628000259399414,21.37800006866455,21.96249990463257
21.239999771118164,21.239999771118164,21.450000762939453,21.1200008392334,21.34000015258789,27954000,2024-05-21,1,21,5,1.5536719739271545,-0.4686053456171113,2.265571374852314,2.982093816870815,21.588000106811524,21.36200008392334,21.942499923706055
21.170000076293945,21.170000076293945,21.420000076293945,21.079999923706055,21.229999542236328,25212500,2024-05-22,2,22,5,1.6060470069087105,-0.28261642598256304,2.009946445085416,2.831937806573579,21.488000106811523,21.323000144958495,21.921499919891357
20.719999313354492,20.719999313354492,21.520000457763672,20.6299991607666,21.389999389648438,36887600,2024-05-23,3,23,5,4.2953731973506635,-3.1323052613932654,2.5595513406997,2.958731792284793,21.302000045776367,21.2810001373291,21.87199993133545
21.010000228881836,21.010000228881836,21.149999618530273,20.649999618530273,20.719999313354492,22158700,2024-05-24,4,24,5,2.3798191078202113,1.3996183645644806,2.4757714552212695,2.7743832064052762,21.15200004577637,21.322000122070314,21.796499919891357
21.049999237060547,21.049999237060547,21.219999313354492,20.729999542236328,21.059999465942383,26274200,2024-05-28,1,28,5,2.327789970915877,-0.047484468829203985,2.4325402513845233,2.725404735712519,21.0379997253418,21.332999992370606,21.70749988555908
20.940000534057617,20.940000534057617,20.989999771118164,20.639999389648438,20.770000457763672,24834200,2024-05-29,2,29,5,1.6714439949534508,0.818488553428994,2.4560946555897827,2.3608330152210484,20.977999877929687,21.282999992370605,21.65599994659424
21.729999542236328,21.729999542236328,21.959999084472656,21.020000457763672,21.280000686645508,47210300,2024-05-30,3,30,5,4.325810614408532,2.1146562080386677,3.000047377089747,2.5049969110875816,21.089999771118165,21.288999938964842,21.636499881744385
21.68000030517578,21.68000030517578,22.200000762939453,21.309999465942383,21.790000915527344,44416100,2024-05-31,4,31,5,4.105171976333393,-0.5048215040375567,2.962007132886293,2.7607792367929966,21.28199996948242,21.292000007629394,21.592999935150146
21.31999969482422,21.31999969482422,21.790000915527344,21.0049991607666,21.700000762939453,33876100,2024-06-03,0,3,6,3.681997026253778,-1.7511569343546876,3.2224427165730063,2.8491070858971375,21.3439998626709,21.247999954223634,21.492499923706056
22.100000381469727,22.100000381469727,22.260000228881836,21.040000915527344,21.049999237060547,41974000,2024-06-04,1,4,6,5.520358788669659,4.9881291328531345,3.8609564801237624,3.146748365754143,21.554000091552734,21.295999908447264,21.33699998855591
22.959999084472656,22.959999084472656,22.979999542236328,22.219999313354492,22.479999542236328,39825400,2024-06-05,2,5,6,3.3101056584789124,2.135229323890713,4.188688812828855,3.3223917342093188,21.957999801635744,21.467999839782713,21.414999961853027
23.790000915527344,23.790000915527344,23.950000762939453,22.979999542236328,22.979999542236328,60400400,2024-06-06,3,6,6,4.07734839585492,3.524810223787277,4.138996369118132,3.5695218731039398,22.370000076293945,21.729999923706053,21.526500034332276
23.309999465942383,23.309999465942383,23.56999969482422,23.059999465942383,23.239999771118164,37149900,2024-06-07,4,7,6,2.187903219933504,0.3012035090947456,3.7555426178381546,3.3587748753622235,22.695999908447266,21.988999938964845,21.635000038146973
23.1299991607666,23.1299991607666,23.15999984741211,22.65999984741211,22.75,31429200,2024-06-10,0,10,6,2.161694847132145,1.6703259813916553,3.451482182013828,3.3369624492934173,23.05799980163574,22.20099983215332,21.761499977111818
23.850000381469727,23.850000381469727,23.950000762939453,22.889999389648438,23.059999465942383,30601900,2024-06-11,1,11,6,4.444450131391128,3.4258496696589544,3.2363004505581214,3.548628465340942,23.407999801635743,22.48099994659424,21.90699996948242
23.770000457763672,23.770000457763672,24.329999923706055,23.56999969482422,24.200000762939453,38542700,2024-06-12,2,12,6,3.1973084318288576,-1.776860709171115,3.2137410052281106,3.701214909028483,23.570000076293944,22.763999938964844,22.023499965667725
23.270000457763672,23.270000457763672,24.139999389648438,23.149999618530273,23.850000381469727,26035100,2024-06-13,3,13,6,4.254403745780186,-2.431865469304923,3.249152075213164,3.6940742221656486,23.46599998474121,22.91800003051758,22.103499984741212
23.56999969482422,23.56999969482422,23.719999313354492,22.84000015258789,23.149999618530273,26618300,2024-06-14,4,14,6,3.7335560974141306,1.8142552190703227,3.5582826507092897,3.656912634273722,23.518000030517577,23.106999969482423,22.199499988555907
25.020000457763672,25.020000457763672,25.059999465942383,23.450000762939453,23.469999313354492,54101500,2024-06-17,0,17,6,6.434846816732769,6.604180612511672,4.4129130446294145,3.932197613321621,23.89600028991699,23.477000045776368,22.3625
25.81999969482422,25.81999969482422,26.024999618530273,24.829999923706055,25.149999618530273,54458600,2024-06-18,1,18,6,4.6281940702879405,2.6640162483354306,4.449661832408776,3.842981141483449,24.29000015258789,23.848999977111816,22.57249994277954
25.559999465942383,25.559999465942383,26.56999969482422,25.155000686645508,26.440000534057617,66735000,2024-06-20,3,20,6,5.535989975524598,-3.3282944415288367,4.917398141147925,4.065569573188018,24.647999954223632,24.10900001525879,22.788499927520753
23.84000015258789,23.84000015258789,26.09000015258789,23.530000686645508,24.709999084472656,68605900,2024-06-21,4,21,6,10.738252724652304,-3.5208375723148375,6.214167936922348,4.731660006067757,24.761999893188477,24.113999938964845,22.92199993133545
24.15999984741211,24.15999984741211,24.386999130249023,23.299999237060547,23.440000534057617,36477400,2024-06-24,0,24,6,4.4991717717453135,3.0716693555887713,6.367291071788585,4.962786861248937,24.879999923706055,24.198999977111818,23.09399995803833
24.559999465942383,24.559999465942383,24.6299991607666,23.920000076293945,24.15999984741211,29389400,2024-06-25,1,25,6,2.8908758139723076,1.6556275705983468,5.658496871236492,5.035704957932953,24.7879997253418,24.342000007629395,23.271499919891358
24.100000381469727,24.100000381469727,24.65999984741211,24.024999618530273,24.469999313354492,24331400,2024-06-26,2,26,6,2.6348556797952662,-1.512051255689406,5.259829193137958,4.854745512773367,24.4439998626709,24.367000007629393,23.423999977111816
25.219999313354492,25.219999313354492,25.399999618530273,24.049999237060547,24.100000381469727,37882900,2024-06-27,3,27,6,5.352896186459746,4.647298398990577,5.223210435324987,5.070304288236455,24.37599983215332,24.511999893188477,23.63799991607666
25.329999923706055,25.329999923706055,25.56999969482422,25.030000686645508,25.280000686645508,38886400,2024-06-28,4,28,6,2.131855546013374,0.19778178679781297,3.5019309995972017,4.858049468259774,24.673999786376953,24.717999839782713,23.817999935150148
25.8799991607666,25.8799991607666,26.020000457763672,25.142000198364258,25.479999542236328,33167900,2024-07-01,0,1,7,3.392582256070701,1.5698572437853595,3.280613096462279,4.823952084125432,25.01799964904785,24.94899978637695,24.027999877929688
25.829999923706055,25.829999923706055,26.43000030517578,25.75,25.84000015258789,32148200,2024-07-02,1,2,7,2.6325989438029227,-0.0387005759395648,3.228957722428402,4.4437272968324475,25.271999740600585,25.02999973297119,24.253499889373778
25.850000381469727,25.850000381469727,26.270000457763672,25.760000228881836,25.959999084472656,18433800,2024-07-03,2,3,7,1.9729215526334136,-0.42372383236609107,3.096570896996032,4.178200045066995,25.621999740600586,25.032999801635743,24.440999889373778
27.229999542236328,27.229999542236328,27.25,25.975000381469727,26.0,46703700,2024-07-05,4,5,7,4.682334336997059,4.730767470139723,2.962458527103494,4.092834481214241,26.023999786376955,25.199999809265137,24.65449991226196
27.700000762939453,27.700000762939453,27.986000061035156,26.84000015258789,27.93000030517578,59611200,2024-07-08,0,8,7,4.137183671057975,-0.8234856416872516,3.363524152112414,3.4327275758548077,26.497999954223634,25.58599987030029,24.84999990463257
27.389999389648438,27.389999389648438,28.3799991607666,27.229999542236328,27.93000030517578,53067100,2024-07-09,1,9,7,4.198611333174748,-1.9334081977337996,3.5247299675332235,3.4026715319977514,26.8,25.908999824523924,25.05399990081787
28.420000076293945,28.420000076293945,28.469999313354492,27.3700008392334,27.5,43231000,2024-07-10,2,10,7,3.870508343307988,3.3454548228870737,3.7723118474342363,3.5006347849313193,27.318000030517577,26.294999885559083,25.318499946594237
27.639999389648438,27.639999389648438,28.59000015258789,26.899999618530273,28.489999771118164,61546100,2024-07-11,3,11,7,6.1143291294374835,-2.9835043464318223,4.600593362795051,3.8485821298955414,27.67599983215332,26.648999786376955,25.507999897003174
28.06999969482422,28.06999969482422,28.1299991607666,27.280000686645508,27.31999969482422,30760300,2024-07-12,4,12,7,3.0281385228437445,2.7452416119246434,4.269754199964388,3.616106363533941,27.8439998626709,26.933999824523926,25.722999858856202
28.670000076293945,28.670000076293945,29.299999237060547,27.899999618530273,28.420000076293945,49186300,2024-07-15,0,15,7,4.883151778181808,0.8796622073500034,4.418947821389155,3.8912359867507846,28.0379997253418,27.267999839782714,25.992999839782716
28.670000076293945,28.670000076293945,28.84000015258789,27.469999313354492,28.18000030517578,59330700,2024-07-16,1,16,7,4.778517040766234,1.738821028430459,4.534928962907452,4.029829465220337,28.293999862670898,27.54699993133545,26.2479998588562
28.219999313354492,28.219999313354492,28.8700008392334,27.600000381469727,28.0,45203500,2024-07-17,2,17,7,4.500356090238005,0.7857118334089006,4.660898512293455,4.216605179863846,28.253999710083008,27.785999870300294,26.407999801635743
28.639999389648438,28.639999389648438,29.829999923706055,28.149999618530273,28.420000076293945,76485600,2024-07-18,3,18,7,5.865922978277004,0.7741003264035908,4.611217282061359,4.605905322428205,28.453999710083007,28.064999771118163,26.548999786376953
28.579999923706055,28.579999923706055,29.600000381469727,28.270000457763672,28.309999465942383,49581600,2024-07-19,4,19,7,4.653603664298364,0.9537282333349705,4.936310310352282,4.603032255158335,28.555999755859375,28.199999809265137,26.699999809265137
28.459999084472656,28.459999084472656,28.969999313354492,27.690000534057617,28.93000030517578,38037800,2024-07-22,0,22,7,4.497536263081691,-1.624615332683002,4.859187207332259,4.639067514360707,28.51399955749512,28.27599964141846,26.930999755859375
28.809999465942383,28.809999465942383,29.190000534057617,28.309999465942383,28.34000015258789,31134300,2024-07-23,1,23,7,3.0544987310934313,1.65843087799551,4.514383545397699,4.524656254152576,28.541999435424806,28.41799964904785,27.163499736785887
26.600000381469727,26.600000381469727,28.684999465942383,26.579999923706055,28.440000534057617,49004100,2024-07-24,2,24,7,7.913532000182704,-6.469761315174534,5.197018727386639,4.9289586198400475,28.21799964904785,28.23599967956543,27.265499782562255
26.6299991607666,26.6299991607666,27.288000106811523,25.420000076293945,26.040000915527344,45474600,2024-07-25,3,25,7,7.0146454727255945,2.2657381893080077,5.426763226276357,5.018990254168857,27.815999603271486,28.134999656677245,27.3919997215271
27.18000030517578,27.18000030517578,27.34000015258789,26.770000457763672,27.0,27432200,2024-07-26,4,26,7,2.09712909648377,0.6666677969473379,4.915468312713438,4.925889311532861,27.53599967956543,28.0459997177124,27.489999771118164
27.079999923706055,27.079999923706055,27.799999237060547,26.729999542236328,27.559999465942383,26038800,2024-07-29,0,29,7,3.951254423333776,-1.7416529446217646,4.806211944763855,4.832699576048057,27.25999984741211,27.886999702453615,27.577499771118163
26.3700008392334,26.3700008392334,27.440000534057617,25.889999389648438,27.25,31819900,2024-07-30,1,30,7,5.8778956961695705,-3.229354718409547,5.370891337779083,4.942637441588391,26.772000122070313,27.656999778747558,27.601999855041505
26.889999389648438,26.889999389648438,27.389999389648438,26.8799991607666,27.020000457763672,29111600,2024-07-31,2,31,7,1.896616736548404,-0.4811290374270926,4.167508285052223,4.682263506219431,26.829999923706055,27.523999786376955,27.654999828338624
26.079999923706055,26.079999923706055,27.53499984741211,25.829999923706055,27.020000457763672,31189600,2024-08-01,3,1,8,6.537576413703334,-3.478906432762573,4.072094473247771,4.749428849762064,26.720000076293946,27.267999839782714,27.66649980545044
24.739999771118164,24.739999771118164,24.8700008392334,23.75,24.75,56092600,2024-08-02,4,2,8,4.527085083246055,-0.0404049651791351,4.558085670600228,4.736776991656834,26.231999969482423,26.883999824523926,27.54199981689453
24.09000015258789,24.09000015258789,24.420000076293945,21.229999542236328,21.739999771118164,88023500,2024-08-05,0,5,8,13.242011265470783,10.80956948579056,6.41623703902763,5.611224491895742,25.63400001525879,26.446999931335448,27.361499786376953
26.59000015258789,26.59000015258789,27.420000076293945,25.56999969482422,27.049999237060547,99622700,2024-08-06,1,6,8,6.957504215319359,-1.7005511920400451,6.6321587428575866,6.001525040318335,25.677999877929686,26.225,27.321499824523926
26.31999969482422,26.31999969482422,28.360000610351562,26.239999771118164,27.06999969482422,75975400,2024-08-07,2,7,8,8.05471452817035,-2.7705947855751174,7.863778301181976,6.015643293117099,25.563999938964844,26.196999931335448,27.21649980545044
29.280000686645508,29.280000686645508,29.375,26.690000534057617,27.040000915527344,96892900,2024-08-08,3,8,8,9.170079928198227,8.284022541699972,8.390279004080956,6.231186738664364,26.204000091552736,26.46200008392334,27.298499870300294
30.010000228881836,30.010000228881836,30.360000610351562,29.100000381469727,29.280000686645508,88131100,2024-08-09,4,9,8,4.198601197174277,2.493167777039288,8.3245822268666,6.441333948733413,27.25800018310547,26.745000076293945,27.395499897003173
29.3799991607666,29.3799991607666,31.200000762939453,29.270000457763672,30.219999313354492,67890300,2024-08-12,0,12,8,6.5690958485562545,-2.7796167163269487,6.9899991434836934,6.7031180912556625,28.31599998474121,26.975,27.430999851226808
30.389999389648438,30.389999389648438,30.850000381469727,29.559999465942383,29.788999557495117,57294200,2024-08-13,1,13,8,4.244820471983125,2.0175227133537774,6.447462394816446,6.539810568837017,29.07599983215332,27.376999855041504,27.516999816894533
31.0,31.0,31.3700008392334,30.329999923706055,30.6200008392334,49885600,2024-08-14,2,14,8,3.354841662991431,1.2410161670528392,5.507487821780662,6.685633061481319,30.011999893188477,27.78799991607666,27.655999851226806
31.219999313354492,31.219999313354492,31.4950008392334,30.829999923706055,31.309999465942383,43407600,2024-08-15,3,15,8,2.1300478223998125,-0.28744859189725874,4.099481400620979,6.244880202350967,30.399999618530273,28.301999855041505,27.78499984741211
32.08000183105469,32.08000183105469,32.75,30.979999542236328,31.040000915527344,64870600,2024-08-16,4,16,8,5.517457471122221,3.3505183146019086,4.363252655410568,6.343917441138585,30.813999938964844,29.036000061035157,27.95999994277954
32.5,32.5,32.59000015258789,31.81399917602539,32.41999816894531,52353600,2024-08-19,0,19,8,2.3876953125,0.24676692033659703,3.5269725481993177,5.258485845841506,31.438000106811522,29.877000045776366,28.16199998855591
32.31999969482422,32.31999969482422,32.720001220703125,31.6299991607666,32.5,40783000,2024-08-20,1,20,8,3.372531157885742,-0.5538470928485577,3.352514685379842,4.899988540098144,31.82400016784668,30.45,28.3375
32.540000915527344,32.540000915527344,32.66999816894531,31.969999313354492,32.31999969482422,38147600,2024-08-21,2,21,8,2.151194947437131,0.680696852662274,3.1117853422689814,4.3096365820248215,32.13200035095215,31.072000122070314,28.63450002670288
31.920000076293945,31.920000076293945,33.125,31.850000381469727,32.54999923706055,43522200,2024-08-22,3,22,8,3.9943596976278783,-1.9354813380434785,3.484647717314594,3.7920645589677866,32.27200050354004,31.336000061035158,28.899000072479247
31.780000686645508,31.780000686645508,32.54999923706055,31.621999740600586,31.989999771118164,34121200,2024-08-23,4,23,8,2.920073871646963,-0.6564522850114295,2.9651709974195426,3.6642118264150554,32.2120002746582,31.513000106811525,29.129000091552733
30.850000381469727,30.850000381469727,31.739999771118164,30.790000915527344,31.43000030517578,35283600,2024-08-26,0,26,8,3.0794127839344982,-1.845370404309358,3.1035144917064423,3.3152435199528805,31.882000350952147,31.660000228881835,29.317500114440918
30.84000015258789,30.84000015258789,31.1200008392334,30.3799991607666,30.549999237060547,23541300,2024-08-27,1,27,8,2.39948662388285,0.9492665229776517,2.908905584905864,3.130710135142853,31.586000442504883,31.70500030517578,29.541000080108642
30.360000610351562,30.360000610351562,30.799999237060547,29.75,30.6200008392334,33961400,2024-08-28,2,28,8,3.458495441210691,-0.8491189476020449,3.1703656836605765,3.1410755129647785,31.150000381469727,31.64100036621094,29.714500141143798
31.0,31.0,31.81999969482422,30.483999252319336,30.649999618530273,39733000,2024-08-29,3,29,8,4.309678846789945,1.141926218028807,3.2334295134929887,3.3590386154037915,30.966000366210938,31.61900043487549,29.960500144958495
31.479999542236328,31.479999542236328,31.5,30.700000762939453,31.049999237060547,42388000,2024-08-30,4,30,8,2.541293674376322,1.3848641408742548,3.157673474038861,3.061422235729202,30.9060001373291,31.55900020599365,30.297500133514404
30.510000228881836,30.510000228881836,31.589000701904297,30.165000915527344,31.350000381469727,34531600,2024-09-03,1,3,9,4.667321454258611,-2.679426291440799,3.475255208103684,3.2893848499050633,30.838000106811524,31.360000228881837,30.6185001373291
30.59000015258789,30.59000015258789,30.850000381469727,29.309999465942383,30.0,33419500,2024-09-04,2,4,9,5.034327910577212,1.9666671752929688,4.002223465442556,3.4555645251742098,30.788000106811523,31.187000274658203,30.818500137329103
30.15999984741211,30.15999984741211,30.739999771118164,30.010000228881836,30.239999771118164,24012300,2024-09-05,3,5,9,2.4204228976445634,-0.2645500142578096,3.7946089567293306,3.4824873201949536,30.747999954223634,30.94900016784668,31.010500144958495
30.329999923706055,30.329999923706055,31.040000915527344,29.5,30.600000381469727,50946800,2024-09-06,4,6,9,5.07748407319867,-0.8823544261364603,3.948170002011076,3.5907997577520328,30.613999938964845,30.79000015258789,31.063000106811522
34.599998474121094,34.599998474121094,34.70000076293945,32.470001220703125,32.70000076293945,140582500,2024-09-09,0,9,9,6.445085666417719,5.810390418507278,4.728928400419354,3.9433009372291083,31.237999725341798,31.071999931335448,31.292500019073486
34.7599983215332,34.7599983215332,35.20000076293945,33.709999084472656,34.810001373291016,91721000,2024-09-10,1,10,9,4.286541284277816,-0.14364564718511844,4.652772366423196,4.064013787263439,32.08799934387207,31.462999725341795,31.561499977111815
34.849998474121094,34.849998474121094,34.869998931884766,33.619998931884766,34.0099983215332,68302300,2024-09-11,2,11,9,3.586800730933245,2.4698623759003544,4.363266930494403,4.1827451979684795,32.93999900817871,31.863999557495116,31.78449993133545
34.90999984741211,34.90999984741211,35.400001525878906,34.53099822998047,34.86000061035156,54291900,2024-09-12,3,12,9,2.489267544247374,0.14342867522985575,4.377035859814965,4.085822408272148,33.88999900817871,32.318999481201175,31.979999923706053
35.59000015258789,35.59000015258789,36.0099983215332,34.88999938964844,34.970001220703125,49727200,2024-09-13,4,13,9,3.1469483761812405,1.7729451250854134,3.990928720411479,3.9695493612112775,34.94199905395508,32.77799949645996,32.19849996566772
36.310001373291016,36.310001373291016,36.91999816894531,35.560001373291016,35.779998779296875,74767300,2024-09-16,0,16,9,3.7455156822293207,1.4812817553834356,3.451014723573799,4.089971561996577,35.283999633789065,33.26099967956543,32.40999994277954
36.45000076293945,36.45000076293945,37.04999923706055,35.869998931884766,37.0,64461800,2024-09-17,1,17,9,3.2373121549438943,-1.4864844244879645,3.241168897707015,3.9469706320651055,35.62200012207031,33.854999732971194,32.60749998092651
36.380001068115234,36.380001068115234,37.11000061035156,35.87099838256836,35.900001525878906,66279800,2024-09-18,2,18,9,3.405723450814052,1.3370460218234677,3.204953441683176,3.78411018608879,35.92800064086914,34.43399982452392,32.81050004959106
36.83000183105469,36.83000183105469,37.349998474121094,36.20000076293945,37.0,59882000,2024-09-19,3,19,9,3.1224481509853583,-0.4594545106630068,3.3315895630307737,3.8543127114228697,36.31200103759765,35.101000022888186,33.02500009536743
37.20000076293945,37.20000076293945,37.290000915527344,35.709999084472656,36.0099983215332,450290500,2024-09-20,4,20,9,4.24731666303826,3.3046445345004476,3.5516632204021774,3.7712959704068276,36.63400115966797,35.78800010681152,33.28900012969971
37.95000076293945,37.95000076293945,38.189998626708984,36.56999969482422,36.86000061035156,79460700,2024-09-23,0,23,9,4.268771803205854,2.9571354708056647,3.6563144445974833,3.5536645840856416,36.96200103759766,36.12300033569336,33.5975001335144
36.900001525878906,36.900001525878906,37.97999954223633,36.43000030517578,37.970001220703125,79519200,2024-09-24,1,24,9,4.200539764133866,-2.818013327428607,3.8489599664354786,3.5450644320712463,37.05200119018555,36.33700065612793,33.900000190734865
37.119998931884766,37.119998931884766,37.18000030517578,36.382999420166016,36.88999938964844,46511700,2024-09-25,2,25,9,2.147092963209032,0.6234739659574715,3.5972338689144743,3.4010936552988253,37.20000076293945,36.5640007019043,34.214000129699706
37.099998474121094,37.099998474121094,37.439998626708984,36.599998474121094,37.2599983215332,48602000,2024-09-26,3,26,9,2.2641514478061993,-0.42941453199057894,3.4255745282786423,3.3785820456547078,37.25400009155273,36.7830005645752,34.55100002288818
36.84000015258789,36.84000015258789,37.470001220703125,36.59000015258789,36.90999984741211,43219100,2024-09-27,4,27,9,2.3887108156089876,-0.18964967519263395,3.053853358792788,3.3027582895974823,37.18199996948242,36.9080005645752,34.84300003051758
37.20000076293945,37.20000076293945,37.31999969482422,36.150001525878906,36.58000183105469,42110200,2024-09-30,0,30,9,3.1451563036281565,1.6949122494532405,2.8291302588772482,3.242722351737366,37.03199996948242,36.997000503540036,35.12900009155273
36.459999084472656,36.459999084472656,37.560001373291016,36.04999923706055,37.209999084472656,52858000,2024-10-01,1,1,10,4.141530921961922,-2.015587257332041,2.81732849044286,3.3331442284391692,36.943999481201175,36.99800033569336,35.42650003433228
37.4900016784668,37.4900016784668,37.68000030517578,36.14500045776367,36.29999923706055,34988900,2024-10-02,2,2,10,4.094424589726732,3.2782437091384704,3.2067948157463997,3.4020143423304368,37.01800003051758,37.10900039672852,35.77150011062622
39.2400016784668,39.2400016784668,39.290000915527344,37.369998931884766,37.45000076293945,57196400,2024-10-03,3,3,10,4.8929712067168225,4.779708622325931,3.7325587675285243,3.5790666479035833,37.44600067138672,37.35000038146973,36.22550020217896
40.0099983215332,40.0099983215332,40.290000915527344,39.400001525878906,39.650001525878906,62532500,2024-10-04,4,4,10,2.2244424568482017,0.907936397983069,3.699705095776367,3.3767792272845774,38.08000030517578,37.6310001373291,36.70950012207031
38.88999938964844,38.88999938964844,40.150001525878906,38.775001525878906,39.900001525878906,44124800,2024-10-07,0,7,10,3.535613323681335,-2.531333577958355,3.777796499787003,3.3034633793321255,38.418000030517575,37.725,36.92400016784668
41.45000076293945,41.45000076293945,41.4900016784668,39.01499938964844,39.290000915527344,62542900,2024-10-08,1,8,10,5.971054869150364,5.49758156548803,4.143701289224691,3.480514889833775,39.41600036621094,38.179999923706056,37.258500289916995
43.130001068115234,43.130001068115234,43.34000015258789,41.209999084472656,41.54999923706055,86404700,2024-10-09,2,9,10,4.938560202563693,3.8026518894503467,4.312528411792083,3.7596616137692407,40.544000244140626,38.7810001373291,37.672500419616696
43.52000045776367,43.52000045776367,43.87799835205078,42.40999984741211,42.91999816894531,62516300,2024-10-10,3,10,10,3.3731582931929656,1.3979550662061535,4.008565829087312,3.870562298307918,41.4,39.42300033569336,38.103000450134275
43.5099983215332,43.5099983215332,44.380001068115234,42.619998931884766,43.400001525878906,66206900,2024-10-11,4,11,10,4.045052181395832,0.25344882900224575,4.372687773996837,4.036196434886603,42.1,40.09000015258789,38.49900035858154
43.400001525878906,43.400001525878906,44.38999938964844,43.279998779296875,43.720001220703125,41010900,2024-10-14,0,14,10,2.5576050030543946,-0.7319297481462248,4.177086109871449,3.977441304829226,43.002000427246095,40.71000022888184,38.85350036621094
42.43000030517578,42.43000030517578,43.68000030517578,41.51499938964844,43.474998474121094,48297000,2024-10-15,1,15,10,5.102523921649014,-2.403676148642898,4.003379920371179,4.073540604797936,43.19800033569336,41.30700035095215,39.15250034332276
41.93000030517578,41.93000030517578,42.4900016784668,40.36000061035156,42.400001525878906,59157900,2024-10-16,2,16,10,5.0798975736050975,-1.108493405162401,4.03164739457946,4.172087903185772,42.95800018310547,41.751000213623044,39.43000030517578
42.0,42.0,42.70000076293945,41.61000061035156,42.150001525878906,34028400,2024-10-17,3,17,10,2.5952384585425965,-0.3558754933539197,3.876063427649387,3.9423146283683494,42.65400009155273,42.02700004577637,39.688500213623044
42.970001220703125,42.970001220703125,42.9900016784668,41.650001525878906,42.01499938964844,33969000,2024-10-18,4,18,10,3.118455002375641,2.2730021300202106,3.6907439918453484,4.031715882921093,42.54600067138672,42.32300033569336,39.97700023651123
42.70000076293945,42.70000076293945,43.400001525878906,42.40999984741211,42.86000061035156,30719800,2024-10-21,0,21,10,2.31850506037004,-0.37330808477278965,3.642924003308478,3.910005056589964,42.40600051879883,42.70400047302246,40.21450023651123
42.939998626708984,42.939998626708984,43.4900016784668,42.29999923706055,42.689998626708984,27830700,2024-10-22,1,22,10,2.77131457723443,0.5856172594102347,3.176682134425561,3.59003102739837,42.508000183105466,42.853000259399415,40.516500091552736
42.59000015258789,42.59000015258789,43.68000030517578,42.05500030517578,42.849998474121094,35647000,2024-10-23,2,23,10,3.8154496223951297,-0.6067638991637935,2.9237925441835673,3.477719969381514,42.64000015258789,42.79900016784668,40.79000015258789
43.560001373291016,43.560001373291016,43.72999954223633,42.65999984741211,42.88999938964844,34079600,2024-10-24,3,24,10,2.456381223808439,1.5621403431502126,2.896021097236736,3.3860422624430613,42.95200042724609,42.80300025939941,41.113000297546385
44.86000061035156,44.86000061035156,45.06999969482422,43.64500045776367,43.849998474121094,50416500,2024-10-25,4,25,10,3.176547520446811,2.3033116793072197,2.9076396008509695,3.299191796348159,43.33000030517578,42.93800048828125,41.51400032043457
44.970001220703125,44.970001220703125,45.13999938964844,44.68000030517578,45.04999923706055,36729700,2024-10-28,0,28,10,1.0229020946988179,-0.1775760659538729,2.6485190077167253,3.1457215055126015,43.784000396728516,43.095000457763675,41.90250034332276
44.93000030517578,44.93000030517578,45.06999969482422,44.040000915527344,44.900001525878906,26154700,2024-10-29,1,29,10,2.292452197420134,0.06681242378039715,2.5527465317538662,2.864714333089714,44.182000732421876,43.345000457763675,42.32600040435791
43.689998626708984,43.689998626708984,44.79999923706055,43.61000061035156,44.58000183105469,31309200,2024-10-30,2,30,10,2.723732350912694,-1.9964180524679156,2.334403077457379,2.6290978108204732,44.402000427246094,43.52100028991699,42.63600025177002
41.560001373291016,41.560001373291016,43.31999969482422,40.900001525878906,42.790000915527344,50973400,2024-10-31,3,31,10,5.822902042781332,-2.874502257348619,3.007707241251958,2.951864169244347,44.002000427246095,43.4770004272461,42.75200023651123
41.91999816894531,41.91999816894531,42.56999969482422,41.59000015258789,41.93000030517578,33722500,2024-11-01,4,1,11,2.3377852696623447,-0.023854367177846406,2.8399547910950647,2.8737971959730175,43.41399993896484,43.37200012207031,42.847500228881835
41.40999984741211,41.40999984741211,42.040000915527344,41.03200149536133,41.08000183105469,75413300,2024-11-04,0,4,11,2.4341932477186665,0.8033057489008137,3.122213021699034,2.8853660147078797,42.70199966430664,43.24300003051758,42.97350025177002
51.130001068115234,51.130001068115234,51.57500076293945,46.86000061035156,47.86000061035156,208868200,2024-11-05,1,5,11,9.221592126130766,6.832428784082399,4.50804100744116,3.530393769597514,43.94199981689453,44.0620002746582,43.457500267028806
55.529998779296875,55.529998779296875,55.689998626708984,51.61000061035156,53.439998626708984,114255900,2024-11-06,2,6,11,7.347376384021385,3.910928529746109,5.432769814062899,3.883586445760139,46.30999984741211,45.356000137329104,44.07750015258789
55.880001068115234,55.880001068115234,56.470001220703125,53.54999923706055,55.81999969482422,121591200,2024-11-07,3,7,11,5.225486628182462,0.10749081622904258,5.313286731143124,4.160496986197542,49.17399978637695,46.58800010681152,44.695500183105466
58.38999938964844,58.38999938964844,58.47999954223633,55.29999923706055,55.56999969482422,84124000,2024-11-08,4,8,11,5.446138616914495,5.0746800617435905,5.934957400593555,4.38745609584431,52.46800003051758,47.94099998474121,45.43950023651123
60.2400016784668,60.2400016784668,62.08000183105469,58.689998626708984,60.132999420166016,108357800,2024-11-11,0,11,11,5.627495202340745,0.17794265932608264,6.57361779151797,4.847915406608502,56.23400039672852,49.46800003051758,46.281500244140624
59.849998474121094,59.849998474121094,60.09000015258789,58.56999969482422,59.0099983215332,59061300,2024-11-12,1,12,11,2.539683369283483,1.4234878435530613,5.237236040148514,4.872638523794837,57.97799987792969,50.95999984741211,47.15250015258789
60.70000076293945,60.70000076293945,63.38999938964844,59.849998474121094,61.52000045776367,85937400,2024-11-13,2,13,11,5.831961896265248,-1.3328993639835658,4.934153142597286,5.183461478330093,59.012000274658206,52.66100006103515,48.091000175476076
59.18000030517578,59.18000030517578,61.16999816894531,58.529998779296875,61.04999923706055,59968200,2024-11-14,3,14,11,4.460965488399208,-3.063061351767517,4.781248914640637,5.047267822891881,59.672000122070315,54.422999954223634,48.95000019073486
65.7699966430664,65.7699966430664,66.0,60.90999984741211,61.0099983215332,155280400,2024-11-15,4,15,11,7.7390913978775275,7.801997135694369,5.2398394708332425,5.587398435713398,61.1479995727539,56.807999801635745,50.089999961853025
61.2599983215332,61.2599983215332,64.91999816894531,58.849998474121094,64.91999816894531,136663100,2024-11-18,0,18,11,9.908586126569615,-5.637707872214454,6.096057655679016,6.334837723598493,61.35199890136719,58.79299964904785,51.01799983978272
62.97999954223633,62.97999954223633,63.0099983215332,59.26499938964844,59.5099983215332,75557800,2024-11-19,1,19,11,5.946330516203409,5.830954996763181,6.777387085063002,6.007311562605757,61.97799911499023,59.97799949645996,52.01999988555908
62.119998931884766,62.119998931884766,63.08000183105469,59.959999084472656,62.59000015258789,59182200,2024-11-20,2,20,11,5.022541532885644,-0.7509206255908469,6.615503012387082,5.774828077492184,62.2619987487793,60.63699951171875,52.99649982452392
61.36000061035156,61.36000061035156,63.400001525878906,60.89500045776367,62.040000915527344,56336700,2024-11-21,3,21,11,4.082465846150327,-1.0960675292407855,6.539803083937303,5.66052599928897,62.69799880981445,61.18499946594238,53.88649978637695
64.3499984741211,64.3499984741211,64.44000244140625,61.369998931884766,61.599998474121094,61381700,2024-11-22,4,22,11,4.77079033771246,4.464285824869474,5.946142871904291,5.592991171368767,62.41399917602539,61.78099937438965,54.86099967956543
64.6500015258789,64.6500015258789,67.87999725341797,64.08000183105469,66.9000015258789,80640500,2024-11-25,0,25,11,5.877796338244743,-3.3632286228418593,5.139984914239316,5.618021284959167,63.09199981689453,62.22199935913086,55.84499969482422
65.73999786376953,65.73999786376953,65.8499984741211,63.88999938964844,64.56999969482422,46923600,2024-11-26,1,26,11,2.9814407486509005,1.8119841636596707,4.547006960728815,5.662197022895908,63.64399948120117,62.8109992980957,56.88549957275391
66.05000305175781,66.05000305175781,67.55999755859375,64.23999786376953,66.23999786376953,53839900,2024-11-27,2,27,11,5.0264943852048205,-0.28682792593451734,4.54779753119265,5.581650271789865,64.43000030517578,63.345999526977536,58.003499794006345
67.08000183105469,67.08000183105469,67.16000366210938,65.47000122070312,65.88999938964844,30104000,2024-11-29,4,29,11,2.5193834157348864,1.8060440923197272,4.235181045109562,5.387492064523434,65.57400054931641,64.13599967956543,59.27949981689453
66.38999938964844,66.38999938964844,67.87999725341797,65.95999908447266,67.44000244140625,46405000,2024-12-02,0,2,12,2.891999076060663,-1.5569439705612176,3.8594227927792026,4.902782832341747,65.98200073242188,64.19799995422363,60.50299987792969
70.95999908447266,70.95999908447266,71.37000274658203,66.1500015258789,66.41000366210938,100751400,2024-12-03,1,3,12,7.356258861403166,6.851370533742808,4.155115297410887,4.647550105825102,67.24400024414062,65.16800003051758,61.980499839782716
69.8499984741211,69.8499984741211,71.18000030517578,67.27999877929688,71.12999725341797,86284800,2024-12-04,2,4,12,5.5833952914456075,-1.799520355296187,4.675506205969829,4.611256583349322,68.06600036621094,65.85499992370606,62.91649971008301
71.87000274658203,71.87000274658203,72.9800033569336,69.88999938964844,70.11000061035156,66585800,2024-12-05,3,5,12,4.299434881310214,2.5103439179982106,4.530094305190907,4.538945918191779,69.23000030517578,66.83000030517579,63.733499908447264
76.33999633789062,76.33999633789062,76.81999969482422,72.27999877929688,72.94999694824219,93640900,2024-12-06,4,6,12,5.947080342305385,4.647017863556091,5.2156336905050065,4.725407367807284,71.08199920654297,68.32799987792968,64.75649967193604
72.45999908447266,72.45999908447266,80.91000366210938,71.05000305175781,80.58000183105469,168134800,2024-12-09,0,9,12,13.607508604653637,-10.076945348805722,7.358735596223601,5.609079194501402,72.2959991455078,69.13899993896484,65.45999965667724
70.88999938964844,70.88999938964844,75.55999755859375,70.7300033569336,71.98999786376953,89672500,2024-12-10,1,10,12,6.813364710460762,-1.5279879243817716,7.250156766035121,5.702636031723005,72.28199920654296,69.7629997253418,65.99249954223633
72.51000213623047,72.51000213623047,73.0,68.06999969482422,72.9800033569336,89477700,2024-12-11,2,11,12,6.7990624188831035,-0.6440137011290938,7.49329019152262,6.084398198746224,72.81399993896484,70.44000015258788,66.6254997253418
73.19999694824219,73.19999694824219,75.37999725341797,71.9000015258789,72.30000305175781,73859700,2024-12-12,3,12,12,4.754092722161828,1.2448047835351976,7.584221759692943,6.057158032441925,73.07999877929687,71.15499954223633,67.25049953460693
76.06999969482422,76.06999969482422,76.0999984741211,72.44999694824219,73.48999786376953,76172800,2024-12-13,4,13,12,4.798214198135788,3.510684319024351,7.354448530859024,6.285041110682015,73.0259994506836,72.05399932861329,68.09499950408936
75.75,75.75,77.81999969482422,71.16000366210938,75.05999755859375,126099600,2024-12-16,0,16,12,8.792073970580653,0.919267870835749,6.391361604044427,6.875048600134015,73.68399963378906,72.98999938964843,68.59399967193603
74.38999938964844,74.38999938964844,75.31999969482422,71.69999694824219,73.27999877929688,75469400,2024-12-17,1,17,12,4.866249195165021,1.5147388494023295,6.001938500985279,6.6260476335102,74.38399963378906,73.33299942016602,69.2504997253418
71.51000213623047,71.51000213623047,77.5999984741211,70.2699966430664,74.30000305175781,109643400,2024-12-18,2,18,12,10.250316895656963,-3.7550481842965917,6.69218939634005,7.092739793931335,74.18399963378906,73.49899978637696,69.6769998550415
74.20999908447266,74.20999908447266,76.58999633789062,73.37000274658203,73.98999786376953,99524300,2024-12-19,3,19,12,4.339029283160751,0.2973391364440792,6.6091767085398345,7.096699234116389,74.38600006103516,73.73299942016601,70.2814998626709
80.55000305175781,80.55000305175781,80.66000366210938,71.5,72.63999938964844,281230800,2024-12-20,4,20,12,11.371822861662176,10.889322313563495,7.923898441245112,7.6391734860520675,75.28200073242188,74.15400009155273,71.24099998474121
80.69000244140625,80.69000244140625,82.0199966430664,77.41000366210938,80.6500015258789,93819500,2024-12-23,0,23,12,5.71321457612375,0.04959815842595897,7.308126562353732,6.84974408319908,76.27000122070312,74.9770004272461,72.05800018310546
82.37999725341797,82.37999725341797,84.7969970703125,81.0,81.08999633789062,64983300,2024-12-24,1,24,12,4.609125026591284,1.590826210118559,7.256701728638984,6.629320114812133,77.86800079345703,76.12600021362304,72.94449996948242
82.13999938964844,82.13999938964844,83.48999786376953,81.30000305175781,83.16000366210938,60377100,2024-12-26,3,26,12,2.666173396986547,-1.2265563101768926,5.739873028904901,6.216031212622476,79.99400024414062,77.08899993896485,73.76450004577637
79.08000183105469,79.08000183105469,82.0,77.93000030517578,81.41999816894531,66975900,2024-12-27,4,27,12,5.1466863942660295,-2.8739823022780797,5.901404451125957,6.255290579832897,80.96800079345704,77.6770004272461,74.4159999847412
77.18000030517578,77.18000030517578,79.23999786376953,76.11000061035156,77.04000091552734,60850900,2024-12-30,0,30,12,4.0554512063251025,0.18172298544225582,4.438130120058543,6.181014280651828,80.29400024414062,77.78800048828126,74.92099990844727
75.62999725341797,75.62999725341797,77.9800033569336,73.6500015258789,77.58000183105469,56267900,2024-12-31,1,31,12,5.72524393534736,-2.513540257298817,4.440535991903265,5.874331277128499,79.28199920654296,77.77600021362305,75.38299980163575
75.19000244140625,75.19000244140625,76.52999877929688,72.41999816894531,76.19999694824219,72217200,2025-01-02,3,2,1,5.466153048145445,-1.3254521617920307,4.611941596214097,5.934321662426541,77.84400024414063,77.85600051879882,75.59449996948243
79.88999938964844,79.88999938964844,79.9800033569336,75.19000244140625,75.38999938964844,62415000,2025-01-03,4,3,1,5.9957453399955805,5.968961449040522,5.277855984815903,5.5088645068604025,77.39400024414063,78.69400024414062,76.09650001525878
75.91999816894531,75.91999816894531,80.05999755859375,74.61000061035156,78.69000244140625,105619500,2025-01-06,0,6,1,7.17860521560376,-3.5201476509338323,5.68423974908345,5.792822100104703,76.76199951171876,78.8650001525879,76.29899978637695
69.98999786376953,69.98999786376953,75.38999938964844,69.75,75.19999694824219,91727300,2025-01-07,1,7,1,8.058293415905354,-6.928190553064166,6.4848081909995,5.461469155529022,75.3239990234375,77.80899963378906,75.9814998626709
68.2300033569336,68.2300033569336,69.52999877929688,66.51000213623047,68.12000274658203,91349500,2025-01-08,2,8,1,4.426200343663784,0.1614806311162133,6.224999472662785,5.332767732283024,73.84400024414063,76.5629997253418,75.77000007629394
67.26000213623047,67.26000213623047,68.19999694824219,65.04000091552734,66.01000213623047,78148600,2025-01-10,4,10,1,4.698180095674828,1.8936524156146342,6.071404882168662,5.341673239191379,72.25800018310547,75.05100021362304,75.58850021362305
64.9800033569336,64.9800033569336,65.68000030517578,63.400001525878906,64.29000091552734,69046300,2025-01-13,0,13,1,3.5087698699750702,1.073265564753788,5.57400978816456,5.425932886490231,69.2760009765625,73.33500061035156,75.21200027465821
65.91000366210938,65.91000366210938,68.2300033569336,65.19000244140625,67.18000030517578,56814900,2025-01-14,1,14,1,4.612351307264443,-1.8904385788884273,5.060759006496696,5.3724993777900725,67.27400207519531,72.01800079345703,74.84750061035156
68.13999938964844,68.13999938964844,68.8499984741211,67.08000183105469,68.55000305175781,56025800,2025-01-15,2,15,1,2.5975882872333824,-0.5981088896521375,3.968617980762302,5.226713085880901,66.9040023803711,71.1140007019043,74.45100059509278
69.23999786376953,69.23999786376953,71.43000030517578,68.36000061035156,69.08000183105469,62908700,2025-01-16,3,16,1,4.433852960054212,0.23160976907055908,3.9701485040403868,5.097573988351586,67.10600128173829,70.47500076293946,74.12550048828125
71.7699966430664,71.7699966430664,72.33999633789062,69.94999694824219,70.9000015258789,54754000,2025-01-17,4,17,1,3.330081512382698,1.227073481613321,3.6965287873819603,4.88396683477531,68.00800018310547,70.13300018310547,73.99450035095215
73.06999969482422,73.06999969482422,73.63600158691406,70.60099792480469,73.23999786376953,56229000,2025-01-21,1,21,1,4.153556418208599,-0.23211110582160113,3.8254860970286666,4.699747942596613,69.6259994506836,69.45100021362305,74.07250022888184
76.87000274658203,76.87000274658203,77.16000366210938,73.80000305175781,74.5,66876400,2025-01-22,2,22,1,4.371016638868226,3.1812117403785654,3.777219163349423,4.4189890849230595,71.81799926757813,69.54600067138672,74.2055004119873
78.9800033569336,78.9800033569336,79.0,75.83999633789062,76.04000091552734,55937900,2025-01-23,3,23,1,4.001017381359684,3.8663892767075208,4.0579049821746835,4.013261481468493,73.98600006103516,70.44500122070312,74.12700042724609
78.9800033569336,78.9800033569336,82.23999786376953,78.44000244140625,79.05000305175781,77931900,2025-01-24,4,24,1,4.81133864377037,-0.08855116017944567,4.133402118917916,4.051775311479152,75.93400115966797,71.52000122070312,74.04150047302247
75.44000244140625,75.44000244140625,76.72000122070312,72.66999816894531,74.06999969482422,76093300,2025-01-27,0,27,1,5.368508643545476,1.8496054438052911,4.541087545150471,4.118808166266216,76.66800231933594,72.3380012512207,73.69450073242187
80.2300033569336,80.2300033569336,80.73999786376953,74.04000091552734,75.54000091552734,65916700,2025-01-28,1,28,1,8.35098674798094,6.208634345465323,5.380573611104939,4.603029854066802,78.10000305175781,73.86300125122071,73.59900093078613
79.76000213623047,79.76000213623047,80.81999969482422,77.80999755859375,79.94999694824219,49262200,2025-01-29,2,29,1,3.773824041641035,-0.23764205036144914,5.261135091659501,4.519177127504461,78.6780029296875,75.24800109863281,73.63300094604492
81.22000122070312,81.22000122070312,81.83000183105469,79.37999725341797,80.0199966430664,46067500,2025-01-30,3,30,1,3.016503990167644,1.499630877253601,5.0642324134210925,4.5610686977978885,79.12600250244141,76.55600128173828,73.83500099182129
82.48999786376953,82.48999786376953,85.22000122070312,80.87000274658203,81.0,78731000,2025-01-31,4,31,1,5.273364755451956,1.8395035355179397,5.15663763575741,4.6450198773376625,79.8280014038086,77.88100128173828,74.17800102233886
83.73999786376953,83.73999786376953,84.25,78.47000122070312,80.125,126592700,2025-02-03,0,3,2,6.90231541288063,4.51169780189645,5.463398989624441,5.002243267387455,81.48800048828124,79.0780014038086,74.60550079345703
103.83000183105469,103.83000183105469,106.91000366210938,100.51000213623047,102.80000305175781,230806800,2025-02-04,1,4,2,6.163923156134164,1.0019443080933477,5.025986271255086,5.203279941180012,86.20800018310547,82.15400161743165,75.80250091552735
101.36000061035156,101.36000061035156,103.56999969482422,99.31999969482422,101.77999877929688,90628300,2025-02-05,2,5,2,4.192975507506026,-0.41265295144682645,5.109816564428084,5.185475828043792,90.52799987792969,84.60300140380859,77.07450103759766
111.27999877929688,111.27999877929688,111.54499816894531,100.26000213623047,101.08999633789062,128217500,2025-02-06,3,6,2,10.141082096070587,10.080129400090627,6.534732185608672,5.7994822995148825,96.53999938964844,87.83300094604492,79.13900108337403
110.8499984741211,110.8499984741211,116.30000305175781,110.44999694824219,111.66000366210938,143795400,2025-02-07,4,7,2,5.277407473200245,-0.725421065218134,6.53554072915833,5.846089182457869,102.21199951171874,91.02000045776367,81.2700008392334
116.6500015258789,116.6500015258789,116.76000213623047,108.72000122070312,112.02999877929688,99938100,2025-02-10,0,10,2,6.892413896577329,4.123897881748265,6.5335604258976705,5.998479707761055,108.79400024414062,95.14100036621093,83.73950080871582
112.62000274658203,112.62000274658203,118.66000366210938,112.0999984741211,116.5,94311700,2025-02-11,1,11,2,5.82490235127203,-3.3304697454231493,6.465756264925244,5.7458712680901645,110.5520004272461,98.38000030517578,86.12150077819824
117.38999938964844,117.38999938964844,117.58999633789062,110.0,110.29000091552734,75316900,2025-02-12,2,12,2,6.465624309867675,6.437572232462925,6.920286025397573,6.015051294912828,113.75800018310547,102.14300003051758,88.6955005645752
117.91000366210938,117.91000366210938,118.38999938964844,115.1500015258789,117.30999755859375,60027000,2025-02-13,3,13,2,2.747856639080668,0.5114705617617418,5.441640933999589,5.988186559804131,115.08400115966796,105.8120002746582,91.18400077819824
119.16000366210938,119.16000366210938,120.66999816894531,116.80000305175781,117.9000015258789,65528900,2025-02-14,4,14,2,3.247729941467,1.0687040881453251,5.035705427652941,5.785623078405635,116.74600219726562,109.47900085449218,93.68000106811523
124.62000274658203,124.62000274658203,125.0,118.43000030517578,120.94000244140625,84227200,2025-02-18,1,18,2,5.272026600885639,3.0428313468562154,4.711627968514603,5.622594197206136,118.34000244140626,113.56700134277344,96.32250137329102
112.05999755859375,112.05999755859375,125.41000366210938,108.55999755859375,123.86000061035156,147487300,2025-02-19,2,19,2,15.036593316633907,-9.526887609890446,6.553966161586979,6.5098612132561104,118.22800140380859,114.39000091552734,98.27200126647949
106.2699966430664,106.2699966430664,107.4000015258789,95.80000305175781,102.91000366210938,243093900,2025-02-20,3,20,2,10.915591268043892,3.264981888436326,7.443959553222221,7.182122789309898,116.00400085449219,114.88100051879883,99.74200096130372
101.3499984741211,101.3499984741211,109.06999969482422,100.0,107.68000030517578,129063200,2025-02-21,4,21,2,8.949185822770556,-5.878530658539038,8.684225389960199,7.0629331619798945,112.69199981689454,113.88800048828125,100.86050071716309
90.68000030517578,90.68000030517578,99.01000213623047,89.30000305175781,95.87999725341797,184485000,2025-02-24,0,24,2,10.707983074321223,-5.423442946601478,10.176276016531045,7.605990722091993,106.99599914550781,111.87100067138672,101.4455005645752
87.83999633789062,87.83999633789062,91.69999694824219,85.25,90.6500015258789,132626300,2025-02-25,1,25,2,7.342893006770219,-3.099840199325398,10.59044929770796,7.65103863311128,99.63999786376954,108.9900001525879,102.06550025939941
89.30999755859375,89.30999755859375,91.69000244140625,87.58999633789062,89.16000366210938,94428700,2025-02-26,2,26,2,4.590758275215188,0.16823002503769346,8.501282289424214,7.527624225505596,95.08999786376953,106.65899963378907,102.51949996948242
84.7699966430664,84.7699966430664,93.62000274658203,84.16999816894531,91.91000366210938,99680500,2025-02-27,3,27,2,11.147817567372362,-7.768476481941969,8.54772754928991,7.9958435512560655,90.78999786376953,103.39699935913086,102.76999969482422
84.91999816894531,84.91999816894531,85.18000030517578,78.58000183105469,79.9800033569336,125977400,2025-02-28,4,28,2,7.772019096126959,6.176537390184372,8.31229420396119,8.498259796960696,87.50399780273438,100.09799880981446,102.95499954223632
83.41999816894531,83.41999816894531,90.4800033569336,82.52999877929688,88.55000305175781,114573900,2025-03-03,0,3,3,9.530094404384991,-5.793342412211993,8.076716469973944,9.126496243252493,86.05199737548828,96.52399826049805,103.00149955749512
84.4000015258789,84.4000015258789,88.5,79.30000305175781,80.16000366210938,116800300,2025-03-04,1,4,3,10.900470120751438,5.289418251079403,8.788231892770188,9.689340595239074,85.36399841308594,92.50199813842774,103.03449974060058
90.12999725341797,90.12999725341797,90.30000305175781,82.5,86.3499984741211,116053000,2025-03-05,2,5,3,8.65416985404603,4.377531958416574,9.600914208536356,9.051098248980285,85.52799835205079,90.30899810791016,102.34949951171875
80.45999908447266,80.45999908447266,88.33999633789062,80.01000213623047,87.50499725341797,117340600,2025-03-06,3,6,3,10.35296333139991,-8.050966676271889,9.441943361341865,8.994835455315888,84.66599884033204,87.72799835205078,101.3044994354248
84.91000366210938,84.91000366210938,85.16000366210938,79.1500015258789,80.0250015258789,105377100,2025-03-07,4,7,3,7.078084886377645,6.1043449460613015,9.303156519392003,8.807725361676596,84.66399993896485,86.08399887084961,99.98599967956542
76.37999725341797,76.37999725341797,82.69000244140625,74.56999969482422,82.0,136843800,2025-03-10,0,10,3,10.631059228296404,-6.853661886075647,9.523349484174284,8.800032977074114,83.25599975585938,84.65399856567383,98.26249961853027
78.05000305175781,78.05000305175781,80.74500274658203,75.52999877929688,75.78500366210938,109351500,2025-03-11,1,11,3,6.681619171528919,2.9887171342592165,8.67957929432978,8.733905593549986,81.98600006103516,83.67499923706055,96.33249969482422
83.6500015258789,83.6500015258789,84.55000305175781,79.86000061035156,83.4800033569336,116525100,2025-03-12,2,12,3,5.60669737699323,0.20363938920612534,8.070084798919222,8.835499503727789,80.69000091552735,83.10899963378907,94.88399963378906
79.62000274658203,79.62000274658203,83.73999786376953,78.31999969482422,82.84500122070312,100927200,2025-03-13,3,13,3,6.807332305923571,-3.8928099783951247,7.360958593823954,8.40145097758291,80.52200164794922,82.59400024414063,92.99549980163575
86.23999786376953,86.23999786376953,87.2699966430664,82.16000366210938,82.97000122070312,113985000,2025-03-14,4,14,3,5.9253166831348,3.9411794563773723,7.130404953175384,8.216780736283692,80.78800048828126,82.72600021362305,91.41199951171875
87.3499984741211,87.3499984741211,88.81999969482422,84.5,88.44000244140625,99348900,2025-03-17,0,17,3,4.945620801703954,-1.2324784454945166,5.993317267856894,7.758333376015591,82.98200073242188,83.11900024414062,89.82149925231934
83.88999938964844,83.88999938964844,86.16999816894531,81.80000305175781,85.77999877929688,93236500,2025-03-18,1,18,3,5.209196744524871,-2.2033101148802903,5.698832782456085,7.189206038392934,84.15,83.06800003051758,87.78499908447266
86.0999984741211,86.0999984741211,87.98999786376953,82.86000061035156,84.55000305175781,89797400,2025-03-19,2,19,3,5.958185068911334,1.8332292920373305,5.769130320839706,6.919607559879464,84.63999938964844,82.6650001525879,86.48699913024902
87.38999938964844,87.38999938964844,89.80000305175781,85.12000274658203,85.54000091552734,105547400,2025-03-20,3,20,3,5.355304197118622,2.16272907916848,5.478724699078716,6.419841646451334,86.19399871826172,83.35800018310547,85.54299926757812
90.95999908447266,90.95999908447266,91.06999969482422,84.45999908447266,85.8499984741211,116748700,2025-03-21,4,21,3,7.26693126306322,5.952243099796837,5.7470476150644005,6.438726284119892,87.13799896240235,83.9629997253418,85.0234992980957
96.75,96.75,97.38999938964844,92.27999877929688,93.4000015258789,112164700,2025-03-24,0,24,3,5.2816543776243545,3.5867220764368932,5.81425433024848,5.903785799052687,89.01799926757812,86.0,85.32699928283691
96.5,96.5,98.16999816894531,95.08000183105469,97.22000122070312,78015300,2025-03-25,1,25,3,3.202068743928109,-0.7405896026154336,5.412828730129128,5.555830756292606,91.53999938964844,87.84499969482422,85.75999946594239
92.27999877929688,92.27999877929688,97.30000305175781,90.81999969482422,96.29000091552734,81428600,2025-03-26,2,26,3,7.022110362649235,-4.164505242603889,5.625613788876708,5.6973720548582065,92.7759994506836,88.70799942016602,85.90849952697754
90.08999633789062,90.08999633789062,93.6500015258789,89.66999816894531,91.01499938964844,82823000,2025-03-27,3,27,3,4.417808323585932,-1.0163193517122822,5.4381146141701695,5.458419656624443,93.31599884033203,89.75499877929687,86.17449951171875
85.8499984741211,85.8499984741211,89.37999725341797,84.0999984741211,89.33999633789062,91091700,2025-03-28,4,28,3,6.150260772443106,-3.90642266266734,5.214780516046147,5.4809140655552735,92.29399871826172,89.71599884033203,86.22099952697754
84.4000015258789,84.4000015258789,84.6500015258789,78.75,80.0,108092900,2025-03-31,0,31,3,6.990523008545011,5.500001907348633,5.556554242230279,5.68540428623938,89.8239990234375,89.4209991455078,86.26999969482422
84.68000030517578,84.68000030517578,85.27999877929688,81.81999969482422,83.88999938964844,78980700,2025-04-01,1,1,4,4.085969617386946,0.9417104795268666,5.733334416922046,5.573081573525586,87.45999908447266,89.49999923706055,86.28399963378907
87.44999694824219,87.44999694824219,88.40499877929688,82.30000305175781,82.4000015258789,96563100,2025-04-02,2,2,4,6.981127433489038,6.128635107824916,5.725137831090008,5.6753758099833576,86.49399871826172,89.63499908447265,86.14999961853027
83.5999984741211,83.5999984741211,85.68000030517578,81.01000213623047,81.25,93878200,2025-04-03,3,3,4,5.58612231361576,2.8923058143028846,5.958800629095973,5.698457621633071,85.19599914550781,89.25599899291993,86.3069995880127
74.01000213623047,74.01000213623047,80.9800033569336,71.93000030517578,80.06999969482422,147323200,2025-04-04,4,4,4,12.228081057340656,-7.568374649295112,7.174364686075483,6.194572601060814,82.82799987792968,87.56099929809571,85.76199951171876
77.83999633789062,77.83999633789062,81.80000305175781,66.12000274658203,66.6500015258789,169083700,2025-04-07,0,7,4,20.14388623184343,16.78918913102629,9.805037330735166,7.680795786482721,81.51599884033203,85.66999893188476,85.83499946594239
77.31999969482422,77.31999969482422,86.11399841308594,75.22000122070312,83.29000091552734,135345600,2025-04-08,1,8,4,14.089494613787556,-7.167728604971317,11.805742330015288,8.769538373468666,80.04399871826172,83.75199890136719,85.7984992980957
92.01000213623047,92.01000213623047,93.33000183105469,77.2699966430664,78.19000244140625,187244300,2025-04-09,2,9,4,17.454629730591417,17.674893545604633,13.900442789435766,9.812790310262887,80.95599975585938,83.72499923706054,86.21649932861328
88.58999633789062,88.58999633789062,90.77999877929688,84.13999938964844,88.4000015258789,124448200,2025-04-10,3,10,4,7.4952022396782265,0.21492625422195066,14.282258774648259,10.120529701872115,81.95399932861328,83.57499923706055,86.66499900817871
88.55000305175781,88.55000305175781,89.55000305175781,85.47000122070312,87.9800033569336,95130700,2025-04-11,4,11,4,4.607568255723166,0.6478741453461172,12.75815621432476,9.96626045020012,84.86199951171875,83.84499969482422,86.78049926757812
92.62000274658203,92.62000274658203,97.33000183105469,91.45999908447266,95.80000305175781,122836900,2025-04-14,0,14,4,6.33772681117595,-3.3194156616651926,9.996924330191264,9.900980830463215,87.81800079345703,84.66699981689453,87.04399948120117
98.4000015258789,98.4000015258789,98.98999786376953,93.05000305175781,93.52999877929688,118457700,2025-04-15,1,15,4,6.036579999899205,5.20688849582239,8.386341407413592,10.09604186871444,92.03400115966797,86.03899993896485,87.76949958801269
92.70999908447266,92.70999908447266,97.30000305175781,89.62000274658203,96.27999877929688,121997600,2025-04-16,2,16,4,8.283896430824203,-3.707934919076751,6.552194747460151,10.226318768447957,92.1740005493164,86.56500015258788,88.09999961853028
93.77999877929688,93.77999877929688,95.11000061035156,92.2699966430664,94.70999908447266,83991800,2025-04-17,3,17,4,3.028368526607534,-0.9819452160973057,5.658828004846011,9.970543389747135,93.21200103759766,87.58300018310547,88.4194995880127
90.80000305175781,90.80000305175781,96.4749984741211,89.30999755859375,92.83999633789062,83831100,2025-04-21,0,21,4,7.890969906072747,-2.197321592633706,6.315508334915928,9.536832274620343,93.66200103759766,89.2620002746582,88.41149978637695
93.98999786376953,93.98999786376953,96.33999633789062,91.3499984741211,93.01499938964844,91185400,2025-04-22,1,22,4,5.309073281395438,1.0482163957629402,6.109777628959826,8.053350979575544,93.93600006103516,90.87700042724609,88.27349967956543
100.81999969482422,100.81999969482422,103.76000213623047,97.83000183105469,98.86000061035156,112909500,2025-04-23,2,23,4,5.881769810677959,1.9826007205865077,6.078815591115577,7.232578499264585,94.41999969482421,93.2270004272461,88.48949966430663
107.77999877929688,107.77999877929688,108.0,100.91000366210938,101.52999877929688,103190700,2025-04-24,3,24,4,6.578211558908015,6.155816088982802,5.737678616732339,6.144936682096245,97.43399963378906,94.80400009155274,89.26449966430664
112.77999877929688,112.77999877929688,112.87999725341797,106.55000305175781,108.05000305175781,103933800,2025-04-25,4,25,4,5.6126922062196005,4.377598883799488,6.254543352654752,5.9566856787503815,101.23399963378907,97.22300033569336,90.39899978637695
114.6500015258789,114.6500015258789,114.86000061035156,108.87000274658203,113.77999877929688,111082900,2025-04-28,0,28,4,5.224594665546047,0.7646359253963491,5.721268304549412,6.01838831973267,106.00399932861328,99.83300018310547,91.83899993896485
116.08000183105469,116.08000183105469,117.2300033569336,113.23999786376953,113.9800033569336,79709000,2025-04-29,1,29,4,3.4372893092913643,1.8424271032391994,5.3469115101285976,5.728344569544211,110.42200012207032,102.17900009155274,93.42299995422363
118.44000244140625,118.44000244140625,118.77999877929688,110.54000091552734,111.61000061035156,109461700,2025-04-30,2,30,4,6.957107137722292,6.119524947320197,5.561978975537464,5.82039728332652,113.94600067138671,104.18300018310546,95.11100006103516
116.19999694824219,116.19999694824219,120.19000244140625,116.0,120.04000091552734,90677600,2025-05-01,3,1,5,3.6058541750844975,-3.198936969341897,4.967507498772759,5.352593057752549,115.63000030517578,106.53199996948243,96.54850006103516
124.27999877929688,124.27999877929688,124.41999816894531,118.62999725341797,118.66000366210938,103094300,2025-05-02,4,2,5,4.658835671385497,4.736216874887964,4.77673619180594,5.515639772230346,117.93000030517578,109.58199996948242,98.58250007629394
123.7699966430664,123.7699966430664,125.25499725341797,121.36000061035156,123.69999694824219,135961300,2025-05-05,0,5,5,3.146963520003136,0.05658827530408719,4.361209962697357,5.041239133623385,119.75399932861328,112.87899932861328,101.07049980163575
108.86000061035156,108.86000061035156,113.91000366210938,105.31999969482422,112.70999908447266,201193400,2025-05-06,1,6,5,7.8908726062126515,-3.4158446503363376,5.251926622081615,5.299419066105106,118.30999908447265,114.36599960327149,102.62150001525879
110.4800033569336,110.4800033569336,111.8499984741211,107.0,107.97000122070312,95428800,2025-05-07,2,7,5,4.38993331530951,2.324721781839879,4.738491857599059,5.150235416568261,116.71799926757812,115.33199996948242,104.27950019836426
119.1500015258789,119.1500015258789,120.37999725341797,112.06999969482422,112.27999877929688,126966200,2025-05-08,3,8,5,6.974399875931896,6.118634504161377,5.412200997768538,5.189854248270649,117.30800018310546,116.46900024414063,105.63650016784668
117.30000305175781,117.30000305175781,119.16000366210938,114.9000015258789,118.97000122070312,81005300,2025-05-09,4,9,5,3.6317152816703446,-1.403713668832593,5.206776919825508,4.991756555815724,115.91200103759766,116.92100067138672,107.07200050354004
118.45999908447266,118.45999908447266,120.93499755859375,115.01000213623047,120.77999877929688,94257300,2025-05-12,0,12,5,5.001684507981657,-1.920847589230059,5.577721117421212,4.969465540059284,114.85000152587891,117.3020004272461,108.56750030517578
128.10000610351562,128.10000610351562,130.60000610351562,119.30999755859375,119.91999816894531,147155400,2025-05-13,1,13,5,8.813433260728024,6.8212208634678095,5.762233248324286,5.507079935202951,118.69800262451172,118.50400085449219,110.34150047302246
130.17999267578125,130.17999267578125,133.49000549316406,127.55899810791016,129.00999450683594,96611500,2025-05-14,2,14,5,4.556005314906822,0.9069050606643635,5.795447648243749,5.266969752921403,122.63800048828125,119.6779998779297,111.93050003051758
128.1199951171875,128.1199951171875,130.1999969482422,125.73999786376953,128.3699951171875,69503000,2025-05-15,3,15,5,3.481110876091768,-0.1947495594837235,5.096789848275724,5.254495423022131,124.43199920654297,120.86999969482422,113.70099983215331
129.52000427246094,129.52000427246094,130.3300018310547,126.76000213623047,129.22999572753906,57003700,2025-05-16,4,16,5,2.7563307420174987,0.22441271725591633,4.921712940345154,5.064244930085331,126.8759994506836,121.39400024414063,115.48800010681153
126.33000183105469,126.33000183105469,127.7699966430664,124.31999969482422,124.71499633789062,72503900,2025-05-19,0,19,5,2.730940313652479,1.2949569342795988,4.467564101479319,5.022642609450265,128.45,121.65000076293946,117.26450004577637
125.58999633789062,125.58999633789062,128.1999969482422,124.6500015258789,127.22000122070312,61265300,2025-05-20,1,20,5,2.8266546109391393,-1.2812489130421747,3.2702083715215418,4.516220809922914,127.947998046875,123.32300033569337,118.84449996948243
120.58000183105469,120.58000183105469,127.11000061035156,119.41000366210938,125.16000366210938,80657700,2025-05-21,2,21,5,6.385799329337129,-3.6593174313250882,3.6361671744076025,4.715807411325676,126.02799987792969,124.33300018310547,119.83250007629394
122.29000091552734,122.29000091552734,126.33000183105469,121.375,121.94999694824219,75498300,2025-05-22,3,22,5,4.051845444401779,0.27880604821126825,3.7503140880696053,4.4235519681726645,124.86200103759765,124.64700012207031,120.55800018310546
123.30999755859375,123.30999755859375,125.54000091552734,120.68000030517578,120.87999725341797,65905800,2025-05-23,4,23,5,3.9412867622856083,2.010258405351735,3.987305292123227,4.45450911623419,123.61999969482422,125.24799957275391,121.08450012207031
123.38999938964844,123.38999938964844,127.87999725341797,120.87999725341797,126.81999969482422,86455200,2025-05-27,1,27,5,5.673069158461518,-2.7046209694288197,4.575731061085035,4.521647581282176,123.03199920654296,125.74099960327149,121.5215000152588
123.76000213623047,123.76000213623047,125.6500015258789,122.91000366210938,124.2300033569336,64866000,2025-05-28,2,28,5,2.2139607437574558,-0.3783314883705934,4.453192287648697,3.861700329585119,122.66600036621094,125.30699920654297,121.90550003051757
122.31999969482422,122.31999969482422,126.47000122070312,121.52999877929688,125.3499984741211,62929100,2025-05-29,3,29,5,4.038589317961941,-2.4172308066859913,3.9837502853736604,3.8099587298906314,123.01399993896484,124.52099990844727,122.09949989318848
131.77999877929688,131.77999877929688,131.94000244140625,122.75,123.52999877929688,185897600,2025-05-30,4,30,5,6.97374603622324,6.678539691998011,4.568130403737952,4.159222245903779,124.91199951171875,124.8870002746582,122.87849998474121
132.0399932861328,132.0399932861328,134.47999572753906,128.86000061035156,131.43499755859375,93218700,2025-06-02,0,2,6,4.25628249238765,0.4603003300314707,4.631129549758361,4.3092174209407945,126.65799865722656,125.1389991760254,123.26649971008301
133.1699981689453,133.1699981689453,135.27999877929688,130.10000610351562,133.07000732421875,91297700,2025-06-03,1,3,6,3.8897595156603395,0.0751415339468191,4.274467621198125,4.42509934114158,128.61399841308594,125.82299880981445,123.73649978637695
130.00999450683594,130.00999450683594,132.9499969482422,125.58000183105469,132.8000030517578,97306300,2025-06-04,2,4,6,5.6687911918956235,-2.100910000607824,4.965433710825758,4.709312999237229,129.86399688720704,126.26499862670899,124.79399948120117
119.91000366210938,119.91000366210938,132.85000610351562,118.93000030517578,129.27000427246094,131055900,2025-06-05,3,5,6,11.608711010938329,-7.24065931847855,6.479458049421036,5.231604167397348,129.38199768066406,126.19799880981445,125.26549949645997
127.72000122070312,127.72000122070312,128.1300048828125,121.91999816894531,123.7300033569336,87175100,2025-06-06,4,6,6,4.862203769585119,3.2247617841399983,6.057149596093412,5.312639999915683,128.56999816894532,126.74099884033203,125.69399948120117
132.05999755859375,132.05999755859375,132.22999572753906,124.80000305175781,127.07499694824219,74785600,2025-06-09,0,9,6,5.626225059170271,3.922880763382556,6.331138109449936,5.481133829604149,128.5739990234375,127.61599884033203,126.43199920654297
132.80999755859375,132.80999755859375,134.07000732421875,129.41000366210938,131.02000427246094,69308900,2025-06-10,1,10,6,3.5087747517301566,1.3661984641753295,6.2549411566639,5.264704388931013,128.5019989013672,128.55799865722656,127.14949913024903
136.38999938964844,136.38999938964844,140.0,132.99000549316406,133.9199981689453,97366000,2025-06-11,2,11,6,5.139668992012602,1.8443856440224276,6.1491167166872955,5.557275213756528,129.7779998779297,129.82099838256835,127.56399879455566
135.19000244140625,135.19000244140625,137.10000610351562,134.6300048828125,136.39999389648438,56248200,2025-06-12,3,12,6,1.8270590843236856,-0.8870905492828705,4.192786331364367,5.336122190392702,132.83399963378906,131.10799865722657,127.81449928283692
137.39999389648438,137.39999389648438,139.99000549316406,133.35000610351562,133.81500244140625,93519000,2025-06-13,4,13,6,4.8326053017520065,2.6790654184293645,4.186866637797745,5.122008116945578,134.7699981689453,131.6699981689453,128.27849922180175
141.41000366210938,141.41000366210938,144.86000061035156,139.81199645996094,140.02999877929688,80779800,2025-06-16,0,16,6,3.5697645284364214,0.9855066020442832,3.7755745316509746,5.053356320550455,136.63999938964844,132.60699920654298,128.87299919128418
138.1999969482422,138.1999969482422,141.69000244140625,136.0800018310547,141.48500061035156,70479100,2025-06-17,1,17,6,4.059334829401324,-2.3218034759431823,3.8856865471852076,5.0703138519245545,137.71799926757814,133.10999908447266,129.46649894714355
139.9600067138672,139.9600067138672,140.36000061035156,137.49000549316406,139.0399932861328,58260200,2025-06-18,2,18,6,2.0505822945942613,0.6616897814724886,3.2678692077015397,4.708492962194418,138.43200073242187,134.1050003051758,130.18499946594238
137.3000030517578,137.3000030517578,142.24000549316406,136.74200439453125,140.69000244140625,87067000,2025-06-20,4,20,6,4.004370703881366,-2.4095524421220227,3.7033315316130753,3.9480589314887213,138.8540008544922,135.84400024414063,131.02099952697753
139.9199981689453,139.9199981689453,142.14999389648438,135.9600067138672,138.89999389648438,70501100,2025-06-23,0,23,6,4.423947443983765,0.7343443608939959,3.6215999600594273,3.904233298928586,139.35800170898438,137.06399993896486,131.90249938964843
143.22999572753906,143.22999572753906,143.66000366210938,137.8000030517578,140.97999572753906,58574200,2025-06-24,1,24,6,4.0913221986676716,1.5959711080913905,3.725911494105678,3.7507430128783255,139.7220001220703,138.18099975585938,132.89849929809571
142.89999389648438,142.89999389648438,147.6699981689453,141.52999877929688,144.49000549316406,61435300,2025-06-25,2,25,6,4.296710743106263,-1.1004301586485248,3.7733866768466653,3.829536612015937,140.66199951171876,139.18999938964845,133.8739990234375
144.25,144.25,148.21499633789062,142.91000366210938,144.85000610351562,69440500,2025-06-26,3,26,6,3.6776379034878683,-0.4142258047865297,4.0987977986253865,3.683333503163463,141.5199981689453,139.9759994506836,134.89849891662598
130.74000549316406,130.74000549316406,144.97000122070312,130.5399932861328,144.8699951171875,202598600,2025-06-27,4,27,6,11.037178620376306,-9.75356533462535,5.505359381924374,4.604345456768725,140.20799865722657,139.53099975585937,135.31949920654296
136.32000732421875,136.32000732421875,138.875,134.8000030517578,137.7899932861328,97305600,2025-06-30,0,30,6,2.989287506822353,-1.0668307087159152,5.2184273944920925,4.42001367727576,139.48800048828124,139.42300109863282,135.54649963378907
130.67999267578125,130.67999267578125,136.32000732421875,128.50999450683594,135.27000427246094,91479700,2025-07-01,1,1,7,5.976441119613126,-3.3932220386675547,5.595451178681183,4.660681336393431,136.97799987792968,138.35,135.47849960327147
132.1199951171875,132.1199951171875,133.60000610351562,130.19000244140625,131.47000122070312,59732000,2025-07-02,2,2,7,2.5809898487240917,0.49440472385271245,5.252306999804749,4.512846838325707,134.8220001220703,137.74199981689452,135.4259994506836
134.36000061035156,134.36000061035156,135.6199951171875,132.50999450683594,134.36000061035156,41812500,2025-07-03,3,3,7,2.3146774309496077,0.0,4.979714905297096,4.539256351961241,132.84400024414063,137.18199920654297,135.64349975585938
139.1199951171875,139.1199951171875,139.2899932861328,132.32000732421875,134.3800048828125,71959700,2025-07-07,0,7,7,5.010053339955127,3.5273032163591287,3.774289849212861,4.639824615568617,134.5199981689453,137.36399841308594,136.60399932861327
139.7100067138672,139.7100067138672,139.85499572753906,135.7899932861328,138.77499389648438,59834800,2025-07-08,1,8,7,2.909600061598716,0.6737617427533531,3.7583523601681335,4.488389877330112,135.197998046875,137.34299926757814,137.2034996032715
143.1300048828125,143.1300048828125,143.1699981689453,137.38999938964844,139.65499877929688,68494800,2025-07-09,2,9,7,4.0382858814469,2.4882790690559773,3.3707213125348887,4.483086245608036,137.68800048828126,137.33300018310547,137.75699996948242
142.5,142.5,145.16000366210938,139.52999877929688,143.30999755859375,64383900,2025-07-10,3,10,7,3.9508806195175437,-0.5652065957663381,3.6446994666935786,4.448503233249164,139.76400146484374,137.29300079345703,138.24150009155272
142.10000610351562,142.10000610351562,144.5800018310547,141.47000122070312,142.11000061035156,52134800,2025-07-11,4,11,7,2.188599913279398,-0.007032937015700414,3.6194839631595372,4.299599434228317,141.31200256347657,137.0780014038086,138.5270004272461
149.14999389648438,149.14999389648438,149.5749969482422,142.22000122070312,142.72000122070312,81774400,2025-07-14,0,14,7,4.931274574938101,4.505319941693293,3.603728210156132,3.689009029684496,143.31800231933593,138.91900024414062,139.225
148.5800018310547,148.5800018310547,150.6199951171875,147.36000061035156,148.92999267578125,59126200,2025-07-15,1,15,7,2.194100462148848,-0.23500360030802409,3.4606282902661576,3.609490325217146,145.09200134277344,140.1449996948242,139.78400039672852
150.91000366210938,150.91000366210938,151.50999450683594,147.6739959716797,149.3000030517578,57550300,2025-07-16,2,16,7,2.541911365760172,1.0783660933974824,3.1613533871288126,3.2660373498318505,146.64800109863282,142.16800079345703,140.2590003967285
153.99000549316406,153.99000549316406,155.67999267578125,150.82000732421875,151.55999755859375,60165500,2025-07-17,3,17,7,3.1560394689240043,1.603330676771,3.0023851570101043,3.323542311851842,148.9460021972656,144.3550018310547,141.04850082397462
153.52000427246094,153.52000427246094,154.9199981689453,151.89999389648438,154.86000061035156,45771600,2025-07-18,4,18,7,1.9671731295038002,-0.8652953200369893,2.958099800254985,3.288791881707261,151.2300018310547,146.27100219726563,141.72650070190429
151.7899932861328,151.7899932861328,155.44000244140625,151.36000061035156,153.8800048828125,45072800,2025-07-21,0,21,7,2.6879254308705653,-1.3582086888230465,2.5094299714414783,3.0565790907988046,151.75800170898438,147.53800201416016,142.45100021362305
149.07000732421875,149.07000732421875,151.7899932861328,145.06199645996094,150.85000610351562,49880800,2025-07-22,1,22,7,4.513313541025638,-1.1799792557352713,2.9732725872168357,3.2169504387414976,151.8560028076172,148.4740020751953,142.90850067138672
154.6300048828125,154.6300048828125,155.0,148.28700256347656,149.74000549316406,48062000,2025-07-23,2,23,7,4.34132912406679,3.2656599507548942,3.3331561388781594,3.247254763003486,152.60000305175782,149.6240020751953,143.4785011291504
154.86000061035156,154.86000061035156,155.6300048828125,152.5749969482422,153.97999572753906,38925700,2025-07-24,3,24,7,1.972754696196289,0.5715059794972527,3.0964991843326164,3.0494421706713606,152.7740020751953,150.86000213623046,144.07650146484374
158.8000030517578,158.8000030517578,160.38999938964844,155.5800018310547,155.6300048828125,57972300,2025-07-25,4,25,7,3.028965658789077,2.036881108711834,3.3088576901896714,3.133478745222328,153.8300018310547,152.53000183105468,144.80400161743165
157.8800048828125,157.8800048828125,160.27999877929688,153.0399932861328,159.8800048828125,63886900,2025-07-28,0,28,7,4.5857646752278765,-1.250938165448483,3.6884255390611345,3.0989277552513057,155.04800415039062,153.4030029296875,146.16100158691407
156.24000549316406,156.24000549316406,160.13999938964844,154.91000366210938,158.71499633789062,42427200,2025-07-29,1,29,7,3.3474113822710336,-1.5593931902046099,3.4552451073102133,3.2142588472635247,156.48200378417968,154.16900329589845,147.15700149536133
158.61000061035156,158.61000061035156,159.3800048828125,156.55999755859375,157.36500549316406,40261700,2025-07-30,2,30,7,1.7779505159617939,0.7911511922779951,2.942569385689214,3.1378627622836865,157.2780029296875,154.93900299072266,148.55350189208986
158.35000610351562,158.35000610351562,160.88999938964844,156.72999572753906,159.99000549316406,45342600,2025-07-31,3,31,7,2.627094096472546,-1.0250636498156194,3.0734372657444653,3.0849682250385406,157.97600402832032,155.3750030517578,149.86500244140626
154.27000427246094,154.27000427246094,158.19000244140625,151.05799865722656,155.0500030517578,61287000,2025-08-01,4,1,8,4.623065785091727,-0.5030627306963037,3.392257291004996,3.350557490597333,157.07000427246095,155.45000305175782,150.86050262451172
160.66000366210938,160.66000366210938,161.39999389648438,157.92999267578125,158.52999877929688,82993600,2025-08-04,0,4,8,2.159841367862176,1.3435973627791806,2.907072629531855,3.2977490842964947,157.62600402832032,156.33700408935547,151.9375030517578
173.27000427246094,173.27000427246094,176.3300018310547,169.22000122070312,171.80999755859375,130917500,2025-08-05,1,5,8,4.103422655413189,0.8497798350583584,3.0582748841602863,3.25675999573525,161.0320037841797,158.7570037841797,153.6155029296875
179.5399932861328,179.5399932861328,180.58099365234375,171.00999450683594,171.1750030517578,82924800,2025-08-06,2,6,8,5.3308452174522,4.886805950192211,3.7688538244583674,3.355711605073791,165.21800231933594,161.2480026245117,155.4360023498535
182.1999969482422,182.1999969482422,184.47999572753906,178.1699981689453,181.00999450683594,77829200,2025-08-07,3,7,8,3.4632259408798127,0.6574236105848337,3.9360801933398206,3.504758729542143,169.98800048828124,163.98200225830078,157.42100219726564
186.9600067138672,186.9600067138672,187.99000549316406,184.41000366210938,184.73500061035156,62657900,2025-08-08,4,8,8,1.914849006468907,1.2044312643323463,3.394436837615257,3.393347064310126,176.5260009765625,166.79800262451172,159.66400222778321
182.67999267578125,182.67999267578125,187.17999267578125,181.9199981689453,186.47000122070312,56125600,2025-08-11,0,11,8,2.8793489805812107,-2.0325030943910796,3.538338360159064,3.222705494845459,180.92999877929688,169.2780014038086,161.34050216674805
186.97000122070312,186.97000122070312,190.0,182.10000610351562,184.6999969482422,54819000,2025-08-12,1,12,8,4.22527349034943,1.229022365981442,3.562708527146312,3.310491705653299,183.6699981689453,172.3510009765625,163.26000213623047
184.3699951171875,184.3699951171875,189.4600067138672,183.58999633789062,189.0,53610000,2025-08-13,2,13,8,3.183820866429769,-2.449738033234127,3.133303656941826,3.4510787407000967,184.63599853515626,174.9270004272461,164.93300170898436
181.02000427246094,181.02000427246094,185.3300018310547,179.1999969482422,182.41000366210938,53472900,2025-08-14,3,14,8,3.3863687648498604,-0.7620192762142746,3.1179322217358356,3.5270062075378283,184.4,177.19400024414062,166.2845016479492
177.1699981689453,177.1699981689453,180.0,173.3800048828125,179.72500610351562,60288700,2025-08-15,4,15,8,3.7365215248660903,-1.421620724886059,3.482266725415272,3.4383517815152644,182.44199829101564,179.48399963378907,167.46700134277344
174.02999877929688,174.02999877929688,177.89999389648438,171.38999938964844,175.27000427246094,62656600,2025-08-18,0,18,8,3.7407312259375742,-0.707483005042008,3.6545431744865455,3.596440767322804,180.71199951171874,180.8209991455078,168.57900161743163
157.75,157.75,172.3000030517578,156.89999389648438,171.36000061035156,137922700,2025-08-19,1,19,8,9.762287895577456,-7.942343932000083,4.7619460555321504,4.162327291339231,174.8679992675781,179.2689987182617,169.01300125122071
156.00999450683594,156.00999450683594,156.4600067138672,142.33999633789062,152.3000030517578,220336400,2025-08-20,2,20,8,9.050708847603902,2.435975955835876,5.935323651766977,4.534313654354401,169.1959991455078,176.91599884033204,169.08200073242188
156.17999267578125,156.17999267578125,157.97000122070312,153.80999755859375,157.1699981689453,94678600,2025-08-21,3,21,8,2.6635957595063102,-0.629894702995342,5.790769050698266,4.454350636217051,164.22799682617188,174.31399841308593,169.14800033569335
158.74000549316406,158.74000549316406,163.1999969482422,151.77000427246094,155.31500244140625,102099200,2025-08-22,4,22,8,7.200448708736795,2.205197822438255,6.483554487472408,4.9829106064438395,160.54199829101563,171.49199829101562,169.14500045776367
157.1699981689453,157.1699981689453,158.58999633789062,149.3699951171875,156.10000610351562,86879800,2025-08-25,0,25,8,5.866260309294114,0.6854529299122106,6.908660304143716,5.28160173931513,157.1699981689453,168.94099884033204,169.1095001220703
160.8699951171875,160.8699951171875,162.1300048828125,154.57000732421875,155.38999938964844,86573700,2025-08-26,1,26,8,4.699445383265281,3.5266077283375816,5.896091801681281,5.329018928606715,157.79399719238282,166.33099822998048,169.34099960327148
156.72000122070312,156.72000122070312,162.39999389648438,155.97999572753906,162.32000732421875,76380600,2025-08-27,2,27,8,4.096476594524946,-3.449978961823324,4.9052453510654885,5.420284501416233,157.93599853515624,163.56599884033204,169.24649963378906
158.1199951171875,158.1199951171875,158.22999572753906,152.5500030517578,157.6300048828125,57885200,2025-08-28,3,28,8,3.5922039281443414,0.3108483278543799,5.090966984793096,5.440868017745681,158.3239990234375,161.2759979248047,169.23499908447266
156.7100067138672,156.7100067138672,158.4199981689453,153.0,156.97999572753906,45270500,2025-08-29,4,29,8,3.458616512499772,-0.17198943879478698,4.342600545545691,5.413077516509049,157.91799926757812,159.22999877929686,169.35699920654298
157.08999633789062,157.08999633789062,158.38999938964844,150.27999877929688,151.1999969482422,65435000,2025-09-02,1,2,9,5.162646126050869,3.895502320456173,4.201877708897042,5.555269006520379,157.9019989013672,157.53599853515624,169.17849884033203
154.89999389648438,154.89999389648438,161.14999389648438,152.7100067138672,158.0,66052300,2025-09-03,2,3,9,5.448668505602015,-1.962029179440269,4.351722333364388,5.123907067522834,156.70799865722657,157.2509979248047,168.2599983215332
156.13999938964844,156.13999938964844,157.0399932861328,153.16000366210938,154.86500549316406,53292300,2025-09-04,3,4,9,2.4849427687910364,0.823293740522067,4.0294155682176065,4.467330459641548,156.5919982910156,157.26399841308594,167.089998626709
153.11000061035156,153.11000061035156,158.97000122070312,148.0399932861328,157.82000732421875,81855900,2025-09-05,4,5,9,7.138663634641347,-2.98441673760105,4.738707509517008,4.914837247155051,155.58999938964843,156.95699920654297,165.63549880981446
156.10000610351562,156.10000610351562,158.3000030517578,154.83999633789062,154.91000366210938,47643000,2025-09-08,0,8,9,2.2165320810895617,0.768189537973216,4.490290623234966,4.4164455843903285,155.46799926757814,156.69299926757813,164.09249877929688
162.36000061035156,162.36000061035156,162.75,156.3699951171875,157.25,61359500,2025-09-09,1,9,9,3.929542288019511,3.249602931861089,4.243669855628694,4.222773782262868,156.52200012207032,157.21199951171874,163.07649917602538
166.74000549316406,166.74000549316406,169.0,163.44000244140625,166.0,62211400,2025-09-10,2,10,9,3.334531231511622,0.4457864416650979,3.8208424008106157,4.0862823670875015,158.89000244140624,157.79900054931642,162.06499938964845
164.36000061035156,164.36000061035156,167.45799255371094,163.22000122070312,167.24000549316406,42025500,2025-09-11,3,11,9,2.5784809669445203,-1.722078921439775,3.8395500404413125,3.93448280432946,160.53400268554688,158.56300048828126,161.06449966430665
171.42999267578125,171.42999267578125,171.52999877929688,164.00999450683594,165.35000610351562,54498500,2025-09-12,4,12,9,4.38663279107946,3.677040428083996,3.2891438717289345,4.013925690622971,164.1980010986328,159.8940002441406,160.58499908447266
171.2100067138672,171.2100067138672,171.8000030517578,167.41000366210938,169.60000610351562,45396100,2025-09-15,0,15,9,2.5641021070603514,0.949292778544416,3.3586578769230933,3.9244742500790295,167.22000122070312,161.34400024414063,160.28699951171876
170.25999450683594,170.25999450683594,171.30999755859375,168.9600067138672,171.0399932861328,34598700,2025-09-16,1,16,9,1.380236650149904,-0.4560329805392444,2.8487967493491717,3.5462333024889325,168.8,162.66100006103517,160.0984992980957
168.3300018310547,168.3300018310547,169.67999267578125,161.27000427246094,169.02000427246094,69255500,2025-09-17,2,17,9,4.996131593796953,-0.4082371458788767,3.1811168218062376,3.500979611308426,169.1179992675781,164.00400085449218,160.62749938964845
176.97000122070312,176.97000122070312,178.8000030517578,169.38999938964844,170.27000427246094,70768600,2025-09-18,3,18,9,5.3172874482686785,3.9349249897950633,3.7288781180710693,3.7842140792561905,171.63999938964844,166.08700103759764,161.6754997253418
182.38999938964844,182.38999938964844,184.4199981689453,176.7100067138672,177.07000732421875,109129900,2025-09-19,4,19,9,4.227200768067828,3.004456907085724,3.696991713468743,3.493067792598839,173.83200073242188,169.01500091552734,162.98600006103516
179.3300018310547,179.3300018310547,182.25,178.2899932861328,180.8800048828125,45916700,2025-09-22,0,22,9,2.2082232049480917,-0.8569233800950081,3.625815933046291,3.492236904984692,175.45599975585938,171.33800048828124,164.0154998779297
182.5500030517578,182.5500030517578,185.75,177.00999450683594,182.50999450683594,62354800,2025-09-23,1,23,9,4.787732318298586,0.021921289861403438,4.307315066676027,3.5780559080125998,177.91400146484375,173.35700073242188,165.2845001220703
179.55999755859375,179.55999755859375,184.85000610351562,177.1199951171875,183.91000366210938,45379700,2025-09-24,2,24,9,4.304973875824252,-2.3652906404741962,4.169083523081487,3.6751001724438623,180.16000061035157,174.63899993896484,166.21900024414063
179.1199951171875,179.1199951171875,184.32000732421875,174.2899932861328,175.8000030517578,72321200,2025-09-25,3,25,9,5.599606024734368,1.8885051238891268,4.2255472383746255,3.977212678222847,180.58999938964843,176.11499938964843,167.33899993896483
177.57000732421875,177.57000732421875,180.1199951171875,174.91000366210938,179.0500030517578,44275800,2025-09-26,4,26,9,2.934049242654694,-0.8265823525907686,3.966916933291998,3.8319543233803706,179.6260009765625,176.7290008544922,168.3115005493164
178.86000061035156,178.86000061035156,181.47999572753906,177.16000366210938,179.63999938964844,38413800,2025-09-29,0,29,9,2.4152924358089636,-0.4342010587547473,4.008330779464172,3.817073356255232,179.53200073242186,177.49400024414064,169.41900024414062
182.4199981689453,182.4199981689453,182.77000427246094,178.22000122070312,178.97999572753906,43561700,2025-09-30,1,30,9,2.494245750152843,1.9220038683222227,3.5496334658350244,3.928474266255526,179.50599975585936,178.71000061035156,170.68550033569335
184.9499969482422,184.9499969482422,186.27999877929688,179.5,181.32000732421875,45717300,2025-10-01,2,1,10,3.6658550371288956,2.001979636771492,3.421809698095953,3.79544661058872,180.58399963378906,180.37200012207032,172.18800048828126
187.0500030517578,187.0500030517578,188.1999969482422,182.9499969482422,186.6999969482422,39849200,2025-10-02,3,2,10,2.806736121007865,0.1874697960561056,2.863235717350652,3.5443914778626384,182.1700012207031,181.38000030517577,173.7335006713867
173.07000732421875,173.07000732421875,186.83999633789062,170.77000427246094,186.39999389648438,105533400,2025-10-03,4,3,10,9.28525532175263,-7.151280584090747,4.133476933170239,4.050196933231119,181.27000122070314,180.4480010986328,174.73150100708008
179.52999877929688,179.52999877929688,182.9499969482422,177.8300018310547,179.17999267578125,52504200,2025-10-06,0,6,10,2.851888348465766,0.19533771504776568,4.220796115701599,4.114563447582887,181.40400085449218,180.46800079345704,175.90300064086915
182.1699981689453,182.1699981689453,186.17999267578125,179.4199981689453,180.30999755859375,58179300,2025-10-07,1,7,10,3.710816586036679,1.0315571158205659,4.464110282878368,4.006871874356696,181.3540008544922,180.43000030517578,176.89350051879882
183.55999755859375,183.55999755859375,184.25999450683594,181.1999969482422,182.8000030517578,36299700,2025-10-08,2,8,10,1.6670285461389676,0.41575191145962587,4.064344984680381,3.7430773413881675,181.0760009765625,180.8300003051758,177.7345001220703
185.47000122070312,185.47000122070312,187.6199951171875,179.9499969482422,183.5800018310547,45050300,2025-10-09,3,9,10,4.135438679281762,1.0295235705399814,4.330085496335161,3.5966606068429066,180.76000061035157,181.46500091552736,178.79000015258788
175.44000244140625,175.44000244140625,187.10000610351562,173.52999877929688,185.1699981689453,55194000,2025-10-10,4,10,10,7.734842188428995,-5.254628624374459,4.020002869670433,4.0767399014203365,181.23399963378907,181.2520004272461,178.99050064086913
177.2100067138672,177.2100067138672,179.22000122070312,173.4499969482422,178.67999267578125,41332400,2025-10-13,0,13,10,3.25602621401482,-0.8226919756938786,4.100830442780245,4.160813279240922,180.77000122070314,181.08700103759764,179.29050064086914
179.74000549316406,179.74000549316406,182.33999633789062,170.82000732421875,176.0,49261400,2025-10-14,1,14,10,6.409251508624221,2.125003121115945,4.640517427297754,4.552313855088061,180.28400268554688,180.81900177001953,179.76450119018554
179.6199951171875,179.6199951171875,184.35000610351562,176.02000427246094,181.65499877929688,37372100,2025-10-15,2,15,10,4.637569345005291,-1.120257452745255,5.234625587071017,4.6494852858757,179.49600219726562,180.28600158691407,180.3290008544922
178.1199951171875,178.1199951171875,184.82000732421875,176.4499969482422,181.77999877929688,42870900,2025-10-16,3,16,10,4.699085226490054,-2.0134248468958713,5.347354896512677,4.838720196423918,178.0260009765625,179.39300079345702,180.3865005493164
178.14999389648438,178.14999389648438,181.58999633789062,173.9499969482422,177.75,43421500,2025-10-17,4,17,10,4.288520713667678,0.2250317279799578,4.658090601560413,4.339046735615423,178.56799926757813,179.9009994506836,180.17450027465821
181.58999633789062,181.58999633789062,183.08999633789062,177.44000244140625,179.49000549316406,31975800,2025-10-20,0,20,10,3.111401514635884,1.1699764780532815,4.629165661684626,4.364998052232435,179.44399719238282,180.10699920654298,180.2875
181.50999450683594,181.50999450683594,182.38900756835938,178.64999389648438,182.05999755859375,27528100,2025-10-21,1,21,10,2.0599491956538976,-0.30209988967005275,3.759305199090561,4.199911313194157,179.7979949951172,180.04099884033204,180.2354995727539
175.49000549316406,175.49000549316406,182.2100067138672,169.4199981689453,181.92999267578125,58263100,2025-10-22,2,22,10,7.28816920882716,-3.5398161061293147,4.289425171854934,4.762025379462976,178.9719970703125,179.23399963378907,180.03199996948243
180.47999572753906,180.47999572753906,181.55999755859375,175.00999450683594,175.44500732421875,35812300,2025-10-23,3,23,10,3.629212769733217,2.8698385209764097,4.075450680503566,4.7114027885081216,179.44399719238282,178.73499908447266,180.1
184.6300048828125,184.6300048828125,186.1699981689453,182.85000610351562,182.8800048828125,34813500,2025-10-24,4,24,10,1.7981866314399642,0.9569116104963912,3.5773838640580244,4.117737232809219,180.73999938964843,179.65399932861328,180.4529998779297
189.17999267578125,189.17999267578125,192.8300018310547,187.52000427246094,188.97000122070312,47153100,2025-10-27,0,27,10,2.806849436607222,0.11112422803705778,3.5164734484522926,4.072819555068459,182.25799865722655,180.8509979248047,180.96899948120117
189.60000610351562,189.60000610351562,191.77999877929688,186.77999877929688,189.47999572753906,38201000,2025-10-28,1,28,10,2.6371307167944695,0.06333669974804637,3.6319097526804063,3.6956074758854833,183.8760009765625,181.83699798583984,181.3279998779297
198.80999755859375,198.80999755859375,199.85000610351562,190.49000549316406,191.0800018310547,65537300,2025-10-29,2,29,10,4.7080130402360485,4.045423724861389,3.1158785189621843,3.702651845408559,188.53999938964844,183.75599822998046,182.02099990844727
194.5500030517578,194.5500030517578,199.6699981689453,194.1199951171875,198.4250030517578,43541700,2025-10-30,3,30,10,2.85273860945728,-1.952878891471773,2.960583686906997,3.5180171837052816,191.3540008544922,185.3989990234375,182.39599990844727
200.47000122070312,200.47000122070312,204.17999267578125,197.9199981689453,199.1999969482422,52697600,2025-10-31,4,31,10,3.122658985742276,0.6375523553802667,3.2254781577674594,3.4014310109127424,194.52200012207032,187.63099975585936,183.7659996032715
207.17999267578125,207.17999267578125,207.52000427246094,201.82000732421875,205.0449981689453,81016800,2025-11-03,0,3,11,2.751229438048195,1.041232181180457,3.2143541580556536,3.365413803253973,198.12200012207032,190.18999938964845,185.14849929809571
190.74000549316406,190.74000549316406,195.6999969482422,185.55999755859375,192.07000732421875,121380900,2025-11-04,1,4,11,5.31613667695519,-0.6924568023833167,3.7501553500877973,3.6910325513841022,198.35,191.11300048828124,185.57699966430664
187.89999389648438,187.89999389648438,190.32000732421875,181.2100067138672,189.0,76121000,2025-11-05,2,5,11,4.848324058685353,-0.5820138113839286,3.778217553777659,3.447048036369922,196.16799926757812,192.35399932861327,185.79399948120118
175.0500030517578,175.0500030517578,191.08999633789062,174.52999877929688,187.99000549316406,78468600,2025-11-06,3,6,11,9.460152682029593,-6.883345956323615,5.099700368292122,4.030142027599559,192.26799926757812,191.81100006103514,185.27299957275392
177.92999267578125,177.92999267578125,178.6999969482422,168.91000366210938,173.14999389648438,73989700,2025-11-07,4,7,11,5.502160225438691,2.7606115782796614,5.575600616231404,4.400539386999432,187.75999755859374,191.14099884033203,185.39749908447266
193.61000061035156,193.61000061035156,194.92999267578125,183.52000427246094,184.30999755859375,87764200,2025-11-10,0,10,11,5.893284627524693,5.045848393981591,6.204011654126704,4.709182906091179,185.0459991455078,191.58399963378906,186.21749877929688
190.9600067138672,190.9600067138672,192.9250030517578,187.1300048828125,190.3350067138672,49819700,2025-11-11,1,11,11,3.034665880394782,0.3283683914959321,5.747717494814622,4.74893642245121,185.08999938964843,191.71999969482422,186.77849884033202
184.1699981689453,184.1699981689453,190.5800018310547,180.39999389648438,190.5800018310547,55347100,2025-11-12,2,12,11,5.527506127915498,-3.3634188270140295,5.883553908660652,4.830885731219155,184.34400024414063,190.25599975585936,187.00599899291993
172.13999938964844,172.13999938964844,182.6999969482422,170.7310028076172,181.71499633789062,63188800,2025-11-13,3,13,11,6.953058082411466,-5.2692387206380715,5.382134988737025,5.240917678514574,183.76199951171876,188.01499938964844,186.70699920654297
174.00999450683594,174.00999450683594,177.2899932861328,164.5,166.97500610351562,62596800,2025-11-14,4,14,11,7.350148663805838,4.213198470529771,5.751732676410455,5.66366664632093,182.97799987792968,185.3689987182617,186.49999923706054
171.25,171.25,174.24000549316406,167.67999267578125,170.52999877929688,50339000,2025-11-17,0,17,11,3.830664418909672,0.4222138191855405,5.33920863468745,5.771610144407077,178.50599975585936,181.7759994506836,185.982999420166
167.3300018310547,167.3300018310547,172.8300018310547,165.5,168.3699951171875,53710100,2025-11-18,1,18,11,4.3805663962494,-0.6176832667892904,5.608388737858375,5.678053116336498,173.77999877929688,179.43499908447265,185.27399978637695
165.4199981689453,165.4199981689453,169.60000610351562,162.4199981689453,167.8000030517578,46108200,2025-11-19,2,19,11,4.340471535513674,-1.418358068848419,5.3709818193780094,5.6272678640193305,170.02999877929688,177.18699951171874,184.770499420166
155.7449951171875,155.7449951171875,174.57000732421875,154.39500427246094,172.07000732421875,78443900,2025-11-20,3,20,11,12.9538692633927,-9.487424601703678,6.571144055574257,5.976639522155642,166.7509979248047,175.25649871826172,183.53374938964845
154.85000610351562,154.85000610351562,158.11000061035156,147.55999755859375,156.00999450683594,71346400,2025-11-21,4,21,11,6.81304658438647,-0.7435346735234228,6.463723639690383,6.107728158050419,162.91900024414062,172.94850006103516,182.04474945068358
162.25,162.25,165.1699981689453,157.0,157.47000122070312,57877800,2025-11-24,0,24,11,5.035438008594953,3.035498026444692,6.704678357627439,6.021943496157445,161.11900024414064,169.8125,180.69824981689453
163.5500030517578,163.5500030517578,164.64999389648438,156.55499267578125,160.07000732421875,36523500,2025-11-25,1,25,11,4.949557364509093,2.1740460850297816,6.818476551279379,6.2134326445688774,160.36300048828124,167.07149963378907,179.39574966430663
165.77000427246094,165.77000427246094,168.33900451660156,163.8800048828125,166.85000610351562,34610500,2025-11-26,2,26,11,2.6898712184746127,-0.6472890569657169,6.488356487871566,5.929669153624788,160.43300170898436,165.23150024414062,177.74375
168.4499969482422,168.4499969482422,168.8000030517578,165.875,167.75999450683594,17199500,2025-11-28,4,28,11,1.7364221458885192,0.4113033285645068,4.244867064370729,5.4080055599724925,162.9740020751953,164.8625,176.43874969482422
167.49000549316406,167.49000549316406,169.10000610351562,163.1199951171875,165.0,27779600,2025-12-01,0,1,12,3.570368851992302,1.50909423828125,3.596331517891896,5.03002757879114,165.502001953125,164.21050109863282,174.78974990844728
170.69000244140625,170.69000244140625,175.75,169.58999633789062,169.58999633789062,35368000,2025-12-02,1,2,12,3.608883692074441,0.6486267629394695,3.311020654587794,5.0078495061076165,167.19000244140625,164.15450134277344,172.96525039672852
176.0800018310547,176.0800018310547,177.91000366210938,168.8300018310547,170.13999938964844,30541600,2025-12-03,2,3,12,5.156747919486491,3.4912439536353075,3.352458765583273,5.085467658431325,169.6960021972656,165.02950134277344,172.23225021362305
177.9199981689453,177.9199981689453,178.44000244140625,174.42999267578125,176.36500549316406,29217800,2025-12-04,3,4,12,2.2538274544142385,0.8816900333674879,3.2652500127711983,4.876803250321382,172.1260009765625,166.27950134277344,171.7332504272461
181.75999450683594,181.75999450683594,182.1529998779297,177.16000366210938,178.22999572753906,32079300,2025-12-05,4,5,12,2.747027050351571,1.9805862446931766,3.4673709936638084,3.856119029017269,174.78800048828126,168.8810012817383,172.06875
181.49000549316406,181.49000549316406,183.8800048828125,179.5399932861328,182.2100067138672,30456700,2025-12-08,0,8,12,2.391322643297378,-0.39514911046228995,3.2315617519248234,3.41394663490836,177.58800048828124,171.5450012207031,172.24675064086915
181.83999633789062,181.83999633789062,182.85000610351562,180.3800048828125,180.97000122070312,18937600,2025-12-09,1,9,12,1.358337698222029,0.48073996315361234,2.7814525531543417,3.0462366038710678,179.81799926757813,173.50400085449218,171.6582504272461
187.91000366210938,187.91000366210938,190.38999938964844,182.75,184.9499969482422,59398000,2025-12-10,2,10,12,4.065775765395818,1.600436205844079,2.563258122336207,2.95785844395974,182.18399963378906,175.94000091552735,171.5057502746582
187.5399932861328,187.5399932861328,188.0500030517578,180.2100067138672,184.8000030517578,36843200,2025-12-11,3,11,12,4.1804397027619675,1.4826786737701503,2.9485805720057527,3.1069152923884755,184.10799865722657,178.11699981689452,171.67425003051758
183.57000732421875,183.57000732421875,186.52499389648438,177.66700744628906,185.80999755859375,42427400,2025-12-12,4,12,12,4.825399627810911,-1.205527293367859,3.3642550874976207,3.4158130405807148,184.47000122070312,179.62900085449218,172.2457504272461
183.25,183.25,187.77999877929688,180.02999877929688,185.0800018310547,32796100,2025-12-15,0,15,12,4.229195088676671,-0.9887625961475598,3.731829576573479,3.481695664249152,184.8220001220703,181.2050003051758,172.7077507019043
187.75,187.75,188.5,181.14199829101562,181.65499877929688,42070300,2025-12-16,1,16,12,3.9190421885402795,3.355262041595835,4.24397047463713,3.5127115138957357,186.00400085449218,182.91100006103517,173.5327507019043
177.2899932861328,177.2899932861328,187.75,176.5,187.71499633789062,50424700,2025-12-17,2,17,12,6.345535803503213,-5.5536335695804535,4.699922482258609,3.6315903022974076,183.87999877929687,183.03199920654296,174.0307502746582
185.69000244140625,185.69000244140625,187.3300018310547,181.50999450683594,181.50999450683594,40221500,2025-12-18,3,18,12,3.134259921212091,2.302907862416847,4.490686525948634,3.7196335489771934,183.51000061035157,183.80899963378906,175.04425048828125
193.3800048828125,193.3800048828125,195.0,186.72999572753906,186.74000549316406,76929400,2025-12-19,4,19,12,4.276556036634981,3.5557455255036423,4.3809178077134465,3.8725864476055336,185.4720001220703,184.97100067138672,176.9260009765625
193.97999572753906,193.97999572753906,198.8800048828125,192.42999267578125,195.0399932861328,36686000,2025-12-22,0,22,12,3.3250914264844225,-0.5434770278312531,4.200097075274997,3.965963325924238,187.6179992675781,186.21999969482422,178.88250045776368
194.1300048828125,194.1300048828125,195.3699951171875,191.73500061035156,192.8249969482422,24041000,2025-12-23,1,23,12,1.872453724518381,0.6767835888624963,3.7907793824706175,4.017374928553874,188.8940002441406,187.4490005493164,180.47650070190429
194.1699981689453,194.1699981689453,195.1699981689453,192.8300018310547,193.16000366210938,11710100,2025-12-24,2,24,12,1.205127651005393,0.522879730631347,2.762697751971053,3.7313101171148313,192.27000122070314,188.075,182.00750045776368
188.7100067138672,188.7100067138672,196.35000610351562,188.6199951171875,195.01499938964844,26262000,2025-12-26,4,26,12,4.096237990203035,-3.2330808889133706,2.9550933657692426,3.722889945858938,192.8740020751953,188.19200134277344,183.15450057983398
184.17999267578125,184.17999267578125,187.1999969482422,183.63999938964844,186.85000610351562,28242000,2025-12-29,0,29,12,1.9328904876549449,-1.4289608458750476,2.4863602559732354,3.4336390318433407,191.03399963378905,188.25299987792968,183.94100036621094
180.83999633789062,180.83999633789062,184.72900390625,180.6999969482422,184.35000610351562,23336300,2025-12-30,1,30,12,2.2279401900007847,-1.9039922155760984,2.266930008676508,3.2335135419757526,188.40599975585937,188.01199951171876,184.60849990844727
177.75,177.75,181.52999877929688,177.25,181.1300048828125,22997400,2025-12-31,2,31,12,2.4078755439082276,-1.8660656940849174,2.374014372554477,3.082396877512547,185.12999877929687,187.01199951171876,184.96149978637695
167.86000061035156,167.86000061035156,181.35000610351562,166.35000610351562,181.3000030517578,60634100,2026-01-02,4,2,1,8.936018077838003,-7.413128634956159,3.9201924579209986,3.3414451049460268,179.8679992675781,186.06900024414062,184.5504997253418
174.0399932861328,174.0399932861328,175.82000732421875,171.7899932861328,174.8800048828125,39511700,2026-01-05,0,5,1,2.3155677967996344,-0.4803359865197747,3.564058419240319,3.259575892504781,176.93399658203126,184.90399932861328,184.35649948120118
179.7100067138672,179.7100067138672,180.19000244140625,174.77000427246094,175.75999450683594,34838600,2026-01-06,1,6,1,3.015969042600388,2.2473898102435474,3.780674130229407,3.133517193101322,176.03999938964844,183.53699951171876,184.25400009155274
181.67999267578125,181.67999267578125,187.27999877929688,177.66000366210938,179.8000030517578,45349000,2026-01-07,2,7,1,5.295021744279214,1.0456004405529724,4.394090441085093,3.3305102248808005,176.20799865722657,182.30699920654297,184.26349945068358
176.86000061035156,176.86000061035156,185.66000366210938,174.3699951171875,185.61500549316406,47304300,2026-01-08,3,8,1,6.383585042383561,-4.716754908662239,5.18923234078016,3.7816233566673185,176.02999877929688,180.5799987792969,184.01449966430664
177.49000549316406,177.49000549316406,178.72000122070312,174.75,177.02000427246094,31362900,2026-01-09,4,9,1,2.2367463506873504,0.2655074055809653,3.8493779953500296,3.8847852266355147,177.95599975585938,178.91199951171876,183.49349975585938
179.41000366210938,179.41000366210938,182.5,176.33999633789062,177.68499755859375,34954500,2026-01-12,0,12,1,3.433478365961564,0.9708225946013161,4.072960109182415,3.818509264211367,179.03000183105468,177.98199920654298,183.0870002746582
178.9600067138672,178.9600067138672,181.10000610351562,176.13999938964844,178.875,27769400,2026-01-13,1,13,1,2.771572713336766,0.0475229707154088,4.02408084332969,3.9023774867795495,178.8800018310547,177.46000061035156,182.85650024414062
178.39999389648438,178.39999389648438,181.59800720214844,173.9499969482422,178.125,33651400,2026-01-14,2,14,1,4.287001410069536,0.15438253837719298,3.8224767764877554,4.108283608786424,178.2240020751953,177.21600036621095,182.61399993896484
177.07000732421875,177.07000732421875,180.60000610351562,176.52999877929688,178.7100067138672,31109200,2026-01-15,3,15,1,2.2985300479298476,-0.9176874982016214,3.0054657775970126,4.097349059188586,178.26600341796876,177.14800109863282,182.0800003051758
170.9600067138672,170.9600067138672,182.42999267578125,170.00999450683594,179.36000061035156,59483600,2026-01-16,4,16,1,7.264855920210889,-4.683315046777257,4.01108769150172,3.9302328434258755,176.9600036621094,177.45800170898437,181.7635009765625
168.52999877929688,168.52999877929688,171.97000122070312,166.24000549316406,167.625,36708500,2026-01-20,1,20,1,3.3999856221698175,0.5398948720637584,4.0043891427433715,4.0386746259628925,174.78400268554688,176.9070022583008,180.90550079345704
165.3300018310547,165.3300018310547,169.49000549316406,161.11000061035156,168.40199279785156,47851200,2026-01-21,2,21,1,5.068653474870068,-1.8242010772903792,4.463805295050031,4.243943069189862,172.05800170898436,175.46900177001953,179.50300064086915
165.89999389648438,165.89999389648438,169.0,164.9499969482422,168.9250030517578,28499500,2026-01-22,3,22,1,2.441231585749707,-1.79074092089647,4.094651330186066,3.95856405333691,169.55800170898436,173.89100189208983,178.0990005493164
169.60000610351562,169.60000610351562,172.0,166.3000030517578,167.27000427246094,30285700,2026-01-23,4,23,1,3.360847136269079,1.3929585529629207,4.307114747853912,3.656290262725462,168.06400146484376,173.16500244140624,176.87250061035155
167.47000122070312,167.47000122070312,170.58999633789062,167.3249969482422,168.2100067138672,22777200,2026-01-26,0,26,1,1.949602535289651,-0.4399295307221795,3.244064070869664,3.6275758811856926,167.36600036621093,172.16300201416016,175.53750076293946
165.6999969482422,165.6999969482422,169.44000244140625,164.69000244140625,167.47999572753906,26542300,2026-01-27,1,27,1,2.8666264861089306,-1.062812768512739,3.1373922436574864,3.570890693200429,166.8,170.79200134277343,174.3870002746582
157.35000610351562,157.35000610351562,165.0449981689453,157.24000549316406,164.39999389648438,44822800,2026-01-28,2,28,1,4.960274784258089,-4.288313901889696,3.115716505535091,3.789760900292561,165.2040008544922,168.6310012817383,173.0455009460449
151.86000061035156,151.86000061035156,157.6300048828125,147.1199951171875,157.6300048828125,59846800,2026-01-29,3,29,1,6.920854552471656,-3.6604733196262695,4.0116410988794815,4.053146214532773,162.39600219726563,165.977001953125,171.59650115966798
146.58999633789062,146.58999633789062,151.0,145.13900756835938,150.0500030517578,47271000,2026-01-30,4,30,1,3.9982212825294092,-2.3059024615105823,4.139115928131547,4.22311533799273,157.79400024414062,162.9290008544922,170.0385009765625
147.75999450683594,147.75999450683594,151.39999389648438,146.6540069580078,150.94000244140625,72811100,2026-02-02,0,2,2,3.2119566289351718,-2.1068026256358166,4.391586746860652,3.8178254088651578,153.85199890136718,160.60899963378907,169.03350067138672
157.8800048828125,157.8800048828125,165.0780029296875,153.1199951171875,165.0500030517578,113169200,2026-02-03,1,3,2,7.574111630776749,-4.344136950241002,5.333083775794215,4.235238009725851,152.28800048828126,159.54400024414062,168.2255012512207
139.5399932861328,139.5399932861328,155.85000610351562,135.67999267578125,155.41000366210938,113199500,2026-02-04,2,4,2,14.454646981654133,-10.211704524813573,7.231958215273423,5.173837360404258,148.7259979248047,156.96499938964843,166.21700057983398
130.00999450683594,130.00999450683594,137.97999572753906,128.32000732421875,136.82000732421875,93690800,2026-02-05,3,5,2,7.43018907120436,-4.977351595403226,7.333825119019965,5.672733108949723,144.35599670410156,153.3759994506836,163.6335006713867
135.89999389648438,135.89999389648438,137.68699645996094,132.35000610351562,135.3300018310547,62661400,2026-02-06,4,6,2,3.9271453981892903,0.42118677138663074,7.31960994215194,5.7293629351417446,142.2179962158203,150.00599822998046,161.58550033569335
142.91000366210938,142.91000366210938,145.8699951171875,134.7760009765625,136.5800018310547,58042500,2026-02-09,0,9,2,7.762923417772202,4.634647639619091,8.229803299919345,6.310695023389999,141.247998046875,147.54999847412108,159.85650024414062
139.50999450683594,139.50999450683594,145.55999755859375,137.77000427246094,144.96499633789062,56061300,2026-02-10,1,10,2,5.583824523590749,-3.7629786285372893,7.831745878482147,6.58241482713818,137.5739959716797,144.93099822998047,157.86149978637695
135.67999267578125,135.67999267578125,139.25,132.9499969482422,139.02499389648438,52563400,2026-02-11,2,11,2,4.643280801770235,-2.4060430624393736,5.869472642505367,6.550715428889395,136.80199584960937,142.76399688720704,155.69749908447267
