Adj Close,Close,High,Low,Open,Volume,date,day_of_week,day,month,hl_pct,oc_pct,volatility_5d,volatility_10d,ma_5,ma_10,ma_20
SMCI,SMCI,SMCI,SMCI,SMCI,SMCI,,,,,,,,,,,
108.02200317382812,108.02200317382812,111.0999984741211,102.5,110.0250015258789,71155000,2024-03-11,0,11,3,7.96133956179469,-1.820493818925017,8.83705511971746,7.8435331175524805,111.910400390625,101.09109954833984,92.97545051574707
116.30000305175781,116.30000305175781,116.63200378417969,109.4000015258789,112.42900085449219,67473000,2024-03-12,1,12,3,6.218402466492002,3.4430637716647077,7.854907689458502,7.819158421825746,113.35380096435547,104.2099998474121,94.92540054321289
118.80699920654297,118.80699920654297,119.80000305175781,112.23400115966797,114.87300109863281,58760000,2024-03-13,2,13,3,6.368313266574926,3.4246498918682624,7.750425074544681,8.033474671940287,114.62120056152344,107.92529983520508,96.90830039978027
113.01100158691406,113.01100158691406,119.56300354003906,111.05500030517578,117.5,62445000,2024-03-14,3,14,3,7.5284734365618196,-3.820424181349734,8.018794249657551,8.191485219737828,114.02820129394532,110.56520004272461,98.15610046386719
106.88300323486328,106.88300323486328,113.55999755859375,106.6259994506836,112.34500122070312,169640000,2024-03-15,4,15,3,6.487465638173997,-4.861807758682278,6.912798873919485,8.332214085664535,112.60460205078125,112.19870071411133,98.48025054931641
100.06800079345703,100.06800079345703,114.77899932861328,95.20600128173828,110.69999694824219,115307000,2024-03-18,0,18,3,19.559697297514898,-9.604332834585486,9.232470421063528,9.034762770390495,111.01380157470703,111.46210098266602,99.46705055236816
91.09700012207031,91.09700012207031,92.5,86.30000305175781,88.86100006103516,104844000,2024-03-19,1,19,3,6.805928779141102,2.5162895527839377,9.349975683593348,8.602441686525925,105.97320098876953,109.6635009765625,100.0840503692627
89.64700317382812,89.64700317382812,90.55000305175781,85.5,90.0,76457000,2024-03-20,2,20,3,5.633209000824836,-0.39221869574652773,9.202954830443328,8.476689952494006,100.14120178222656,107.381201171875,100.89555053710937
97.16100311279297,97.16100311279297,99.44400024414062,90.61599731445312,93.80000305175781,85630000,2024-03-21,3,21,3,9.08595284822161,3.583155598812287,9.514450712775288,8.76662248121642,96.97120208740235,105.49970169067383,100.87600059509278
97.27400207519531,97.27400207519531,98.5469970703125,94.72000122070312,95.4540023803711,50691000,2024-03-22,4,22,3,3.934243238651792,1.9066771947097303,9.003806232870847,7.958302553395166,95.04940185546874,103.827001953125,101.43965072631836
104.27899932861328,104.27899932861328,107.27400207519531,96.69999694824219,97.2750015258789,70172000,2024-03-25,0,25,3,10.140109892722865,7.200203230910299,7.119888751912439,8.176179586487983,95.8916015625,103.45270156860352,102.27190055847169
102.50599670410156,102.50599670410156,110.61100006103516,102.21099853515625,108.69999694824219,63563000,2024-03-26,1,26,3,8.194644016902474,-5.69825245449631,7.397631799464714,8.37380374152903,98.17340087890625,102.07330093383788,103.141650390625
102.3290023803711,102.3290023803711,104.78099822998047,98.63400268554688,104.21199798583984,52578000,2024-03-27,2,27,3,6.007090269075778,-1.8068894578958254,7.472408053114902,8.337681441779116,100.70980072021484,100.42550125122071,104.17540054321289
101.00299835205078,101.00299835205078,103.30000305175781,99.7020034790039,100.86199951171875,34631000,2024-03-28,3,28,3,3.5622700627291346,0.1397938183008648,6.367671496016408,7.941061104395847,101.4781997680664,99.22470092773438,104.89495048522949
103.71499633789062,103.71499633789062,106.9000015258789,100.5,101.0,51852000,2024-04-01,0,1,4,6.170758088857752,2.6881151860303216,6.814974466057599,7.909390349464223,102.76639862060547,98.90790023803712,105.55330047607421
100.99099731445312,100.99099731445312,101.26000213623047,97.50900268554688,100.0,42301000,2024-04-02,1,2,4,3.714191908615578,0.990997314453125,5.529790869236143,6.324839810574291,102.10879821777344,99.00019989013671,105.23115043640136
101.55699920654297,101.55699920654297,104.24500274658203,96.58300018310547,97.5,61824000,2024-04-03,2,3,4,7.54453422544896,4.1610248272235575,5.399768910945439,6.398700355205077,101.91899871826172,100.04619979858398,104.85485038757324
95.79900360107422,95.79900360107422,105.71800231933594,95.61599731445312,103.06999969482422,58166000,2024-04-04,3,4,4,10.545000078445007,-7.0544252598024615,6.307350872819285,6.8898794629670945,100.61299896240234,100.6613998413086,104.0213005065918
94.802001953125,94.802001953125,98.1989974975586,93.2020034790039,96.80000305175781,53445000,2024-04-05,4,5,4,5.270979426178636,-2.0640506566559766,6.649092745509185,6.508382120762796,99.37279968261718,100.4254997253418,102.96260070800781
92.8499984741211,92.8499984741211,96.4000015258789,90.19999694824219,96.25,43167000,2024-04-08,0,8,4,6.677441765779639,-3.5324691177962664,6.750429480893563,6.782701973475582,97.19980010986328,99.98309936523438,101.9050506591797
90.41999816894531,90.41999816894531,93.7239990234375,88.0999984741211,92.5,40212000,2024-04-09,1,9,4,6.21986359567077,-2.24865062816723,7.251563818304601,6.390677343770372,95.08560028076172,98.59719924926758,101.02495040893555
90.85399627685547,90.85399627685547,92.4000015258789,87.11000061035156,87.61499786376953,41373000,2024-04-10,2,10,4,5.822529698536707,3.6968538401635063,6.907162912922151,6.153465911933795,92.94499969482422,97.43199920654297,99.75265007019043
93.72799682617188,93.72799682617188,94.53600311279297,90.71900177001953,91.19999694824219,36770000,2024-04-11,3,11,4,4.072423898968475,2.771929783467403,5.612647677026844,5.9599992749230655,92.53079833984376,96.57189865112305,98.49869995117187
89.8489990234375,89.8489990234375,92.4990005493164,89.4000015258789,92.02999877929688,33322000,2024-04-12,4,12,4,3.4491191411371345,-2.369879153307143,5.2482756200185445,5.948684182763865,91.54019775390626,95.45649871826171,97.34059982299804
88.2750015258789,88.2750015258789,93.63600158691406,88.10800170898438,91.19999694824219,42011000,2024-04-15,0,15,4,6.2622484082417,-3.207231930087974,5.165236948510956,5.95783321470226,90.62519836425781,93.91249923706054,96.41019973754882
97.62999725341797,97.62999725341797,98.14600372314453,89.30000305175781,90.13200378417969,71214000,2024-04-16,1,16,4,9.060740469371492,8.31890244800522,5.7334123232511,6.492488070777851,92.06719818115235,93.57639923095704,96.28829956054688
96.00800323486328,96.00800323486328,102.03299713134766,94.94100189208984,99.20099639892578,71675000,2024-04-17,2,17,4,7.386879218713409,-3.2187107790956384,6.046282227286442,6.476722570104296,93.0979995727539,93.02149963378906,96.53384971618652
92.8479995727539,92.8479995727539,97.29900360107422,91.74600219726562,96.18800354003906,43007000,2024-04-18,3,18,4,5.98074425874665,-3.472370612094939,6.427946299242076,6.02029698813446,92.92200012207032,92.72639923095703,96.69389953613282
71.36499786376953,71.36499786376953,89.08300018310547,71.09500122070312,87.0999984741211,172385000,2024-04-19,4,19,4,25.20563231395326,-18.06544303789707,10.7792489338053,8.013762276911923,89.22519989013672,90.38269882202148,95.40409927368164
71.7020034790039,71.7020034790039,73.38400268554688,67.0999984741211,73.19200134277344,93035000,2024-04-22,0,22,4,8.76405666023808,-2.035738655090957,11.279610584204578,8.222423766357768,85.91060028076171,88.26789932250976,94.12549934387206
76.18599700927734,76.18599700927734,79.33699798583984,71.40599822998047,73.0,83426000,2024-04-23,1,23,4,10.410049178582776,4.364379464763485,11.549472326046834,8.641442324648967,81.62180023193359,86.84449920654296,92.72084922790528
75.47200012207031,75.47200012207031,80.6989974975586,73.70500183105469,78.89900207519531,67404000,2024-04-24,2,24,4,9.267007175100225,-4.343530162598088,11.925497917324197,8.985890072305319,77.514599609375,85.30629959106446,91.36914939880371
78.73999786376953,78.73999786376953,79.68599700927734,72.11199951171875,72.59600067138672,50817000,2024-04-25,3,25,4,9.618996320856647,8.463272267840551,12.653148329746196,9.540547314494138,74.69299926757813,83.80749969482422,90.18969917297363
85.74400329589844,85.74400329589844,86.0999984741211,78.80500030517578,79.9219970703125,70680000,2024-04-26,4,26,4,8.50788147104658,7.28461054403326,9.313598161164862,10.046423547485082,77.56880035400391,83.39700012207031,89.42674942016602
89.03500366210938,89.03500366210938,89.78399658203125,83.0,83.9000015258789,58663000,2024-04-29,0,29,4,7.619471334865925,6.120383841288227,9.08468109609043,10.182145840147504,81.035400390625,83.47300033569336,88.69274978637695
85.87999725341797,85.87999725341797,91.08399963378906,85.10800170898438,87.5999984741211,73693000,2024-04-30,1,30,4,6.95854461565769,-1.9634717473325642,8.394380183505413,9.971926254776124,82.97420043945313,82.29800033569336,87.9371997833252
73.83000183105469,73.83000183105469,78.13500213623047,70.0,77.73600006103516,135363000,2024-05-01,2,1,5,11.01855876266373,-5.024696700259387,8.744690501018113,10.335094209171157,82.64580078125,80.0802001953125,86.55084991455078
76.25199890136719,76.25199890136719,76.82099914550781,70.91200256347656,76.71600341796875,64962000,2024-05-02,3,2,5,7.749300565450885,-0.6048340579911927,8.370751349936961,10.511949839841579,82.14820098876953,78.42060012817383,85.57349967956543
78.2699966430664,78.2699966430664,80.15899658203125,76.80000305175781,77.0,52329000,2024-05-03,4,3,5,4.291546792305882,1.6493462896966313,7.527484414188821,8.42054128767684,80.65339965820313,79.11110000610351,84.7468994140625
83.03500366210938,83.03500366210938,83.30799865722656,78.69000244140625,79.18299865722656,53428000,2024-05-06,0,6,5,5.561505403928345,4.864686953265899,7.115891228001305,8.100286162045867,79.45339965820312,80.24440002441406,84.25614967346192
81.92900085449219,81.92900085449219,83.41999816894531,80.6259994506836,81.0999984741211,40793000,2024-05-07,1,7,5,3.410268267794362,1.0221977755469716,6.40623595842864,7.400308070967027,78.66320037841797,80.81870040893554,83.83159980773925
82.26399993896484,82.26399993896484,84.37699890136719,80.03800201416016,80.23500061035156,37196000,2024-05-08,2,8,5,5.274478375019835,2.52882073057716,5.257419880899861,7.001055190958988,80.35,81.497900390625,83.40209999084473
79.97000122070312,79.97000122070312,83.08599853515625,79.0510025024414,82.85099792480469,38821000,2024-05-09,3,9,5,5.04563707780742,-3.477322876323525,4.716687183371168,6.543719266654065,81.09360046386719,81.62090072631835,82.71420021057129
79.8499984741211,79.8499984741211,83.33899688720703,79.32499694824219,81.74400329589844,37913000,2024-05-10,4,10,5,5.026925504908753,-2.3169954313607453,4.863762925891742,6.195623670040282,81.40960083007812,81.03150024414063,82.21425018310546
78.2760009765625,78.2760009765625,81.1989974975586,76.26300048828125,81.08200073242188,28147000,2024-05-13,0,13,5,6.3058880725847075,-3.4606937797692416,5.012639459623015,6.06426534381216,80.45780029296876,79.95559997558594,81.71430015563965
82.23699951171875,82.23699951171875,82.92400360107422,76.677001953125,77.5,49962000,2024-05-14,1,14,5,7.596339464037745,6.112257434475806,5.8498536988716925,6.128044828650166,80.51940002441407,79.59130020141602,80.94465026855468
95.23600006103516,95.23600006103516,95.44999694824219,83.5270004272461,84.4010009765625,97529000,2024-05-15,2,15,5,12.519421766301447,12.837524388462468,7.298842377128014,6.278131129013937,83.11380004882812,81.73190002441406,80.90605010986329
90.44000244140625,90.44000244140625,97.10199737548828,90.0999984741211,92.4000015258789,70098000,2024-05-16,3,16,5,7.742148067613777,-2.12121109535232,7.838144575089285,6.277415879230227,85.20780029296876,83.15070037841797,80.7856502532959
88.78900146484375,88.78900146484375,93.1989974975586,87.80000305175781,92.5199966430664,51924000,2024-05-17,4,17,5,6.080701840011714,-4.032636525719398,8.048899842109877,6.456331384000809,86.99560089111328,84.20260086059571,81.6568504333496
90.39399719238281,90.39399719238281,92.5250015258789,87.00499725341797,90.19999694824219,53631000,2024-05-20,0,20,5,6.106604911732003,0.2150778832641697,8.009043209939337,6.510841334781176,89.41920013427735,84.93850021362304,82.59145011901856
89.8949966430664,89.8949966430664,93.99400329589844,87.7770004272461,88.9000015258789,59188000,2024-05-21,1,21,5,6.915849714458898,1.1192295839250976,7.872945260023566,6.861399479447629,90.95079956054687,85.73509979248047,83.276900100708
87.3270034790039,87.3270034790039,91.16500091552734,86.2509994506836,91.01200103759766,56322000,2024-05-22,2,22,5,5.627127084493661,-4.04891389770834,6.494486323662009,6.896664350395012,89.36900024414062,86.24140014648438,83.8696502685547
84.73799896240234,84.73799896240234,97.23100280761719,83.56600189208984,93.4489974975586,114602000,2024-05-23,3,23,5,16.126178435710298,-9.321660765150348,8.171292397281315,8.0047184861853,88.22859954833984,86.7181999206543,84.16955032348633
88.38800048828125,88.38800048828125,89.91999816894531,83.86100006103516,85.80000305175781,68504000,2024-05-24,4,24,5,6.855000763043028,3.0163139212970185,8.326152181887577,8.187526011998726,88.14839935302734,87.5720001220703,84.30175018310547
87.47200012207031,87.47200012207031,90.96499633789062,86.5,89.9000015258789,62351000,2024-05-28,1,28,5,5.104486386111627,-2.7007801586184192,8.125728476763502,8.067385843351419,87.56399993896484,88.4916000366211,84.22360000610351
83.97200012207031,83.97200012207031,86.37999725341797,82.70899963378906,85.86299896240234,49323000,2024-05-29,2,29,5,4.371692485938607,-2.202344273066983,7.616897031059445,7.744921145541506,86.37940063476563,88.66510009765625,84.12820014953613
82.79399871826172,82.79399871826172,84.52400207519531,81.5199966430664,83.19999694824219,47142000,2024-05-30,3,30,5,3.6282888598619145,-0.48797865970239857,7.217129386133093,6.855807854897551,85.4727996826172,87.4208999633789,84.57639999389649
78.45099639892578,78.45099639892578,81.96499633789062,76.0009994506836,81.5999984741211,74080000,2024-05-31,4,31,5,7.602193931202504,-3.8590712427451797,5.5123324852315365,6.841812441256424,84.21539916992188,86.22199935913086,84.68634986877441
77.05899810791016,77.05899810791016,80.6050033569336,74.12200164794922,80.19999694824219,61558000,2024-06-03,0,3,6,8.413036592956807,-3.9164575559262227,5.823939651214292,7.075045916550934,81.94959869384766,85.0489990234375,84.6257999420166
77.16100311279297,77.16100311279297,78.06600189208984,75.4000015258789,75.9000015258789,40783000,2024-06-04,1,4,6,3.455113669678208,1.6613986318354825,5.494065107927609,6.809896792345555,79.88739929199218,83.72569961547852,84.33209991455078
80.25199890136719,80.25199890136719,82.25399780273438,78.01799774169922,79.5,63075000,2024-06-05,2,5,6,5.2783732729715105,0.9459105677574686,5.675401265334189,6.646149148196815,79.14339904785156,82.76139984130859,84.24824981689453
77.79199981689453,77.79199981689453,80.80000305175781,75.55500030517578,80.5,50339000,2024-06-06,3,6,6,6.742342090353286,-3.3639753827397123,6.298211911432463,6.75767064878278,78.14299926757812,81.80789947509766,84.02464981079102
76.91100311279297,76.91100311279297,78.29100036621094,75.84700012207031,76.36399841308594,34449000,2024-06-07,4,7,6,3.177699087549806,0.7163122820626101,5.413312942701923,5.4628227139667285,77.83500061035156,81.02519989013672,83.8716999053955
78.68599700927734,78.68599700927734,80.4000015258789,75.3030014038086,76.16500091552734,48721000,2024-06-10,0,10,6,6.47764572579459,3.3099140857964047,5.026234769269481,5.425087210241886,78.160400390625,80.05499954223633,83.81349983215333
76.76100158691406,76.76100158691406,78.49800109863281,76.30899810791016,78.0,30387000,2024-06-11,1,11,6,2.8517123871085985,-1.5884595039563303,4.9055545127555575,5.199809810341582,78.08040008544921,78.9838996887207,83.7377498626709
77.4739990234375,77.4739990234375,80.13500213623047,76.61599731445312,78.5,41190000,2024-06-12,2,12,6,4.542175266714671,-1.307007613455414,4.75831491150419,5.216858088419189,77.52480010986328,78.33409957885742,83.49959983825684
87.11000061035156,87.11000061035156,88.31700134277344,78.4000015258789,78.5,116137000,2024-06-13,3,13,6,11.384456144425812,10.968153643759953,5.686737722318695,5.992474816875578,79.38840026855469,78.76569976806641,83.09329986572266
84.4540023803711,84.4540023803711,87.19999694824219,82.56099700927734,84.69300079345703,65988000,2024-06-14,4,14,6,5.492930835973081,-0.2821938186707884,6.14978407200335,5.781548507352636,80.89700012207031,79.36600036621094,82.7939998626709
88.74099731445312,88.74099731445312,92.19100189208984,82.80899810791016,85.73999786376953,89118000,2024-06-17,0,17,6,10.57234431447127,3.5001160782063683,6.968723789738687,5.997479279504082,82.90800018310547,80.53420028686523,82.79159965515137
92.0009994506836,92.0009994506836,93.88800048828125,88.33100128173828,89.69999694824219,87621000,2024-06-18,1,18,6,6.040150911101519,2.565220268367576,7.606411494537269,6.2559830036464135,85.95599975585938,82.0181999206543,82.8719497680664
91.76399993896484,91.76399993896484,101.4020004272461,90.03199768066406,96.12899780273438,134329000,2024-06-20,3,20,6,12.390482928103157,-4.540771217366597,9.176073026814967,6.967193969159578,88.81399993896484,83.16940002441406,82.96539993286133
90.5260009765625,90.5260009765625,91.79499816894531,86.3219985961914,90.01000213623047,73587000,2024-06-21,4,21,6,6.045776366693681,0.5732683347246955,8.10833707126854,6.897537396793618,89.49720001220703,84.44280014038085,83.12534980773925
82.697998046875,82.697998046875,88.25,82.0,88.0999984741211,77210000,2024-06-24,0,24,6,7.557619467955398,-6.131669149611737,8.521274797665004,7.335529434834177,89.14599914550782,85.02149963378906,83.02334976196289
84.31199645996094,84.31199645996094,85.72200012207031,82.30000305175781,84.6510009765625,47024000,2024-06-25,1,25,6,4.058730920857244,-0.4004731340334929,7.218552118942199,7.093637954340442,88.26019897460938,85.58409957885742,82.81954956054688
83.11599731445312,83.11599731445312,85.21399688720703,80.8270034790039,84.3499984741211,45500000,2024-06-26,2,26,6,5.278157695209735,-1.4629533870668239,7.066153475763843,7.336282485150557,86.48319854736329,86.21959915161133,82.60174942016602
89.03600311279297,89.03600311279297,89.27799987792969,82.56199645996094,83.10099792480469,71513000,2024-06-27,3,27,6,7.543019883159798,7.141918071018435,6.096660866775172,7.636366946795069,85.9375991821289,87.37579956054688,82.85494956970214
81.93499755859375,81.93499755859375,89.98799896240234,81.5199966430664,89.9000015258789,165059000,2024-06-28,4,28,6,10.335024802167423,-8.859848534031808,6.954510553869921,7.53142381256923,84.21939849853516,86.8582992553711,82.81199951171875
81.23200225830078,81.23200225830078,83.19999694824219,77.38099670410156,83.14399719238281,71230000,2024-07-01,0,1,7,7.163433231200458,-2.2996187321352375,6.875673306518932,7.698474052091967,83.92619934082032,86.53609924316406,82.9510498046875
83.71700286865234,83.71700286865234,85.09200286865234,79.62899780273438,79.94000244140625,54936000,2024-07-02,1,2,7,6.525562166253302,4.7247939853573655,7.369039555598144,7.29379583727017,83.8072006225586,86.03369979858398,83.28395004272461
84.69999694824219,84.69999694824219,85.71900177001953,82.10099792480469,83.71900177001953,31979000,2024-07-03,2,3,7,4.271551328892851,1.1717712317181006,7.167718282334766,7.116935879049303,84.1240005493164,85.30359954833985,83.66089973449706
84.65799713134766,84.65799713134766,86.66999816894531,82.82499694824219,84.7300033569336,48093000,2024-07-05,4,5,7,4.541805087518868,-0.08498314969091184,6.56747532320658,6.332068094990875,83.24839935302734,84.59299926757812,83.88119964599609
89.93399810791016,89.93399810791016,92.68800354003906,86.00499725341797,86.4000015258789,98216000,2024-07-08,0,8,7,7.43101210579149,4.090273749558595,5.986672783931394,6.4705916689006555,84.84819946289062,84.53379898071289,84.48829956054688
89.56099700927734,89.56099700927734,93.45500183105469,88.302001953125,90.78299713134766,65269000,2024-07-09,1,9,7,5.753620493300119,-1.3460671719201833,5.7047102363513265,6.290191771435128,86.51399841308594,85.22009887695313,85.1207992553711
89.99800109863281,89.99800109863281,91.39800262451172,87.33599853515625,88.87000274658203,50402000,2024-07-10,2,10,7,4.513438120590854,1.26926782625104,5.302285427218837,6.335662491408489,87.77019805908203,85.78869934082032,85.68639945983887
88.9219970703125,88.9219970703125,91.51399993896484,86.58100128173828,91.03500366210938,56522000,2024-07-11,3,11,7,5.5475572071620665,-2.3210924444399748,5.55748660287268,6.3626024426037215,88.61459808349609,86.36929931640626,86.2944492340088
90.99600219726562,90.99600219726562,92.5999984741211,87.58000183105469,88.96099853515625,51601000,2024-07-12,4,12,7,5.516722187622935,2.287523404208607,5.752470022893492,6.159972673050036,89.88219909667968,86.56529922485352,86.97054939270019
89.76799774169922,89.76799774169922,96.33000183105469,88.19999694824219,94.0,86770000,2024-07-15,0,15,7,9.056685107543547,-4.502130062022108,6.0776046232439045,6.032138703587648,89.8489990234375,87.34859924316406,87.10344924926758
87.69599914550781,87.69599914550781,90.39800262451172,86.60099792480469,90.13200378417969,43654000,2024-07-16,1,16,7,4.329735377559161,-2.7027077357615026,5.792827600095713,5.748768918223519,89.47599945068359,87.99499893188477,87.26554908752442
81.63099670410156,81.63099670410156,84.66500091552734,81.4800033569336,84.55000305175781,57594000,2024-07-17,2,17,7,3.9017011762563953,-3.4524024154905852,5.670480211228821,5.486382819223828,87.80259857177734,87.7863983154297,86.91004905700683
80.16100311279297,80.16100311279297,83.49500274658203,77.40699768066406,83.1050033569336,59697000,2024-07-18,3,18,7,7.59472165954767,-3.542506618399651,6.079913101705942,5.81869985228931,86.05039978027344,87.33249893188477,86.3180492401123
79.6780014038086,79.6780014038086,82.19200134277344,77.83200073242188,78.822998046875,83513000,2024-07-19,4,19,7,5.472025569837092,1.0847130635974218,6.070973778148773,5.911721900521132,83.78679962158203,86.83449935913086,85.7137493133545
78.62799835205078,78.62799835205078,80.875,76.54000091552734,80.63999938964844,49287000,2024-07-22,0,22,7,5.513302100179421,-2.495040988127701,5.3622971766759475,5.719950899959924,81.55879974365234,85.70389938354492,85.11884918212891
78.3219985961914,78.3219985961914,80.5469970703125,76.21900177001953,77.85399627685547,42112000,2024-07-23,1,23,7,5.5258999742933375,0.6011281908659913,5.601530096022783,5.697178848059247,79.68399963378906,84.57999954223632,84.90004920959473
71.15599822998047,71.15599822998047,77.36499786376953,70.51000213623047,76.5,67812000,2024-07-24,2,24,7,9.633756672745006,-6.985623228783701,6.747941195320505,6.209210703274662,77.58899993896485,82.6957992553711,84.2422492980957
69.56099700927734,69.56099700927734,72.05000305175781,66.31999969482422,69.9990005493164,70478000,2024-07-25,3,25,7,8.237379570866967,-0.625728276978006,6.8764727775843655,6.478192939645152,75.46899871826172,80.75969924926758,83.56449928283692
71.21900177001953,71.21900177001953,72.42900085449219,69.75499725341797,71.06099700927734,43822000,2024-07-26,4,26,7,3.7546210064964316,0.22235089203935496,6.532991864916232,6.301982821532502,73.7771987915039,78.78199920654296,82.67364921569825
69.77300262451172,69.77300262451172,73.0009994506836,69.23100280761719,72.072998046875,39196000,2024-07-29,0,29,7,5.403231194384605,-3.1912026482753015,6.51097768375727,5.936637430216608,72.00619964599609,76.78249969482422,82.06554946899413
66.63099670410156,66.63099670410156,70.69999694824219,65.63099670410156,70.5,48963000,2024-07-30,1,30,7,7.607570792691738,-5.487947937444592,6.9273118474369495,6.264420971729865,69.66799926757812,74.67599945068359,81.33549919128419
70.16500091552734,70.16500091552734,72.05599975585938,69.18099975585938,71.0,49680000,2024-07-31,2,31,7,4.097484447354677,-1.176055048553037,5.820057402358883,6.283999298839694,69.4697998046875,73.52939987182617,80.65789909362793
67.2239990234375,67.2239990234375,72.44499969482422,65.85800170898438,70.45600128173828,54317000,2024-08-01,3,1,8,9.798580985256919,-4.587263255796628,6.132297685236874,6.504385231410619,69.00240020751953,72.23569946289062,79.78409919738769
62.46500015258789,62.46500015258789,63.698001861572266,58.24599838256836,63.0,77147000,2024-08-02,4,2,8,8.728093277332736,-0.8492061070033483,7.126992139404135,6.829992002160182,67.2515998840332,70.51439933776855,78.67444934844971
60.882999420166016,60.882999420166016,62.67399978637695,52.95000076293945,53.558998107910156,70791000,2024-08-05,0,5,8,15.971616241062955,13.674642116156713,9.240669148739805,7.8758234162485365,65.47359924316406,68.73989944458008,77.2218994140625
61.694000244140625,61.694000244140625,62.87900161743164,58.88199996948242,61.60100173950195,111233000,2024-08-06,1,6,8,6.478752605005271,0.15096914337845274,9.01490551120251,7.971108679319729,64.48619995117187,67.077099609375,75.82854957580567
49.27000045776367,49.27000045776367,54.70000076293945,48.88800048828125,53.24599838256836,181205000,2024-08-07,2,7,8,11.79622533115358,-7.467223914626318,10.554653687962292,8.187355545160587,60.30719985961914,64.88849983215331,73.7921495437622
50.99399948120117,50.99399948120117,52.86199951171875,47.85599899291992,49.70000076293945,118238000,2024-08-08,3,8,8,9.816842314249698,2.603619111464148,10.558305953760847,8.34530181949886,57.06119995117187,63.0318000793457,71.89574966430663
50.875999450683594,50.875999450683594,51.49599838256836,49.20399856567383,51.03900146484375,59190000,2024-08-09,4,9,8,4.505070842129146,-0.3193675610453192,9.71370146672013,8.420346803062133,54.74339981079102,60.99749984741211,69.88974952697754
54.097999572753906,54.097999572753906,56.400001525878906,51.047000885009766,51.111000061035156,91752000,2024-08-12,0,12,8,9.895006623433712,5.844142177127758,8.49837954319428,8.869524345967042,53.386399841308595,59.42999954223633,68.10624961853027
56.74300003051758,56.74300003051758,58.387001037597656,54.862998962402344,56.38399887084961,81160000,2024-08-13,1,13,8,6.210461331441817,0.6367075178372485,8.444721288481592,8.72981339984205,52.396199798583986,58.44119987487793,66.55859966278076
57.70899963378906,57.70899963378906,58.529998779296875,54.63600158691406,58.4119987487793,70012000,2024-08-14,2,14,8,6.747642858294927,-1.2035183353572982,7.435004793909859,8.994829240936074,54.08399963378906,57.195599746704104,65.36249980926513
62.66899871826172,62.66899871826172,63.67499923706055,57.319000244140625,58.448001861572266,95604000,2024-08-15,3,15,8,10.142174157743144,7.221798388739491,7.500071162608549,9.029188558184696,56.41899948120117,56.74009971618652,64.48789958953857
62.880001068115234,62.880001068115234,63.972999572753906,61.207000732421875,62.4010009765625,80612000,2024-08-16,4,16,8,4.398853042854981,0.7676160382950338,7.478827602753716,8.596264534736921,58.8197998046875,56.781599807739255,63.6479995727539
62.36199951171875,62.36199951171875,62.979000091552734,59.52799987792969,62.20000076293945,68802000,2024-08-19,0,19,8,5.533819057508816,0.2604481459682238,6.606590089568736,7.552484816381508,60.472599792480466,56.929499816894534,62.834699630737305
61.090999603271484,61.090999603271484,63.04999923706055,59.8380012512207,61.67399978637695,60604000,2024-08-20,1,20,8,5.257727008395256,-0.9452932923514497,6.416043224959424,7.430382256720506,61.34219970703125,56.86919975280762,61.97314968109131
62.37799835205078,62.37799835205078,62.875,60.178001403808594,61.28900146484375,57375000,2024-08-21,2,21,8,4.323637608520245,1.7768226944139325,5.9312421750044875,6.683123484457172,62.27599945068359,58.17999954223633,61.53424968719482
60.481998443603516,60.481998443603516,63.08100128173828,60.2239990234375,62.9370002746582,61153000,2024-08-22,3,22,8,4.723723309117829,-3.9007290152708505,4.847552005279425,6.173811583943985,61.838599395751956,59.12879943847656,61.08029975891113
61.32400131225586,61.32400131225586,62.698001861572266,60.38800048828125,61.1150016784668,53374000,2024-08-23,4,23,8,3.766879727121381,0.34197762914027907,4.721157342132705,6.09999247244321,61.52739944458008,60.17359962463379,60.58554973602295
56.250999450683594,56.250999450683594,61.81800079345703,55.52399826049805,61.0,90386000,2024-08-26,0,26,8,11.189139027613306,-7.785246802158043,5.852221336153603,6.22940571286117,60.305199432373044,60.388899612426755,59.90944957733154
54.763999938964844,54.763999938964844,55.70000076293945,51.349998474121094,51.88999938964844,116837000,2024-08-27,1,27,8,7.943178536386113,5.5386405533273955,6.389311641751775,6.402677433355599,59.039799499511716,60.190999603271486,59.31609973907471
44.3489990234375,44.3489990234375,48.74700164794922,39.518001556396484,48.59400177001953,369735000,2024-08-28,2,28,8,20.809940009413527,-8.73565171000389,9.68657212193043,7.808907148467459,55.433999633789064,58.85499954223633,58.025299644470216
44.88199996948242,44.88199996948242,47.53300094604492,43.5359992980957,43.5880012512207,130533000,2024-08-29,3,29,8,8.90557829567975,2.9687039577789305,10.522943119242814,7.68524756226112,52.31399993896484,57.0762996673584,56.90819969177246
43.77000045776367,43.77000045776367,45.93000030517578,41.95500183105469,45.797000885009766,109332000,2024-08-30,4,30,8,9.08155913307977,-4.426054955728706,11.585879000434492,8.153518171283599,48.803199768066406,55.165299606323245,55.97344970703125
44.178001403808594,44.178001403808594,46.439998626708984,42.87099838256836,43.005001068115234,97224000,2024-09-03,1,3,9,8.078681992691822,2.7275905279840704,10.963787593450196,8.408004464801898,46.3886001586914,53.346899795532224,55.13819980621338
42.34700012207031,42.34700012207031,43.54199981689453,40.84000015258789,42.012001037597656,71634000,2024-09-04,2,4,9,6.380616469921842,0.7973890226577321,10.651275180157342,8.520293410954558,43.9052001953125,51.47249984741211,54.17084980010986
41.459999084472656,41.459999084472656,42.19300079345703,40.68299865722656,41.1349983215332,61987000,2024-09-05,3,5,9,3.642069873551892,0.7900833261231054,7.217701152985017,8.452136637457723,43.32740020751953,49.380699920654294,53.78034973144531
38.645999908447266,38.645999908447266,40.66899871826172,38.279998779296875,40.20000076293945,90480000,2024-09-06,4,6,9,6.181752172603651,-3.865673694028452,6.672935928369796,8.597939523806305,42.0802001953125,47.19710006713867,53.16294975280762
40.98699951171875,40.98699951171875,41.777000427246094,38.750999450683594,39.27399826049805,80224000,2024-09-09,0,9,9,7.382831172350941,4.361667584386606,6.333190336224029,8.959534668329262,41.523600006103514,45.163399887084964,52.66849975585937
41.27199935913086,41.27199935913086,41.88800048828125,40.073001861572266,41.064998626708984,49475000,2024-09-10,1,10,9,4.397651325092495,0.5040806997305978,5.5969842027041645,8.28038589807718,40.94239959716797,43.66549987792969,52.02719974517822
44.540000915527344,44.540000915527344,44.599998474121094,41.12200164794922,41.599998474121094,73376000,2024-09-11,2,11,9,7.8087039844657715,7.0673138203002415,5.8826017056129505,8.266938442885145,41.38099975585938,42.64309997558594,51.41704978942871
44.2130012512207,44.2130012512207,44.95000076293945,43.172000885009766,44.13399887084961,49342000,2024-09-12,3,12,9,4.021441267528966,0.17900571530415887,5.958475984408365,6.588088568696689,41.931600189208986,42.629500198364255,50.74224987030029
45.715999603271484,45.715999603271484,46.95000076293945,43.895999908447266,44.292999267578125,69967000,2024-09-13,4,13,9,6.680376413061391,3.2126980769509017,6.058200832499913,6.365568380434854,43.34560012817383,42.712900161743164,49.89459991455078
44.90999984741211,44.90999984741211,45.715999603271484,43.35499954223633,44.715999603271484,43034000,2024-09-16,0,16,9,5.2571811824916015,0.4338497313306883,5.633070834528046,5.983130585376037,44.1302001953125,42.82690010070801,48.996099853515624
43.9379997253418,43.9379997253418,45.78799819946289,43.53200149536133,45.27799987792969,36491000,2024-09-17,1,17,9,5.134500246264938,-2.9594950223078658,5.780440618762533,5.6887124107333475,44.66340026855469,42.80289993286133,48.07489986419678
43.6879997253418,43.6879997253418,46.095001220703125,43.6150016784668,44.369998931884766,57557000,2024-09-18,2,18,9,5.676614992280756,-1.5370728486830698,5.354022820325531,5.618312262969239,44.49300003051758,42.93699989318848,47.20474987030029
43.720001220703125,43.720001220703125,45.76100158691406,43.55799865722656,45.507999420166016,49492000,2024-09-19,3,19,9,5.038890366371473,-3.928975613616126,5.557512640094032,5.757994312251197,44.39440002441406,43.16300010681152,46.27185001373291
45.72700119018555,45.72700119018555,45.81800079345703,43.62099838256836,43.917999267578125,76344000,2024-09-20,4,20,9,4.804606367583575,4.119044475559462,5.182358630998469,5.62027973174919,44.396600341796876,43.87110023498535,45.53410015106201
46.59400177001953,46.59400177001953,48.35100173950195,44.88800048828125,45.06100082397461,71532000,2024-09-23,0,23,9,7.432289822010821,3.402057029388686,5.617380358902313,5.625225596715178,44.73340072631836,44.43180046081543,44.797600173950194
46.361000061035156,46.361000061035156,47.36199951171875,45.22600173950195,46.50600051879883,53494000,2024-09-24,1,24,9,4.607315997076668,-0.3117887071477137,5.511943509064659,5.646192063913595,45.21800079345703,44.94070053100586,44.303100204467775
45.814998626708984,45.814998626708984,47.67399978637695,45.79199981689453,46.5,49986000,2024-09-25,2,25,9,4.107825004681466,-1.4731212328839045,5.198185511544801,5.276104165935164,45.64340057373047,45.068200302124026,43.85565013885498
40.2400016784668,40.2400016784668,48.43600082397461,37.30099868774414,47.15800094604492,239230000,2024-09-26,3,26,9,27.671475327470034,-14.669831478847554,9.724702503764513,7.641107571929271,44.947400665283205,44.67090034484863,43.650200271606444
41.9739990234375,41.9739990234375,42.39699935913086,40.0,40.0,107420000,2024-09-27,4,27,9,5.710676644825812,4.93499755859375,9.90591655921296,7.544137595105714,44.196800231933594,44.29670028686523,43.5048002243042
41.63999938964844,41.63999938964844,43.79800033569336,41.24599838256836,41.3489990234375,68311000,2024-09-30,0,30,9,6.128727162660379,0.7037664105145381,9.645204027342873,7.631292193122592,43.205999755859374,43.969700241088866,43.39830017089844
40.54999923706055,40.54999923706055,42.7400016784668,40.0,41.75,30604000,2024-10-01,1,1,10,6.757094278715993,-2.8742533244058754,10.075159683670737,7.7935515963676965,42.043799591064456,43.63090019226074,43.21690006256104
42.0,42.0,42.060001373291016,39.84000015258789,40.0099983215332,22026900,2024-10-02,2,2,10,5.285717192150298,4.97376096463315,10.310738121164503,7.7544618163546515,41.280799865722656,43.462100219726565,43.19955005645752
41.54999923706055,41.54999923706055,44.22999954223633,41.2599983215332,41.79999923706055,30466100,2024-10-03,3,3,10,7.1480175095984855,-0.5980861353182657,6.206046557590193,7.965374530677353,41.542799377441405,43.245100021362305,43.204050064086914
41.22999954223633,41.22999954223633,42.91999816894531,40.52000045776367,42.29999923706055,30991900,2024-10-04,4,4,10,5.820998636497836,-2.5295501515913825,6.228110955924597,8.067013757568779,41.39399948120117,42.795399856567386,43.33325004577637
47.7400016784668,47.7400016784668,48.5,41.5099983215332,41.529998779296875,104771200,2024-10-07,0,7,10,14.641812804165962,14.953053411274531,7.9307280842257155,8.787966055784292,42.613999938964845,42.90999984741211,43.67090015411377
45.349998474121094,45.349998474121094,50.099998474121094,44.060001373291016,50.09000015258789,106186100,2024-10-08,1,8,10,13.318626910818516,-9.462969982087143,9.24303461064622,9.659097147158478,43.57399978637695,42.8088996887207,43.87480010986328
47.290000915527344,47.290000915527344,49.349998474121094,45.529998779296875,45.849998474121094,65379000,2024-10-09,2,9,10,8.077816918734609,3.1406815470648795,9.801454555963081,10.056096338563792,44.63199996948242,42.95639991760254,44.01230010986328
46.470001220703125,46.470001220703125,47.0,44.400001525878906,45.79999923706055,40610900,2024-10-10,3,10,10,5.595004101189378,1.4628864515360611,9.49085187428126,7.848449215935726,45.61600036621094,43.57939987182617,44.1251501083374
47.79999923706055,47.79999923706055,48.150001525878906,45.75,45.83000183105469,40748100,2024-10-11,4,11,10,5.0209237744466835,4.298488604185429,9.330836901871029,7.779473928897813,46.93000030517578,44.16199989318848,44.229350090026855
47.38999938964844,47.38999938964844,49.459999084472656,46.439998626708984,48.18000030517578,45227800,2024-10-14,0,14,10,6.3726535063499945,-1.6396864062337442,7.677005042307836,7.803866563266775,46.85999984741211,44.736999893188475,44.35335006713867
47.7599983215332,47.7599983215332,48.61000061035156,45.72999954223633,47.349998474121094,38228200,2024-10-15,1,15,10,6.030153202113387,0.8658919970951905,6.21931030056681,7.731172455606514,47.34199981689453,45.457999801635744,44.544449996948245
48.75,48.75,50.349998474121094,47.2599983215332,48.29999923706055,50139200,2024-10-16,2,16,10,6.33846185146234,0.9316786129349832,5.871439287112357,7.836446921537719,47.63399963378906,46.13299980163574,44.79755001068115
47.59000015258789,47.59000015258789,50.61000061035156,47.150001525878906,50.400001525878906,47789300,2024-10-17,3,17,10,7.270433018236721,-5.575399381383279,6.206525070521826,7.848688472401543,47.85799942016602,46.736999893188475,44.99104995727539
47.2599983215332,47.2599983215332,48.97999954223633,47.0099983215332,48.08000183105469,31933200,2024-10-18,4,18,10,4.168432692909191,-1.705498082971884,6.0360268542143265,7.683431878042678,47.74999923706055,47.339999771118165,45.06769981384277
47.79999923706055,47.79999923706055,48.880001068115234,46.93000030517578,47.38999938964844,36216800,2024-10-21,0,21,10,4.079499569170638,0.8651611156206662,5.577396066778455,6.627200554543146,47.83199920654297,47.345999526977536,45.12799968719482
45.970001220703125,45.970001220703125,48.18000030517578,44.810001373291016,47.790000915527344,41248100,2024-10-22,1,22,10,7.330865439192218,-3.808327390579494,5.837538514194222,6.028424407380515,47.47399978637695,47.40799980163574,45.10844974517822
45.36000061035156,45.36000061035156,46.13999938964844,44.61000061035156,45.439998626708984,24301000,2024-10-23,2,23,10,3.3730131364850897,-0.17605197793822155,5.244448771198771,5.557944029155563,46.795999908447264,47.214999771118165,45.08569984436035
46.22999954223633,46.22999954223633,47.2400016784668,45.630001068115234,45.66999816894531,23717700,2024-10-24,3,24,10,3.4825884194107446,1.226190925647563,4.486879851433576,5.3467024609777,46.523999786376955,47.190999603271486,45.38519973754883
47.27000045776367,47.27000045776367,48.400001525878906,46.459999084472656,46.68000030517578,32279200,2024-10-25,4,25,10,4.104088052928339,1.263924911591041,4.474010923437406,5.255018888825865,46.52600021362305,47.1379997253418,45.64999980926514
47.720001220703125,47.720001220703125,48.720001220703125,47.279998779296875,47.79999923706055,27230200,2024-10-28,0,28,10,3.0176077212284538,-0.1673598695277748,4.261632553848969,4.919514310313712,46.51000061035156,47.170999908447264,45.95399990081787
49.119998931884766,49.119998931884766,49.70000076293945,46.75,47.66999816894531,35234800,2024-10-29,1,29,10,6.00570200954249,3.041747049791284,3.9965998679190236,4.917069191056622,47.14000015258789,47.30699996948242,46.382499885559085
33.06999969482422,33.06999969482422,38.0,32.20000076293945,34.849998474121094,236424500,2024-10-30,2,30,10,17.538552435996255,-5.1076007381138515,6.829707727821256,6.037078249510013,44.68199996948242,45.738999938964845,45.93599987030029
29.110000610351562,29.110000610351562,30.889999389648438,27.219999313354492,30.059999465942383,129887200,2024-10-31,3,31,10,12.607351423376087,-3.1603422237819987,8.654660328614323,6.5707700900239505,41.258000183105466,43.890999984741214,45.31399993896484
26.049999237060547,26.049999237060547,28.75,25.709999084472656,27.600000381469727,102739000,2024-11-01,4,1,11,11.66986949927594,-5.615946097775527,10.167816617883844,7.320913770660624,37.013999938964844,41.77000007629395,44.554999923706056
26.030000686645508,26.030000686645508,27.969999313354492,23.899999618530273,24.889999389648438,92052000,2024-11-04,0,4,11,15.635803255711403,4.580157994986486,12.691455724780436,8.4765441393147,32.67599983215332,39.59300022125244,43.46949987411499
27.700000762939453,27.700000762939453,28.0,25.100000381469727,25.979999542236328,106628300,2024-11-05,1,5,11,10.469312413919706,6.620482105501489,13.584177805655878,8.79038883678745,28.392000198364258,37.76600017547607,42.58699998855591
22.700000762939453,22.700000762939453,23.0,20.200000762939453,20.8700008392334,122890800,2024-11-06,2,6,11,12.334797986579323,8.768566603341233,12.543426915772491,9.686567321796874,26.318000411987306,35.500000190734866,41.35749998092651
25.479999542236328,25.479999542236328,25.780000686645508,22.110000610351562,22.479999542236328,88234700,2024-11-07,3,7,11,14.403454247361564,13.34519600128763,12.902647480569588,10.778653904591955,25.592000198364257,33.42500019073486,40.30799989700317
24.520000457763672,24.520000457763672,26.25,23.760000228881836,25.690000534057617,60549600,2024-11-08,4,8,11,10.154974407146739,-4.55430148684839,12.599668462143747,11.383742540013795,25.286000442504882,31.150000190734865,39.14399995803833
23.229999542236328,23.229999542236328,23.65999984741211,21.299999237060547,22.350000381469727,71258400,2024-11-11,0,11,11,10.159279624868937,3.9373563568088548,11.504363735975254,12.097909730377845,24.726000213623045,28.701000022888184,37.935999965667726
21.700000762939453,21.700000762939453,23.059999465942383,21.579999923706055,22.110000610351562,44022500,2024-11-12,1,12,11,6.820274148395235,-1.8543637996109044,10.774556082870358,12.17936694426312,23.526000213623046,25.959000205993654,36.63300008773804
20.329999923706055,20.329999923706055,21.799999237060547,20.270000457763672,21.010000228881836,55525500,2024-11-13,2,13,11,7.5258179293586736,-3.2365554391617977,9.81276007142623,11.17809349359936,23.052000045776367,24.685000228881837,35.21200008392334
18.010000228881836,18.010000228881836,19.239999771118164,17.360000610351562,17.989999771118164,95152100,2024-11-14,3,14,11,10.438640404633258,0.11117541977838921,9.019797302880567,10.961222391725077,21.55800018310547,23.575000190734862,33.733000087738034
18.579999923706055,18.579999923706055,18.790000915527344,17.25,17.799999237060547,74025400,2024-11-15,4,15,11,8.288487200489545,4.382026517290544,8.64649986154913,10.623084161846439,20.370000076293945,22.828000259399413,32.29900016784668
21.540000915527344,21.540000915527344,23.8799991607666,20.0,20.030000686645508,178890800,2024-11-18,0,18,11,18.01299440971547,7.538692846319223,10.217242818518436,10.860803277246845,20.03200035095215,22.3790002822876,30.98600025177002
28.270000457763672,28.270000457763672,29.5,25.610000610351562,27.110000610351562,235282900,2024-11-19,1,19,11,13.760167409477855,4.278863228683146,11.60522147073496,11.18988877680266,21.346000289916994,22.436000251770018,30.101000213623045
25.799999237060547,25.799999237060547,27.709999084472656,24.81999969482422,27.290000915527344,105366500,2024-11-20,2,20,11,11.201548353137477,-5.45988137955328,12.34036755549072,11.076563813458474,22.440000152587892,22.74600009918213,29.123000144958496
29.700000762939453,29.700000762939453,30.5,26.510000228881836,27.68000030517578,118032600,2024-11-21,3,21,11,13.43434231859349,7.297689434584144,12.939507938282768,10.979652620581668,24.778000259399413,23.16800022125244,28.296500205993652
33.150001525878906,33.150001525878906,34.369998931884766,30.5,30.84000015258789,159607100,2024-11-22,4,22,11,11.674204385371171,7.49027678943502,13.616651375259092,11.13157561840411,27.692000579833984,24.031000328063964,27.590500259399413
38.40999984741211,38.40999984741211,39.22999954223633,35.54999923706055,36.029998779296875,170113700,2024-11-25,0,25,11,9.580839155935907,6.6056096273941645,11.930220324503178,11.073731571510809,31.066000366210936,25.549000358581544,27.125000190734863
34.43000030517578,34.43000030517578,37.66999816894531,34.029998779296875,37.59000015258789,95313000,2024-11-26,1,26,11,10.572173561965508,-8.406490648004317,11.292621555000709,11.448921512867836,32.29800033569336,26.822000312805176,26.390500259399413
35.06999969482422,35.06999969482422,37.13999938964844,34.43000030517578,35.2599983215332,63261300,2024-11-27,2,27,11,7.727399794852606,-0.5388503566460825,10.597791843343735,11.469079699417229,34.152000427246094,28.296000289916993,26.490500259399415
32.63999938964844,32.63999938964844,33.4900016784668,31.110000610351562,32.970001220703125,60119900,2024-11-29,4,29,11,7.291670075429095,-1.0009154347481999,9.369257394710857,11.154382666496812,34.74000015258789,29.75900020599365,26.667000198364256
42.0,42.0,44.150001525878906,35.31999969482422,37.779998779296875,263221600,2024-12-02,0,2,12,21.02381388346354,11.169934772511562,11.239179294329329,12.42791533479421,36.50999984741211,32.101000213623045,27.46450023651123
40.209999084472656,40.209999084472656,45.9900016784668,38.81999969482422,44.41999816894531,204353000,2024-12-03,1,3,12,17.8313905667591,-9.477711071622533,12.889289576493969,12.409754950498575,36.869999694824216,33.96800003051758,28.17350015640259
41.810001373291016,41.810001373291016,42.5,39.52000045776367,40.150001525878906,96994400,2024-12-04,2,4,12,7.127480134789006,4.13449510417116,12.200350891058667,11.746486223029688,38.34599990844727,35.322000122070314,28.879000186920166
41.13999938964844,41.13999938964844,42.83000183105469,40.91999816894531,42.41999816894531,71100400,2024-12-05,3,5,12,4.642692490146138,-3.017441854191149,11.583409430117374,11.090600636730557,39.55999984741211,36.856000137329104,29.801000118255615
43.93000030517578,43.93000030517578,44.970001220703125,41.34000015258789,42.029998779296875,108671300,2024-12-06,4,6,12,8.263148287953806,4.520584299457102,11.777705072622316,10.573481233666588,41.81800003051758,38.27900009155273,30.723500156402586
44.15999984741211,44.15999984741211,48.0,44.09000015258789,47.93000030517578,98777300,2024-12-09,0,9,12,8.854166351726663,-7.865638292842998,9.343775566274942,10.291477430302136,42.25,39.37999992370605,31.70550012588501
40.540000915527344,40.540000915527344,43.40999984741211,39.77000045776367,43.38999938964844,83380600,2024-12-10,1,10,12,8.978784675493854,-6.568330293180457,7.573254388021891,10.231271982257931,42.316000366210936,39.59300003051758,32.57100019454956
38.290000915527344,38.290000915527344,38.79999923706055,36.06999969482422,38.189998626708984,79559900,2024-12-11,2,11,12,7.129797537114343,0.26185465413560044,7.573717868486959,9.887034379772814,41.6120002746582,39.979000091552734,33.400500202178954
37.93000030517578,37.93000030517578,39.79999923706055,37.5,37.810001373291016,39402400,2024-12-12,3,12,12,6.063799679818874,0.317373518979909,7.857939306421505,9.720674368269442,40.970000457763675,40.26500015258789,34.28050022125244
36.45000076293945,36.45000076293945,37.54999923706055,35.54999923706055,37.0,64847400,2024-12-13,4,13,12,5.4869683350830005,-1.4864844244879645,7.302703315847346,9.540204194234832,39.47400054931641,40.64600028991699,35.20250024795532
33.439998626708984,33.439998626708984,35.380001068115234,31.200000762939453,31.510000228881836,82607200,2024-12-16,0,16,12,12.500001425948499,6.125034540806274,8.031870330691714,8.687822948483326,37.33000030517578,39.79000015258789,35.945500183105466
33.79999923706055,33.79999923706055,35.369998931884766,33.34000015258789,33.63999938964844,41821700,2024-12-17,1,17,12,6.00591368378213,0.475623811876001,7.437296132349369,7.505275260185631,35.98199996948242,39.14900016784668,36.558500099182126
32.22999954223633,32.22999954223633,34.720001220703125,32.0099983215332,33.79999923706055,48011000,2024-12-18,2,18,12,8.408324348930115,-4.644969616161315,7.693001494712521,7.633359681599741,34.76999969482422,38.19099998474121,36.75650005340576
31.239999771118164,31.239999771118164,33.470001220703125,30.81999969482422,32.91999816894531,39138300,2024-12-19,3,19,12,8.482719415154643,-5.103276097420792,8.176785441779677,8.017362374100593,33.431999588012694,37.20100002288818,37.02850008010864
31.59000015258789,31.59000015258789,33.470001220703125,30.510000228881836,30.950000762939453,85656300,2024-12-20,4,20,12,9.370056908906985,2.0678493501518544,8.953403156544471,8.128053236195909,32.45999946594238,35.967000007629395,37.12300004959106
32.400001525878906,32.400001525878906,32.59000015258789,31.579999923706055,31.81999969482422,26032300,2024-12-23,0,23,12,3.1172845102341022,1.8227587574396786,7.076859773401594,7.554365052046654,32.25200004577637,34.79100017547607,37.08550004959106
34.33000183105469,34.33000183105469,35.5,32.189998626708984,32.29999923706055,41339700,2024-12-24,1,24,12,9.641716273655456,6.284837900754329,7.804020291376259,7.620658211862813,32.35800056457519,34.17000026702881,36.88150014877319
33.7400016784668,33.7400016784668,35.40999984741211,33.0,35.09000015258789,28146700,2024-12-26,3,26,12,7.142856335274563,-3.8472455635527583,7.5509266886451485,7.621964091678835,32.66000099182129,33.71500034332276,36.847000217437746
31.979999542236328,31.979999542236328,33.560001373291016,31.639999389648438,33.25,32070600,2024-12-27,4,27,12,6.0037586339137095,-3.819550248913299,7.055134532396963,7.61595998708832,32.80800094604492,33.12000026702881,36.69250020980835
30.68000030517578,30.68000030517578,31.489999771118164,30.1200008392334,31.280000686645508,32119900,2024-12-30,0,30,12,4.465446278544019,-1.9181597452006676,6.074212406324368,7.513807781434421,32.6260009765625,32.54300022125244,36.59450025558472
30.479999542236328,30.479999542236328,31.389999389648438,29.950000762939453,30.8700008392334,26546700,2024-12-31,1,31,12,4.7244050142243905,-1.2633666549869627,6.395636507122426,6.736248140262011,32.242000579833984,32.24700031280518,36.01850023269653
30.049999237060547,30.049999237060547,31.389999389648438,29.899999618530273,30.969999313354492,24396500,2025-01-02,3,2,1,4.958402026448484,-2.970617038074116,5.458973657681031,6.6314969745286465,31.386000061035155,31.872000312805177,35.510500240325925
33.33000183105469,33.33000183105469,33.45000076293945,30.1299991607666,30.40999984741211,34497000,2025-01-03,4,3,1,9.961000359380401,9.602111142039583,6.022602462502199,6.786764575573675,31.304000091552734,31.98200054168701,35.08650026321411
36.45000076293945,36.45000076293945,38.5,34.91999816894531,34.95000076293945,56472600,2025-01-06,0,6,1,9.821678343268117,4.291845399873585,6.786186404373081,6.920660468385021,32.19800033569336,32.50300064086914,34.85200033187866
34.380001068115234,34.380001068115234,36.54999923706055,34.060001373291016,36.34000015258789,33287800,2025-01-07,1,7,1,7.242576458436501,-5.393503236771666,7.341612440351577,6.707912423337973,32.93800048828125,32.78200073242188,34.374500370025636
32.61000061035156,32.61000061035156,33.970001220703125,31.719999313354492,33.970001220703125,25899100,2025-01-08,2,8,1,6.899729730867906,-4.003534181572845,7.77667738368028,7.0861569454013535,33.364000701904295,32.80300064086914,33.79700040817261
32.599998474121094,32.599998474121094,34.08000183105469,31.709999084472656,32.29999923706055,29754900,2025-01-10,4,10,1,7.2699474156829,0.9287902295562043,8.238986461527164,6.848980059604098,33.874000549316406,32.630000305175784,33.4000002861023
31.079999923706055,31.079999923706055,31.239999771118164,29.010000228881836,30.84000015258789,33913100,2025-01-13,0,13,1,7.175030719789068,0.7782093707221491,7.681792533608896,6.852197498055548,33.42400016784668,32.364000129699704,33.03950023651123
30.530000686645508,30.530000686645508,32.38999938964844,30.399999618530273,31.950000762939453,21517900,2025-01-14,1,14,1,6.518177944190592,-4.444444577106492,7.021092453793392,6.9036394290832375,32.24000015258789,32.219000244140624,32.669500255584715
30.989999771118164,30.989999771118164,31.709999084472656,30.479999542236328,31.3799991607666,27416700,2025-01-15,2,15,1,3.9690208174272215,-1.2428279161206641,6.366381325591536,6.853996882971558,31.561999893188478,32.250000190734866,32.396500205993654
31.1200008392334,31.1200008392334,32.81999969482422,30.889999389648438,31.899999618530273,26766800,2025-01-16,3,16,1,6.201800299255147,-2.4451372684148382,6.226795439268985,7.001736411474633,31.263999938964844,32.31400032043457,32.28050031661987
30.81999969482422,30.81999969482422,31.829999923706055,30.760000228881836,31.75,24396500,2025-01-17,4,17,1,3.471770621087676,-2.9291348194512796,5.46716008034994,6.853073270938554,30.908000183105468,32.39100036621094,32.13150033950806
32.45000076293945,32.45000076293945,33.4900016784668,31.110000610351562,31.3799991607666,40097600,2025-01-21,1,21,1,7.334363673831988,3.4098203658037054,5.499026671158523,6.590409602383711,31.182000350952148,32.30300025939941,32.14250040054321
33.86000061035156,33.86000061035156,34.97999954223633,32.70000076293945,33.97999954223633,46466200,2025-01-22,2,22,1,6.73360525161905,-0.3531457725171827,5.542112132644215,6.281602293218804,31.84800033569336,32.044000244140626,32.27350044250488
33.40999984741211,33.40999984741211,33.849998474121094,32.790000915527344,33.25,21534400,2025-01-23,3,23,1,3.1726954906761424,0.4812025486078477,5.382847067293999,5.874614196442769,32.33200035095215,31.947000122070314,32.36450042724609
33.27000045776367,33.27000045776367,34.70000076293945,33.060001373291016,34.0,31728400,2025-01-24,4,24,1,4.92936389264683,-2.147057477165671,5.128359785972336,5.677577612620661,32.762000274658206,32.013000106811525,32.40800037384033
29.06999969482422,29.06999969482422,31.950000762939453,28.420000076293945,30.309999465942383,59858800,2025-01-27,0,27,1,12.143105344696679,-4.091058373364477,6.862626730694136,6.164893405522038,32.412000274658205,31.660000228881835,32.145000267028806
28.18000030517578,28.18000030517578,29.700000762939453,27.219999313354492,29.440000534057617,35715300,2025-01-28,1,28,1,8.800572827280853,-4.2798920041601445,7.155868561383909,6.3274476162712165,31.55800018310547,31.370000267028807,31.86700019836426
27.799999237060547,27.799999237060547,28.510000228881836,27.610000610351562,28.31999969482422,25802700,2025-01-29,2,29,1,3.2374087885961953,-1.8361598282739655,6.456629268779338,5.999370700711777,30.345999908447265,31.097000122070312,31.658000183105468
28.639999389648438,28.639999389648438,28.809999465942383,27.809999465942383,28.579999923706055,22577100,2025-01-30,3,30,1,3.491620186142313,0.20993515081368305,6.520414207872572,5.951630637583286,29.391999816894533,30.86200008392334,31.5560001373291
28.520000457763672,28.520000457763672,30.760000228881836,28.34000015258789,28.700000762939453,37988200,2025-01-31,4,31,1,8.485273623602543,-0.627178747006227,7.231596154063714,6.179977970018026,28.44199981689453,30.602000045776368,31.45800018310547
26.850000381469727,26.850000381469727,27.610000610351562,25.709999084472656,27.200000762939453,44755500,2025-02-03,0,3,2,7.076355675548424,-1.2867660722517666,6.218246220234064,6.540436475464101,27.997999954223634,30.205000114440917,31.298000240325926
29.15999984741211,29.15999984741211,29.450000762939453,27.350000381469727,27.81999969482422,35954600,2025-02-04,1,4,2,7.201647436414844,4.816679249774368,5.898461142060863,6.527164851722387,28.1939998626709,29.876000022888185,31.089500141143798
31.489999771118164,31.489999771118164,33.130001068115234,29.75,31.030000686645508,82863100,2025-02-05,2,5,2,10.733569681430378,1.4824333686548312,7.397693320627698,6.927161294703519,28.931999969482423,29.638999938964844,30.841500091552735
33.84000015258789,33.84000015258789,34.45000076293945,31.850000381469727,31.969999313354492,66262400,2025-02-06,3,6,2,7.6832162226538685,5.849236407247161,8.23601252793001,7.378213367901291,29.972000122070312,29.681999969482423,30.814500045776366
36.279998779296875,36.279998779296875,36.959999084472656,34.33000183105469,34.54999923706055,72679900,2025-02-07,4,7,2,7.249165771523599,5.007234675654116,7.9887909575142215,7.610193555788969,31.523999786376955,29.982999801635742,30.997999954223634
42.650001525878906,42.650001525878906,42.880001068115234,37.36000061035156,38.0,134627800,2025-02-10,0,10,2,12.942556296074878,12.236846120733965,9.162031081619512,7.690138650926789,34.68400001525879,31.34099998474121,31.500500106811522
38.61000061035156,38.61000061035156,42.38999938964844,38.41999816894531,40.59000015258789,153179100,2025-02-11,1,11,2,10.282313281390483,-4.878047634375507,9.77816425061464,7.838312696337752,36.57400016784668,32.38400001525879,31.8770001411438
39.68000030517578,39.68000030517578,43.88999938964844,38.86000061035156,42.29999923706055,161454200,2025-02-12,2,12,2,12.676408116460552,-6.1938510145156,10.166731937620673,8.782212629124187,38.2120002746582,33.572000122070314,32.33450012207031
42.279998779296875,42.279998779296875,43.290000915527344,37.5,39.0099983215332,110368100,2025-02-13,3,13,2,13.694420725391593,8.38246756847118,11.368972838168219,9.802492683049115,39.9,34.93600006103516,32.89900007247925
47.90999984741211,47.90999984741211,48.18000030517578,42.849998474121094,42.939998626708984,133562000,2025-02-14,4,14,2,11.125029947881728,11.5742929195432,12.144145673439846,10.066468315477033,42.226000213623045,36.875,33.73850002288818
55.79999923706055,55.79999923706055,56.22999954223633,50.9900016784668,51.0,163200100,2025-02-18,1,18,2,9.390677303610598,9.411763209922642,11.43376987494699,10.297900478283252,44.85599975585937,39.76999988555908,34.9875
60.25,60.25,66.44000244140625,55.61000061035156,59.040000915527344,337992700,2025-02-19,2,19,2,17.97510677353475,2.049456412109286,12.972328573375842,11.375246411995242,49.183999633789064,42.878999900817874,36.377499961853026
59.27000045776367,59.27000045776367,62.470001220703125,54.29999923706055,57.209999084472656,181555200,2025-02-20,3,20,2,13.784379822073047,3.600771554373473,13.19392291449834,11.68032742605951,53.10199966430664,45.65699996948242,37.647999954223636
56.06999969482422,56.06999969482422,62.43000030517578,55.06999969482422,61.0,104690400,2025-02-21,4,21,2,13.126450241502246,-8.08196771340292,13.080328817720474,12.224650827944348,55.85999984741211,47.87999992370605,38.780999946594235
51.61000061035156,51.61000061035156,56.25,50.2599983215332,53.880001068115234,84122600,2025-02-24,0,24,2,11.606280968083084,-4.213066838833079,13.176579021760745,12.660362347600294,56.6,49.41300010681152,39.69799995422363
45.540000915527344,45.540000915527344,50.66999816894531,44.0,50.119998931884766,146548400,2025-02-25,1,25,2,14.646460331253763,-9.138064872231615,14.227735627289377,12.830752751118183,54.54800033569336,49.702000045776366,40.52150001525879
51.11000061035156,51.11000061035156,56.189998626708984,50.04999923706055,55.02000045776367,144521900,2025-02-26,2,26,2,12.013303299403352,-7.106506388369874,13.035374932463096,13.00385175291947,52.720000457763675,50.952000045776366,41.668000030517575
42.95000076293945,42.95000076293945,50.0,42.54999923706055,49.06999969482422,121404800,2025-02-27,3,27,2,17.345752341331465,-12.471976706635864,13.747649436314783,13.470786175406563,49.45600051879883,51.27900009155273,42.425500106811526
41.459999084472656,41.459999084472656,43.4900016784668,38.880001068115234,40.22999954223633,96058000,2025-02-28,4,28,2,11.119152706585735,3.05741873286622,13.346189929331478,13.213259373525975,46.534000396728516,51.197000122070314,43.06650009155273
36.06999969482422,36.06999969482422,42.380001068115234,35.61000061035156,42.279998779296875,104518500,2025-03-03,0,3,3,18.769061588695042,-14.687793906733718,14.778746053453869,13.977662537607307,43.42600021362305,50.013000106811525,43.44400005340576
39.13999938964844,39.13999938964844,40.61000061035156,34.5099983215332,35.0,109691900,2025-03-04,1,4,3,15.585085293669318,11.828569684709823,14.96647104593698,14.597103336613179,42.145999908447266,48.34700012207031,44.0585000038147
38.900001525878906,38.900001525878906,40.900001525878906,38.22999954223633,39.349998474121094,69735700,2025-03-05,2,5,3,6.863758043470288,-1.1435755163704322,13.936561994750368,13.485968463606733,39.704000091552736,46.2120002746582,44.545500087738034
37.04999923706055,37.04999923706055,39.65999984741211,35.65999984741211,37.5,71552600,2025-03-06,3,6,3,10.796221544854612,-1.2000020345052083,12.626655835454997,13.187152635884889,38.523999786376955,43.99000015258789,44.823500061035155
38.2400016784668,38.2400016784668,38.4900016784668,35.36000061035156,36.369998931884766,59174000,2025-03-07,4,7,3,8.185148877432605,5.141607922739425,12.03985506962437,12.693022499477925,37.880000305175784,42.20700035095215,45.043500137329104
36.900001525878906,36.900001525878906,39.45000076293945,35.9900016784668,37.79999923706055,73154000,2025-03-10,0,10,3,9.376690898091349,-2.380946373933386,10.161380931503633,12.470063492478753,38.04600067138672,40.73600044250488,45.074500274658206
40.84000015258789,40.84000015258789,41.470001220703125,36.61000061035156,36.810001373291016,95890600,2025-03-11,1,11,3,11.900099393225887,10.948108201433005,9.424383751414947,12.195427398675964,38.38600082397461,40.26600036621094,44.98400020599365
42.470001220703125,42.470001220703125,44.9900016784668,41.849998474121094,43.959999084472656,92434500,2025-03-12,2,12,3,7.3934615354214435,-3.3894401610572853,9.530324449805176,11.733443222277774,39.10000076293945,39.402000427246094,45.17700023651123
39.08000183105469,39.08000183105469,42.970001220703125,38.900001525878906,42.130001068115234,56116700,2025-03-13,3,13,3,10.414533019775906,-7.23949480117351,9.453986744789436,11.040321290122218,39.50600128173828,39.01500053405762,45.147000312805176
42.16999816894531,42.16999816894531,42.2599983215332,40.25,40.47999954223633,57205600,2025-03-14,4,14,3,4.766417853471474,4.174897840464798,8.77024053999721,10.405047804810792,40.29200057983398,39.08600044250488,45.141500282287595
41.939998626708984,41.939998626708984,43.16999816894531,40.900001525878906,42.68000030517578,40651100,2025-03-17,0,17,3,5.412486212197408,-1.7338370974122446,7.977399602818423,9.069390267161028,41.3,39.67300033569336,44.84300022125244
37.900001525878906,37.900001525878906,41.22999954223633,37.849998474121094,41.06999969482422,53505500,2025-03-18,1,18,3,8.918208263942416,-7.718524939129246,7.381021376961729,8.402702564188338,40.7120002746582,39.5490005493164,43.94800033569336
40.099998474121094,40.099998474121094,41.310001373291016,38.150001525878906,38.790000915527344,60767800,2025-03-19,2,19,3,7.8802991712118,3.3771526879994687,7.478388904119799,8.504356676962491,40.237999725341794,39.669000244140626,42.940500259399414
39.099998474121094,39.099998474121094,40.70000076293945,38.54999923706055,39.810001373291016,43863900,2025-03-20,3,20,3,5.4987253447130335,-1.7834787105691259,6.495227369107225,7.974607056948332,40.24199905395508,39.87400016784668,41.932000160217285
42.150001525878906,42.150001525878906,42.630001068115234,38.90999984741211,39.2599983215332,64539600,2025-03-21,4,21,3,8.825625352395656,7.361190341061739,7.307068868892062,8.038654704444635,40.237999725341794,40.26500015258789,41.23600025177002
41.720001220703125,41.720001220703125,42.70000076293945,39.720001220703125,40.810001373291016,85032200,2025-03-24,0,24,3,7.142855836632942,2.2298451771375785,7.653142793779169,7.815271198298797,40.194000244140625,40.74700012207031,40.741500282287596
40.63999938964844,40.63999938964844,43.38999938964844,40.09000015258789,41.58000183105469,57736800,2025-03-25,1,25,3,8.120076984797155,-2.260708032735569,7.493516537950117,7.437268957455923,40.741999816894534,40.727000045776364,40.496500205993655
37.040000915527344,37.040000915527344,40.84000015258789,36.619998931884766,40.29999923706055,59258300,2025-03-26,2,26,3,11.393091566944538,-8.089326013026955,8.196075017096664,7.837231960608233,40.130000305175784,40.18400001525879,39.79300022125244
34.720001220703125,34.720001220703125,36.779998779296875,34.65999984741211,36.38999938964844,48512300,2025-03-27,3,27,3,6.105987492364013,-4.589167894903464,8.317527446626858,7.406377407867043,39.25400085449219,39.74799995422363,39.381500244140625
34.2599983215332,34.2599983215332,36.09000015258789,33.88999938964844,34.7599983215332,45561600,2025-03-28,4,28,3,6.4214853202625575,-1.4384350521969353,7.83669944020024,7.571884154546153,37.67600021362305,38.956999969482425,39.021500205993654
34.2400016784668,34.2400016784668,34.56999969482422,32.13999938964844,32.75,43814800,2025-03-31,0,31,3,7.096963160209143,4.549623445700143,7.827520904915481,7.740331849347325,36.18000030517578,38.1870002746582,38.93000030517578
35.04999923706055,35.04999923706055,35.900001525878906,33.900001525878906,34.25,41752300,2025-04-01,1,1,4,5.706134218357629,2.3357641957972173,7.344732351627575,7.419124444788847,35.0620002746582,37.90200004577637,38.72550029754639
35.09000015258789,35.09000015258789,36.04999923706055,33.77000045776367,34.02000045776367,39934500,2025-04-02,2,2,4,6.4975741504199584,3.145207761395062,6.365628868322659,7.2808519427096625,34.672000122070315,37.40100021362305,38.535000228881835
32.31999969482422,32.31999969482422,33.15999984741211,31.549999237060547,32.029998779296875,45050100,2025-04-03,3,3,4,4.981437579064677,0.905404079237089,6.140718885662791,7.229123166144826,34.19199981689453,36.72300033569336,38.29850025177002
29.81999969482422,29.81999969482422,31.190000534057617,27.649999618530273,30.700000762939453,54490200,2025-04-04,4,4,4,11.871230555853336,-2.866452919367864,7.230667932780948,7.533683686490593,33.30400009155274,35.49000015258789,37.87750015258789
33.0,33.0,34.150001525878906,27.600000381469727,27.90999984741211,73010200,2025-04-07,0,7,4,19.848488316391453,18.23719161739748,9.78097296401741,8.804246934466445,33.055999755859375,34.61800003051758,37.68250007629395
31.709999084472656,31.709999084472656,35.4900016784668,30.920000076293945,35.13999938964844,61430900,2025-04-08,1,8,4,14.411862926891825,-9.760957213295208,11.522118705724248,9.433425528675912,32.3879997253418,33.725,37.226000022888186
36.709999084472656,36.709999084472656,37.38999938964844,31.40999984741211,32.0,69891800,2025-04-09,2,9,4,16.28983844013689,14.71874713897705,13.480571563667635,9.923100215995147,32.71199951171875,33.69199981689453,36.93799991607666
33.68000030517578,33.68000030517578,35.47999954223633,32.5,35.09000015258789,38130400,2025-04-10,3,10,4,8.847979558297023,-4.018238362156637,14.253879959514103,10.197299422588449,32.98399963378906,33.587999725341795,36.667999839782716
33.150001525878906,33.150001525878906,34.33000183105469,32.56999969482422,34.08000183105469,27608700,2025-04-11,4,11,4,5.309206803072103,-2.7288739882881634,12.941475208957858,10.086071570869404,33.65,33.477000045776364,36.217000007629395
33.119998931884766,33.119998931884766,35.119998931884766,32.970001220703125,35.029998779296875,33565600,2025-04-14,0,14,4,6.491539192387559,-5.452469066430401,10.27008538415708,10.025529174087245,33.67399978637695,33.364999771118164,35.776000022888184
33.47999954223633,33.47999954223633,34.59000015258789,33.06999969482422,33.220001220703125,27661300,2025-04-15,1,15,4,4.540025324212241,0.7826559662230501,8.29571786362116,9.908918284672705,34.02799987792969,33.207999801635744,35.554999923706056
31.889999389648438,31.889999389648438,33.650001525878906,30.920000076293945,31.860000610351562,38843500,2025-04-16,2,16,4,8.560682037739785,0.09415812530502013,6.74988658314174,10.115229073404688,33.06399993896484,32.8879997253418,35.144499969482425
31.510000228881836,31.510000228881836,32.25,30.440000534057617,32.08000183105469,26958500,2025-04-17,3,17,4,5.744206451269241,-1.7768128729377684,6.129131961736183,10.191505960625145,32.62999992370605,32.80699977874756,34.76500005722046
29.510000228881836,29.510000228881836,30.90999984741211,28.899999618530273,30.75,35384400,2025-04-21,0,21,4,6.811251146364349,-4.032519580872078,6.429540830394633,9.685508019676245,31.90199966430664,32.77599983215332,34.13299999237061
30.579999923706055,30.579999923706055,31.049999237060547,29.56999969482422,30.079999923706055,32367200,2025-04-22,1,22,4,4.839763067131375,1.6622340467692283,6.099185605343396,8.184635494750237,31.3939998626709,32.533999824523924,33.575999927520755
32.900001525878906,32.900001525878906,34.9900016784668,32.630001068115234,33.02000045776367,56445100,2025-04-23,2,23,4,7.173253802116705,-0.36341287165715785,6.62583130092429,7.460774582272725,31.278000259399413,32.653000068664554,33.189000034332274
35.810001373291016,35.810001373291016,36.47999954223633,33.5099983215332,33.650001525878906,50380400,2025-04-24,3,24,4,8.293775779964946,6.419018571963325,6.572450049369321,6.661168316255531,32.06200065612793,32.56300029754639,33.12750005722046
36.470001220703125,36.470001220703125,36.7400016784668,35.29999923706055,35.90999984741211,38163400,2025-04-25,4,25,4,3.948457343590096,1.5594580219174596,6.213300227833492,6.171216094784839,33.05400085449219,32.84200038909912,33.21500005722046
37.27000045776367,37.27000045776367,37.81999969482422,36.060001373291016,36.540000915527344,42508700,2025-04-28,0,28,4,4.722292191886947,1.9978093156700536,5.795508436938013,6.1125246336663235,34.606000900268555,33.2540002822876,33.365500164031985
36.0,36.0,37.290000915527344,35.939998626708984,36.91999816894531,43312300,2025-04-29,1,29,4,3.750006357828776,-2.4918694869252587,5.577557095077493,5.838371350210445,35.69000091552734,33.54200038909912,33.45350008010864
31.860000610351562,31.860000610351562,32.0,28.780000686645508,29.1200008392334,98230500,2025-04-30,2,30,4,10.10671453756435,9.409339602169792,6.164249242167021,6.395040271545656,35.482000732421874,33.38000049591064,33.29400014877319
32.72999954223633,32.72999954223633,33.779998779296875,31.149999618530273,32.150001525878906,55087500,2025-05-01,3,1,5,8.03543903926038,1.8040372902954818,6.112581894026109,6.342515971697717,34.86600036621094,33.46400051116943,33.176000118255615
33.709999084472656,33.709999084472656,34.130001068115234,32.689998626708984,32.939998626708984,45306800,2025-05-02,4,2,5,4.271736815530017,2.337584972269327,6.177237788414093,6.195269008123793,34.31399993896484,33.684000396728514,33.24550008773804
32.16999816894531,32.16999816894531,33.4900016784668,32.119998931884766,33.099998474121094,33477400,2025-05-05,0,5,5,4.258634829219657,-2.8096687252203134,6.084506315880635,5.940007376409325,33.29399948120117,33.95000019073486,33.36300001144409
32.939998626708984,32.939998626708984,33.34000015258789,31.520000457763672,31.719999313354492,44675900,2025-05-06,1,6,5,5.525196632365658,3.8461517647034067,6.439544370788011,6.008550732932752,32.68199920654297,34.18600006103516,33.35999994277954
32.47999954223633,32.47999954223633,32.970001220703125,30.540000915527344,31.100000381469727,58448500,2025-05-07,2,7,5,7.481528138619148,4.437296282442635,5.9145070909989705,6.039378166582996,32.805998992919925,34.143999862670896,33.398499965667725
32.11000061035156,32.11000061035156,33.189998626708984,31.950000762939453,32.93000030517578,42736600,2025-05-08,3,8,5,3.8617185929600484,-2.490129630200262,5.079763001738905,5.596172447882507,32.68199920654297,33.773999786376955,33.16850004196167
31.989999771118164,31.989999771118164,32.84000015258789,31.200000762939453,32.130001068115234,31459200,2025-05-09,4,9,5,5.126600191879631,-0.4357338697258963,5.2507356770088265,5.713986732711461,32.33799934387207,33.325999641418456,33.08400001525879
33.52000045776367,33.52000045776367,35.06999969482422,32.95000076293945,33.88999938964844,51333900,2025-05-12,0,12,5,6.324579066029655,-1.0917643509836719,5.6639245243708265,5.874215420125731,32.60799980163574,32.950999641418456,33.10249996185303
38.88999938964844,38.88999938964844,39.099998474121094,34.18000030517578,34.459999084472656,96752000,2025-05-13,1,13,5,12.651062602626052,12.855485846985692,7.089097718422906,6.764321044605458,33.797999954223634,33.2399995803833,33.390999984741214
45.0,45.0,46.56999969482422,43.08000183105469,45.93000030517578,169224100,2025-05-14,2,14,5,7.755550808376737,-2.0248210298204175,7.1439022523744224,6.529204671686697,36.30200004577637,34.553999519348146,33.967000007629395
43.959999084472656,43.959999084472656,45.380001068115234,41.40999984741211,44.04999923706055,87035100,2025-05-15,3,15,5,9.03094018058201,-0.20431363029893285,8.177746569898815,6.6287547858188605,38.67199974060058,35.676999473571776,34.57049999237061
46.150001525878906,46.150001525878906,47.79999923706055,45.029998779296875,45.5,99288900,2025-05-16,4,16,5,6.002167640688758,1.4285747821514423,8.35286005966064,6.801797868334735,41.50400009155273,36.920999717712405,35.302500057220456
44.790000915527344,44.790000915527344,46.40999984741211,44.13999938964844,44.22999954223633,45618300,2025-05-19,0,19,5,5.068096475471898,1.266112093797913,8.10156354154909,6.882744032959958,43.758000183105466,38.182999992370604,36.06650009155273
42.77000045776367,42.77000045776367,44.83000183105469,42.400001525878906,44.790000915527344,43284200,2025-05-20,1,20,5,5.6815531427816115,-4.509936183241734,6.707661649580201,6.898379684001554,44.534000396728516,39.16600017547607,36.676000118255615
41.650001525878906,41.650001525878906,44.33000183105469,41.22999954223633,43.529998779296875,54954000,2025-05-21,2,21,5,7.44298241355933,-4.318854367420995,6.645147970616721,6.894525111495573,43.864000701904295,40.083000373840335,37.113500118255615
41.31999969482422,41.31999969482422,42.439998626708984,41.18000030517578,41.689998626708984,30515100,2025-05-22,3,22,5,3.0493667251673084,-0.8875004655138636,5.44883327953378,6.813289924716298,43.33600082397461,41.0040002822876,37.38900003433228
40.09000015258789,40.09000015258789,40.47999954223633,39.11000061035156,39.77000045776367,37900700,2025-05-23,4,23,5,3.4173083728370335,0.8046258263538698,4.931861425963435,6.642360742812038,42.124000549316406,41.81400032043457,37.56999998092651
41.56999969482422,41.56999969482422,43.09000015258789,40.810001373291016,41.40999984741211,40092300,2025-05-27,1,27,5,5.4847216647460115,0.3863797343677326,5.0151864638182575,6.558375002683674,41.48000030517578,42.61900024414062,37.78499994277954
41.959999084472656,41.959999084472656,42.939998626708984,40.95000076293945,41.93000030517578,39353300,2025-05-28,2,28,5,4.742607023806948,0.07154490598267893,4.827397240023325,5.767529444801764,41.31800003051758,42.92600021362305,38.08299989700318
41.150001525878906,41.150001525878906,43.970001220703125,41.040000915527344,43.16999816894531,35885100,2025-05-29,3,29,5,7.1202920936300025,-4.679167775641712,4.76285917603746,5.70400357332709,41.21800003051758,42.54100036621094,38.54749994277954
40.02000045776367,40.02000045776367,40.93000030517578,39.04999923706055,40.709999084472656,34887500,2025-05-30,4,30,5,4.697653789632889,-1.694911919003602,5.092516588930575,5.270674934232178,40.95800018310547,42.14700050354004,38.911999988555905
41.20000076293945,41.20000076293945,41.2400016784668,39.5099983215332,39.650001525878906,25940400,2025-06-02,0,2,6,4.199037196353112,3.909203473923924,5.2488623536337915,5.090361889798613,41.18000030517578,41.652000427246094,39.28650007247925
43.189998626708984,43.189998626708984,43.900001525878906,41.130001068115234,41.33000183105469,41728700,2025-06-03,1,3,6,6.413522912340833,4.500354980039526,5.434622603152755,5.224904533485507,41.50400009155273,41.49200019836426,39.83750009536743
44.130001068115234,44.130001068115234,44.720001220703125,42.880001068115234,43.93000030517578,31201600,2025-06-04,2,4,6,4.169499451739932,0.45527148087884095,5.320001088739351,5.073699164381339,41.93800048828125,41.628000259399414,40.39700021743774
40.77000045776367,40.77000045776367,44.18000030517578,40.34000015258789,43.59000015258789,40439400,2025-06-05,3,5,6,9.418690481904703,-6.469372986815185,5.779680766394292,5.271269971215877,41.8620002746582,41.54000015258789,40.811500263214114
41.54999923706055,41.54999923706055,42.41999816894531,41.38999938964844,42.040000915527344,25509600,2025-06-06,4,6,6,2.478938142502219,-1.1655605799138227,5.335937636968159,5.214227112949368,42.168000030517575,41.56300010681152,41.28350019454956
43.119998931884766,43.119998931884766,43.369998931884766,41.880001068115234,42.2400016784668,27406300,2025-06-09,0,9,6,3.455468229772527,2.0833267482244815,5.187223843652041,5.218043098642917,42.55199966430664,41.86599998474121,41.84000015258789
42.90999984741211,42.90999984741211,43.650001525878906,42.34000015258789,43.189998626708984,21494900,2025-06-10,1,10,6,3.05290463283472,-0.6482954114375032,4.515100187750819,4.9748613954517875,42.49599990844727,42.0,42.30950012207031
43.209999084472656,43.209999084472656,44.54999923706055,42.779998779296875,43.650001525878906,34008900,2025-06-11,2,11,6,4.096275156829879,-1.0080238855097965,4.500455328768808,4.910228208754081,42.31199951171875,42.125,42.52550010681152
43.36000061035156,43.36000061035156,44.08000183105469,42.31999969482422,42.650001525878906,24671700,2025-06-12,3,12,6,4.059045460000049,1.6647105722653897,3.428526324387877,4.6041035453910855,42.82999954223633,42.34599990844727,42.4435001373291
41.560001373291016,41.560001373291016,42.470001220703125,40.7400016784668,42.029998779296875,36493500,2025-06-13,4,13,6,4.162655161383443,-1.118242730564557,3.7652697281641223,4.55060368256614,42.831999969482425,42.5,42.32350025177002
43.689998626708984,43.689998626708984,44.41999816894531,42.06999969482422,42.279998779296875,33860900,2025-06-16,0,16,6,5.3788018951423595,3.334909858376202,4.149936461238089,4.668580152445065,42.94599990844726,42.748999786376956,42.200500106811525
43.11000061035156,43.11000061035156,44.220001220703125,42.90999984741211,43.2400016784668,20761000,2025-06-17,1,17,6,3.0387412543354464,-0.3006500070974187,4.147103785538234,4.331101986644527,42.986000061035156,42.74099998474121,42.11650009155274
44.470001220703125,44.470001220703125,45.66999816894531,42.790000915527344,43.06999969482422,40654600,2025-06-18,2,18,6,6.476269787186735,3.250525971206697,4.623102711609606,4.561779020189208,43.23800048828125,42.775,42.20150012969971
45.31999969482422,45.31999969482422,46.18000030517578,44.13999938964844,45.70000076293945,51588500,2025-06-20,4,20,6,4.501325969250442,-0.8315121701778992,4.711558813459684,4.070042568923781,43.630000305175784,43.22999992370605,42.38500003814697
40.88999938964844,40.88999938964844,43.599998474121094,40.779998779296875,43.470001220703125,69270800,2025-06-23,0,23,6,6.896551080746946,-5.935131719816768,5.258337997332385,4.511803862748254,43.49599990844727,43.16399993896484,42.36350002288818
42.84000015258789,42.84000015258789,43.150001525878906,41.060001373291016,41.38999938964844,58068400,2025-06-24,1,24,6,4.87861845271641,3.503263552359693,5.158301308847195,4.654118885042642,43.32600021362305,43.136000061035155,42.501000022888185
46.61000061035156,46.61000061035156,46.93000030517578,43.119998931884766,43.34000015258789,86439500,2025-06-25,2,25,6,8.174214381891376,7.54499410763942,6.185395934358381,5.166249859948307,44.02600021362305,43.5060001373291,42.75300006866455
49.27000045776367,49.27000045776367,49.52000045776367,46.06999969482422,47.060001373291016,72397600,2025-06-26,3,26,6,7.002234079329753,4.69613051419702,6.290588792786984,5.456845752198295,44.986000061035156,44.1120002746582,43.1185001373291
47.58000183105469,47.58000183105469,49.970001220703125,46.86000061035156,49.47999954223633,53757300,2025-06-27,4,27,6,6.536360846295127,-3.8399307371856275,6.69759576819592,5.704577290827803,45.43800048828125,44.534000396728516,43.44000015258789
49.0099983215332,49.0099983215332,50.54999923706055,48.22999954223633,48.70000076293945,49238000,2025-06-30,0,30,6,4.733727350088269,0.636545284881509,6.265031022064185,5.761684509698286,47.0620002746582,45.27900009155273,43.889500045776366
47.20000076293945,47.20000076293945,48.66999816894531,46.369998931884766,48.2400016784668,42243100,2025-07-01,1,1,7,4.87287966076997,-2.155889053361239,6.263883263674897,5.711092286261047,47.934000396728514,45.630000305175784,44.18950004577637
48.7400016784668,48.7400016784668,48.880001068115234,47.06999969482422,47.189998626708984,27703100,2025-07-02,2,2,7,3.713584962986715,3.284600756230006,5.371757379893966,5.778576657126173,48.36000061035156,46.193000411987306,44.46700019836426
48.560001373291016,48.560001373291016,49.630001068115234,48.41999816894531,49.22999954223633,18665600,2025-07-03,3,3,7,2.491768667526126,-1.360955058247553,4.46966429753324,5.380126545160112,48.21800079345703,46.6020004272461,44.688500213623044
47.11000061035156,47.11000061035156,48.349998474121094,46.220001220703125,48.22999954223633,33006700,2025-07-07,0,7,7,4.52132716158348,-2.3222039032033415,4.06665756059091,5.382126664393416,48.124000549316406,46.78100051879883,45.00550022125244
49.11000061035156,49.11000061035156,49.2599983215332,47.36000061035156,47.439998626708984,29002600,2025-07-08,1,8,7,3.8688611027651936,3.5202403709648458,3.8936843111262953,5.079357666595241,48.14400100708008,47.60300064086914,45.383500289916995
50.02000045776367,50.02000045776367,50.20000076293945,48.369998931884766,48.75,35063600,2025-07-09,2,9,7,3.6585402125294273,2.605129144130609,3.6508164214781873,4.9573498425765425,48.70800094604492,48.32100067138672,45.72850036621094
50.36000061035156,50.36000061035156,51.70000076293945,49.68000030517578,50.79999923706055,33264400,2025-07-10,3,10,7,4.011120796826317,-0.8661390419627969,3.7103235882461076,4.541040484070036,49.03200073242188,48.69600067138672,46.10100040435791
49.2400016784668,49.2400016784668,50.2599983215332,49.08000183105469,49.7599983215332,24861400,2025-07-11,4,11,7,2.396418461119877,-1.0450093661707023,3.6912535469648575,4.080458922249049,49.16800079345703,48.69300079345703,46.402500534057616
49.72999954223633,49.72999954223633,50.65999984741211,48.779998779296875,49.2400016784668,25603000,2025-07-14,0,14,7,3.78041641950655,0.9951215415652855,3.543071398549472,3.804864479570192,49.69200057983399,48.9080005645752,46.72100048065185
53.16999816894531,53.16999816894531,54.20000076293945,51.529998779296875,51.869998931884766,62012800,2025-07-15,1,15,7,5.021632641699112,2.506264244901363,3.7736257063362553,3.833655008731276,50.50400009155273,49.32400054931641,47.30150032043457
53.220001220703125,53.220001220703125,53.290000915527344,51.41999816894531,53.04999923706055,30066100,2025-07-16,2,16,7,3.5137217280907933,0.32045614719597454,3.744662009448528,3.6977392154633586,51.14400024414063,49.92600059509277,47.77800045013428
52.75,52.75,54.150001525878906,52.61000061035156,53.5099983215332,31534600,2025-07-17,3,17,7,2.9194330152177135,-1.4202921797277814,3.526324453126808,3.618324020686458,51.62200012207031,50.32700042724609,48.2600004196167
51.77000045776367,51.77000045776367,53.869998931884766,51.27000045776367,53.33000183105469,31842400,2025-07-18,4,18,7,5.022210645414792,-2.9251852985735476,4.05148288998579,3.8713682184753244,52.12799987792969,50.64800033569336,48.625000381469725
51.5,51.5,53.97999954223633,51.400001525878906,52.689998626708984,38140200,2025-07-21,0,21,7,5.009704886130916,-2.2584905251938356,4.297340583310664,3.920205990930069,52.48199996948242,51.0870002746582,48.934000396728514
49.86000061035156,49.86000061035156,51.86000061035156,48.849998474121094,51.84000015258789,31829300,2025-07-22,1,22,7,6.036907539879882,-3.81944355017037,4.500395562946818,4.137010634641537,51.82000045776367,51.162000274658205,49.38250045776367
51.70000076293945,51.70000076293945,52.15999984741211,50.58000183105469,50.70000076293945,25249600,2025-07-23,2,23,7,3.0560889613951905,1.9723865580905025,4.408869009607697,4.076765509528114,51.51600036621094,51.33000030517578,49.82550048828125
52.52000045776367,52.52000045776367,53.349998474121094,51.33000183105469,51.81999969482422,37679300,2025-07-24,3,24,7,3.8461474209065893,1.3508312756886587,4.5942118907454725,4.060268171936141,51.470000457763675,51.54600028991699,50.12100048065186
54.470001220703125,54.470001220703125,54.52000045776367,51.619998931884766,52.150001525878906,34308400,2025-07-25,4,25,7,5.3240342590201095,4.44870494140435,4.654576613466536,4.353029751726163,52.01000061035156,52.069000244140625,50.38100051879883
60.04999923706055,60.04999923706055,60.08000183105469,55.29999923706055,55.810001373291016,72578800,2025-07-28,0,28,7,7.960037726435319,7.59720078738193,5.244643181527417,4.770991882419041,53.720000457763675,53.101000213623045,51.00450038909912
58.630001068115234,58.630001068115234,61.47999954223633,58.150001525878906,59.72999954223633,57488300,2025-07-29,1,29,7,5.67968268069566,-1.8416180856376232,5.173198209690573,4.836796886318696,55.47400054931641,53.64700050354004,51.485500526428225
60.709999084472656,60.709999084472656,62.279998779296875,59.02000045776367,59.560001373291016,53032900,2025-07-30,2,30,7,5.369788125012488,1.9308221703590214,5.635938042414032,5.022403526010866,57.27600021362305,54.39600028991699,52.161000442504886
58.970001220703125,58.970001220703125,62.36000061035156,58.459999084472656,62.11000061035156,46751800,2025-07-31,3,31,7,6.613534755209905,-5.055545578476632,6.189415509274695,5.3918137000100845,58.566000366210936,55.0180004119873,52.672500419616696
56.63999938964844,56.63999938964844,58.04999923706055,55.06999969482422,57.11000061035156,40840300,2025-08-01,4,1,8,5.26129868352533,-0.8229753382596431,6.176868394175739,5.415722503821138,59.0,55.505000305175784,53.07650032043457
58.22999954223633,58.22999954223633,59.189998626708984,57.619998931884766,58.15999984741211,32743600,2025-08-04,0,4,8,2.6962042025870896,0.12035710971091665,5.124101689406093,5.184372435466755,58.636000061035155,56.17800025939941,53.63250026702881
57.2599983215332,57.2599983215332,59.400001525878906,56.790000915527344,58.810001373291016,49970600,2025-08-05,1,5,8,4.558156980193353,-2.6356113170603623,4.8997965493056315,5.036497379498103,58.36199951171875,56.918000030517575,54.04000015258789
46.790000915527344,46.790000915527344,48.130001068115234,44.83000183105469,47.33000183105469,115217900,2025-08-06,2,6,8,7.052787288930008,-1.140927307492797,5.2363963820891355,5.4361672122515845,55.577999877929685,56.42700004577637,53.87850017547608
46.66999816894531,46.66999816894531,48.81999969482422,46.56999969482422,47.150001525878906,43942200,2025-08-07,3,7,8,4.821084397421667,-1.0180346583236852,4.877906310531488,5.533660909903093,53.11799926757813,55.84199981689453,53.69400005340576
44.599998474121094,44.599998474121094,47.369998931884766,44.529998779296875,46.90999984741211,43796800,2025-08-08,4,8,8,6.367713564465221,-4.9243261155509295,5.099189286719467,5.638028840447603,50.709999084472656,54.85499954223633,53.46199989318848
45.20000076293945,45.20000076293945,46.47999954223633,44.97999954223633,45.08000183105469,31865900,2025-08-11,0,11,8,3.318584014781445,0.2661910537059935,5.223665249158338,5.173883469282216,48.103999328613284,53.369999694824216,53.235499954223634
46.43000030517578,46.43000030517578,46.599998474121094,44.79999923706055,45.66999816894531,30326100,2025-08-12,1,12,8,3.8768021219674473,1.66411685286043,5.087394277513156,4.993595413409395,45.9379997253418,52.14999961853027,52.89850006103516
46.06999969482422,46.06999969482422,46.63999938964844,45.560001373291016,46.43000030517578,26004400,2025-08-13,2,13,8,2.344254446519468,-0.7753620675971252,4.145687709031049,4.691042045560093,45.79399948120117,50.68599967956543,52.54099998474121
45.4900016784668,45.4900016784668,45.66999816894531,44.66999816894531,45.349998474121094,22948700,2025-08-14,3,14,8,2.198285256325592,0.30871710927530843,3.6211278808118337,4.249517095671662,45.55800018310547,49.337999725341795,52.17800006866455
45.369998931884766,45.369998931884766,45.56999969482422,44.15999984741211,45.2599983215332,27407500,2025-08-15,4,15,8,3.1077802085227755,0.24304156966622747,2.969141209623344,4.034165248171406,45.7120002746582,48.21099967956543,51.85799999237061
45.86000061035156,45.86000061035156,46.63999938964844,45.18000030517578,45.279998779296875,22586500,2025-08-18,0,18,8,3.1836002290481953,1.2809228062962725,2.942144452476694,4.082904850817517,45.844000244140624,46.97399978637695,51.57600002288818
43.2400016784668,43.2400016784668,45.849998474121094,43.16999816894531,45.849998474121094,30319200,2025-08-19,1,19,8,6.197965312546234,-5.692468664153709,3.4063770905924513,4.246885684052804,45.20600051879883,45.572000122070314,51.24500007629395
42.61000061035156,42.61000061035156,43.470001220703125,41.310001373291016,43.29999923706055,31496600,2025-08-20,2,20,8,5.069232143797164,-1.5935303438029007,3.9513726300479908,4.04853016953952,44.514000701904294,45.15400009155273,50.79050006866455
42.310001373291016,42.310001373291016,42.959999084472656,41.81999969482422,42.599998474121094,16552100,2025-08-21,3,21,8,2.69439695733048,-0.680744392529139,4.050594970248968,3.835861425530402,43.87800064086914,44.718000411987305,50.28000011444092
43.880001068115234,43.880001068115234,44.099998474121094,41.630001068115234,41.650001525878906,24089100,2025-08-22,4,22,8,5.628982100915779,5.3541403614372856,4.554835348727569,3.7619882791754575,43.58000106811524,44.646000671386716,49.75050010681152
44.06999969482422,44.06999969482422,44.93000030517578,43.279998779296875,43.599998474121094,18782000,2025-08-25,0,25,8,3.7440470553774245,1.0779844888804195,4.666924713993415,3.8045345832350557,43.22200088500976,44.5330005645752,48.95150012969971
44.36000061035156,44.36000061035156,44.38999938964844,43.63999938964844,44.060001373291016,18168200,2025-08-26,1,26,8,1.6907123302089968,0.680887943054866,3.765474117525968,3.5859256040592102,43.44600067138672,44.32600059509277,48.238000106811526
44.7599983215332,44.7599983215332,45.0099983215332,43.869998931884766,44.369998931884766,18925100,2025-08-27,2,27,8,2.5469156219784863,0.8789709241308539,3.261010813162232,3.606191721605112,43.876000213623044,44.19500045776367,47.44050006866455
43.970001220703125,43.970001220703125,45.34000015258789,43.90999984741211,44.81999969482422,22120100,2025-08-28,3,28,8,3.2522180247347148,-1.896471396494121,3.372575026643079,3.711584998446024,44.20800018310547,44.04300041198731,46.69050006866455
41.540000915527344,41.540000915527344,42.86000061035156,41.439998626708984,42.79999923706055,36835900,2025-08-29,4,29,8,3.418396611329375,-2.9439213644708895,2.930457928725798,3.742646638726685,43.74000015258789,43.66000061035156,45.935500144958496
40.779998779296875,40.779998779296875,40.86000061035156,39.560001373291016,40.029998779296875,29924300,2025-09-02,1,2,9,3.1878353996433377,1.8735948610318038,2.8192155975789808,3.7430701557861985,43.081999969482425,43.152000427246094,45.06300010681152
40.099998474121094,40.099998474121094,40.97999954223633,39.77000045776367,40.900001525878906,20472800,2025-09-03,2,3,9,3.017454190811355,-1.9559976085859596,3.0845639696994525,3.4250190436127106,42.22999954223633,42.83800010681152,44.20500011444092
40.70000076293945,40.70000076293945,40.79999923706055,39.75,40.279998779296875,22479400,2025-09-04,3,4,9,2.5798506569480306,1.0427060485871982,3.091150976693361,3.1760808949277974,41.418000030517575,42.64700012207031,43.90050010681152
40.40999984741211,40.40999984741211,41.18000030517578,39.7400016784668,40.9900016784668,21771700,2025-09-05,4,5,9,3.5634710025894822,-1.4149836723704718,3.1534015722643147,3.262988299453697,40.705999755859374,42.456999969482425,43.587500190734865
40.040000915527344,40.040000915527344,41.119998931884766,39.88999938964844,40.900001525878906,19033300,2025-09-08,0,8,9,3.071926858421573,-2.102690900408424,3.0841076216827545,3.007282775204277,40.405999755859376,42.07299995422363,43.359500312805174
42.91999816894531,42.91999816894531,43.0,40.16999816894531,40.2400016784668,37459000,2025-09-09,1,9,9,6.593667175648507,6.660030762157334,3.765273976883788,3.292244787231385,40.83399963378906,41.957999801635744,43.24550018310547
43.90999984741211,43.90999984741211,45.56999969482422,43.33000183105469,44.0,40876000,2025-09-10,2,10,9,5.101338810188013,-0.20454580133611508,4.18205090075912,3.6333074352292867,41.59599990844727,41.9129997253418,43.119500160217285
43.95000076293945,43.95000076293945,44.5099983215332,43.459999084472656,44.290000915527344,24437700,2025-09-11,3,11,9,2.389076720894967,-0.7676679737179508,4.143896113548506,3.6175235451209353,42.24599990844727,41.831999969482425,43.01350021362305
45.0,45.0,47.0,44.630001068115234,46.560001373291016,38138300,2025-09-12,4,12,9,5.266664293077257,-3.3505183146019086,4.484534771646063,3.818968171955189,43.16399993896484,41.93499984741211,42.989000129699704
45.380001068115234,45.380001068115234,45.77000045776367,44.20000076293945,45.22999954223633,22441800,2025-09-15,0,15,9,3.4596731112184296,0.33164167012390305,4.5620840222054335,3.8230958219440945,44.23199996948242,42.3189998626709,42.98950023651123
44.90999984741211,44.90999984741211,45.81999969482422,44.5,45.54999923706055,18139200,2025-09-16,1,16,9,2.939211087305943,-1.4050480798421594,3.83119280453692,3.7982333907103554,44.630000305175784,42.73199996948242,42.942000198364255
44.900001525878906,44.900001525878906,45.400001525878906,43.689998626708984,44.599998474121094,22589200,2025-09-17,2,17,9,3.808469579192178,0.6726526054297685,3.5726189583377534,3.877334929548437,44.82800064086914,43.2120002746582,43.025000190734865
45.939998626708984,45.939998626708984,46.33000183105469,44.540000915527344,45.41999816894531,26315800,2025-09-18,3,18,9,3.8963887005574653,1.144871155277166,3.8740813542702535,4.008988733909381,45.226000213623045,43.736000061035156,43.19150009155273
45.810001373291016,45.810001373291016,46.52000045776367,45.45000076293945,46.0,28688400,2025-09-19,4,19,9,2.335733819576067,-0.4130404928456182,3.287895259570015,3.8862150156080397,45.38800048828125,44.27600021362305,43.36650009155274
46.869998931884766,46.869998931884766,48.529998779296875,45.16999816894531,45.400001525878906,39930600,2025-09-22,0,22,9,7.168766133821731,3.2378796400875265,4.029713864090676,4.295898943148055,45.68600006103516,44.95900001525879,43.515999984741214
46.9900016784668,46.9900016784668,47.70000076293945,45.86000061035156,47.38999938964844,27042500,2025-09-23,1,23,9,3.9157269352281636,-0.8440551093761218,4.22501703367512,4.0281049191060205,46.1020004272461,45.36600036621094,43.66200008392334
46.20000076293945,46.20000076293945,48.150001525878906,46.16999816894531,47.22999954223633,24991300,2025-09-24,2,24,9,4.285721481030593,-2.180814713698608,4.3204674140428025,3.9465431861902784,46.3620002746582,45.595000457763675,43.75400009155273
46.2400016784668,46.2400016784668,47.15999984741211,44.20000076293945,45.060001373291016,24372200,2025-09-25,3,25,9,6.4013818707344,2.618731178901423,4.8214660480781895,4.347773701174222,46.422000885009766,45.82400054931641,43.82800025939942
45.81999969482422,45.81999969482422,45.970001220703125,44.400001525878906,45.63999938964844,22879400,2025-09-26,4,26,9,3.426450688085806,0.3943915591212889,5.0396094217801375,4.163752340675076,46.4240005493164,45.90600051879883,43.92050018310547
46.36000061035156,46.36000061035156,47.380001068115234,45.939998626708984,46.279998779296875,25012600,2025-09-29,0,29,9,3.106131195961885,0.1728648080485169,4.227082434208167,4.128398149149422,46.322000885009764,46.00400047302246,44.16150016784668
47.939998626708984,47.939998626708984,48.20000076293945,46.20000076293945,46.220001220703125,32168500,2025-09-30,1,30,9,4.171881638072749,3.7213270458232452,4.278313374777086,4.251665204226103,46.512000274658206,46.30700035095215,44.519500160217284
52.38999938964844,52.38999938964844,52.47999954223633,47.36000061035156,47.56999969482422,48357200,2025-10-01,2,1,10,9.772855490615655,10.132435832974478,5.375740176694097,4.84810379536845,47.75,47.0560001373291,45.13400020599365
52.5,52.5,52.93000030517578,51.060001373291016,52.45000076293945,32744400,2025-10-02,3,2,10,3.561902727399554,0.09532742866207114,4.807844348027129,4.81465519805266,49.00199966430664,47.7120002746582,45.72400016784668
51.959999084472656,51.959999084472656,53.5099983215332,50.79999923706055,52.7400016784668,32220400,2025-10-03,4,3,10,5.215548753314918,-1.4789582274750053,5.1656639610729504,5.102636691426545,50.22999954223633,48.327000045776366,46.301500129699704
54.619998931884766,54.619998931884766,56.11000061035156,53.959999084472656,54.08000183105469,40241600,2025-10-06,0,6,10,3.9362899449341247,0.998515315360053,5.331695710867399,4.779389072537784,51.88199920654297,49.102000045776364,47.03050003051758
55.06999969482422,55.06999969482422,57.47999954223633,53.599998474121094,56.2599983215332,37885900,2025-10-07,1,7,10,7.045580333424077,-2.1151771457723614,5.906435449937664,5.092374412357375,53.30799942016601,49.90999984741211,47.638000106811525
58.68000030517578,58.68000030517578,58.689998626708984,54.58000183105469,55.27000045776367,45151400,2025-10-08,2,8,10,7.004084482412283,6.169711994154892,5.3526812482969905,5.364210712495544,54.565999603271486,51.15799980163574,48.37650012969971
57.97999954223633,57.97999954223633,58.779998779296875,57.2599983215332,57.630001068115234,29801500,2025-10-09,3,9,10,2.6215944632017574,0.6073199160753379,5.16461959545743,4.98623197174228,55.66199951171875,52.33199958801269,49.07800006866455
52.86000061035156,52.86000061035156,58.5099983215332,52.560001373291016,58.2400016784668,45087800,2025-10-10,4,10,10,11.256142413053626,-9.237638930399266,6.372738327405171,5.769201144239062,55.84199981689453,53.03599967956543,49.47100009918213
54.75,54.75,55.650001525878906,54.02000045776367,54.810001373291016,24588900,2025-10-13,0,13,10,2.9771709006670948,-0.10947157779173924,6.180914518551766,5.756305114709583,55.86800003051758,53.874999618530275,49.93950004577637
53.11000061035156,53.11000061035156,55.209999084472656,52.97999954223633,54.130001068115234,19789100,2025-10-14,1,14,10,4.198831701390874,-1.884353293250706,5.611564792145126,5.759000121041396,55.476000213623045,54.39199981689453,50.34950008392334
53.939998626708984,53.939998626708984,55.06999969482422,52.86000061035156,54.5,16646000,2025-10-15,2,15,10,4.09714338290389,-1.0275254555798452,5.030176572243447,5.191428910270219,54.52799987792969,54.54699974060058,50.801499938964845
53.84000015258789,53.84000015258789,56.22999954223633,53.27000045776367,54.0,24656600,2025-10-16,3,16,10,5.497769457807811,-0.29629601372612846,5.605411571164657,5.385015583311045,53.7,54.680999755859375,51.19650001525879
52.18000030517578,52.18000030517578,53.630001068115234,51.619998931884766,53.06999969482422,20681800,2025-10-17,4,17,10,3.8520546655326386,-1.677029196846287,4.124594021660461,5.248666174532817,53.56399993896484,54.702999877929685,51.51499996185303
55.040000915527344,55.040000915527344,56.599998474121094,54.599998474121094,55.040000915527344,45553300,2025-10-20,0,20,10,3.6337208697897743,0.0,4.255904015484996,5.218409267018382,53.62200012207031,54.74500007629395,51.923500061035156
54.81999969482422,54.81999969482422,55.349998474121094,53.90999984741211,55.15999984741211,29016500,2025-10-21,1,21,10,2.626776057506875,-0.6163889657875735,3.941492886708196,4.776528839426662,53.96399993896485,54.72000007629394,52.314999961853026
52.5,52.5,54.529998779296875,50.029998779296875,54.4900016784668,34326200,2025-10-22,2,22,10,8.571428571428571,-3.6520492148437578,4.836349924413133,4.9332632483282906,53.67600021362305,54.102000045776364,52.62999992370605
47.91999816894531,47.91999816894531,51.84000015258789,47.380001068115234,51.72999954223633,57175700,2025-10-23,3,23,10,9.30717707615225,-7.365168001171621,5.598231448082021,5.60182150962334,52.491999816894534,53.09599990844727,52.71399974822998
48.290000915527344,48.290000915527344,49.63999938964844,48.209999084472656,48.880001068115234,25206600,2025-10-24,4,24,10,2.9612762022457813,-1.2070379290002753,5.420075755424649,4.772334888542556,51.71399993896485,52.638999938964844,52.83749980926514
51.56999969482422,51.56999969482422,51.630001068115234,49.720001220703125,49.720001220703125,27434500,2025-10-27,0,27,10,3.703703429736117,3.7208335251423224,5.434072267413917,4.844988141449457,51.01999969482422,52.32099990844726,53.09799976348877
52.36000061035156,52.36000061035156,54.029998779296875,51.369998931884766,51.66999816894531,28064400,2025-10-28,1,28,10,5.080213553103412,1.3354024885972515,5.924759766533225,4.9331263266207115,50.52799987792969,52.24599990844727,53.3189998626709
52.689998626708984,52.689998626708984,54.08000183105469,51.560001373291016,53.79999923706055,25028500,2025-10-29,2,29,10,4.782692206194637,-2.06319818976304,5.167012493486437,5.001681208949786,50.565999603271486,52.12099990844727,53.33399982452393
50.369998931884766,50.369998931884766,52.31999969482422,50.33000183105469,51.900001525878906,17736600,2025-10-30,3,30,10,3.950760186555892,-2.947981790002906,4.095729115567166,4.846980281824594,51.055999755859375,51.773999786376955,53.22749977111816
51.959999084472656,51.959999084472656,52.9900016784668,50.79999923706055,51.38999938964844,19822800,2025-10-31,4,31,10,4.2147853733521226,1.109164626569415,4.346430949788434,4.883253352606543,51.789999389648436,51.75199966430664,53.22749977111816
50.75,50.75,53.0099983215332,50.54999923706055,52.869998931884766,23811300,2025-11-03,0,3,11,4.847288836399322,-4.009833506174405,4.575148031121076,5.0046101492674975,51.625999450683594,51.32299957275391,53.033999824523924
47.400001525878906,47.400001525878906,49.43000030517578,46.86000061035156,48.630001068115234,37973500,2025-11-04,1,4,11,5.421940109898689,-2.5293019025713943,4.643493342480132,5.2841265545066785,50.63399963378906,50.580999755859374,52.65049991607666
42.029998779296875,42.029998779296875,46.34000015258789,42.02000045776367,44.97999954223633,61413600,2025-11-05,2,5,11,10.278372163437137,-6.558472194223558,5.7426293339286305,5.454820913707535,48.50199966430664,49.533999633789065,51.817999839782715
40.34000015258789,40.34000015258789,42.81999969482422,40.29999923706055,42.5,32092100,2025-11-06,3,6,11,6.2469024497562105,-5.08235258214614,6.201857786568695,5.148793451067931,46.49599990844727,48.77599983215332,50.93599987030029
39.7599983215332,39.7599983215332,40.09000015258789,38.13999938964844,39.849998474121094,32960200,2025-11-07,4,7,11,4.9044286852582,-0.2258473175258399,6.33978644894991,5.343108699369173,44.055999755859375,47.92299957275391,50.280999755859376
40.189998626708984,40.189998626708984,41.630001068115234,39.900001525878906,41.459999084472656,26396700,2025-11-10,0,10,11,4.304552379572927,-3.0631946112109407,6.23123915758463,5.403193594352854,41.943999481201175,46.784999465942384,49.55299968719483
38.81999969482422,38.81999969482422,39.9900016784668,38.58000183105469,39.9900016784668,21707800,2025-11-11,1,11,11,3.6321480126134604,-2.9257362704052667,5.873280738127586,5.25838704030386,40.22799911499023,45.43099937438965,48.83849964141846
37.90999984741211,37.90999984741211,39.45000076293945,37.56999969482422,39.189998626708984,24749700,2025-11-12,2,12,11,4.959116527782236,-3.266136320873773,4.809429610996605,5.2760294724626196,39.40399932861328,43.95299949645996,48.03699970245361
35.09000015258789,35.09000015258789,37.79999923706055,34.779998779296875,37.7599983215332,37471500,2025-11-13,3,13,11,8.606441848479008,-7.070970041390881,5.281337490741165,5.74159763865493,38.353999328613284,42.42499961853027,47.09949970245361
36.41999816894531,36.41999816894531,37.349998474121094,33.689998626708984,34.2400016784668,37325200,2025-11-14,4,14,11,10.049423480017982,6.366811868030643,6.310336449693121,6.325061449321517,37.6859992980957,40.87099952697754,46.31149959564209
34.099998474121094,34.099998474121094,35.81999969482422,33.63999938964844,35.58000183105469,32689500,2025-11-17,0,17,11,6.392963057843566,-4.159649468151032,6.7280185853472485,6.479628871465941,36.46799926757812,39.20599937438965,45.264499473571775
34.900001525878906,34.900001525878906,35.779998779296875,33.54999923706055,34.310001373291016,28024900,2025-11-18,1,18,11,6.389683222743551,1.7196156484190133,7.279525627373268,6.576403182750427,35.683999633789064,37.95599937438965,44.268499565124515
33.72999954223633,33.72999954223633,34.970001220703125,33.20000076293945,34.54999923706055,28892800,2025-11-19,2,19,11,5.247555534494737,-2.3733710938686055,7.337213428715768,6.073321519856187,34.847999572753906,37.125999450683594,43.32999954223633
31.559999465942383,31.559999465942383,35.540000915527344,31.450000762939453,35.529998779296875,37801500,2025-11-20,3,20,11,12.95944303485039,-11.173654516610307,8.207813665990043,6.744575578365605,34.14199943542481,36.247999382019046,42.51199960708618
32.189998626708984,32.189998626708984,32.56999969482422,31.030000686645508,32.13999938964844,28321200,2025-11-21,4,21,11,4.784091562218734,0.1555670130991057,7.154747282430193,6.732541866061657,33.29599952697754,35.490999412536624,41.70699949264527
33.31999969482422,33.31999969482422,33.540000915527344,31.979999542236328,32.38999938964844,27885100,2025-11-24,0,24,11,4.681876913502311,2.871257556963713,6.812530053561943,6.770274319454598,33.13999977111816,34.803999519348146,40.794499492645265
32.47999954223633,32.47999954223633,32.630001068115234,31.170000076293945,32.15999984741211,22199800,2025-11-25,1,25,11,4.4950770086148975,0.9950239314132612,6.433608810736213,6.8565672190547415,32.65599937438965,34.169999504089354,39.8004994392395
32.83000183105469,32.83000183105469,33.41999816894531,32.45000076293945,33.189998626708984,21642400,2025-11-26,2,26,11,2.9546066156119295,-1.084654445766071,5.975019026959652,6.6561162278377095,32.47599983215332,33.66199970245361,38.80749959945679
33.849998474121094,33.849998474121094,33.86000061035156,32.880001068115234,33.33000183105469,10755800,2025-11-28,4,28,11,2.895124332089866,1.5601458580836554,3.962155286407546,6.0849844761987955,32.933999633789064,33.53799953460693,37.9814995765686
33.40999984741211,33.40999984741211,33.95000076293945,32.56999969482422,33.369998931884766,20952400,2025-12-01,0,1,12,4.130503066201382,0.11987089244142347,3.831437587204076,5.493092434817136,33.177999877929686,33.236999702453616,37.05399961471558
32.91999816894531,32.91999816894531,34.33000183105469,32.88999938964844,33.59000015258789,19434000,2025-12-02,1,2,12,4.374248242713024,-1.9946471586751655,3.7699118530462186,5.291220953304081,33.097999572753906,33.11899967193604,36.16249952316284
33.68000030517578,33.68000030517578,33.709999084472656,32.66999816894531,33.0,16253200,2025-12-03,2,3,12,3.087888676080331,2.0606069853811553,3.4884741865393054,4.961041498637759,33.337999725341795,32.99699954986572,35.476499462127684
34.22999954223633,34.22999954223633,34.40999984741211,33.08000183105469,33.5,17205700,2025-12-04,3,4,12,3.8854748295171313,2.179103111153218,3.674647829320345,4.824833428139998,33.61799926757813,33.046999549865724,35.086499500274655
34.689998626708984,34.689998626708984,34.790000915527344,33.45000076293945,33.849998474121094,19415300,2025-12-05,4,5,12,3.8627852569477468,2.4815367517079365,3.8681800142919216,3.9151676503497344,33.7859992980957,33.35999946594238,34.80399942398071
35.369998931884766,35.369998931884766,35.880001068115234,34.720001220703125,35.150001525878906,21290300,2025-12-08,0,8,12,3.2796151609900437,0.6258816399876627,3.698002433249654,3.7647200102268656,34.177999114990236,33.67799949645996,34.58449945449829
35.02000045776367,35.02000045776367,35.5,34.58000183105469,35.470001220703125,17513000,2025-12-09,1,9,12,2.6270649826372456,-1.2686798631312048,3.348565781234498,3.559238817140359,34.597999572753906,33.847999572753906,34.32599954605102
34.900001525878906,34.900001525878906,35.130001068115234,34.18000030517578,34.970001220703125,17615700,2025-12-10,2,10,12,2.7220651043095585,-0.20017069597005666,3.275401066880344,3.381937626709825,34.84199981689453,34.089999771118165,34.12999963760376
34.02000045776367,34.02000045776367,34.15999984741211,32.90999984741211,34.150001525878906,23178900,2025-12-11,3,11,12,3.6743091804243018,-0.3806766099753156,3.233167937061778,3.453907883191062,34.8,34.20899963378906,33.93549966812134
32.33000183105469,32.33000183105469,34.599998474121094,32.22999954223633,33.75,22435100,2025-12-12,4,12,12,7.330648925631224,-4.207401982060185,3.9267406707984733,3.897460342545198,34.32800064086914,34.05699996948242,33.79749975204468
31.3700008392334,31.3700008392334,32.86000061035156,31.239999771118164,32.79999923706055,18470600,2025-12-15,0,15,12,5.164172125897166,-4.359751314296986,4.303652063779898,4.000827248514776,33.52800102233887,33.85300006866455,33.54499988555908
31.65999984741211,31.65999984741211,31.90999984741211,30.950000762939453,31.299999237060547,20835800,2025-12-16,1,16,12,3.032214431773368,1.1501617224492013,4.384681953607123,3.866623867420811,32.856000900268555,33.72700023651123,33.422999954223634
29.84000015258789,29.84000015258789,31.90999984741211,29.84000015258789,31.489999771118164,24797200,2025-12-17,2,17,12,6.936996260855237,-5.239757480225871,5.227668184916258,4.251534625898302,31.844000625610352,33.34300022125244,33.16999988555908
29.3700008392334,29.3700008392334,30.90999984741211,29.100000381469727,30.709999084472656,25658700,2025-12-18,3,18,12,6.162749112095792,-4.363393960232246,5.725356171250556,4.479262054156168,30.914000701904296,32.85700035095215,32.95199995040893
31.110000610351562,31.110000610351562,31.239999771118164,29.59000015258789,29.59000015258789,39854100,2025-12-19,4,19,12,5.30375951835003,5.136872084911886,5.319978289794317,4.623359480296395,30.67000045776367,32.499000549316406,32.92950000762939
31.06999969482422,31.06999969482422,31.690000534057617,30.8700008392334,31.170000076293945,21470400,2025-12-22,0,22,12,2.639200846084392,-0.3208225255853654,4.814984033831762,4.559318048805831,30.610000228881837,32.06900062561035,32.87350006103516
30.760000228881836,30.760000228881836,31.110000610351562,30.270000457763672,30.940000534057617,18146700,2025-12-23,1,23,12,2.73081972151346,-0.5817721463115152,4.7547050917797815,4.569693522693452,30.43000030517578,31.643000602722168,32.74550008773804
30.549999237060547,30.549999237060547,30.799999237060547,30.34000015258789,30.649999618530273,6805600,2025-12-24,2,24,12,1.5057253550259542,-0.3262655227221232,3.6684509106139247,4.448059547765092,30.572000122070314,31.20800037384033,32.64900007247925
30.639999389648438,30.639999389648438,30.850000381469727,30.139999389648438,30.639999389648438,14262700,2025-12-26,4,26,12,2.3172356591533063,0.0,2.899348220025427,4.312352195637992,30.82599983215332,30.870000267028807,32.53949995040894
30.079999923706055,30.079999923706055,31.139999389648438,29.940000534057617,30.06999969482422,19595400,2025-12-29,0,29,12,3.989357907694344,0.033256498115486255,2.6364678978942897,3.978223093844304,30.61999969482422,30.645000076293947,32.351000022888186
29.649999618530273,29.649999618530273,30.360000610351562,29.639999389648438,30.360000610351562,21568200,2025-12-30,1,30,12,2.428334671050545,-2.338606645413593,2.5942946628875205,3.704639348359642,30.33599967956543,30.47299995422363,32.16300001144409
29.270000457763672,29.270000457763672,29.8700008392334,29.020000457763672,29.709999084472656,24845000,2025-12-31,2,31,12,2.9039985246883373,-1.4809782573804957,2.6289304235224957,3.691817757651139,30.0379997253418,30.23400001525879,31.98050012588501
30.959999084472656,30.959999084472656,31.399999618530273,29.93000030517578,29.959999084472656,30675100,2026-01-02,4,2,1,4.748059938062918,3.3377838136125617,3.277397340129889,3.4729241253719065,30.11999969482422,30.345999908447265,31.844500064849854
30.06999969482422,30.06999969482422,32.040000915527344,29.979999542236328,31.68000030517578,38591800,2026-01-05,0,5,1,6.850686379107588,-5.082072584729507,4.184087484120745,3.5417178520730865,30.005999755859374,30.415999794006346,31.636500072479247
30.540000915527344,30.540000915527344,30.65999984741211,29.43000030517578,30.649999618530273,29127500,2026-01-06,1,6,1,4.0275032919562355,-0.3588864742968122,4.191716560973123,3.4140922294337073,30.09799995422363,30.358999824523927,31.429000186920167
30.010000228881836,30.010000228881836,30.6299991607666,29.780000686645508,30.6299991607666,22808200,2026-01-07,2,7,1,2.8323840974284606,-2.0241558892332936,4.2725264462487065,3.433410554568114,30.170000076293945,30.25299987792969,31.16100025177002
29.899999618530273,29.899999618530273,30.059999465942383,29.209999084472656,30.040000915527344,21598200,2026-01-08,3,8,1,2.8428106766360823,-0.4660495763324201,4.2602888766382545,3.444609650080376,30.295999908447264,30.16699981689453,30.90500020980835
30.15999984741211,30.15999984741211,31.030000686645508,29.549999237060547,30.030000686645508,27159800,2026-01-09,4,9,1,4.907166634856442,0.43289762835207934,4.292110215996961,3.7847537780634255,30.136000061035155,30.12799987792969,30.66800012588501
30.1200008392334,30.1200008392334,30.540000915527344,29.770000457763672,29.93000030517578,24840600,2026-01-12,0,12,1,2.5564423516240167,0.63481634520652,3.433261410500246,3.8086744473104956,30.14600028991699,30.076000022888184,30.473000144958498
28.600000381469727,28.600000381469727,29.889999389648438,27.799999237060547,29.889999389648438,52519700,2026-01-13,1,13,1,7.307692743745648,-4.315821460422866,4.089299300858128,4.140507930915627,29.75800018310547,29.928000068664552,30.28650007247925
28.270000457763672,28.270000457763672,28.760000228881836,27.75,28.260000228881836,25019200,2026-01-14,2,14,1,3.5726926513171096,0.03538651380340636,4.237361011635858,4.254943728942283,29.410000228881835,29.79000015258789,30.131500053405762
29.420000076293945,29.420000076293945,29.860000610351562,28.56999969482422,28.709999084472656,33266300,2026-01-15,3,15,1,4.384775364316878,2.4730094547626846,4.545753949172017,4.4030214129051375,29.31400032043457,29.80500011444092,30.019500064849854
32.63999938964844,32.63999938964844,32.97999954223633,29.600000381469727,29.719999313354492,79038200,2026-01-16,4,16,1,10.355389779322564,9.82503413108042,5.635398578065242,4.963754397031101,29.810000228881837,29.973000144958498,30.15950002670288
31.40999984741211,31.40999984741211,31.729999542236328,30.219999313354492,31.209999084472656,39742100,2026-01-20,1,20,1,4.8073869347893226,0.6408227132533172,6.085587494698303,4.7594244525992755,30.068000030517577,30.107000160217286,30.261499977111818
32.2400016784668,32.2400016784668,32.68000030517578,30.959999084472656,31.65999984741211,37885100,2026-01-21,2,21,1,5.334991101603817,1.831970416456262,5.691047166269937,4.890173233564033,30.796000289916993,30.27700023651123,30.318000030517577
32.45000076293945,32.45000076293945,33.4900016784668,32.369998931884766,33.0,29917800,2026-01-22,3,22,1,3.451472173341721,-1.66666435472893,5.6668030706748596,4.95208204115536,31.632000350952147,30.52100028991699,30.38700008392334
31.700000762939453,31.700000762939453,33.63999938964844,31.329999923706055,33.54999923706055,34482400,2026-01-23,4,23,1,7.2870643859510835,-5.514153550494029,6.2472608750017,5.3965074120868595,32.08800048828125,30.70100040435791,30.434000110626222
30.799999237060547,30.799999237060547,31.549999237060547,30.65999984741211,31.479999542236328,19400400,2026-01-26,0,26,1,2.8896084795272747,-2.1601026526808975,4.754104615042642,5.194751596553942,31.72000045776367,30.765000343322754,30.44650011062622
31.200000762939453,31.200000762939453,31.290000915527344,29.899999618530273,30.829999923706055,20774600,2026-01-27,1,27,1,4.455132253227912,1.200132468858342,4.68365367873036,5.384620586714332,31.67800064086914,30.87300033569336,30.47450017929077
31.209999084472656,31.209999084472656,32.33000183105469,30.969999313354492,31.59000015258789,24239900,2026-01-28,2,28,1,4.357585894248913,-1.2029156893945256,4.488172637259379,5.089609901764659,31.472000122070312,31.13400020599365,30.5310001373291
30.1200008392334,30.1200008392334,30.760000228881836,29.139999389648438,30.719999313354492,28135500,2026-01-29,3,29,1,5.378488692215554,-1.9531200766019041,4.8735759410341455,5.270189505854503,31.006000137329103,31.319000244140625,30.55450019836426
29.110000610351562,29.110000610351562,30.3700008392334,28.899999618530273,30.190000534057617,24089600,2026-01-30,4,30,1,5.049815149026106,-3.5773431752268334,4.426126093649151,5.3366934843254255,30.488000106811523,31.288000297546386,30.546500205993652
29.709999084472656,29.709999084472656,30.959999084472656,28.799999237060547,29.030000686645508,26817000,2026-02-02,0,2,2,7.270279077662412,2.3423988348025215,5.3022602132761785,5.028182414159411,30.270000076293947,30.995000267028807,30.484000205993652
29.670000076293945,29.670000076293945,30.170000076293945,28.639999389648438,30.0,42513900,2026-02-03,1,3,2,5.15672626461489,-1.099999745686849,5.442579015553574,5.063116347141968,29.963999938964843,30.82100028991699,30.46400022506714
33.7599983215332,33.7599983215332,34.939998626708984,31.700000762939453,32.95000076293945,115558200,2026-02-04,2,4,2,9.597150547554847,2.4582626398746417,6.49049194621476,5.489332291737071,30.473999786376954,30.97299995422363,30.625000095367433
30.850000381469727,30.850000381469727,33.4900016784668,29.3700008392334,33.02000045776367,60314000,2026-02-05,3,5,2,13.35494582913557,-6.571774821958654,8.085783373598764,6.4796796573164555,30.61999969482422,30.81299991607666,30.667000102996827
34.380001068115234,34.380001068115234,34.70000076293945,31.219999313354492,31.84000015258789,49279800,2026-02-06,4,6,2,10.122167950752017,7.977389771843006,9.100253933943947,6.763190013796549,31.673999786376953,31.08099994659424,30.891000175476073
33.529998779296875,33.529998779296875,33.90999984741211,32.650001525878906,33.209999084472656,32251900,2026-02-09,0,9,2,3.757823940963547,0.963564298843461,8.397762906604173,6.850011559940176,32.4379997253418,31.353999900817872,31.05950012207031
33.33000183105469,33.33000183105469,34.38999938964844,33.0099983215332,33.849998474121094,24777500,2026-02-10,1,10,2,4.140417018607664,-1.5361792215853498,8.194501057402729,6.818540036478152,33.170000076293945,31.567000007629396,31.220000171661376
32.040000915527344,32.040000915527344,33.90999984741211,31.639999389648438,33.88999938964844,24492800,2026-02-11,2,11,2,7.084895108924844,-5.458833011033244,7.692049969676726,7.091270957945744,32.82600059509277,31.650000190734865,31.392000198364258
