Adj Close,Close,High,Low,Open,Volume,date,day_of_week,day,month,hl_pct,oc_pct,volatility_5d,volatility_10d,ma_5,ma_10,ma_20
T,T,T,T,T,T,,,,,,,,,,,
15.69054889678955,17.329999923706055,17.440000534057617,17.219999313354492,17.219999313354492,29541600,2024-03-11,0,11,3,1.269481948480455,0.6387956721128007,1.6415844863977203,1.572651343502106,17.186000061035156,17.042999839782716,16.96099987030029
15.572848320007324,17.200000762939453,17.34000015258789,17.170000076293945,17.299999237060547,38700600,2024-03-12,1,12,3,0.9883724927515211,-0.5780258874628976,1.41992222460799,1.4872940191898096,17.19200019836426,17.079999923706055,16.969999885559083
15.56379508972168,17.190000534057617,17.43000030517578,17.1299991607666,17.270000457763672,32339800,2024-03-13,2,13,3,1.745207301272642,-0.46323058242937676,1.5361361504758428,1.5262006797411305,17.194000244140625,17.10300006866455,16.98449993133545
15.400824546813965,17.010000228881836,17.170000076293945,16.829999923706055,17.149999618530273,37237700,2024-03-14,3,14,3,1.9988250911989598,-0.8163229898685864,1.5957263638413242,1.6020424398735098,17.186000442504884,17.111000061035156,16.989499950408934
15.437037467956543,17.049999237060547,17.139999389648438,16.889999389648438,16.889999389648438,93104700,2024-03-15,4,15,3,1.4662757254357537,0.9473052290941482,1.4936325118278664,1.6073273872178415,17.1560001373291,17.118000030517578,16.987499904632568
15.6633882522583,17.299999237060547,17.31999969482422,16.93000030517578,17.100000381469727,35177000,2024-03-18,0,18,3,2.254331831489159,1.1695839247322322,1.6906024884296074,1.6660934874136637,17.15,17.16800003051758,17.00399990081787
15.545684814453125,17.170000076293945,17.31999969482422,17.15999984741211,17.299999237060547,26144600,2024-03-19,1,19,3,0.9318569988419272,-0.7514402687840223,1.6792993896476887,1.549610807127839,17.1439998626709,17.16800003051758,17.016999912261962
15.581901550292969,17.209999084472656,17.309999465942383,17.079999923706055,17.1200008392334,28961700,2024-03-20,2,20,3,1.3364297180227056,0.5256906590390551,1.5975438729977012,1.566840011736772,17.147999572753907,17.170999908447264,17.027499866485595
15.536633491516113,17.15999984741211,17.270000457763672,17.059999465942383,17.190000534057617,34446700,2024-03-21,3,21,3,1.2237820145025189,-0.17452405883332625,1.442535257658413,1.5191308107498684,17.17799949645996,17.181999969482423,17.055999851226808
15.373661041259766,16.979999542236328,17.200000762939453,16.979999542236328,17.190000534057617,26169900,2024-03-22,4,22,3,1.2956491556780692,-1.2216462204595369,1.4084099437068762,1.451021227767371,17.163999557495117,17.15999984741211,17.064999866485596
15.50041675567627,17.1200008392334,17.1299991607666,16.969999313354492,17.040000915527344,30944600,2024-03-25,0,25,3,0.93457850215429,0.4694830951162475,1.1444592778399023,1.4175308831347546,17.12799987792969,17.138999938964844,17.09099988937378
15.554740905761719,17.18000030517578,17.280000686645508,17.049999237060547,17.1299991607666,33048600,2024-03-26,1,26,3,1.338774420834375,0.29189227588346267,1.225842762238392,1.4525710759430401,17.129999923706055,17.136999893188477,17.108499908447264
15.889739036560059,17.549999237060547,17.59000015258789,17.290000915527344,17.290000915527344,37488400,2024-03-27,2,27,3,1.7093974364798536,1.5037496111391802,1.3004363059298216,1.4489900894637615,17.197999954223633,17.172999763488768,17.13799991607666
15.935009002685547,17.600000381469727,17.700000762939453,17.520000457763672,17.549999237060547,33461500,2024-03-28,3,28,3,1.0227289845135217,0.28490681813587587,1.2602256999320223,1.3513804787952173,17.286000061035157,17.231999778747557,17.171499919891357
15.844467163085938,17.5,17.540000915527344,17.149999618530273,17.190000534057617,31980100,2024-04-01,0,1,4,2.2285788399832587,1.8033708918635438,1.44681163679306,1.4276107902499677,17.39000015258789,17.276999855041502,17.19749994277954
15.862576484680176,17.520000457763672,17.700000762939453,17.479999542236328,17.479999542236328,40169500,2024-04-02,1,2,4,1.2557146972312745,0.22883819550847756,1.5110388758084567,1.3277490768241795,17.470000076293946,17.298999977111816,17.233500003814697
15.944061279296875,17.610000610351562,17.709999084472656,17.489999771118164,17.59000015258789,38155900,2024-04-03,2,3,4,1.2492862335573773,0.11370356788046618,1.4931412383530573,1.3594920002957245,17.5560001373291,17.34300003051758,17.255500030517577
15.907846450805664,17.56999969482422,17.8799991607666,17.559999465942383,17.6200008392334,31850300,2024-04-04,3,4,4,1.8212845781578724,-0.283774926377104,1.515518666688661,1.4079774863092411,17.560000228881837,17.379000091552733,17.275
15.7720365524292,17.420000076293945,17.540000915527344,17.280000686645508,17.520000457763672,37769000,2024-04-05,4,5,4,1.4925386207986184,-0.5707784181330497,1.6094805939456804,1.4348531469388512,17.52400016784668,17.405000114440917,17.29350004196167
15.618118286132812,17.25,17.459999084472656,17.219999313354492,17.399999618530273,27372200,2024-04-08,0,8,4,1.3913030209748642,-0.8620667920620533,1.4420254301440014,1.4444185334685307,17.47400016784668,17.432000160217285,17.296000003814697
15.551861763000488,16.899999618530273,17.079999923706055,16.809999465942383,17.0,32785000,2024-04-09,1,9,4,1.5976358808175686,-0.588237538057215,1.5104096668612603,1.5107242713348585,17.35,17.410000038146972,17.27449998855591
15.39542293548584,16.729999542236328,16.790000915527344,16.510000228881836,16.770000457763672,39046800,2024-04-10,2,10,4,1.6736443174348088,-0.23852662155906695,1.5952812836367467,1.544211260994902,17.173999786376953,17.364999961853027,17.250999927520752
15.110153198242188,16.420000076293945,16.700000762939453,16.420000076293945,16.670000076293945,40831200,2024-04-11,3,11,4,1.7052416890652355,-1.4997000531242932,1.5720727058182193,1.54379568625344,16.9439998626709,17.252000045776366,17.21249990463257
15.008927345275879,16.309999465942383,16.459999084472656,16.25,16.40999984741211,41785200,2024-04-12,4,12,4,1.2875480769399439,-0.6093868519169843,1.5310745970464843,1.5702775954960821,16.721999740600587,17.122999954223634,17.177499866485597
14.944512367248535,16.239999771118164,16.540000915527344,16.1299991607666,16.459999084472656,40249900,2024-04-15,0,15,4,2.5246413826304663,-1.3365694142840259,1.757742269377605,1.599883849760803,16.519999694824218,16.99699993133545,17.136999893188477
14.806477546691895,16.09000015258789,16.229999542236328,15.9399995803833,16.219999313354492,56368800,2024-04-16,1,16,4,1.8023614611736607,-0.8014745146109145,1.7986873854488235,1.6545485261550419,16.357999801635742,16.853999900817872,17.076499938964844
14.834084510803223,16.1200008392334,16.25,16.059999465942383,16.110000610351562,27177500,2024-04-17,2,17,4,1.178663301277178,0.06207466482285693,1.6996911822172973,1.6474862329270217,16.236000061035156,16.704999923706055,17.023999977111817
15.027334213256836,16.329999923706055,16.350000381469727,16.09000015258789,16.110000610351562,29566500,2024-04-18,3,18,4,1.5921630746880584,1.3656071075076839,1.6770754593418615,1.6245740825800403,16.21800003051758,16.58099994659424,16.980000019073486
15.192974090576172,16.510000228881836,16.520000457763672,16.260000228881836,16.329999923706055,45820400,2024-04-19,4,19,4,1.5748045140968774,1.1022676424785347,1.7345267467732484,1.6328006719098664,16.25800018310547,16.489999961853027,16.947500038146973
15.008927345275879,16.309999465942383,16.729999542236328,16.170000076293945,16.690000534057617,54178100,2024-04-22,0,22,4,3.433473232857806,-2.2768187894290604,1.9162931168187165,1.8370176930981603,16.272000122070313,16.395999908447266,16.914000034332275
15.183772087097168,16.5,16.530000686645508,16.290000915527344,16.3799991607666,47805000,2024-04-23,1,23,4,1.4545440673828125,0.7326058936609998,1.846729638060547,1.8227085117546848,16.354000091552734,16.35599994659424,16.882999992370607
15.46904182434082,16.809999465942383,17.030000686645508,16.3799991607666,16.899999618530273,74197800,2024-04-24,2,24,4,3.8667551845901658,-0.5325452936058562,2.384348014723144,2.0420195984702203,16.49199981689453,16.363999938964845,16.864499950408934
15.257389068603516,16.579999923706055,17.0,16.5,16.700000762939453,46680400,2024-04-25,3,25,4,3.015681557905805,-0.7185678667734172,2.6690517113666936,2.1730635853542775,16.54199981689453,16.379999923706055,16.81599998474121
15.413827896118164,16.75,16.8799991607666,16.389999389648438,16.469999313354492,37852700,2024-04-26,4,26,4,2.925371767869636,1.700064956399074,2.9391651621212453,2.336845954447247,16.589999771118165,16.423999977111816,16.773499965667725
15.662290573120117,17.020000457763672,17.280000686645508,16.989999771118164,16.989999771118164,42383300,2024-04-29,0,29,4,1.7038831241338765,0.1765784994094404,2.5932471403764596,2.254770128597588,16.731999969482423,16.502000045776366,16.749499988555907
15.542657852172852,16.889999389648438,16.979999542236328,16.799999237060547,16.90999984741211,31822800,2024-04-30,1,30,4,1.0657212059231929,-0.11827591924391842,2.5154825680845354,2.1811061030725414,16.809999847412108,16.58199996948242,16.717999935150146
15.570266723632812,16.920000076293945,17.100000381469727,16.780000686645508,16.829999923706055,39350700,2024-05-01,2,1,5,1.8912511429155356,0.534760267355201,2.1203817597496095,2.252364887236377,16.83199996948242,16.661999893188476,16.683499908447267
15.478241920471191,16.81999969482422,16.989999771118164,16.729999542236328,16.989999771118164,32205000,2024-05-02,3,2,5,1.5457802235385423,-1.0005890440500993,1.826401492876157,2.247726602121425,16.879999923706055,16.71099987030029,16.645999908447266
15.505852699279785,16.850000381469727,16.920000076293945,16.729999542236328,16.81999969482422,24023200,2024-05-03,4,3,5,1.1275995831226477,0.17836318186580882,1.4668470559267592,2.203006109024002,16.9,16.744999885559082,16.617499923706056
15.634681701660156,16.989999771118164,17.040000915527344,16.90999984741211,16.950000762939453,24182300,2024-05-06,0,6,5,0.7651622711392103,0.23598233851509484,1.279102885327826,1.9361750128521424,16.8939998626709,16.81299991607666,16.604499912261964
15.717504501342773,17.079999923706055,17.209999084472656,17.0,17.059999465942383,28086800,2024-05-07,1,7,5,1.229502841982977,0.11723598118276414,1.3118592125397828,1.913670890312159,16.931999969482423,16.870999908447267,16.613499927520753
15.745113372802734,17.110000610351562,17.200000762939453,17.0,17.030000686645508,25292100,2024-05-08,2,8,5,1.1689114892167363,0.46975878144731137,1.167391281800023,1.6438865207748161,16.970000076293946,16.901000022888184,16.632499980926514
15.809525489807129,17.18000030517578,17.190000534057617,17.040000915527344,17.100000381469727,22547700,2024-05-09,3,9,5,0.8731060294864103,0.4678358007099575,1.0328564429895963,1.4296289679328766,17.042000198364256,16.961000061035158,16.670499992370605
15.800322532653809,17.170000076293945,17.219999313354492,17.1200008392334,17.200000762939453,19229600,2024-05-10,4,10,5,0.5824022928174494,-0.17442258903935504,0.9238169849285569,1.1953320204276578,17.1060001373291,17.00300006866455,16.713500022888184
15.883145332336426,17.260000228881836,17.34000015258789,17.149999618530273,17.18000030517578,28014800,2024-05-13,0,13,5,1.1008142035808426,0.4656572892024529,0.9909473714168833,1.1350251283723545,17.160000228881835,17.02700004577637,16.764500045776366
15.919954299926758,17.299999237060547,17.34000015258789,17.219999313354492,17.280000686645508,23545300,2024-05-14,1,14,5,0.693646500147406,0.11573234734009316,0.8837761030497691,1.0978176577947758,17.204000091552736,17.068000030517577,16.825
15.947559356689453,17.329999923706055,17.440000534057617,17.18000030517578,17.350000381469727,30877900,2024-05-15,2,15,5,1.500289844353527,-0.11527641108891795,0.9500517740771273,1.0587215279385749,17.247999954223634,17.10900001525879,16.885499954223633
15.919954299926758,17.299999237060547,17.3700008392334,17.149999618530273,17.309999465942383,24686200,2024-05-16,3,16,5,1.2716834127473957,-0.057771399135577675,1.0297672507293243,1.0313118468594604,17.271999740600585,17.15699996948242,16.933999919891356
16.011972427368164,17.399999618530273,17.40999984741211,17.260000228881836,17.399999618530273,25891200,2024-05-17,4,17,5,0.8620667920620533,0.0,1.085700150578245,1.004758567753401,17.317999649047852,17.211999893188477,16.97849988937378
16.122406005859375,17.520000457763672,17.559999465942383,17.360000610351562,17.3799991607666,28266600,2024-05-20,0,20,5,1.1415459495732743,0.805531091814478,1.0938464997767314,1.0423969355968075,17.36999969482422,17.26499996185303,17.038999938964842
15.892348289489746,17.270000457763672,17.520000457763672,17.139999389648438,17.510000228881836,31173300,2024-05-21,1,21,5,2.200353549755733,-1.3706440204512214,1.395187909698397,1.139482006374083,17.363999938964845,17.28400001525879,17.07749996185303
16.1039981842041,17.5,17.510000228881836,17.18000030517578,17.190000534057617,30647500,2024-05-22,2,22,5,1.8857138497488841,1.8033708918635438,1.472272710777468,1.2111622424272976,17.397999954223632,17.322999954223633,17.111999988555908
16.07639503479004,17.469999313354492,17.510000228881836,17.31999969482422,17.399999618530273,32477700,2024-05-23,3,23,5,1.087581806098734,0.4022971055106921,1.435452389447736,1.23260982008853,17.431999969482423,17.351999855041505,17.15649995803833
16.1039981842041,17.5,17.610000610351562,17.420000076293945,17.489999771118164,24996000,2024-05-24,4,24,5,1.0857173374720983,0.05717683826588528,1.480182498529745,1.282941324553995,17.452000045776366,17.38499984741211,17.19399995803833
15.892348289489746,17.270000457763672,17.520000457763672,17.200000762939453,17.459999084472656,25458300,2024-05-28,1,28,5,1.852922329717507,-1.088193795370539,1.6224577745585915,1.3581521371676613,17.40200004577637,17.385999870300292,17.20649995803833
15.754312515258789,17.1200008392334,17.309999465942383,17.110000610351562,17.25,23503800,2024-05-29,2,29,5,1.1682175571655864,-0.7536183232846467,1.416030576040562,1.4056092428694795,17.37200012207031,17.368000030517578,17.21800003051758
16.214427947998047,17.6200008392334,17.639999389648438,17.15999984741211,17.170000076293945,33262600,2024-05-30,3,30,5,2.724174343780631,2.6208547521252163,1.5837226748469118,1.5279976928121897,17.39600028991699,17.397000122070313,17.25300006866455
16.766563415527344,18.219999313354492,18.270000457763672,17.469999313354492,17.530000686645508,67619500,2024-05-31,4,31,5,4.390785809869996,3.936101538402282,2.244363475601164,1.83990793252445,17.546000289916993,17.489000129699708,17.323000049591066
16.573318481445312,18.010000228881836,18.329999923706055,17.959999084472656,18.1299991607666,38332700,2024-06-03,0,3,6,2.054418848035574,-0.6618805153860341,2.4381037777138594,1.9591431381218019,17.64800033569336,17.550000190734863,17.38100004196167
16.886194229125977,18.350000381469727,18.360000610351562,17.899999618530273,17.969999313354492,30089100,2024-06-04,1,4,6,2.5068173420083912,2.1146415282989732,2.568882780172036,2.0956702773653135,17.86400032043457,17.63300018310547,17.449000072479247
16.84018325805664,18.299999237060547,18.31999969482422,18.15999984741211,18.309999465942383,28101800,2024-06-05,2,5,6,0.8743161425279354,-0.05461621613062807,2.510102497244506,1.9630665366425337,18.1,17.736000061035156,17.510000038146973
16.821779251098633,18.280000686645508,18.450000762939453,18.219999313354492,18.290000915527344,22319200,2024-06-06,3,6,6,1.2582135719118925,-0.05467593428793226,2.2169103428707584,1.9003165088588347,18.231999969482423,17.814000129699707,17.56850004196167
16.656137466430664,18.100000381469727,18.219999313354492,17.969999313354492,18.219999313354492,36626700,2024-06-07,4,7,6,1.3812154405032113,-0.6586110669982926,1.6149962689974011,1.9296798722992823,18.20800018310547,17.87700023651123,17.614500045776367
16.43528175354004,17.860000610351562,18.040000915527344,17.75,18.0,32414600,2024-06-10,0,10,6,1.6237452722104653,-0.777774386935764,1.5288615538323795,1.9834826657731193,18.178000259399415,17.913000297546386,17.649000072479247
16.43528175354004,17.860000610351562,17.950000762939453,17.729999542236328,17.84000015258789,29957000,2024-06-11,1,11,6,1.231809704281944,0.11211018829935708,1.2738600262870903,1.9213714032295628,18.08000030517578,17.972000312805175,17.679000091552734
16.205224990844727,17.610000610351562,18.040000915527344,17.56999969482422,17.989999771118164,35652200,2024-06-12,2,12,6,2.668944942721055,-2.112279964431499,1.632785786325714,2.0714441417851095,17.942000579833984,18.02100028991699,17.694500160217284
16.26043701171875,17.670000076293945,17.68000030517578,17.420000076293945,17.549999237060547,30692000,2024-06-13,3,13,6,1.4714217756606125,0.6837654954422517,1.6754274270754579,1.9461688849731078,17.820000457763673,18.026000213623046,17.71150016784668
16.232831954956055,17.639999389648438,17.75,17.489999771118164,17.59000015258789,22652300,2024-06-14,4,14,6,1.4739242510088189,0.2842480763321133,1.6939691891765798,1.6544827290869901,17.728000259399415,17.968000221252442,17.728500175476075
16.26043701171875,17.670000076293945,17.700000762939453,17.489999771118164,17.559999465942383,27451600,2024-06-17,0,17,6,1.1884606163812426,0.6264271850628963,1.6069122580107351,1.5678869059215568,17.690000152587892,17.93400020599365,17.74200019836426
16.610122680664062,18.049999237060547,18.200000762939453,17.860000610351562,17.8799991607666,33711100,2024-06-18,1,18,6,1.8836574346762125,0.9507834690896965,1.7372818040895885,1.505570915188339,17.727999877929687,17.904000091552735,17.768500137329102
16.665340423583984,18.110000610351562,18.15999984741211,17.899999618530273,17.940000534057617,32100600,2024-06-20,3,20,6,1.4356721155118097,0.9476035185796908,1.4906272386477397,1.5617065124867264,17.827999877929688,17.885000228881836,17.810500144958496
16.932205200195312,18.399999618530273,18.450000762939453,18.06999969482422,18.170000076293945,72558200,2024-06-21,4,21,6,2.06522323909476,1.2658202601573136,1.6093875313345691,1.6424074792050132,17.973999786376954,17.897000122070313,17.85550012588501
17.162263870239258,18.649999618530273,18.700000762939453,18.399999618530273,18.420000076293945,42162200,2024-06-24,0,24,6,1.6085852576163295,1.2486402892708532,1.6363197326560712,1.6651444609163248,18.17599983215332,17.952000045776366,17.914500141143797
17.199073791503906,18.690000534057617,18.729999542236328,18.530000686645508,18.639999389648438,32354000,2024-06-25,1,25,6,1.070084804044681,0.26824649166537734,1.612644570188759,1.6097784140997464,18.379999923706055,18.035000038146972,17.97400016784668
17.26348876953125,18.760000228881836,18.809999465942383,18.610000610351562,18.639999389648438,32029700,2024-06-26,2,26,6,1.0660919677544214,0.6437813474395276,1.4491314768044006,1.5932066404469942,18.522000122070313,18.125,18.04850015640259
17.254287719726562,18.75,18.790000915527344,18.610000610351562,18.780000686645508,28916300,2024-06-27,3,27,6,0.9600016276041666,-0.15974805936424355,1.3539973792228719,1.4223123089353056,18.65,18.238999938964845,18.130000114440918
17.585567474365234,19.110000610351562,19.1299991607666,18.780000686645508,18.799999237060547,52825200,2024-06-28,4,28,6,1.8314937882916944,1.6489435418694494,1.3072514890622589,1.4583195101984137,18.792000198364256,18.382999992370607,18.204500102996825
17.465940475463867,18.979999542236328,19.31999969482422,18.829999923706055,19.239999771118164,36095700,2024-07-01,0,1,7,2.5816637667865274,-1.3513525570417695,1.5018671908962986,1.5690934617761845,18.858000183105467,18.517000007629395,18.24250011444092
17.318700790405273,18.81999969482422,19.0,18.68000030517578,18.979999542236328,31606900,2024-07-02,1,2,7,1.7003172157979547,-0.8429918402055836,1.6279136732469532,1.6202791217178558,18.88400001525879,18.631999969482422,18.28300008773804
17.189868927001953,18.68000030517578,18.920000076293945,18.65999984741211,18.8799991607666,19463000,2024-07-03,2,3,7,1.3918641575706832,-1.0593160194965792,1.6930681112102057,1.5710997940073028,18.868000030517578,18.695000076293944,18.29950008392334
17.272689819335938,18.770000457763672,18.799999237060547,18.649999618530273,18.700000762939453,30727800,2024-07-05,4,5,7,0.7991455240920381,0.3743299035738408,1.6608968905077799,1.5074471348653256,18.87200012207031,18.761000061035155,18.323000144958495
17.309497833251953,18.809999465942383,18.899999618530273,18.690000534057617,18.84000015258789,23277400,2024-07-08,0,8,7,1.116422596677279,-0.15923931211532857,1.517882652184897,1.4125670706235776,18.811999893188478,18.802000045776367,18.34950008392334
17.3002986907959,18.799999237060547,18.979999542236328,18.700000762939453,18.81999969482422,27803600,2024-07-09,1,9,7,1.4893552694667764,-0.1062723596598798,1.2994209527209466,1.4006440718086224,18.77599983215332,18.817000007629396,18.38450002670288
17.503915786743164,18.739999771118164,18.75,18.459999084472656,18.56999969482422,33408200,2024-07-10,2,10,7,1.547496900049536,0.9154554608922653,1.2688568895712629,1.4483852814091078,18.75999984741211,18.821999931335448,18.42849998474121
17.616004943847656,18.860000610351562,18.8700008392334,18.6200008392334,18.700000762939453,23623400,2024-07-11,3,11,7,1.325556690930244,0.8556141223758912,1.2555953962431752,1.47433175372669,18.795999908447264,18.83199996948242,18.478499984741212
17.569299697875977,18.809999465942383,18.850000381469727,18.59000015258789,18.719999313354492,37919400,2024-07-12,4,12,7,1.3822447435609744,0.48077006351002494,1.3722152401369623,1.5165560653223706,18.80399971008301,18.83799991607666,18.538499927520753
17.354469299316406,18.579999923706055,18.8700008392334,18.530000686645508,18.850000381469727,33910900,2024-07-15,0,15,7,1.8299254789236434,-1.432363142173157,1.5149158165862353,1.5163992343855657,18.75799980163574,18.78499984741211,18.583999919891358
17.60666275024414,18.850000381469727,18.860000610351562,18.56999969482422,18.600000381469727,23923600,2024-07-16,1,16,7,1.5384663642363943,1.3440859939393486,1.524738035540159,1.4120794941305523,18.768000030517577,18.77199993133545,18.64449996948242
17.896217346191406,19.15999984741211,19.190000534057617,18.850000381469727,18.899999618530273,40611500,2024-07-17,2,17,7,1.7745310819186333,1.3756626144421817,1.5701448719139783,1.4195008807426202,18.852000045776368,18.805999946594238,18.71899995803833
17.886873245239258,19.149999618530273,19.329999923706055,18.989999771118164,19.100000381469727,34793900,2024-07-18,3,18,7,1.7754577512309373,0.2617761050363889,1.6601250839741168,1.4578602401086456,18.90999984741211,18.852999877929687,18.773999977111817
17.858854293823242,19.1200008392334,19.239999771118164,18.979999542236328,19.1200008392334,29910300,2024-07-19,4,19,7,1.359833773376866,0.0,1.6556428899372952,1.5139290650371282,18.972000122070312,18.88799991607666,18.824499988555907
17.32645034790039,18.549999237060547,18.770000457763672,18.309999465942383,18.700000762939453,44083600,2024-07-22,0,22,7,2.479789815313121,-0.8021471644866794,1.7856157572151907,1.6502657869007127,18.96599998474121,18.861999893188475,18.83199996948242
17.008874893188477,18.209999084472656,18.610000610351562,18.139999389648438,18.56999969482422,70161800,2024-07-23,1,23,7,2.581006284090847,-1.9386139809786909,1.994123741186081,1.7594308883631196,18.837999725341795,18.802999877929686,18.80999994277954
17.896217346191406,19.15999984741211,19.229999542236328,18.760000228881836,18.920000076293945,64465000,2024-07-24,2,24,7,2.4530235756654966,1.2684977280675322,2.129822239935454,1.849983555924716,18.837999725341795,18.844999885559083,18.833499908447266
17.92423439025879,19.190000534057617,19.739999771118164,19.100000381469727,19.149999618530273,54049700,2024-07-25,3,25,7,3.3350670757543397,0.20888206957788832,2.4417441048401343,2.050934594407125,18.845999908447265,18.87799987792969,18.854999923706053
17.7561092376709,19.010000228881836,19.299999237060547,18.889999389648438,19.15999984741211,30844200,2024-07-26,4,26,7,2.1567587715711745,-0.7828790173530898,2.601129104478996,2.128385997208145,18.82399978637695,18.897999954223632,18.867999935150145
17.653366088867188,18.899999618530273,19.020000457763672,18.81999969482422,19.0,30788300,2024-07-29,0,29,7,1.0582051162761126,-0.5263177972090871,2.3168121646715947,2.051213960943392,18.8939998626709,18.929999923706056,18.857499885559083
17.72808837890625,18.979999542236328,19.030000686645508,18.84000015258789,18.950000762939453,27855000,2024-07-30,1,30,7,1.0010565787149133,0.15830489756783367,2.0008222235964075,1.997472982391244,19.047999954223634,18.942999839782715,18.857499885559083
17.980276107788086,19.25,19.31999969482422,18.8799991607666,18.899999618530273,39522000,2024-07-31,2,31,7,2.2857170600395698,1.8518539075872413,1.9673609204712221,2.0485915802033374,19.06599998474121,18.951999855041503,18.87899990081787
18.185768127441406,19.469999313354492,19.6299991607666,19.1299991607666,19.309999465942383,44379300,2024-08-01,3,1,8,2.568053506078192,0.8285854574688407,1.8139582065359927,2.1278511556880635,19.121999740600586,18.983999824523927,18.918499851226805
18.092363357543945,19.3700008392334,19.989999771118164,19.190000534057617,19.639999389648438,45240100,2024-08-02,4,2,8,4.130093972118837,-1.3747380794591364,2.2086252466455254,2.40487717556226,19.1939998626709,19.008999824523926,18.948499870300292
17.662704467773438,18.90999984741211,19.1200008392334,18.639999389648438,18.799999237060547,50898400,2024-08-05,0,5,8,2.5383471890966227,0.5851096532744409,2.5046536612096277,2.4107329129406105,19.195999908447266,19.044999885559083,18.95349988937378
17.92423439025879,19.190000534057617,19.299999237060547,18.860000610351562,18.889999389648438,33776000,2024-08-06,1,6,8,2.2928536449391603,1.5881479836022536,2.7630130744544767,2.381917649025442,19.238000106811523,19.143000030517577,18.97299995422363
17.980276107788086,19.25,19.520000457763672,19.100000381469727,19.200000762939453,30036700,2024-08-07,2,7,8,2.181818578150365,0.26041268267581136,2.742233378076636,2.354797149273929,19.238000106811523,19.15200004577637,18.998499965667726
18.120384216308594,19.399999618530273,19.479999542236328,19.209999084472656,19.260000228881836,25588100,2024-08-08,3,8,8,1.3917549642927616,0.7268919417690233,2.50697366971955,2.160465938127771,19.22400016784668,19.172999954223634,19.02549991607666
18.204448699951172,19.489999771118164,19.600000381469727,19.270000457763672,19.389999389648438,22819600,2024-08-09,4,9,8,1.6931756161181433,0.5157317411939314,2.019589998519411,2.114107622582468,19.247999954223634,19.220999908447265,19.05949993133545
18.148405075073242,19.43000030517578,19.559999465942383,19.299999237060547,19.540000915527344,22979900,2024-08-12,0,12,8,1.3381380586627003,-0.5629508966099954,1.7795481724326265,2.1421009168211267,19.352000045776368,19.273999977111817,19.101999950408935
18.23246955871582,19.520000457763672,19.559999465942383,19.360000610351562,19.420000076293945,21508000,2024-08-13,1,13,8,1.0245842771549472,0.5149350209931118,1.5258942988757838,2.14445368666513,19.41800003051758,19.32800006866455,19.135499954223633
18.335214614868164,19.6299991607666,19.65999984741211,19.420000076293945,19.479999542236328,19158600,2024-08-14,2,14,8,1.2226173274517422,0.7700185937122116,1.3340540487360593,2.0381437134063476,19.493999862670897,19.36599998474121,19.158999919891357
17.83083152770996,19.09000015258789,19.579999923706055,18.969999313354492,19.549999237060547,42608100,2024-08-15,3,15,8,3.195393428369717,-2.352936585289707,1.6947817415514503,2.1008777056355,19.431999969482423,19.32800006866455,19.15599994659424
18.064340591430664,19.34000015258789,19.360000610351562,19.079999923706055,19.1200008392334,24724400,2024-08-16,4,16,8,1.4477801677164974,1.1506239733162738,1.645702651871121,1.8326463251952656,19.40200004577637,19.325,19.166999912261964
18.204448699951172,19.489999771118164,19.510000228881836,19.34000015258789,19.350000381469727,20506700,2024-08-19,0,19,8,0.8722425771695748,0.7235110433512243,1.552523555572496,1.666035864002561,19.413999938964842,19.382999992370607,19.213999938964843
18.204448699951172,19.489999771118164,19.579999923706055,19.389999389648438,19.459999084472656,20260900,2024-08-20,1,20,8,0.9748616536115877,0.15416592012815503,1.542579030863824,1.5342366648698036,19.407999801635743,19.41299991607666,19.27799997329712
18.251150131225586,19.540000915527344,19.59000015258789,19.420000076293945,19.520000457763672,20055500,2024-08-21,2,21,8,0.8700105851011285,0.10246135909139854,1.4720576823937015,1.40305586556488,19.39000015258789,19.442000007629396,19.297000026702882
18.22313117980957,19.510000228881836,19.579999923706055,19.399999618530273,19.559999465942383,17596700,2024-08-22,3,22,8,0.9226053463049986,-0.25561982835227015,1.0175000659807578,1.3561409037661036,19.47400016784668,19.45300006866455,19.313000011444093
18.428617477416992,19.729999542236328,19.760000228881836,19.510000228881836,19.540000915527344,21519300,2024-08-23,4,23,8,1.267105959454388,0.9723573070971717,0.981365224328336,1.3135339380997282,19.552000045776367,19.477000045776368,19.348999977111816
18.456640243530273,19.760000228881836,19.940000534057617,19.700000762939453,19.760000228881836,22599700,2024-08-26,0,26,8,1.2145737264080234,0.0,1.0498314541760254,1.3011775048742604,19.6060001373291,19.510000038146973,19.392000007629395
18.353893280029297,19.649999618530273,19.799999237060547,19.600000381469727,19.739999771118164,20321900,2024-08-27,1,27,8,1.0178059006282019,-0.4559278299464367,1.0584203035793487,1.300499667221586,19.638000106811525,19.522999954223632,19.425500011444093
18.51268196105957,19.81999969482422,19.90999984741211,19.670000076293945,19.68000030517578,20435500,2024-08-28,2,28,8,1.2108969465869237,0.7113790014099648,1.1265975758765074,1.2993276291351041,19.6939998626709,19.542000007629394,19.453999996185303
18.456640243530273,19.760000228881836,19.850000381469727,19.6200008392334,19.799999237060547,20775600,2024-08-29,3,29,8,1.1639652812359464,-0.20201520060588182,1.174869562862697,1.096184814421727,19.743999862670897,19.60900001525879,19.46850004196167
18.587404251098633,19.899999618530273,19.90999984741211,19.700000762939453,19.760000228881836,29362700,2024-08-30,4,30,8,1.0552718014984859,0.7084989272611951,1.1325027312715166,1.0569339777999258,19.777999877929688,19.664999961853027,19.494999980926515
19.082447052001953,20.43000030517578,20.450000762939453,19.920000076293945,19.93000030517578,50352600,2024-09-03,1,3,9,2.594227502342407,2.5087806941485646,1.4084334864583934,1.229132470317209,19.911999893188476,19.75900001525879,19.571000003814696
19.21320915222168,20.56999969482422,20.8700008392334,20.25,20.489999771118164,57532400,2024-09-04,2,4,9,3.0141023258712143,0.3904339902376143,1.8076927715069957,1.4330565375431719,20.095999908447265,19.867000007629393,19.63999996185303
19.287933349609375,20.649999618530273,20.829999923706055,20.520000457763672,20.709999084472656,44199100,2024-09-05,3,5,9,1.501208095249575,-0.2897125475363612,1.8657550012395263,1.4961762885580163,20.261999893188477,19.977999877929687,19.70999994277954
19.586828231811523,20.969999313354492,21.0,20.649999618530273,20.649999618530273,53079500,2024-09-06,4,6,9,1.6690528990472262,1.549635354651857,1.966772524801782,1.5708210438322392,20.503999710083008,20.123999786376952,19.788499927520753
20.08186912536621,21.5,21.600000381469727,20.93000030517578,20.959999084472656,58958400,2024-09-09,0,9,9,3.1162794246230017,2.5763403583704396,2.3789740494266853,1.7557383903491004,20.82399978637695,20.30099983215332,19.888999938964844
20.278017044067383,21.709999084472656,21.860000610351562,21.329999923706055,21.450000762939453,60944500,2024-09-10,1,10,9,2.4412745693046705,1.212113343988402,2.3483834628191382,1.8784084746387653,21.07999954223633,20.4959997177124,20.00299987792969
20.03516960144043,21.450000762939453,21.6200008392334,21.239999771118164,21.6200008392334,37328500,2024-09-11,2,11,9,1.7715666881084065,-0.786309295536425,2.0998763352665764,1.953784553386786,21.255999755859374,20.67599983215332,20.099499893188476
20.165931701660156,21.59000015258789,21.639999389648438,21.170000076293945,21.329999923706055,34564800,2024-09-12,3,12,9,2.176930569859934,1.2189415368580145,2.235020830188648,2.050387915714087,21.4439998626709,20.852999877929687,20.19749994277954
20.21263313293457,21.639999389648438,21.670000076293945,21.440000534057617,21.56999969482422,31451300,2024-09-13,4,13,9,1.0628444950250282,0.3245233927426312,2.1137791493842086,2.040275837092995,21.577999877929688,21.040999794006346,20.32499990463257
20.80108070373535,22.270000457763672,22.34000015258789,21.790000915527344,21.84000015258789,53733400,2024-09-16,0,16,9,2.469686689516023,1.968865852433747,1.9844606023628129,2.1817173258947484,21.731999969482423,21.277999877929688,20.471499919891357
20.343400955200195,21.780000686645508,22.100000381469727,21.709999084472656,22.06999969482422,29304400,2024-09-17,1,17,9,1.7906395073541075,-1.3139964303974163,1.8543335899727,2.1013585263959187,21.746000289916992,21.41299991607666,20.585999965667725
20.29669952392578,21.729999542236328,22.0,21.639999389648438,21.84000015258789,27825600,2024-09-18,2,18,9,1.6566986559379986,-0.503665794794091,1.8313599835386185,1.965618159402597,21.802000045776367,21.528999900817873,20.697999954223633
19.95110511779785,21.360000610351562,21.700000762939453,21.18000030517578,21.649999618530273,40942200,2024-09-19,3,19,9,2.4344590023638264,-1.3394873592999985,1.882865670039397,2.058943250114022,21.756000137329103,21.6,20.788999938964842
20.119230270385742,21.540000915527344,21.6200008392334,21.229999542236328,21.299999237060547,94156500,2024-09-20,4,20,9,1.8105909026026719,1.1267684838655314,2.0324149515549257,2.073097050469567,21.73600044250488,21.657000160217287,20.890499973297118
20.072528839111328,21.489999771118164,21.600000381469727,21.360000610351562,21.540000915527344,25550300,2024-09-23,0,23,9,1.1167974577678481,-0.23213157977693405,1.7618371052052908,1.8731488537840515,21.58000030517578,21.6560001373291,20.978499984741212
20.165931701660156,21.59000015258789,21.65999984741211,21.309999465942383,21.3799991607666,25905500,2024-09-24,1,24,9,1.621122644724825,0.9822310573643599,1.7279337326794342,1.7911336613260669,21.542000198364256,21.644000244140624,21.069999980926514
20.137910842895508,21.559999465942383,21.739999771118164,21.520000457763672,21.6200008392334,28334800,2024-09-25,2,25,9,1.0204050037293266,-0.27752715523549976,1.6006750022376999,1.7160174928881589,21.50800018310547,21.655000114440917,21.16549997329712
20.221973419189453,21.649999618530273,21.760000228881836,21.43000030517578,21.489999771118164,25497500,2024-09-26,3,26,9,1.524249097092857,0.7445316385118989,1.418633021183506,1.650749345611451,21.56599998474121,21.661000061035157,21.256999969482422
20.455486297607422,21.899999618530273,21.940000534057617,21.68000030517578,21.719999313354492,23577700,2024-09-27,4,27,9,1.187215677674449,0.8287307130120787,1.2939579761978615,1.6631864638763934,21.637999725341796,21.68700008392334,21.363999938964845
20.54888916015625,22.0,22.06999969482422,21.670000076293945,22.0,26260200,2024-09-30,0,30,9,1.8181800842285156,0.0,1.434234501489995,1.5980358033476425,21.739999771118164,21.660000038146972,21.46899995803833
20.670312881469727,22.1299991607666,22.149999618530273,21.84000015258789,21.93000030517578,32705500,2024-10-01,1,1,10,1.4008110153567859,0.9119874729031255,1.3901721756163872,1.5590529541479106,21.847999572753906,21.69499988555908,21.55399990081787
20.72635841369629,22.190000534057617,22.239999771118164,22.0,22.049999237060547,29820100,2024-10-02,2,2,10,1.081567216502803,0.6349265389622466,1.4024046181710825,1.5015398102043909,21.973999786376954,21.74099998474121,21.63499994277954
20.595590591430664,22.049999237060547,22.229999542236328,21.969999313354492,22.1299991607666,28894700,2024-10-03,3,3,10,1.179139400807055,-0.36149989489327855,1.333382678913922,1.3760078500487138,22.05399971008301,21.809999847412108,21.704999923706055
20.464824676513672,21.90999984741211,21.979999542236328,21.479999542236328,21.700000762939453,24539300,2024-10-04,4,4,10,2.2820630008313634,0.9677376824396483,1.552352143545305,1.4231550598715828,22.055999755859375,21.846999740600587,21.751999950408937
20.343400955200195,21.780000686645508,21.90999984741211,21.670000076293945,21.90999984741211,23116300,2024-10-07,0,7,10,1.1019272890350313,-0.5933325498491793,1.409101584506608,1.421668042998301,22.011999893188477,21.87599983215332,21.76599998474121
20.41812515258789,21.860000610351562,21.979999542236328,21.719999313354492,21.920000076293945,22716400,2024-10-08,1,8,10,1.1893880220603275,-0.2737201903902869,1.3668169858473163,1.3784945807318514,21.95800018310547,21.902999877929688,21.773500061035158
20.48350715637207,21.93000030517578,22.0,21.790000915527344,21.8700008392334,25365400,2024-10-09,2,9,10,0.9575881511642915,0.27434597000448013,1.342021172779614,1.3722128954753479,21.9060001373291,21.939999961853026,21.79750003814697
20.07482147216797,21.219999313354492,21.68000030517578,21.209999084472656,21.600000381469727,28738500,2024-10-10,3,10,10,2.2148974359642732,-1.759264173167473,1.5491727798110577,1.4412777293624894,21.74000015258789,21.89699993133545,21.778999996185302
20.21672821044922,21.3700008392334,21.450000762939453,21.219999313354492,21.299999237060547,25249800,2024-10-11,4,11,10,1.0762818930858393,0.32864603136254367,1.308016558261953,1.4301843509036287,21.632000350952147,21.84400005340576,21.76550006866455
20.112661361694336,21.260000228881836,21.40999984741211,21.260000228881836,21.360000610351562,33512200,2024-10-14,0,14,10,0.7055485273537208,-0.4681665665368194,1.2287408059256908,1.318921195216149,21.528000259399413,21.770000076293947,21.715000057220458
20.349170684814453,21.510000228881836,21.610000610351562,21.229999542236328,21.389999389648438,35942600,2024-10-15,1,15,10,1.7666251235320798,0.5610137571648185,1.3441882262200413,1.3555026060336783,21.45800018310547,21.70800018310547,21.701500034332277
20.538373947143555,21.709999084472656,21.760000228881836,21.479999542236328,21.520000457763672,23926900,2024-10-16,2,16,10,1.2897314530324824,0.8828932280084568,1.4106168865936795,1.3763190296866463,21.413999938964842,21.660000038146972,21.700500011444092
20.557296752929688,21.729999542236328,21.770000457763672,21.530000686645508,21.559999465942383,25471200,2024-10-17,3,17,10,1.1044628447951852,0.7884975904683523,1.1885299683598618,1.3688513740854593,21.51599998474121,21.62800006866455,21.71899995803833
20.67082405090332,21.850000381469727,22.059999465942383,21.6299991607666,21.729999542236328,27277400,2024-10-18,4,18,10,1.9679647490553387,0.5522358111428135,1.3668665395537616,1.337441548907857,21.611999893188475,21.62200012207031,21.73449993133545
20.491077423095703,21.65999984741211,21.969999313354492,21.649999618530273,21.8799991607666,29366200,2024-10-21,0,21,10,1.4773762561334998,-1.0054813610275484,1.5212320853097174,1.374986445617704,21.69199981689453,21.61000003814697,21.742999935150145
20.339712142944336,21.5,21.6200008392334,21.049999237060547,21.25,47781900,2024-10-22,1,22,10,2.651170242664426,1.1764705882352942,1.6981411091361867,1.5211646676781136,21.689999771118163,21.573999977111818,21.738499927520753
21.276281356811523,22.489999771118164,22.579999923706055,21.049999237060547,21.239999771118164,71932600,2024-10-23,2,23,10,6.803026688378836,5.885122473964107,2.800800156205457,2.105708521399568,21.845999908447265,21.629999923706055,21.784999942779542
21.001935958862305,22.200000762939453,22.479999542236328,22.059999465942383,22.399999618530273,38783100,2024-10-24,3,24,10,1.8918921705403313,-0.8928520490927705,2.9582860213544864,2.073407994857174,21.940000152587892,21.72800006866455,21.8125
20.651899337768555,21.829999923706055,22.40999984741211,21.809999465942383,22.299999237060547,26050400,2024-10-25,4,25,10,2.7485129801496817,-2.1076203113648386,3.1143956675733553,2.240631103563558,21.936000061035156,21.773999977111817,21.80900001525879
20.916790008544922,22.110000610351562,22.149999618530273,21.81999969482422,21.920000076293945,27923800,2024-10-28,0,28,10,1.4925369271656819,0.8667907545452023,3.1174278017797916,2.319329943544754,22.026000213623046,21.85900001525879,21.814500045776366
20.983013153076172,22.18000030517578,22.360000610351562,21.920000076293945,21.989999771118164,32711100,2024-10-29,1,29,10,1.9837715419460185,0.8640315417700247,2.9839480616361103,2.341044585386148,22.162000274658205,21.926000022888182,21.817000102996825
20.831645965576172,22.020000457763672,22.260000228881836,21.899999618530273,22.1299991607666,36264900,2024-10-30,2,30,10,1.6348801220148739,-0.4970569687049154,1.9503187483633178,2.3755594522843877,22.068000411987306,21.957000160217284,21.80850009918213
21.323583602905273,22.540000915527344,22.600000381469727,22.030000686645508,22.059999465942383,59566700,2024-10-31,3,31,10,2.528836165359504,2.175890576634045,2.0777075473271522,2.517996784340819,22.136000442504884,22.038000297546386,21.83300018310547
20.926252365112305,22.1200008392334,22.729999542236328,22.06999969482422,22.530000686645508,37170000,2024-11-01,4,1,11,2.9837243326026144,-1.8197950950580033,2.124749817817739,2.6195727426955466,22.19400062561035,22.065000343322755,21.843500232696535
20.737045288085938,21.920000076293945,22.25,21.790000915527344,22.139999389648438,24318500,2024-11-04,0,4,11,2.098535962005476,-0.9936735294462244,2.2459496247856974,2.6816887132827443,22.156000518798827,22.091000366210938,21.850500202178956
20.860029220581055,22.049999237060547,22.170000076293945,21.829999923706055,21.899999618530273,26461800,2024-11-05,1,5,11,1.5419508587394197,0.6849297769090099,2.1575854881443783,2.570766774890244,22.13000030517578,22.14600028991699,21.860000133514404
21.11545753479004,22.31999969482422,22.389999389648438,21.969999313354492,22.110000610351562,32259200,2024-11-06,2,6,11,1.8817207976545762,0.949792305181294,2.2069536232723186,2.078636185817818,22.190000152587892,22.1290002822876,21.879500102996825
20.850570678710938,22.040000915527344,22.389999389648438,21.959999084472656,22.389999389648438,31471800,2024-11-07,3,7,11,1.950999488719816,-1.563191083796583,2.0913862879443808,2.0845469176357665,22.09000015258789,22.113000297546385,21.920500183105467
21.13437843322754,22.34000015258789,22.43000030517578,22.049999237060547,22.049999237060547,29901600,2024-11-08,4,8,11,1.7009895502226067,1.315196941321996,1.8348393314683793,1.979794574643059,22.13400001525879,22.16400032043457,21.969000148773194
21.10599708557129,22.309999465942383,22.479999542236328,22.25,22.280000686645508,23465000,2024-11-11,0,11,11,1.0309258078980992,0.13464442716492409,1.6213173006469042,1.9336334627163005,22.211999893188477,22.18400020599365,22.02150011062622
20.95462989807129,22.149999618530273,22.290000915527344,21.790000915527344,22.209999084472656,39579500,2024-11-12,1,12,11,2.2573363819912187,-0.27014618827395337,1.7643944052972635,1.96098994672082,22.231999969482423,22.1810001373291,22.05350008010864
21.09653663635254,22.299999237060547,22.389999389648438,22.059999465942383,22.170000076293945,29345600,2024-11-13,2,13,11,1.4798203363057751,0.5863742008084508,1.6840143130275034,1.9454839681499105,22.227999877929687,22.209000015258788,22.083000087738036
21.04923439025879,22.25,22.459999084472656,22.219999313354492,22.299999237060547,20825100,2024-11-14,3,14,11,1.0786506567108496,-0.2242118330544727,1.50954454662571,1.8004654172850452,22.269999694824218,22.179999923706056,22.10900011062622
21.456029891967773,22.68000030517578,22.75,22.200000762939453,22.239999771118164,40207300,2024-11-15,4,15,11,2.425040695149515,1.9784196878860634,1.654354775611092,1.7445970535397355,22.337999725341795,22.235999870300294,22.150500106811524
21.749298095703125,22.989999771118164,23.200000762939453,22.780000686645508,22.790000915527344,35656400,2024-11-18,0,18,11,1.826881602763573,0.8775728282422164,1.8135459345841867,1.717431617615545,22.473999786376954,22.342999839782713,22.217000102996828
21.503332138061523,22.729999542236328,22.920000076293945,22.68000030517578,22.8799991607666,24727700,2024-11-19,1,19,11,1.0558723095097402,-0.6555927623786139,1.573253120087891,1.6688237626925768,22.589999771118165,22.410999870300294,22.278500080108643
21.59793472290039,22.829999923706055,22.899999618530273,22.739999771118164,22.799999237060547,20423100,2024-11-20,2,20,11,0.7008315722593141,0.13158196337455494,1.4174553672785986,1.550734840153051,22.695999908447266,22.461999893188477,22.295500087738038
21.73984146118164,22.979999542236328,23.149999618530273,22.729999542236328,22.799999237060547,23080900,2024-11-21,3,21,11,1.8276766086178626,0.7894750491184117,1.5672605576600014,1.5384025521428555,22.841999816894532,22.555999755859375,22.33450002670288
21.929046630859375,23.18000030517578,23.290000915527344,22.940000534057617,23.049999237060547,35732900,2024-11-22,4,22,11,1.509923972656619,0.5639959757838706,1.3842372131614222,1.5192959943862567,22.94199981689453,22.639999771118163,22.40200004577637
21.853363037109375,23.100000381469727,23.31999969482422,22.950000762939453,23.149999618530273,64729800,2024-11-25,0,25,11,1.601726951405464,-0.21597942930644928,1.3392062828898004,1.576376108736993,22.963999938964843,22.7189998626709,22.451500034332277
21.843900680541992,23.09000015258789,23.110000610351562,22.8700008392334,22.940000534057617,30080300,2024-11-26,1,26,11,1.0394100023046784,0.6538780080130259,1.335913821448788,1.454583470768339,23.036000061035157,22.81299991607666,22.49700002670288
22.014190673828125,23.270000457763672,23.3799991607666,23.010000228881836,23.200000762939453,33206300,2024-11-27,2,27,11,1.5900254602759207,0.30172281259593264,1.5137525990521092,1.4656039831653538,23.12400016784668,22.910000038146972,22.55950002670288
21.910123825073242,23.15999984741211,23.309999465942383,23.010000228881836,23.270000457763672,19673900,2024-11-29,4,29,11,1.2953335018871717,-0.47271425950858764,1.4072839777059711,1.4872722676829857,23.160000228881835,23.001000022888185,22.59049997329712
21.474950790405273,22.700000762939453,23.15999984741211,22.639999389648438,23.149999618530273,44160600,2024-12-02,0,2,12,2.2907508382670922,-1.9438395810193514,1.5634493508280658,1.4738432819947438,23.06400032043457,23.00300006866455,22.619499969482423
22.458824157714844,23.739999771118164,24.030000686645508,23.3799991607666,23.40999984741211,63128700,2024-12-03,1,3,12,2.7380013990972794,1.4096536773046369,1.7907042403664288,1.5649552616281142,23.19200019836426,23.07800006866455,22.710499954223632
22.26015853881836,23.530000686645508,23.829999923706055,23.3700008392334,23.670000076293945,41534200,2024-12-04,2,4,12,1.954947178279215,-0.5914634102120268,1.9738116755613362,1.6548627485050615,23.280000305175783,23.158000183105468,22.78450002670288
22.543968200683594,23.829999923706055,23.889999389648438,23.579999923706055,23.610000610351562,40155600,2024-12-05,3,5,12,1.3008790051820174,0.9318056233257179,1.9159823845425552,1.714867491797332,23.392000198364258,23.25800018310547,22.86000003814697
22.591270446777344,23.8799991607666,23.899999618530273,23.559999465942383,23.829999923706055,34218800,2024-12-06,4,6,12,1.4237862836548603,0.20981635426195575,1.9416729408960933,1.674478459301032,23.536000061035157,23.348000144958498,22.951999950408936
22.108793258666992,23.3700008392334,23.989999771118164,23.34000015258789,23.899999618530273,38385900,2024-12-09,0,9,12,2.7813418707245336,-2.217568149607641,2.0397911473875814,1.8016202491078233,23.670000076293945,23.36700019836426,23.00349998474121
22.241233825683594,23.510000228881836,23.65999984741211,23.110000610351562,23.40999984741211,32851500,2024-12-10,1,10,12,2.339426761829111,0.4271695092761021,1.9600762199339479,1.8753902301501881,23.62400016784668,23.408000183105468,23.063500022888185
22.212854385375977,23.479999542236328,23.540000915527344,23.139999389648438,23.43000030517578,38518100,2024-12-11,2,11,12,1.7035840446222108,0.21339836282247868,1.9098035932025468,1.941807634381941,23.613999938964845,23.447000122070314,23.130000019073485
22.099332809448242,23.360000610351562,23.739999771118164,23.360000610351562,23.579999923706055,22015000,2024-12-12,3,12,12,1.6267086936556492,-0.9329911538011363,1.9749695308972732,1.945475957719914,23.520000076293947,23.456000137329102,23.183000087738037
22.354761123657227,23.6299991607666,23.670000076293945,23.260000228881836,23.3700008392334,33693900,2024-12-13,4,13,12,1.735081938101974,1.1125302190692254,2.037228661786696,1.9894508013413943,23.470000076293946,23.50300006866455,23.252000045776366
21.60739517211914,22.84000015258789,23.809999465942383,22.610000610351562,23.709999084472656,48018100,2024-12-16,0,16,12,5.253935409693306,-3.669333468909814,2.5317473695804504,2.2857692584840157,23.363999938964845,23.517000007629395,23.260000038146973
21.59793472290039,22.829999923706055,22.979999542236328,22.670000076293945,22.799999237060547,39844700,2024-12-17,1,17,12,1.3578601269310024,0.13158196337455494,2.335434042600829,2.147755131267388,23.227999877929687,23.426000022888182,23.252000045776366
21.266820907592773,22.479999542236328,22.989999771118164,22.459999084472656,22.799999237060547,38897400,2024-12-18,2,18,12,2.3576543480337766,-1.4035074804040835,2.4662481032831423,2.188025848242844,23.027999877929688,23.320999908447266,23.239500045776367
21.351964950561523,22.56999969482422,22.68000030517578,22.40999984741211,22.510000228881836,43160800,2024-12-19,3,19,12,1.1962802898291076,0.26654582555445505,2.380162422517834,2.1775659767075535,22.86999969482422,23.19499988555908,23.226500034332275
21.522253036499023,22.75,22.75,22.520000457763672,22.59000015258789,93984000,2024-12-20,4,20,12,1.0109869988410027,0.7082773188639396,2.23534343466564,2.136286048226167,22.6939998626709,23.08199996948242,23.215000057220458
21.60739517211914,22.84000015258789,22.8700008392334,22.59000015258789,22.670000076293945,24655600,2024-12-23,0,23,12,1.2259224377184703,0.7498900561174442,1.4297408402706724,1.9807441049255612,22.6939998626709,23.028999900817873,23.198000049591066
21.711458206176758,22.950000762939453,22.989999771118164,22.760000228881836,22.84000015258789,9605900,2024-12-24,1,24,12,1.0021766213086156,0.4816138774810772,1.3586041391461952,1.8470190908735113,22.71800003051758,22.97299995422363,23.19050006866455
21.720916748046875,22.959999084472656,23.149999618530273,22.8799991607666,22.93000030517578,16440500,2024-12-26,3,26,12,1.1759602287888038,0.13082764456005544,1.1222653152972004,1.7942567092901711,22.813999938964844,22.920999908447264,23.18400001525879
21.626314163208008,22.860000610351562,23.06999969482422,22.81999969482422,22.8799991607666,18547500,2024-12-27,4,27,12,1.0936132691387328,-0.08740625502002425,1.1017319111591253,1.7409471668384793,22.87200012207031,22.870999908447267,23.163500022888183
21.38980484008789,22.610000610351562,22.780000686645508,22.440000534057617,22.780000686645508,25420000,2024-12-30,0,30,12,1.5037600327716398,-0.74626896913838,1.2002865179452529,1.7178149763054456,22.844000244140624,22.76900005340576,23.136000061035155
21.54117202758789,22.770000457763672,22.850000381469727,22.600000381469727,22.6200008392334,22342800,2024-12-31,1,31,12,1.0979358584718861,0.6631282624450909,1.1746892020959359,1.302215021183304,22.83000030517578,22.76200008392334,23.139500045776366
21.59793472290039,22.829999923706055,23.170000076293945,22.799999237060547,22.829999923706055,27108200,2025-01-02,3,2,1,1.6206782324567577,0.0,1.2983895243255643,1.3284968317358792,22.8060001373291,22.76200008392334,23.09400005340576
21.44656753540039,22.670000076293945,22.959999084472656,22.649999618530273,22.899999618530273,26874900,2025-01-03,4,3,1,1.3674436034367277,-1.004364829989851,1.336686199255149,1.2294757572761745,22.74800033569336,22.7810001373291,23.051000022888182
21.380348205566406,22.600000381469727,22.770000457763672,22.530000686645508,22.760000228881836,34416000,2025-01-06,0,6,1,1.061945871978593,-0.7029870202245156,1.3303527198231213,1.216042315491123,22.69600028991699,22.784000205993653,22.989500045776367
21.001935958862305,22.200000762939453,22.649999618530273,22.15999984741211,22.540000915527344,37143500,2025-01-07,1,7,1,2.2072061003536843,-1.5084300744356736,1.4710419333395301,1.335664225642391,22.61400032043457,22.729000282287597,22.90550012588501
20.983013153076172,22.18000030517578,22.25,21.65999984741211,22.1299991607666,35517800,2025-01-08,2,8,1,2.660054754148096,0.22594282108164168,1.7834657124747721,1.4790774572853536,22.496000289916992,22.663000297546386,22.846000099182127
20.7799072265625,21.690000534057617,22.040000915527344,21.489999771118164,21.8799991607666,41572400,2025-01-10,4,10,1,2.535735965269196,-0.8683667001673114,1.9664772590372597,1.6324333916814115,22.268000411987305,22.537000274658205,22.755000114440918
20.655359268188477,21.559999465942383,21.68000030517578,21.399999618530273,21.6299991607666,37865600,2025-01-13,0,13,1,1.2987045156833867,-0.3236231971344092,1.9527294414865914,1.6447078203708698,22.046000289916993,22.397000312805176,22.65900011062622
20.885290145874023,21.799999237060547,21.81999969482422,21.3799991607666,21.520000457763672,25627300,2025-01-14,1,14,1,2.0183511442954787,1.3011095415467853,2.144010495949969,1.7371816078865447,21.886000061035155,22.291000175476075,22.58100004196167
20.99067497253418,21.90999984741211,22.09000015258789,21.8799991607666,21.979999542236328,50559900,2025-01-15,2,15,1,0.9584709871465072,-0.3184699557873454,1.894263473308533,1.6826527033240315,21.827999877929688,22.221000099182127,22.495000076293945
21.096059799194336,22.020000457763672,22.1299991607666,21.84000015258789,22.0,25639600,2025-01-16,3,16,1,1.3169800279294042,0.09091117165305397,1.625648528064795,1.7045571202697833,21.795999908447264,22.146000099182128,22.454000091552736
21.354732513427734,22.290000915527344,22.3700008392334,21.979999542236328,22.09000015258789,33638000,2025-01-17,4,17,1,1.7496692731196486,0.9053905004886231,1.4684351896348855,1.7174562243360725,21.915999984741212,22.092000198364257,22.4270001411438
21.54633903503418,22.489999771118164,22.540000915527344,22.209999084472656,22.209999084472656,36777600,2025-01-21,1,21,1,1.4673269649316691,1.2606965249325945,1.5021596794845418,1.7274445604855664,22.102000045776368,22.07400016784668,22.42750015258789
21.383472442626953,22.31999969482422,22.479999542236328,22.020000457763672,22.3799991607666,31676400,2025-01-22,2,22,1,2.0609278259951114,-0.268094138482209,1.5106750158244684,1.8273427558872182,22.206000137329102,22.04600009918213,22.41500015258789
21.584659576416016,22.530000686645508,22.65999984741211,22.219999313354492,22.34000015258789,32125200,2025-01-23,3,23,1,1.9529539309709132,0.8504947751113033,1.7095716045893496,1.8019175389489412,22.33000030517578,22.079000091552736,22.404000186920165
21.76668930053711,22.719999313354492,22.790000915527344,22.540000915527344,22.549999237060547,44409200,2025-01-24,4,24,1,1.1003521459309797,0.7538806299139604,1.666246028189665,1.6459472781272297,22.470000076293946,22.132999992370607,22.398000144958495
23.127107620239258,24.139999389648438,24.3700008392334,23.350000381469727,23.5,92445200,2025-01-27,0,27,1,4.225354115796134,2.7234016580784575,2.161382996724962,1.8149090931799232,22.839999771118165,22.37799987792969,22.457500076293947
23.376197814941406,24.399999618530273,24.579999923706055,23.920000076293945,24.059999465942383,55731400,2025-01-28,1,28,1,2.704917449715371,1.4131344976510518,2.408901093681702,1.9555303865831217,23.221999740600587,22.661999893188476,22.529500102996828
23.213329315185547,24.229999542236328,24.979999542236328,24.200000762939453,24.709999084472656,34420400,2025-01-29,2,29,1,3.2191448371149427,-1.942531606720907,2.6405444959056683,2.075609755865068,23.60399971008301,22.904999923706054,22.598000049591064
23.012142181396484,24.020000457763672,24.229999542236328,23.780000686645508,24.170000076293945,45653000,2025-01-30,3,30,1,1.8734340008947545,-0.620602474376464,2.624640509890437,2.167106057239893,23.90199966430664,23.11599998474121,22.66850004196167
22.734310150146484,23.729999542236328,24.139999389648438,23.65999984741211,24.010000228881836,40341800,2025-01-31,4,31,1,2.022754115026387,-1.166183606731884,2.809120903709518,2.2376834659495914,24.10399971008301,23.286999893188476,22.716499996185302
23.232492446899414,24.25,24.43000030517578,23.670000076293945,23.690000534057617,59555800,2025-02-03,0,3,2,3.1340215623993237,2.36386430273527,2.590854393030156,2.376118694877559,24.12599983215332,23.482999801635742,22.7875
23.232492446899414,24.25,24.43000030517578,24.06999969482422,24.209999084472656,30540200,2025-02-04,1,4,2,1.4845385993878866,0.16522477092119664,2.346778622964659,2.3778398583231803,24.095999908447265,23.658999824523924,22.866499996185304
23.443260192871094,24.469999313354492,24.579999923706055,24.280000686645508,24.459999084472656,29511700,2025-02-05,2,5,2,1.2259879259449853,0.04088401167677941,1.948147240730668,2.294345868318168,24.1439998626709,23.873999786376952,22.95999994277954
23.424100875854492,24.450000762939453,24.559999465942383,24.299999237060547,24.5,24522500,2025-02-06,3,6,2,1.0633955859663455,-0.20407851861447704,1.786139557744986,2.205390033817711,24.229999923706053,24.06599979400635,23.07249994277954
23.51032257080078,24.540000915527344,24.729999542236328,24.25,24.450000762939453,26290100,2025-02-07,4,7,2,1.9559882816981278,0.36809877210437575,1.7727863910793338,2.2909536473944256,24.392000198364258,24.247999954223634,23.19049997329712
23.8169002532959,24.860000610351562,24.940000534057617,24.600000381469727,24.610000610351562,31913400,2025-02-10,0,10,2,1.3676594699934017,1.0158471913846436,1.4195139725981498,2.0051841828141526,24.51400032043457,24.320000076293944,23.348999977111816
24.0947265625,25.149999618530273,25.18000030517578,24.799999237060547,24.899999618530273,35150300,2025-02-11,1,11,2,1.510938663534823,1.0040160796386242,1.4247939854275369,1.8857863041960978,24.694000244140625,24.395000076293947,23.52849998474121
24.29591941833496,25.360000610351562,25.3799991607666,25.059999465942383,25.149999618530273,38970300,2025-02-12,2,12,2,1.26182841925327,0.8349940159305704,1.431962084089194,1.6900546624099306,24.87200050354004,24.50800018310547,23.70650005340576
24.554590225219727,25.6299991607666,25.739999771118164,25.360000610351562,25.469999313354492,35115100,2025-02-13,3,13,2,1.4826343082690747,0.6281894453299725,1.5158098285497397,1.6509746931473626,25.108000183105467,24.66900005340576,23.892500019073488
24.78451919555664,25.8700008392334,25.93000030517578,25.600000381469727,25.670000076293945,31687800,2025-02-14,4,14,2,1.2756084770031786,0.7791225646475645,1.37973386761075,1.5762601293450418,25.37400016784668,24.88300018310547,24.085000038146973
24.976125717163086,26.06999969482422,26.18000030517578,25.709999084472656,25.709999084472656,52442500,2025-02-18,1,18,2,1.8028432152089218,1.4002357960758618,1.4667706166538539,1.4431422946260015,25.61599998474121,25.065000152587892,24.273999977111817
25.138994216918945,26.239999771118164,26.350000381469727,26.06999969482422,26.219999313354492,30551500,2025-02-19,2,19,2,1.0670757968286986,0.07627939850282585,1.3779980433126293,1.4013960143700825,25.834000015258788,25.264000129699706,24.461499977111817
25.052770614624023,26.149999618530273,26.280000686645508,25.940000534057617,26.200000762939453,32753900,2025-02-20,3,20,2,1.3001918070658842,-0.190844057073111,1.385670720875152,1.4088164024821725,25.99199981689453,25.432000160217285,24.65299997329712
25.503049850463867,26.6200008392334,26.719999313354492,25.969999313354492,26.079999923706055,58421500,2025-02-21,4,21,2,2.8174304145574114,2.070555663754035,1.6526299421328194,1.5842198853412792,26.190000152587892,25.64900016784668,24.857499980926512
25.618013381958008,26.739999771118164,27.1299991607666,26.600000381469727,26.6200008392334,54549600,2025-02-24,0,24,2,1.9820448161309483,0.450784853875389,1.7939172099583733,1.5868255387845613,26.363999938964845,25.869000053405763,25.058500003814697
25.531789779663086,26.649999618530273,27.15999984741211,26.260000228881836,26.8700008392334,52497200,2025-02-25,1,25,2,3.3771093111179105,-0.8187614954663383,2.108770429140171,1.7877705228970122,26.479999923706053,26.047999954223634,25.18400001525879
25.45514678955078,26.56999969482422,26.829999923706055,26.43000030517578,26.559999465942383,39296500,2025-02-26,2,26,2,1.5054558642249158,0.03765146492061918,2.1964464426194144,1.7872222429660212,26.545999908447264,26.189999961853026,25.292500019073486
25.771299362182617,26.899999618530273,26.969999313354492,26.56999969482422,26.639999389648438,32943300,2025-02-27,3,27,2,1.486987450567585,0.975976857502725,2.233805571319755,1.8097381460974529,26.695999908447266,26.3439998626709,25.426000022888182
26.25990104675293,27.40999984741211,27.489999771118164,27.0,27.0,62510800,2025-02-28,4,28,2,1.7876679089599736,1.518517953378183,2.027853070200267,1.840241506166543,26.85399971008301,26.52199993133545,25.595499992370605
26.55689239501953,27.719999313354492,27.860000610351562,27.190000534057617,27.270000457763672,45078600,2025-03-03,0,3,3,2.417027752129718,1.6501607922148283,2.114849657400021,1.9543834336791968,27.049999618530272,26.70699977874756,25.794999980926512
25.119831085205078,26.219999313354492,27.969999313354492,26.1200008392334,27.799999237060547,89479700,2025-03-04,1,4,3,7.05567705022343,-5.683453118947341,2.8505632052211247,2.4796668171806475,26.963999557495118,26.721999740600587,25.89349994659424
25.081510543823242,26.18000030517578,26.389999389648438,25.829999923706055,26.06999969482422,42010100,2025-03-05,2,5,3,2.139035368275649,0.4219432744120874,2.9772791060312715,2.5868627743253425,26.88599967956543,26.715999794006347,25.989999961853027
25.60843276977539,26.729999542236328,26.790000915527344,26.059999465942383,26.219999313354492,32211600,2025-03-06,3,6,3,2.731019311958755,1.9450810153991127,3.2260854783095056,2.72994552481463,26.85199966430664,26.773999786376955,26.10299997329712
25.982070922851562,27.1200008392334,27.209999084472656,26.600000381469727,26.670000076293945,35341900,2025-03-07,4,7,3,2.2492576848318877,1.6872919447024803,3.3184034334838883,2.673128251842077,26.793999862670898,26.82399978637695,26.236499977111816
26.13535499572754,27.280000686645508,27.459999084472656,26.68000030517578,27.110000610351562,57820800,2025-03-10,0,10,3,2.8592329899709683,0.6270751474237638,3.4068444810521386,2.7608470692260796,26.706000137329102,26.87799987792969,26.373499965667726
24.91864585876465,26.010000228881836,26.829999923706055,25.59000015258789,26.469999313354492,74574300,2025-03-11,1,11,3,4.767396233012149,-1.737812982263963,2.949188317609882,2.8998757614155033,26.66400032043457,26.813999938964844,26.430999946594238
24.640811920166016,25.719999313354492,25.860000610351562,24.889999389648438,25.6299991607666,62383200,2025-03-12,2,12,3,3.7713889836671775,0.3511516017747645,3.2756590406881876,3.1264690733597296,26.572000122070314,26.728999900817872,26.45949993133545
24.995288848876953,26.09000015258789,26.459999084472656,25.760000228881836,25.790000915527344,37698500,2025-03-13,3,13,3,2.683015912214883,1.1632385669281882,3.266058360739413,3.2460719195244594,26.444000244140625,26.647999954223632,26.495999908447267
25.464725494384766,26.579999923706055,26.649999618530273,25.75,25.799999237060547,37591300,2025-03-14,4,14,3,3.3860030892159094,3.023258564771861,3.4934074416162177,3.4059054375500524,26.336000061035158,26.564999961853026,26.54349994659424
25.70423698425293,26.829999923706055,26.93000030517578,26.25,26.56999969482422,45570000,2025-03-17,0,17,3,2.5344774771130605,0.978548106391147,3.4284563390446365,3.417650410048387,26.245999908447267,26.476000022888183,26.591499900817873
25.49346923828125,26.610000610351562,26.979999542236328,26.559999465942383,26.799999237060547,30365600,2025-03-18,1,18,3,1.578354252763756,-0.7089501198427035,2.7906479429949576,2.8699181303024193,26.36599998474121,26.51500015258789,26.618499946594238
25.713815689086914,26.84000015258789,26.940000534057617,26.450000762939453,26.649999618530273,30145700,2025-03-19,2,19,3,1.8256325198676224,0.7129476051680919,2.4014966502350465,2.838577845461617,26.59000015258789,26.581000137329102,26.648499965667725
25.665918350219727,26.790000915527344,26.93000030517578,26.68000030517578,26.899999618530273,27272300,2025-03-20,3,20,3,0.9331839919986764,-0.40891711733392083,2.051530266191805,2.6587943134656085,26.730000305175782,26.5870002746582,26.680500030517578
25.88626480102539,27.020000457763672,27.209999084472656,26.639999389648438,26.809999465942383,91268600,2025-03-21,4,21,3,2.109547317422196,0.7832935322809691,1.7962391118330625,2.64482327672464,26.818000411987306,26.577000236511232,26.700500011444092
25.82878303527832,26.959999084472656,27.219999313354492,26.84000015258789,26.860000610351562,26863300,2025-03-24,0,24,3,1.4094924839424727,0.3722951297423105,1.5712421131989451,2.49984922612179,26.844000244140624,26.545000076293945,26.711499977111817
26.164098739624023,27.309999465942383,27.559999465942383,26.969999313354492,26.969999313354492,42339700,2025-03-25,1,25,3,2.1603814138614874,1.2606605904492396,1.6876475454184914,2.2391477442067242,26.98400001525879,26.675,26.744499969482423
26.489831924438477,27.649999618530273,27.84000015258789,27.360000610351562,27.40999984741211,42589400,2025-03-26,2,26,3,1.7359839018393532,0.8755920191689583,1.6697178218128375,2.0356072360239414,27.145999908447266,26.868000030517578,26.798499965667723
27.016754150390625,28.200000762939453,28.420000076293945,27.639999389648438,27.770000457763672,43000100,2025-03-27,3,27,3,2.765959806889749,1.5484346348131437,2.036272984791052,2.0439016254914284,27.427999877929686,27.079000091552736,26.863500022888182
26.99759292602539,28.18000030517578,28.510000228881836,28.059999465942383,28.350000381469727,35085300,2025-03-28,4,28,3,1.596879907970768,-0.599647527359688,1.9337395029007662,1.8649893073669142,27.65999984741211,27.239000129699708,26.90200004577637
27.09339714050293,28.280000686645508,28.559999465942383,28.209999084472656,28.260000228881836,50156500,2025-03-31,0,31,3,1.2376250812292415,0.07077302760681271,1.8993660223581201,1.7353040677785323,27.92400016784668,27.38400020599365,26.93000011444092
27.285005569458008,28.479999542236328,28.610000610351562,28.219999313354492,28.399999618530273,43986400,2025-04-01,1,1,4,1.3693865985450304,0.28168987598808554,1.7411670592948287,1.7144073023566597,28.158000183105468,27.57100009918213,27.04300012588501
26.95926856994629,28.139999389648438,28.59000015258789,28.010000228881836,28.40999984741211,41574800,2025-04-02,2,2,4,2.0611227302279653,-0.9503712045541121,1.806194824972551,1.737956323392694,28.256000137329103,27.701000022888184,27.141000080108643
27.39996910095215,28.600000381469727,29.030000686645508,28.450000762939453,28.540000915527344,48912300,2025-04-03,3,3,4,2.027971734160687,0.2102293763758773,1.6585972104267388,1.847435097608895,28.336000061035158,27.881999969482422,27.234500122070312
25.52220916748047,26.639999389648438,28.43000030517578,26.530000686645508,28.0,61361000,2025-04-04,4,4,4,7.13213086359364,-4.857145036969866,2.7656474015513135,2.3496934522260395,28.027999877929688,27.8439998626709,27.210500049591065
25.70423698425293,26.829999923706055,27.229999542236328,25.100000381469727,25.18000030517578,74875400,2025-04-07,0,7,4,7.938871288943271,6.552818103783398,4.105896643094119,3.002631332726119,27.737999725341798,27.83099994659424,27.188000011444093
25.282699584960938,26.389999389648438,27.190000534057617,26.030000686645508,27.020000457763672,55717100,2025-04-08,1,8,4,4.395603919063079,-2.331610131169394,4.711140107197728,3.2261535832462784,27.31999969482422,27.738999938964845,27.20699996948242
25.359342575073242,26.469999313354492,26.860000610351562,25.200000762939453,26.09000015258789,77738700,2025-04-09,2,9,4,6.271250058456237,1.456493516842349,5.553165572843383,3.679680198907967,26.98599967956543,27.620999908447267,27.244499969482423
25.551048278808594,26.389999389648438,26.760000228881836,25.899999618530273,26.239999771118164,51467900,2025-04-10,3,10,4,3.2588125435459485,0.5716448926778384,5.799333734720436,3.728965472573587,26.543999481201173,27.439999771118163,27.259499931335448
25.93833351135254,26.790000915527344,26.899999618530273,26.360000610351562,26.579999923706055,32057600,2025-04-11,4,11,4,2.0156737205101414,0.7900714538151457,4.776042306103736,3.770844853827524,26.57399978637695,27.30099983215332,27.269999980926514
26.335298538208008,27.200000762939453,27.350000381469727,26.579999923706055,26.6299991607666,27042800,2025-04-14,0,14,4,2.830883956491696,2.1404491931513934,3.754444839613421,3.93017074135377,26.647999954223632,27.192999839782715,27.288500022888183
26.625761032104492,27.5,27.6299991607666,27.260000228881836,27.5,25721300,2025-04-15,1,15,4,1.3454506613991477,0.0,3.1444141880806344,3.927777147639181,26.870000076293945,27.094999885559083,27.332999992370606
26.161020278930664,27.020000457763672,27.780000686645508,26.940000534057617,27.739999771118164,27835900,2025-04-16,2,16,4,3.1088088022090794,-2.595527466817531,2.511925936831203,4.032545754837293,26.980000305175782,26.982999992370605,27.342000007629395
26.28688621520996,27.149999618530273,27.489999771118164,27.010000228881836,27.18000030517578,24870300,2025-04-17,3,17,4,1.7679541398914842,-0.11037780098845289,2.21375425610031,4.006543995410373,27.132000350952147,26.83799991607666,27.35999994277954
25.492956161499023,26.329999923706055,27.280000686645508,26.15999984741211,27.15999984741211,46226000,2025-04-21,0,21,4,4.253706200071092,-3.0559643901660025,2.6613607520125,3.718701529058117,27.04000015258789,26.806999969482423,27.32549991607666
26.10292625427246,26.959999084472656,27.360000610351562,25.979999542236328,26.0,50906800,2025-04-22,1,22,4,5.118698497694061,3.692304171048678,3.1189236602529733,3.4366842499331964,26.99199981689453,26.81999988555908,27.32549991607666
26.32561683654785,27.190000534057617,27.31999969482422,26.1200008392334,26.540000915527344,43351000,2025-04-23,2,23,4,4.413382979112955,2.449131861747557,3.732510123795735,3.438462155938184,26.929999923706056,26.9,27.319499969482422
26.65480613708496,27.530000686645508,27.829999923706055,27.139999389648438,27.170000076293945,43640800,2025-04-24,3,24,4,2.506358579178418,1.3249930413716342,3.6120200791896027,3.061973008010402,27.03199996948242,27.006000137329103,27.313500022888185
25.95769500732422,26.809999465942383,27.520000457763672,26.6299991607666,27.459999084472656,37050300,2025-04-25,4,25,4,3.3196617483251654,-2.367078077937074,3.9223616008763384,3.068057928488324,26.963999938964843,27.048000144958497,27.24399995803833
26.39339256286621,27.260000228881836,27.270000457763672,26.799999237060547,26.899999618530273,24156000,2025-04-28,0,28,4,1.7241423945593404,1.3382922507685586,3.416448839773988,3.0389047958932442,27.15,27.095000076293946,27.197999954223633
26.432117462158203,27.299999237060547,27.440000534057617,27.049999237060547,27.100000381469727,25015800,2025-04-29,1,29,4,1.4285762194001537,0.7380031467732905,2.6784243841152064,2.89867402218409,27.21800003051758,27.104999923706053,27.148999881744384
26.81940460205078,27.700000762939453,27.889999389648438,27.31999969482422,27.600000381469727,38877100,2025-04-30,2,30,4,2.0577605744575864,0.3623202177086399,2.207299903184133,2.9699050134899334,27.320000076293944,27.125,27.10999994277954
26.761310577392578,27.639999389648438,27.780000686645508,27.270000457763672,27.5,37367600,2025-05-01,3,1,5,1.8451528225172036,0.5090886896306818,2.0750587518518904,2.8435394155207456,27.341999816894532,27.186999893188478,27.08499994277954
26.73226547241211,27.610000610351562,27.780000686645508,27.360000610351562,27.600000381469727,22928400,2025-05-02,4,2,5,1.521188218070805,0.03623271283919967,1.715364045801018,2.8188628233386783,27.502000045776366,27.232999992370605,27.03549995422363
26.63544273376465,27.510000228881836,27.690000534057617,27.15999984741211,27.559999465942383,21335300,2025-05-05,0,5,5,1.9265746355359086,-0.18141958646383163,1.7558504939963318,2.58614966688516,27.552000045776367,27.351000022888183,27.078999996185303
27.264780044555664,28.15999984741211,28.239999771118164,27.5,27.540000915527344,32491700,2025-05-06,1,6,5,2.6278401105395237,2.2512669254676885,1.9957032722242058,2.337063828169706,27.72400016784668,27.471000099182127,27.145499992370606
27.206687927246094,28.100000381469727,28.399999618530273,27.950000762939453,28.040000915527344,28352900,2025-05-07,2,7,5,1.6014193931739862,0.21397811691638602,1.9044350359674858,2.0558674695758095,27.804000091552734,27.56200008392334,27.23100004196167
26.59671401977539,27.469999313354492,28.040000915527344,27.450000762939453,28.0,30141500,2025-05-08,3,8,5,2.1477982065367693,-1.8928595951625278,1.9649641127713988,2.0200114323116445,27.770000076293947,27.555999946594238,27.28100004196167
26.954954147338867,27.84000015258789,28.020000457763672,27.420000076293945,27.559999465942383,29206900,2025-05-09,4,9,5,2.155173772202559,1.0159676780528324,2.0917612235977496,1.9035626346993837,27.81599998474121,27.65900001525879,27.353500080108642
26.151338577270508,27.010000228881836,27.299999237060547,26.670000076293945,27.09000015258789,57106100,2025-05-12,0,12,5,2.332466328870825,-0.29531163992412285,2.172939562264733,1.9643950281305318,27.71599998474121,27.63400001525879,27.364500045776367
25.609140396118164,26.450000762939453,27.1299991607666,26.309999465942383,27.049999237060547,58767100,2025-05-13,1,13,5,3.1001877927095007,-2.2181090241919508,2.2674090986987285,2.131556185461467,27.37400016784668,27.54900016784668,27.327000045776366
25.599458694458008,26.440000534057617,26.59000015258789,26.299999237060547,26.43000030517578,31519500,2025-05-14,2,14,5,1.0968264359669389,0.037836658215541503,2.1664905072573193,2.0354627716124023,27.042000198364256,27.423000144958497,27.274000072479247
26.461164474487305,27.329999923706055,27.399999618530273,26.600000381469727,26.600000381469727,35278700,2025-05-15,3,15,5,2.9271834588137966,2.744359141982815,2.3223675577127247,2.1436658352420617,27.01400032043457,27.392000198364258,27.289500045776368
26.83876609802246,27.719999313354492,27.770000457763672,27.1200008392334,27.3700008392334,31106000,2025-05-16,4,16,5,2.344876026808295,1.2787667643012641,2.3603080086338712,2.22603461611581,26.99000015258789,27.40300006866455,27.318000030517577
27.129230499267578,28.020000457763672,28.040000915527344,27.709999084472656,27.760000228881836,30996600,2025-05-19,0,19,5,1.1777367082920653,0.9366002404111242,2.1293620845181196,2.151150823391426,27.19200019836426,27.454000091552736,27.402500057220458
26.896860122680664,27.780000686645508,28.260000228881836,27.75,28.049999237060547,24966600,2025-05-20,1,20,5,1.8358539102808764,-0.9625617032399361,1.876495308032395,2.0719522033655613,27.45800018310547,27.416000175476075,27.443500137329103
26.59671401977539,27.469999313354492,27.770000457763672,27.40999984741211,27.68000030517578,29684200,2025-05-21,2,21,5,1.3105228225344325,-0.7586740950361253,1.9192345853458934,2.0428625463016057,27.663999938964842,27.35300006866455,27.457500076293947
26.36434555053711,27.229999542236328,27.709999084472656,27.209999084472656,27.579999923706055,25901600,2025-05-22,3,22,5,1.8362100932996797,-1.2690369196443978,1.7010399122430702,2.011703734977897,27.6439998626709,27.329000091552736,27.442500019073485
26.548303604125977,27.420000076293945,27.530000686645508,27.15999984741211,27.479999542236328,31766300,2025-05-23,4,23,5,1.3493830714948973,-0.21833867154970135,1.5019413211803905,1.9311246649071303,27.584000015258788,27.28700008392334,27.473000049591064
26.519258499145508,27.389999389648438,27.6299991607666,27.31999969482422,27.360000610351562,33329200,2025-05-27,1,27,5,1.1317980023743324,0.10964465872681693,1.492753579996844,1.8110578322574817,27.457999801635744,27.325,27.479500007629394
26.625761032104492,27.5,27.6200008392334,27.309999465942383,27.3799991607666,32270200,2025-05-28,2,28,5,1.1272777210582385,0.4382791925185676,1.3510383421523167,1.6137668250923554,27.40199966430664,27.429999923706056,27.489500045776367
26.50957679748535,27.3799991607666,27.510000228881836,27.270000457763672,27.479999542236328,27189100,2025-05-29,3,29,5,0.8765514188256989,-0.36390241315698546,1.2642440614105699,1.591739323378231,27.383999633789063,27.523999786376955,27.473499965667724
26.916221618652344,27.799999237060547,27.799999237060547,27.350000381469727,27.389999389648438,47964900,2025-05-30,4,30,5,1.6187009638148513,1.4968961538825791,1.220742235513604,1.460891073878337,27.497999572753905,27.570999717712404,27.48149995803833
27.042091369628906,27.93000030517578,27.959999084472656,27.600000381469727,27.649999618530273,26935200,2025-06-02,0,2,6,1.2889319694572914,1.0126607251663722,1.2086520151060829,1.3552966681432363,27.599999618530273,27.591999816894532,27.49749994277954
27.071136474609375,27.959999084472656,28.1299991607666,27.649999618530273,27.889999389648438,26085900,2025-06-03,1,3,6,1.716736616428903,0.25098492777378695,1.325639737916997,1.4091966589569203,27.713999557495118,27.58599967956543,27.51999988555908
26.490211486816406,27.360000610351562,27.969999313354492,27.219999313354492,27.959999084472656,33913500,2025-06-04,2,4,6,2.741228009023655,-2.1459173596836694,1.64842979551008,1.499734068831198,27.68599967956543,27.543999671936035,27.479999923706053
26.87749481201172,27.760000228881836,27.850000381469727,27.329999923706055,27.43000030517578,29186800,2025-06-05,3,5,6,1.8732004808222484,1.2030620489777641,1.8477596079093899,1.5560018346599795,27.761999893188477,27.57299976348877,27.46299991607666
27.18732261657715,28.079999923706055,28.100000381469727,27.770000457763672,27.770000457763672,22403100,2025-06-06,4,6,6,1.17521340670467,1.116310625971618,1.759062096487354,1.4899021660004785,27.818000030517577,27.657999801635743,27.493499946594238
26.97431755065918,27.860000610351562,28.079999923706055,27.829999923706055,27.829999923706055,23353600,2025-06-09,0,9,6,0.8973438425091452,0.10779980857977915,1.6807444710977246,1.4446982431019033,27.804000091552734,27.701999855041503,27.494499969482423
27.51651382446289,28.420000076293945,28.610000610351562,27.850000381469727,27.90999984741211,39959100,2025-06-10,1,10,6,2.6741739156988147,1.8273028723399458,1.8722319309517068,1.5989358344343516,27.89600028991699,27.804999923706056,27.564999961853026
27.439056396484375,28.34000015258789,28.610000610351562,28.25,28.479999542236328,32164500,2025-06-11,2,11,6,1.270291490519589,-0.4915708985206127,1.5780446272508937,1.6132372113804867,28.092000198364257,27.888999938964844,27.65949993133545
27.37128257751465,28.270000457763672,28.469999313354492,28.1200008392334,28.469999313354492,23311700,2025-06-12,3,12,6,1.2380561317782899,-0.7024898504195128,1.451015757442102,1.6493876826757456,28.194000244140625,27.97800006866455,27.750999927520752
27.293825149536133,28.190000534057617,28.34000015258789,28.110000610351562,28.229999542236328,22428200,2025-06-13,4,13,6,0.8158905210322904,-0.14168972308648609,1.3791511803076262,1.5691066383974897,28.216000366210938,28.017000198364258,27.79399995803833
27.08081817626953,27.969999313354492,28.389999389648438,27.780000686645508,28.149999618530273,32761400,2025-06-16,0,16,6,2.180903532277461,-0.6394327091119838,1.6358631182612893,1.6583037946795067,28.238000106811523,28.021000099182128,27.80649995803833
26.770992279052734,27.649999618530273,27.969999313354492,27.59000015258789,27.850000381469727,35258600,2025-06-17,1,17,6,1.3743188644094466,-0.7181355842010171,1.3758921080034159,1.6240620194775608,28.084000015258788,27.99000015258789,27.78799991607666
26.78067398071289,27.65999984741211,27.829999923706055,27.59000015258789,27.760000228881836,27985500,2025-06-18,2,18,6,0.8676781360887051,-0.3602319187507966,1.2953694371172388,1.436707032184066,27.947999954223633,28.020000076293947,27.78199987411499
26.887178421020508,27.770000457763672,28.110000610351562,27.6200008392334,27.68000030517578,51495200,2025-06-20,4,20,6,1.7644932050448512,0.32514505634258184,1.4006568517705513,1.4258363046063263,27.84799995422363,28.021000099182128,27.79699993133545
27.30350685119629,28.200000762939453,28.299999237060547,27.799999237060547,27.799999237060547,32957200,2025-06-23,0,23,6,1.77304959742094,1.438854449124081,1.5920886670482812,1.4856199236779533,27.85,28.033000183105468,27.845499992370605
27.380964279174805,28.280000686645508,28.350000381469727,28.030000686645508,28.15999984741211,26007000,2025-06-24,1,24,6,1.1315406190047592,0.42613934617768284,1.3822160843937408,1.5090396013275147,27.912000274658205,28.075000190734862,27.888500022888184
27.03240966796875,27.920000076293945,28.350000381469727,27.8799991607666,28.139999389648438,26189400,2025-06-25,2,25,6,1.683385456371074,-0.7818028362695026,1.4440294027860663,1.4099607553947406,27.966000366210938,28.025000190734865,27.91500005722046
27.109865188598633,28.0,28.100000381469727,27.799999237060547,27.979999542236328,25118500,2025-06-26,3,26,6,1.071432658604213,0.07148126551424996,1.4847803072891679,1.390074872203203,28.034000396728516,27.991000175476074,27.94000005722046
27.18732261657715,28.079999923706055,28.18000030517578,27.899999618530273,28.0,37337200,2025-06-27,4,27,6,0.9971534451790439,0.2857140132359096,1.3313123553160062,1.3659846035432783,28.096000289916994,27.972000122070312,27.97500009536743
28.019983291625977,28.940000534057617,29.020000457763672,28.100000381469727,28.1200008392334,42590800,2025-06-30,0,30,6,3.178991220857984,2.916072796413805,1.612500680003415,1.6022946735258479,28.244000244140626,28.047000122070312,28.032000160217287
27.961889266967773,28.8799991607666,29.190000534057617,28.700000762939453,28.989999771118164,25976400,2025-07-01,1,1,7,1.6966751570541159,-0.3794432949984108,1.7255275876132863,1.5538718360035133,28.363999938964845,28.138000106811525,28.079500102996825
27.410009384155273,28.309999465942383,29.030000686645508,28.290000915527344,28.809999465942383,47012300,2025-07-02,2,2,7,2.6139165845213164,-1.735508536163192,1.9116338132433348,1.6778316080147004,28.44199981689453,28.204000091552736,28.097000122070312
27.45842170715332,28.360000610351562,28.40999984741211,28.1299991607666,28.290000915527344,21085200,2025-07-03,3,3,7,0.9873084648076699,0.2474361702328489,1.8948089744840264,1.6897946408865967,28.513999938964844,28.27400016784668,28.147000122070313
27.506832122802734,28.40999984741211,28.469999313354492,28.219999313354492,28.420000076293945,22448700,2025-07-07,0,7,7,0.8799718456273512,-0.035187293648804234,1.871372654573688,1.6013425049448469,28.579999923706055,28.338000106811524,28.179500102996826
27.390647888183594,28.290000915527344,28.459999084472656,28.079999923706055,28.239999771118164,24955400,2025-07-08,1,8,7,1.3432278136054565,0.17705787823807723,1.5042199731231822,1.5583603265632984,28.45,28.347000122070312,28.190000152587892
27.206687927246094,28.100000381469727,28.3799991607666,27.959999084472656,28.329999923706055,34453800,2025-07-09,2,9,7,1.494662172926198,-0.8118586052090614,1.4638173762975988,1.5946724819554423,28.294000244140626,28.329000091552736,28.2020001411438
27.0091552734375,27.6200008392334,27.81999969482422,27.479999542236328,27.760000228881836,25053100,2025-07-10,3,10,7,1.2309925498080738,-0.504320563739695,1.1872325693549501,1.5494331912991424,28.156000518798827,28.29900016784668,28.16200017929077
26.3735294342041,26.969999313354492,27.549999237060547,26.6200008392334,27.549999237060547,42713300,2025-07-11,4,11,7,3.4482700092863907,-2.1052629392665563,1.6794248782506944,1.78711692636736,27.878000259399414,28.19600009918213,28.0935001373291
26.559328079223633,27.15999984741211,27.510000228881836,27.020000457763672,27.020000457763672,30747000,2025-07-14,0,14,7,1.8041228787593413,0.5181324473597905,1.8642550848770925,1.8678138697253897,27.628000259399414,28.104000091552734,28.038000106811523
26.42242431640625,27.020000457763672,27.1200008392334,26.790000915527344,26.93000030517578,32266200,2025-07-15,1,15,7,1.221317239508912,0.33420034002225074,1.8398729700577836,1.6720464715904826,27.37400016784668,27.91200008392334,27.979500102996827
26.353971481323242,26.950000762939453,27.110000610351562,26.8799991607666,27.020000457763672,21934400,2025-07-16,2,16,7,0.8534376366372857,-0.25906622367989524,1.7116280628000013,1.5877227195487995,27.144000244140624,27.719000244140624,27.928500175476074
26.393085479736328,26.989999771118164,27.049999237060547,26.770000457763672,26.799999237060547,24546400,2025-07-17,3,17,7,1.03741675313573,0.7089572368154166,1.6729129034655323,1.430072736410241,27.018000030517577,27.5870002746582,27.89550018310547
26.344192504882812,26.940000534057617,27.040000915527344,26.799999237060547,26.969999313354492,27427900,2025-07-18,4,18,7,0.89087480961029,-0.1112301819081648,1.161433863530312,1.420429370890503,27.012000274658202,27.44500026702881,27.859500217437745
26.77446174621582,27.3799991607666,27.719999313354492,27.25,27.459999084472656,36229500,2025-07-21,0,21,7,1.716578991090564,-0.2913325796550769,1.1439250859965568,1.504090085436824,27.0560001373291,27.342000198364257,27.84000015258789
26.81357765197754,27.420000076293945,27.760000228881836,27.219999313354492,27.450000762939453,35255800,2025-07-22,1,22,7,1.969368760119747,-0.10929211588952693,1.2935353901187239,1.5667041800882533,27.136000061035155,27.255000114440918,27.801000118255615
27.13627815246582,27.75,27.75,25.850000381469727,26.299999237060547,65616300,2025-07-23,2,23,7,6.846845472181165,5.513311045637559,2.4922169572274995,2.10192251001375,27.295999908447264,27.220000076293946,27.77450008392334
27.302518844604492,27.920000076293945,28.170000076293945,27.690000534057617,27.770000457763672,47332700,2025-07-24,3,24,7,1.719196063483831,0.5401498597683241,2.62857281929712,2.1507428613813255,27.481999969482423,27.25,27.77450008392334
27.380748748779297,28.0,28.350000381469727,27.75,27.90999984741211,33987800,2025-07-25,4,25,7,2.1428585052490234,0.32246561476149804,2.8789695584248665,2.020201710977589,27.6939998626709,27.35300006866455,27.77450008392334
26.989595413208008,27.600000381469727,27.93000030517578,27.540000915527344,27.93000030517578,29164400,2025-07-28,0,28,7,1.4130412473120033,-1.1815249556044636,2.818262009669154,1.9810935478328553,27.738000106811523,27.397000122070313,27.750500106811522
26.80379867553711,27.40999984741211,27.93000030517578,27.31999969482422,27.68000030517578,34202400,2025-07-29,1,29,7,2.2254673978378556,-0.9754351690277456,2.869481737212776,2.0815085636657495,27.736000061035156,27.436000061035156,27.67400007247925
26.891807556152344,27.5,27.709999084472656,27.239999771118164,27.34000015258789,30096100,2025-07-30,2,30,7,1.7090884121981533,0.5852225549346401,1.841930325216174,2.1670736412218363,27.686000061035156,27.49099998474121,27.60500011444092
26.80379867553711,27.40999984741211,27.719999313354492,27.309999465942383,27.350000381469727,34120000,2025-07-31,3,31,7,1.495803902570321,0.21937647204946248,1.7972518930334718,2.2129123561652952,27.584000015258788,27.532999992370605,27.560000133514404
27.13627815246582,27.75,27.93000030517578,27.34000015258789,27.639999389648438,38817000,2025-08-01,4,1,8,2.1261266759923987,0.397976167802519,1.7939055271821467,2.3364375428035062,27.53400001525879,27.613999938964845,27.529500102996828
27.067827224731445,27.68000030517578,27.920000076293945,27.56999969482422,27.790000915527344,29972400,2025-08-04,0,4,8,1.2644522312533402,-0.39582801989078353,1.764187723970414,2.2912248668197837,27.55,27.64400005340576,27.49300012588501
27.15583610534668,27.770000457763672,27.969999313354492,27.670000076293945,27.719999313354492,25317400,2025-08-05,1,5,8,1.0802997195366482,0.1803793133035575,1.5351541883101727,2.202317962761474,27.62200012207031,27.679000091552734,27.467000102996828
26.882028579711914,27.489999771118164,28.059999465942383,27.450000762939453,27.940000534057617,39247200,2025-08-06,2,6,8,2.2189840235786873,-1.6105968301286258,1.6371333105862795,1.739531817901226,27.620000076293945,27.65300006866455,27.436500072479248
27.439422607421875,28.059999465942383,28.110000610351562,27.290000915527344,27.450000762939453,35331400,2025-08-07,3,7,8,2.922308305171165,2.2222174355145943,1.9224341911064484,1.8598430420699592,27.75,27.667000007629394,27.4585000038147
27.458980560302734,28.079999923706055,28.25,28.030000686645508,28.06999969482422,23598200,2025-08-08,4,8,8,0.7834733402857369,0.03562603844160306,1.6539035239651159,1.7239045255736307,27.81599998474121,27.675,27.514000034332277
27.517654418945312,28.139999389648438,28.280000686645508,28.079999923706055,28.18000030517578,20602400,2025-08-11,0,11,8,0.7107347806589693,-0.14194788890756982,1.543160033846242,1.6536738789083276,27.907999801635743,27.728999900817872,27.563000011444093
27.850133895874023,28.479999542236328,28.700000762939453,28.139999389648438,28.139999389648438,30755100,2025-08-12,1,12,8,1.9662969883848629,1.2082450602787251,1.720359487615885,1.627756837963028,28.049999618530272,27.83599987030029,27.635999965667725
27.77190399169922,28.399999618530273,28.59000015258789,28.360000610351562,28.5,26382700,2025-08-13,2,13,8,0.8098575539636955,-0.35087853147272474,1.4385341936928864,1.5378337521395824,28.231999588012695,27.92599983215332,27.708499908447266
28.11416244506836,28.75,28.770000457763672,28.40999984741211,28.579999923706055,24530200,2025-08-14,3,14,8,1.2521760360054348,0.594821822070533,1.1045077398597403,1.5134709654830938,28.36999969482422,28.059999847412108,27.796499919891357
28.231508255004883,28.8700008392334,29.079999923706055,28.649999618530273,28.739999771118164,37020400,2025-08-15,4,15,8,1.4894364138411271,0.4523349657291125,1.2457003545708183,1.4498019392679666,28.527999877929688,28.17199993133545,27.892999935150147
28.28040313720703,28.920000076293945,29.149999618530273,28.8700008392334,28.979999542236328,20420600,2025-08-18,0,18,8,0.9681838815982342,-0.20703749789553233,1.2971901747586714,1.4201751043024562,28.68400001525879,28.295999908447264,27.969999980926513
28.339075088500977,28.979999542236328,29.15999984741211,28.799999237060547,28.8700008392334,18890600,2025-08-19,1,19,8,1.2422381505799776,0.38101385453873976,1.1523784071976944,1.4363689474067889,28.78400001525879,28.41699981689453,28.047999954223634
28.6324405670166,29.280000686645508,29.3799991607666,29.020000457763672,29.100000381469727,34843000,2025-08-20,2,20,8,1.2295037382534066,0.6185577416363255,1.2363076440556366,1.337420918874261,28.960000228881835,28.595999908447265,28.124499988555907
28.788902282714844,29.440000534057617,29.559999465942383,29.209999084472656,29.25,32991000,2025-08-21,3,21,8,1.1888599698387545,0.649574475410657,1.2236444308223005,1.16407608534102,29.09800033569336,28.73400001525879,28.200500011444092
28.13372039794922,28.770000457763672,29.649999618530273,28.68000030517578,29.469999313354492,34012000,2025-08-22,4,22,8,3.3715651648268743,-2.3752930841556283,1.60007018101945,1.4228852677951338,29.078000259399413,28.803000068664552,28.239000034332275
28.10438346862793,28.739999771118164,28.979999542236328,28.719999313354492,28.770000457763672,19405000,2025-08-25,0,25,8,0.9046632948936879,-0.1042776717697689,1.5873660636785405,1.4422781192186054,29.042000198364256,28.863000106811523,28.296000003814697
27.928363800048828,28.559999465942383,28.959999084472656,28.209999084472656,28.829999923706055,49407900,2025-08-26,1,26,8,2.6260504692738884,-0.9365260439756662,1.8641285274173227,1.508253467307508,28.95800018310547,28.87100009918213,28.353499984741212
28.417306900024414,29.059999465942383,29.079999923706055,28.5,28.5,28026200,2025-08-27,2,27,8,1.9958703866660445,1.9649104068153782,2.0174018570998506,1.626854750577743,28.913999938964842,28.93700008392334,28.43149995803833
28.29996109008789,28.940000534057617,29.020000457763672,28.75,29.020000457763672,24658100,2025-08-28,3,28,8,0.932966319215944,-0.27567168312932416,1.9662231269752888,1.594933778898794,28.813999938964844,28.956000137329102,28.507999992370607
28.642221450805664,29.290000915527344,29.329999923706055,28.950000762939453,29.020000457763672,26562400,2025-08-29,4,29,8,1.2973682106140008,0.9303943952607316,1.5513837361327139,1.5757269585760814,28.91800003051758,28.998000144958496,28.585000038146973
28.436864852905273,29.079999923706055,29.399999618530273,29.0,29.299999237060547,31571100,2025-09-02,1,2,9,1.3755145102465878,-0.7508509183721164,1.6455539792032936,1.6164600214409166,28.986000061035156,29.014000129699706,28.655000019073487
28.397750854492188,29.040000915527344,29.079999923706055,28.450000762939453,29.010000228881836,27245400,2025-09-03,2,3,9,2.169418529287127,0.10341498245022304,1.5542275912059416,1.709178059311632,29.08200035095215,29.02000026702881,28.71850004196167
28.925806045532227,29.579999923706055,29.700000762939453,29.030000686645508,29.18000030517578,31845400,2025-09-04,3,4,9,2.2650442123801113,1.3708005974877382,1.6080623563487548,1.812732106724302,29.186000442504884,29.050000190734863,28.823000049591066
28.935585021972656,29.59000015258789,29.790000915527344,29.420000076293945,29.579999923706055,25105900,2025-09-05,4,5,9,1.2504252697715474,0.03380739995817761,1.6715541464598753,1.8188886367175816,29.316000366210936,29.065000152587892,28.89950008392334
28.260845184326172,28.899999618530273,29.139999389648438,28.280000686645508,28.5,40649300,2025-09-08,0,8,9,2.975774098112827,1.4035074334395559,2.0072353239596405,1.7793095300461765,29.238000106811523,29.07800006866455,28.94050006866455
28.769346237182617,29.420000076293945,29.579999923706055,28.829999923706055,28.899999618530273,35105500,2025-09-09,1,9,9,2.5492861932530557,1.7993095661850973,2.2419896605609346,1.9437718198821134,29.3060001373291,29.146000099182128,29.004500102996825
28.554210662841797,29.200000762939453,29.440000534057617,28.899999618530273,29.25,25689400,2025-09-10,2,10,9,1.849318155541664,-0.17093756260016024,2.1779695858118417,1.866098588508891,29.338000106811524,29.210000228881835,29.040500164031982
28.837797164916992,29.489999771118164,29.5,29.1200008392334,29.290000915527344,23581000,2025-09-11,3,11,9,1.2885695616002144,0.6828229748698849,1.982674655655862,1.795368506002308,29.320000076293944,29.253000259399414,29.095000171661376
28.91602897644043,29.56999969482422,29.600000381469727,29.290000915527344,29.420000076293945,22794000,2025-09-12,4,12,9,1.048358028886431,0.5098559420166018,1.942261207478839,1.8069076769693566,29.31599998474121,29.316000175476074,29.136000156402588
28.964923858642578,29.6200008392334,29.790000915527344,29.5,29.610000610351562,31486400,2025-09-15,0,15,9,0.9790712603330545,0.03377314649004056,1.5429206399228845,1.775077981941262,29.460000228881835,29.34900016784668,29.17350015640259
28.68133544921875,29.329999923706055,29.649999618530273,29.209999084472656,29.6200008392334,28118200,2025-09-16,1,16,9,1.5001722986776604,-0.9790712603330545,1.3330978610078055,1.7875437607843694,29.44200019836426,29.37400016784668,29.194000148773192
28.88669204711914,29.540000915527344,29.579999923706055,29.25,29.329999923706055,25967200,2025-09-17,2,17,9,1.117129023285149,0.7159938369162939,1.1866600345565024,1.6823148101841714,29.510000228881836,29.42400016784668,29.222000217437746
28.554210662841797,29.200000762939453,29.469999313354492,29.139999389648438,29.350000381469727,30142900,2025-09-18,3,18,9,1.1301366954924519,-0.511071947464016,1.1549734613349498,1.5688240584954056,29.452000427246094,29.38600025177002,29.218000221252442
28.3684139251709,29.010000228881836,29.309999465942383,28.93000030517578,29.260000228881836,62155700,2025-09-19,4,19,9,1.3098902370510195,-0.8544087424621106,1.2072799029678678,1.5747705552233529,29.340000534057616,29.328000259399413,29.19650020599365
28.28040313720703,28.920000076293945,29.06999969482422,28.739999771118164,28.940000534057617,25835300,2025-09-22,0,22,9,1.1410785713536682,-0.0691100808382316,1.2396813651719902,1.3913010025474368,29.200000381469728,29.33000030517578,29.204000186920165
28.153278350830078,28.790000915527344,29.010000228881836,28.559999465942383,28.920000076293945,28805800,2025-09-23,1,23,9,1.5630453234781028,-0.4495130028480303,1.2522559701320788,1.2926769155699416,29.092000579833986,29.26700038909912,29.206500244140624
27.69367218017578,28.31999969482422,28.75,28.170000076293945,28.690000534057617,28858700,2025-09-24,2,24,9,2.048022351539982,-1.289650862132868,1.4384346357830453,1.3125473351697734,28.84800033569336,29.179000282287596,29.194500255584718
27.674114227294922,28.299999237060547,28.75,28.290000915527344,28.5,25658500,2025-09-25,3,25,9,1.6254385048543034,-0.7017570629454495,1.5374949976554158,1.3462342294951823,28.66800003051758,29.060000228881837,29.156500244140624
27.68389320373535,28.309999465942383,28.56999969482422,28.25,28.3799991607666,25455100,2025-09-26,4,26,9,1.1303415784560016,-0.24665150420789483,1.5015852659364122,1.3544325844521392,28.527999877929688,28.93400020599365,29.125000190734863
27.449201583862305,28.06999969482422,28.34000015258789,27.8799991607666,28.25,28739600,2025-09-29,0,29,9,1.6387637934535064,-0.6371692218611726,1.60112231035638,1.4204018377641845,28.357999801635742,28.779000091552735,29.064000129699707
27.615442276000977,28.239999771118164,28.350000381469727,28.049999237060547,28.139999389648438,34049500,2025-09-30,1,30,9,1.0623270072261093,0.35536739032948467,1.5009786471059812,1.3766173086190292,28.247999572753905,28.670000076293945,29.022000122070313
26.94070053100586,27.549999237060547,28.15999984741211,27.520000457763672,28.049999237060547,38415100,2025-10-01,2,1,10,2.323046850714622,-1.7825312427794442,1.5559835469409091,1.4972090913619767,28.093999481201173,28.470999908447265,28.947500038146973
26.41264533996582,27.010000228881836,27.43000030517578,26.8799991607666,27.399999618530273,39597200,2025-10-02,3,2,10,2.036287077928502,-1.4233554564894442,1.638153261555749,1.5878241296055817,27.83599967956543,28.251999855041504,28.819000053405762
26.461538314819336,27.059999465942383,27.219999313354492,26.989999771118164,27.020000457763672,34891700,2025-10-03,4,3,10,0.849961370198121,0.14803481680629652,1.5820772199041726,1.5418312429202918,27.58599967956543,28.05699977874756,28.692500019073485
25.2978572845459,25.8700008392334,26.719999313354492,25.84000015258789,26.540000915527344,63474300,2025-10-06,0,6,10,3.401620147735095,-2.524491534218293,1.9346484907604904,1.7678854005584346,27.145999908447266,27.751999855041504,28.541000080108642
25.581443786621094,26.15999984741211,26.299999237060547,25.850000381469727,25.920000076293945,43249600,2025-10-07,1,7,10,1.7201791216192868,0.9259250401687473,2.066218913639126,1.783598780372553,26.729999923706053,27.48899974822998,28.37800006866455
25.669452667236328,26.25,26.350000381469727,26.020000457763672,26.229999542236328,36913200,2025-10-08,2,8,10,1.257142566499256,0.0762503168612967,1.8530380567960527,1.7045108018684805,26.470000076293946,27.281999778747558,28.23050003051758
25.52277183532715,26.100000381469727,26.479999542236328,26.09000015258789,26.25,33129200,2025-10-09,3,9,10,1.4942505132119699,-0.5714271182105655,1.7446307438527462,1.6913920027042468,26.288000106811523,27.061999893188478,28.061000061035156
25.570215225219727,25.8700008392334,26.239999771118164,25.709999084472656,25.84000015258789,37980100,2025-10-10,4,10,10,2.0487076515348623,0.1161017278186944,1.9843800001200946,1.783228610012133,26.050000381469726,26.818000030517577,27.876000118255615
25.293458938598633,25.59000015258789,25.850000381469727,25.350000381469727,25.68000030517578,36313700,2025-10-13,0,13,10,1.9538882259421773,-0.35046787974434396,1.694833615761511,1.8147410532610002,25.994000244140626,26.570000076293944,27.67450008392334
25.827199935913086,26.1299991607666,26.149999618530273,25.579999923706055,25.579999923706055,43644900,2025-10-14,1,14,10,2.1813995910112998,2.1501143029748,1.7870777096399137,1.9266483116395192,25.988000106811523,26.35900001525879,27.514500045776366
25.76789665222168,26.06999969482422,26.190000534057617,25.940000534057617,26.049999237060547,34674000,2025-10-15,2,15,10,0.9589566663847469,0.07677719136059638,1.7274405296170117,1.7902392932065319,25.952000045776366,26.211000061035158,27.34099998474121
25.896390914916992,26.200000762939453,26.389999389648438,26.049999237060547,26.100000381469727,49513100,2025-10-16,3,16,10,1.2977104682715477,0.3831432184220352,1.6881325206289273,1.7163816322408363,25.972000122070312,26.130000114440918,27.19099998474121
26.03476905822754,26.34000015258789,26.479999542236328,26.200000762939453,26.389999389648438,61491800,2025-10-17,4,17,10,1.0630173791755475,-0.18946282007175505,1.4909944661570644,1.737687233138579,26.06599998474121,26.05800018310547,27.057499980926515
25.797550201416016,26.100000381469727,26.440000534057617,25.829999923706055,26.34000015258789,66161100,2025-10-20,0,20,10,2.3371670553102595,-0.9111608569773839,1.5676502320306809,1.6312419238960953,26.16800003051758,26.081000137329102,26.9164999961853
25.748126983642578,26.049999237060547,26.229999542236328,25.899999618530273,26.149999618530273,100445700,2025-10-21,1,21,10,1.2667943699459836,-0.3824106421740245,1.3847291878176176,1.585903448728765,26.15200004577637,26.070000076293944,26.77949991226196
25.253921508789062,25.549999237060547,25.829999923706055,24.31999969482422,24.920000076293945,95468000,2025-10-22,2,22,10,5.909981502823547,2.5280865121903076,2.3749341551053775,2.051187342361194,26.047999954223634,26.0,26.64099988937378
24.334699630737305,24.6200008392334,25.75,24.489999771118164,25.68000030517578,107294100,2025-10-23,3,23,10,5.117791169502937,-4.1277237279811905,3.1389502953516555,2.413541407990291,25.731999969482423,25.852000045776368,26.45699996948242
24.84867286682129,25.139999389648438,25.190000534057617,24.56999969482422,24.639999389648438,80553700,2025-10-24,4,24,10,2.466192737811632,2.0292208294861243,3.4195853670788727,2.455289916617968,25.49199981689453,25.778999900817873,26.298499965667723
25.234155654907227,25.530000686645508,25.56999969482422,24.969999313354492,25.079999923706055,86220400,2025-10-27,0,27,10,2.3501776942120527,1.7942614206872647,3.422187494859231,2.4949188634449557,25.37799987792969,25.772999954223632,26.17150001525879
25.402185440063477,25.700000762939453,25.780000686645508,25.309999465942383,25.40999984741211,77662500,2025-10-28,1,28,10,1.8287984698463033,1.1412865693380907,3.534588314839295,2.459658751328456,25.30800018310547,25.73000011444092,26.044500064849853
24.84867286682129,25.139999389648438,26.209999084472656,24.989999771118164,26.1200008392334,102715000,2025-10-29,2,29,10,4.852821571096915,-3.751919671124035,3.323156328493969,2.849045241799673,25.226000213623045,25.63700008392334,25.92400007247925
24.394004821777344,24.68000030517578,25.18000030517578,24.6200008392334,24.989999771118164,82167800,2025-10-30,3,30,10,2.2690415681435065,-1.240494072755696,2.753406408222083,2.9461783517868687,25.238000106811523,25.48500003814697,25.807500076293945
24.463193893432617,24.75,24.989999771118164,24.510000228881836,24.6299991607666,89936800,2025-10-31,4,31,10,1.93939208984375,0.4872141425995219,2.648046278628506,3.033815822853689,25.160000228881835,25.326000022888184,25.692000102996825
24.245742797851562,24.530000686645508,24.639999389648438,24.079999923706055,24.639999389648438,89327700,2025-11-03,0,3,11,2.2829166337824636,-0.4464233187000057,2.6345940665425887,3.028390780700909,24.960000228881835,25.16900005340576,25.625000095367433
24.15678596496582,24.440000534057617,24.559999465942383,24.290000915527344,24.469999313354492,75032700,2025-11-04,1,4,11,1.1047403621730318,-0.12259411580981605,2.489782445007934,3.012185379923614,24.70800018310547,25.00800018310547,25.53900012969971
24.275394439697266,24.559999465942383,24.729999542236328,24.43000030517578,24.459999084472656,61112200,2025-11-05,2,5,11,1.2214952914659427,0.4088323189398947,1.7635171890817396,2.5433367587878535,24.592000198364257,24.909000205993653,25.454500102996825
24.45330810546875,24.739999771118164,24.989999771118164,24.290000915527344,24.290000915527344,71665300,2025-11-06,3,6,11,2.8294214311513826,1.852609463275727,1.8755931616833146,2.314499784952698,24.604000091552734,24.92100009918213,25.386500072479247
24.542266845703125,24.829999923706055,25.100000381469727,24.639999389648438,24.809999465942383,62440000,2025-11-07,4,7,11,1.852601664255787,0.080614502999596,1.858235076565722,2.2531406775971137,24.620000076293945,24.89000015258789,25.33450002670288
24.542266845703125,24.829999923706055,24.940000534057617,24.610000610351562,24.739999771118164,52677600,2025-11-10,0,10,11,1.329037151510389,0.36378396693826215,1.667459180111307,2.1510266233269473,24.679999923706056,24.820000076293944,25.29650001525879
24.88821029663086,25.18000030517578,25.299999237060547,24.8799991607666,24.93000030517578,40962700,2025-11-11,1,11,11,1.667990751404454,1.0028078497379596,1.7801092579575915,2.134945851482762,24.827999877929688,24.768000030517577,25.249000072479248
25.352764129638672,25.649999618530273,25.729999542236328,25.40999984741211,25.440000534057617,44097000,2025-11-12,2,12,11,1.24756218161127,0.8254680820132905,1.7853226359866572,1.774419912534198,25.045999908447264,24.819000053405762,25.22800006866455
25.45160484313965,25.75,25.959999084472656,25.559999465942383,25.649999618530273,49785600,2025-11-13,3,13,11,1.5533965768165958,0.3898650407678116,1.5301176651196997,1.7028554134015068,25.247999954223634,24.926000022888182,25.205500030517577
25.293458938598633,25.59000015258789,25.93000030517578,25.440000534057617,25.8700008392334,37390200,2025-11-14,4,14,11,1.914809567004285,-1.082337369780329,1.5425592456693995,1.7003971611175601,25.4,25.010000038146973,25.16800003051758
25.174848556518555,25.469999313354492,25.709999084472656,25.43000030517578,25.6299991607666,34519900,2025-11-17,0,17,11,1.099327785023007,-0.6242678605196011,1.4966173723719227,1.5820382762416145,25.527999877929688,25.103999900817872,25.136499977111818
25.303342819213867,25.600000381469727,25.770000457763672,25.34000015258789,25.540000915527344,41527600,2025-11-18,1,18,11,1.679688667063584,0.23492350740639728,1.498956955503749,1.6395331067306695,25.611999893188475,25.219999885559083,25.114000034332275
24.9771671295166,25.270000457763672,25.670000076293945,25.09000015258789,25.600000381469727,34296900,2025-11-19,2,19,11,2.2952113700016255,-1.289062182768253,1.7084867931818202,1.7469047145842382,25.536000061035157,25.290999984741212,25.10000009536743
25.22426986694336,25.520000457763672,25.6299991607666,25.1200008392334,25.25,44631800,2025-11-20,3,20,11,1.9984259889699645,1.0693087436185025,1.7974926756124936,1.6638051703660959,25.49000015258789,25.369000053405763,25.145000076293947
25.629518508911133,25.93000030517578,26.18000030517578,25.5,25.520000457763672,59017100,2025-11-21,4,21,11,2.622446190407677,1.6065824453673925,1.9390200002931721,1.7407896229812851,25.55800018310547,25.479000091552734,25.18450012207031
25.32311248779297,25.6200008392334,26.020000457763672,25.43000030517578,25.989999771118164,66605900,2025-11-24,0,24,11,2.302888888607642,-1.4236203737713509,2.1797322210100987,1.8381747966910105,25.58800048828125,25.55800018310547,25.189000129699707
25.560331344604492,25.860000610351562,26.209999084472656,25.75,25.760000228881836,44336200,2025-11-25,1,25,11,1.77880538907846,0.38820023517549196,2.199555565413074,1.8492562604584108,25.640000534057616,25.626000213623048,25.197000122070314
25.520793914794922,25.81999969482422,26.06999969482422,25.799999237060547,25.829999923706055,27713000,2025-11-26,2,26,11,1.0457027922343283,-0.0387155590839085,1.9496538498596148,1.829070321520717,25.750000381469725,25.643000221252443,25.2310001373291
25.718477249145508,26.020000457763672,26.020000457763672,25.760000228881836,25.81999969482422,16345800,2025-11-28,4,28,11,0.9992322225507833,0.7745963024916089,1.7498150965757784,1.7736538860941355,25.850000381469727,25.670000267028808,25.298000144958497
25.49114227294922,25.790000915527344,25.969999313354492,25.549999237060547,25.950000762939453,34681900,2025-12-01,0,1,12,1.628538431113729,-0.6165697214183264,1.551033544716989,1.74502677250508,25.82200050354004,25.690000343322755,25.350000190734864
25.22426986694336,25.520000457763672,25.8700008392334,25.450000762939453,25.829999923706055,30839700,2025-12-02,1,2,12,1.6457682945149525,-1.2001527946497357,1.4196094258984513,1.7996708234542744,25.802000427246092,25.695000457763673,25.399500179290772
25.026588439941406,25.31999969482422,25.81999969482422,25.309999465942383,25.559999465942383,29138400,2025-12-03,2,3,12,2.0142189377122603,-0.9389662603004103,1.4666921356252112,1.8331238505191423,25.694000244140625,25.667000389099123,25.443500137329103
25.095775604248047,25.389999389648438,25.559999465942383,25.229999542236328,25.3700008392334,33035200,2025-12-04,3,4,12,1.2997240316618377,0.07882755125538796,1.517496383510713,1.7335751166851636,25.608000183105467,25.679000282287596,25.485000133514404
24.98705291748047,25.280000686645508,25.639999389648438,25.25,25.360000610351562,28075600,2025-12-05,4,5,12,1.5427190627192497,-0.3154571048133175,1.6261937515444065,1.688004424060092,25.460000228881835,25.655000305175783,25.512000179290773
24.55215072631836,24.84000015258789,25.34000015258789,24.690000534057617,25.34000015258789,41475000,2025-12-08,0,8,12,2.6167456301829164,-1.9731649447087183,1.8238351913582442,1.687434368037616,25.270000076293947,25.546000289916993,25.512500190734862
24.225975036621094,24.510000228881836,24.989999771118164,24.360000610351562,24.84000015258789,41499600,2025-12-09,1,9,12,2.570375988916678,-1.3285021001566883,2.0087567302385887,1.7141830780685194,25.068000030517577,25.435000228881837,25.49650020599365
24.107364654541016,24.389999389648438,24.600000381469727,24.280000686645508,24.559999465942383,48955400,2025-12-10,2,10,12,1.312011901730643,-0.6921827361180779,1.8683153230422658,1.6675037293337378,24.881999969482422,25.288000106811523,25.457000160217284
24.018407821655273,24.299999237060547,24.709999084472656,24.270000457763672,24.459999084472656,38931800,2025-12-11,3,11,12,1.8106939939237991,-0.6541285911726716,1.9705093154946578,1.7440028495026851,24.663999938964842,25.136000061035155,25.3895001411438
24.295162200927734,24.579999923706055,24.809999465942383,24.270000457763672,24.389999389648438,34207700,2025-12-12,4,12,12,2.196904027074108,0.7790099992304915,2.10134630836563,1.8637700299550175,24.523999786376955,24.992000007629393,25.331000137329102
24.028291702270508,24.309999465942383,24.6299991607666,24.219999313354492,24.489999771118164,37162500,2025-12-15,0,15,12,1.686548154748039,-0.7349951280443103,1.915306813278654,1.8695710023184486,24.41799964904785,24.8439998626709,25.267000102996825
23.791072845458984,24.06999969482422,24.389999389648438,24.010000228881836,24.360000610351562,35702000,2025-12-16,1,16,12,1.5787252413148676,-1.1904799189705706,1.7169766637582917,1.8628666969984402,24.32999954223633,24.69899978637695,25.197000122070314
24.077713012695312,24.360000610351562,24.450000762939453,24.079999923706055,24.110000610351562,39455100,2025-12-17,2,17,12,1.5188868225075902,1.0369141172591392,1.7583516479136811,1.813333485477973,24.32399978637695,24.602999877929687,25.135000133514403
23.978872299194336,24.260000228881836,24.549999237060547,24.229999542236328,24.309999465942383,31038800,2025-12-18,3,18,12,1.319042422939696,-0.20567354240626118,1.6600213337168603,1.8152653246057586,24.31599998474121,24.489999961853027,25.084500122070313
23.870145797729492,24.149999618530273,24.280000686645508,24.020000457763672,24.209999084472656,89822300,2025-12-19,4,19,12,1.0766055196221949,-0.247829278031093,1.435961632226478,1.768653970296053,24.229999923706053,24.376999855041504,25.016000080108643
24.018407821655273,24.299999237060547,24.450000762939453,24.09000015258789,24.149999618530273,29049300,2025-12-22,0,22,12,1.4814840397299947,0.621116442648632,1.3949488092228692,1.655127811250761,24.227999877929687,24.32299976348877,24.93450002670288
24.17655372619629,24.459999084472656,24.530000686645508,24.260000228881836,24.280000686645508,20869100,2025-12-23,1,23,12,1.1038449217893458,0.7413442863951449,1.2999727453177647,1.5084747045380278,24.305999755859375,24.317999649047852,24.876499938964844
24.374235153198242,24.65999984741211,24.709999084472656,24.3700008392334,24.3700008392334,13904100,2025-12-24,2,24,12,1.3787439065006246,1.1899835789576172,1.2719441621163718,1.5151479050150258,24.365999603271483,24.344999694824217,24.81649990081787
24.364351272583008,24.649999618530273,24.770000457763672,24.59000015258789,24.610000610351562,16070100,2025-12-26,4,26,12,0.7302243730684226,0.16253152046605956,1.154180552142117,1.4071009429294885,24.44399948120117,24.379999732971193,24.757999897003174
24.482961654663086,24.770000457763672,24.940000534057617,24.68000030517578,24.68000030517578,30322100,2025-12-29,0,29,12,1.0496577475853213,0.3646683609198181,1.1487909977347424,1.2923763149806096,24.567999649047852,24.398999786376955,24.695499897003174
24.522497177124023,24.809999465942383,24.860000610351562,24.729999542236328,24.770000457763672,21047900,2025-12-30,1,30,12,0.5239865816752303,0.16148166103959047,0.9572915061237894,1.176120157673329,24.66999969482422,24.44899978637695,24.646499824523925
24.55215072631836,24.84000015258789,24.969999313354492,24.780000686645508,24.790000915527344,22911000,2025-12-31,2,31,12,0.7648897968673718,0.20169114648652392,0.8895004811393946,1.0947366132285794,24.745999908447267,24.52599983215332,24.612499809265138
24.275394439697266,24.559999465942383,24.809999465942383,24.5,24.790000915527344,28718400,2026-01-02,4,2,1,1.262212836658496,-0.9277992783005441,0.8661942671709688,1.0690692146436698,24.72599983215332,24.5459997177124,24.574499797821044
24.423656463623047,24.709999084472656,24.75,24.3700008392334,24.40999984741211,48958100,2026-01-05,0,5,1,1.5378355922537714,1.229001388512307,1.0277165110080388,1.0909485315750773,24.737999725341798,24.590999603271484,24.540499782562257
24.057945251464844,24.34000015258789,24.530000686645508,23.8700008392334,24.520000457763672,59966200,2026-01-06,1,6,1,2.7115852229850397,-0.734095847534083,1.3601020060879825,1.254446501911362,24.65199966430664,24.609999656677246,24.493499755859375
23.692232131958008,23.969999313354492,24.549999237060547,23.899999618530273,24.440000534057617,46998400,2026-01-07,2,7,1,2.711721473300739,-1.9230818757477897,1.7976489844130839,1.3774702452684362,24.48399963378906,24.57699966430664,24.449999713897704
23.88991355895996,24.170000076293945,24.31999969482422,23.979999542236328,23.989999771118164,43770400,2026-01-08,3,8,1,1.4067031506605763,0.7503139095169383,1.926011655171725,1.4077560681555592,24.349999618530273,24.547999763488768,24.432999706268312
23.711999893188477,23.989999771118164,24.31999969482422,23.979999542236328,24.149999618530273,30811000,2026-01-09,4,9,1,1.4172578400655955,-0.6625252585484169,1.9570206558531449,1.4116074615120564,24.23599967956543,24.480999755859376,24.4129997253418
23.739999771118164,23.739999771118164,23.899999618530273,23.6200008392334,23.760000228881836,40700100,2026-01-12,0,12,1,1.1794388458146432,-0.08417700997898143,1.8853413065653193,1.4565289087866784,24.04199981689453,24.389999771118163,24.384999752044678
23.299999237060547,23.299999237060547,23.75,23.190000534057617,23.690000534057617,40890600,2026-01-13,1,13,1,2.403431263000464,-1.6462696842762419,1.823710514568404,1.5919062603281926,23.833999633789062,24.242999649047853,24.320999717712404
23.610000610351562,23.610000610351562,23.719999313354492,23.329999923706055,23.329999923706055,51414800,2026-01-14,2,14,1,1.6518398118018103,1.2001744001764605,1.6117341822686182,1.7046915833408505,23.761999893188477,24.12299976348877,24.28599977493286
23.729999542236328,23.729999542236328,23.799999237060547,23.5,23.610000610351562,35919500,2026-01-15,3,15,1,1.2642193124639007,0.508254675064063,1.5832374146292834,1.7546245349005034,23.673999786376953,24.011999702453615,24.268999767303466
23.489999771118164,23.489999771118164,23.65999984741211,23.389999389648438,23.65999984741211,46504800,2026-01-16,4,16,1,1.1494272473158877,-0.718512584067238,1.5296712960793417,1.7433459759662426,23.57399978637695,23.90499973297119,24.2254997253418
23.450000762939453,23.450000762939453,23.600000381469727,23.280000686645508,23.3700008392334,51781100,2026-01-20,1,20,1,1.364604197923731,0.3423188739118544,1.5667043665011593,1.7260228365332388,23.51599998474121,23.778999900817873,24.18499975204468
23.5,23.5,23.790000915527344,23.469999313354492,23.469999313354492,40672100,2026-01-21,2,21,1,1.3617089454163895,0.1278256818202689,1.3583599029843445,1.5910352087763737,23.5560001373291,23.69499988555908,24.152499771118165
23.579999923706055,23.579999923706055,23.829999923706055,23.5,23.56999969482422,30388300,2026-01-22,3,22,1,1.3994907751220587,0.0424277853683295,1.307890095648394,1.4598121389585057,23.55,23.65599994659424,24.116499805450438
23.59000015258789,23.59000015258789,23.649999618530273,23.299999237060547,23.5,36056800,2026-01-23,4,23,1,1.4836811327079644,0.3829793727144282,1.3517824596972068,1.4675099371632445,23.522000122070313,23.59799995422363,24.0729998588562
23.450000762939453,23.450000762939453,23.799999237060547,23.360000610351562,23.700000762939453,44376000,2026-01-26,0,26,1,1.876326705303828,-1.0548522867177879,1.497162351294795,1.5134168236870678,23.51400032043457,23.54400005340576,24.01249990463257
23.0,23.0,23.5,22.950000762939453,23.5,72164400,2026-01-27,1,27,1,2.39130103069803,-2.127659574468085,1.7025017178496546,1.6346030421754065,23.42400016784668,23.470000076293946,23.929999923706056
24.06999969482422,24.06999969482422,24.329999923706055,23.360000610351562,23.420000076293945,84121900,2026-01-28,2,28,1,4.029909952857505,2.7754039983467473,2.2361419193378778,1.7972509111611104,23.538000106811523,23.547000122070312,23.89499988555908
25.1299991607666,25.1299991607666,25.1299991607666,24.43000030517578,24.450000762939453,73255300,2026-01-29,3,29,1,2.7855108594021396,2.781179454431219,2.5133459361938937,1.9106180159211434,23.84799995422363,23.698999977111818,23.910999870300294
26.209999084472656,26.209999084472656,26.290000915527344,25.149999618530273,25.5,78227500,2026-01-30,4,30,1,4.349490029827702,2.784310135186887,3.086507715617841,2.2191450876575236,24.371999740600586,23.946999931335448,23.97949981689453
26.299999237060547,26.299999237060547,26.639999389648438,26.190000534057617,26.290000915527344,66564000,2026-02-02,0,2,2,1.7110223142391052,0.03803089077603621,3.053446837404897,2.275304594349845,24.941999435424805,24.227999877929687,24.06649980545044
26.829999923706055,26.829999923706055,26.989999771118164,26.110000610351562,26.110000610351562,61110400,2026-02-03,1,3,2,3.2799074292544623,2.7575614573867204,3.231168117116183,2.4668349174829185,25.707999420166015,24.56599979400635,24.17249984741211
27.219999313354492,27.219999313354492,27.5,26.889999389648438,27.09000015258789,52448300,2026-02-04,2,4,2,2.241001564067961,0.4798787745823724,2.873386439358274,2.5547641793480755,26.33799934387207,24.937999725341797,24.31649980545044
27.309999465942383,27.309999465942383,27.520000457763672,26.959999084472656,27.399999618530273,44672400,2026-02-05,3,5,2,2.0505360096743295,-0.32846771474779385,2.7263914694127123,2.619868702803303,26.773999404907226,25.31099967956543,24.483499813079835
27.1299991607666,27.1299991607666,27.3799991607666,26.93000030517578,27.260000228881836,37410400,2026-02-06,4,6,2,1.6586762606376169,-0.47689312921391275,2.1882287155746956,2.637368215596268,26.957999420166015,25.664999580383302,24.631499767303467
27.110000610351562,27.110000610351562,27.200000762939453,26.829999923706055,27.100000381469727,33057800,2026-02-09,0,9,2,1.364813098130728,0.0369012130666752,2.1189868723530196,2.586216854878958,27.11999969482422,26.03099956512451,24.787499809265135
27.40999984741211,27.40999984741211,27.59000015258789,27.079999923706055,27.079999923706055,34925900,2026-02-10,1,10,2,1.8606356502040886,1.2186112431158838,1.835132516542945,2.533150316829564,27.23599967956543,26.47199954986572,24.970999813079835
28.469999313354492,28.469999313354492,28.600000381469727,27.139999389648438,27.280000686645508,64205800,2026-02-11,2,11,2,5.1282087356301504,4.362164944121608,2.412573950855383,2.642980195106828,27.48599967956543,26.91199951171875,25.22949981689453
