Adj Close,Close,High,Low,Open,Volume,date,day_of_week,day,month,hl_pct,oc_pct,volatility_5d,volatility_10d,ma_5,ma_10,ma_20
TSLA,TSLA,TSLA,TSLA,TSLA,TSLA,,,,,,,,,,,
177.77000427246094,177.77000427246094,182.8699951171875,174.8000030517578,175.4499969482422,85391500,2024-03-11,0,11,3,4.539569033851816,1.3223182471203763,4.203137100494632,4.1365699771433935,177.80799865722656,188.3469985961914,191.10199966430665
177.5399932861328,177.5399932861328,179.42999267578125,172.41000366210938,177.77000427246094,87391700,2024-03-12,1,12,3,3.954032487969114,-0.12938683737420426,4.217138375081268,4.16447651769962,177.16799621582032,186.12799835205078,190.57249908447267
169.47999572753906,169.47999572753906,176.0500030517578,169.14999389648438,173.0500030517578,106524500,2024-03-13,2,13,3,4.071282351438155,-2.062991771893232,4.13867872636002,4.232067985950144,175.75599670410156,182.87199859619142,189.84549865722656
162.5,162.5,171.1699981689453,160.50999450683594,167.77000427246094,126325700,2024-03-14,3,14,3,6.560002253605769,-3.141207688057499,4.740911860597051,4.549748334856419,172.5259979248047,178.93399810791016,188.5349983215332
163.57000732421875,163.57000732421875,165.17999267578125,160.75999450683594,163.16000366210938,97146800,2024-03-15,4,15,3,2.7022057657454615,0.25128931901623275,4.365418378522063,4.522890136727393,170.1720001220703,175.0269989013672,186.69099884033204
173.8000030517578,173.8000030517578,174.72000122070312,165.89999389648438,170.02000427246094,108214400,2024-03-18,0,18,3,5.074802744158839,2.2232670769960343,4.472465120583467,4.33780111053905,169.37799987792968,173.59299926757814,185.3834991455078
171.32000732421875,171.32000732421875,172.82000732421875,167.4199981689453,172.36000061035156,77271400,2024-03-19,1,19,3,3.1520014735080286,-0.6033843597412664,4.3120589176912505,4.264598646386259,168.13400268554688,172.6509994506836,184.26149978637696
175.66000366210938,175.66000366210938,176.25,170.82000732421875,173.0,83846700,2024-03-20,2,20,3,3.091194672992326,1.5375743711614884,4.116041382002084,4.127360054181052,169.37000427246093,172.56300048828126,183.30599975585938
172.82000732421875,172.82000732421875,178.17999267578125,171.8000030517578,176.38999938964844,73178000,2024-03-21,3,21,3,3.6916961888875903,-2.023919767437334,3.542380169058449,4.14164601482775,171.4340057373047,171.9800018310547,182.07649993896484
170.8300018310547,170.8300018310547,171.1999969482422,166.3000030517578,166.69000244140625,75580600,2024-03-22,4,22,3,2.868345047101451,2.4836518861433827,3.5756080253296467,3.970513201925855,172.88600463867186,171.52900238037108,181.0194999694824
172.6300048828125,172.6300048828125,175.24000549316406,168.72999572753906,168.75999450683594,74228600,2024-03-25,0,25,3,3.7710766271739553,2.293203663158333,3.3148628019326702,3.8936639612580692,172.65200500488282,171.01500244140624,179.68100051879884
177.6699981689453,177.6699981689453,184.25,177.3800048828125,178.5800018310547,113186200,2024-03-26,1,26,3,3.866716490116054,-0.5095775858319692,3.4578058052542753,3.884932361472763,173.92200317382813,171.0280029296875,178.57800064086913
179.8300018310547,179.8300018310547,181.91000366210938,176.0,181.41000366210938,81804000,2024-03-27,2,27,3,3.286439193645596,-0.870956286400593,3.4968547093849294,3.8064480456935073,174.7560028076172,172.06300354003906,177.46750106811524
175.7899932861328,175.7899932861328,179.57000732421875,175.3000030517578,177.4499969482422,77654800,2024-03-28,3,28,3,2.4290371668145325,-0.935476861458362,3.2443229049703177,3.393351537014383,175.35,173.39200286865236,176.16300048828126
175.22000122070312,175.22000122070312,176.75,170.2100067138672,176.1699981689453,81562100,2024-04-01,0,1,4,3.7324467758079662,-0.5392501323245458,3.4171432507116206,3.4963756380206332,176.22799987792968,174.55700225830077,174.792000579834
166.6300048828125,166.6300048828125,167.69000244140625,163.42999267578125,164.75,116650600,2024-04-02,1,2,4,2.556568229486027,1.1411258772761759,3.1742415711740355,3.244552186553353,175.0279998779297,173.84000244140626,173.71650085449218
168.3800048828125,168.3800048828125,168.82000732421875,163.27999877929688,164.02000427246094,82950100,2024-04-03,2,3,4,3.2901819600121507,2.658212715998331,3.0589346651532545,3.2583702352037647,173.1700012207031,173.54600219726564,173.0985008239746
171.11000061035156,171.11000061035156,177.19000244140625,168.00999450683594,170.07000732421875,123162000,2024-04-04,3,4,4,5.364974520381688,0.6115089324069858,3.4746417305004726,3.485748219942701,171.4260009765625,173.09100189208985,172.82700119018554
164.89999389648438,164.89999389648438,170.86000061035156,160.50999450683594,169.0800018310547,143157600,2024-04-05,4,5,4,6.276535164708871,-2.472207173706439,4.244141330079341,3.7442321175248288,169.2480010986328,172.29900054931642,172.13950119018554
172.97999572753906,172.97999572753906,174.5,167.7899932861328,169.33999633789062,104423300,2024-04-08,0,8,4,3.8790651402466936,2.1495213584305306,4.273465002967086,3.8453041268393533,168.8,172.51399993896484,172.02150115966796
176.8800048828125,176.8800048828125,179.22000122070312,171.9199981689453,172.91000366210938,102951700,2024-04-09,1,9,4,4.127093425056297,2.2959927919850545,4.58757004208114,3.880905806627588,170.85,172.93899993896486,171.97700119018555
171.75999450683594,171.75999450683594,174.92999267578125,170.00999450683594,173.0399932861328,84532400,2024-04-10,2,10,4,2.8644610656118177,-0.7397126843274401,4.502425863201074,3.780680264177164,171.5259979248047,172.3479995727539,171.6880012512207
174.60000610351562,174.60000610351562,175.8800048828125,168.50999450683594,172.5500030517578,94516000,2024-04-11,3,11,4,4.221082542005802,1.1880631790791085,4.273647467525896,3.874144599013184,172.2239990234375,171.825,171.94400177001953
171.0500030517578,171.0500030517578,173.80999755859375,170.36000061035156,172.33999633789062,64722700,2024-04-12,4,12,4,2.0169522868691545,-0.7485164869120953,3.421730891957953,3.832936111018647,173.4540008544922,171.3510009765625,172.37150192260742
161.47999572753906,161.47999572753906,170.69000244140625,161.3800048828125,170.24000549316406,100245300,2024-04-15,0,15,4,5.765418506885685,-5.1456822620795535,3.7990015652857516,4.0362332841264195,171.15400085449218,169.97700042724608,172.26700134277343
157.11000061035156,157.11000061035156,158.19000244140625,153.75,156.74000549316406,97000000,2024-04-16,1,16,4,2.8260469888342103,0.23605659322478248,3.538792278041334,4.063181160061237,167.2,169.025,171.43250122070313
155.4499969482422,155.4499969482422,158.3300018310547,153.77999877929688,157.63999938964844,82439700,2024-04-17,2,17,4,2.92698818982464,-1.3892428634138008,3.551297702883899,4.026861783042486,163.93800048828126,167.73199920654298,170.6390007019043
149.92999267578125,149.92999267578125,152.1999969482422,148.6999969482422,151.25,96098800,2024-04-18,3,18,4,2.3344228446463253,-0.8727321151859504,3.1739657634120033,3.7238066154689498,159.00399780273438,165.61399841308594,169.35250015258788
147.0500030517578,147.0500030517578,150.94000244140625,146.22000122070312,148.97000122070312,87074500,2024-04-19,4,19,4,3.209793351069708,-1.2888488643433538,3.4125339762521136,3.4171324341050338,154.20399780273436,163.8289993286133,168.06399993896486
142.0500030517578,142.0500030517578,144.44000244140625,138.8000030517578,140.55999755859375,107097600,2024-04-22,0,22,4,3.970432431172443,1.0600494586256233,3.0535367611094655,3.4262691631976083,150.31799926757813,160.73600006103516,166.625
144.67999267578125,144.67999267578125,147.25999450683594,141.11000061035156,143.3300018310547,124545100,2024-04-23,1,23,4,4.250756295147267,0.9418759697762494,3.338478622372077,3.438635450206705,147.83199768066407,157.51599884033203,165.22749938964844
162.1300048828125,162.1300048828125,167.97000122070312,157.50999450683594,162.83999633789062,181178000,2024-04-24,2,24,4,6.451616849964123,-0.4360055705263608,4.043404354399973,3.7973510286419354,149.16799926757812,156.5529998779297,164.45049972534179
170.17999267578125,170.17999267578125,170.8800048828125,158.36000061035156,158.9600067138672,126427500,2024-04-25,3,25,4,7.356919033551406,7.058370337207129,5.0479035921809885,4.110934677796496,153.21799926757814,156.11099853515626,163.96799926757814
168.2899932861328,168.2899932861328,172.1199951171875,166.3699951171875,168.85000610351562,109815700,2024-04-26,4,26,4,3.4167212724428833,-0.3316628943676138,5.089289176455624,4.250911576353869,157.46599731445312,155.83499755859376,163.59299926757814
194.0500030517578,194.0500030517578,198.8699951171875,184.5399932861328,188.4199981689453,243869700,2024-04-29,0,29,4,7.384695493785966,2.988008140072478,5.772141788978329,4.412839275043898,167.86599731445312,159.0919982910156,164.53449935913085
183.27999877929688,183.27999877929688,190.9499969482422,182.83999633789062,186.97999572753906,127031800,2024-04-30,1,30,4,4.424923976629609,-1.9788196773914242,5.806975325274797,4.572726973823437,175.58599853515625,161.70899810791016,165.36699905395508
179.99000549316406,179.99000549316406,185.86000061035156,179.00999450683594,182.0,92829700,2024-05-01,2,1,5,3.8057702619358964,-1.104392586173592,5.2778060076691515,4.660605181034563,179.15799865722656,164.16299896240236,165.94749908447267
180.00999450683594,180.00999450683594,184.60000610351562,176.02000427246094,182.86000061035156,89148000,2024-05-02,3,2,5,4.766403029210058,-1.558572729958904,4.759702806800883,4.903803199490936,181.1239990234375,167.1709991455078,166.3924987792969
181.19000244140625,181.19000244140625,184.77999877929688,178.4199981689453,182.10000610351562,75491500,2024-05-03,4,3,5,3.5101277800403357,-0.4997274198838187,4.778384108320372,4.933836642387998,183.7040008544922,170.58499908447266,167.20699920654297
184.75999450683594,184.75999450683594,187.55999755859375,182.1999969482422,183.8000030517578,84390300,2024-05-06,0,6,5,2.9010612522795065,0.5223021975727568,3.881657260019081,4.826899524498705,181.84599914550782,174.85599822998046,167.7959991455078
177.80999755859375,177.80999755859375,183.25999450683594,177.39999389648438,182.39999389648438,75045900,2024-05-07,1,7,5,3.295653051466083,-2.516445444891593,3.655803074986376,4.731389200130587,180.7519989013672,178.16899871826172,167.84249877929688
174.72000122070312,174.72000122070312,176.05999755859375,170.14999389648438,171.58999633789062,79969500,2024-05-08,2,8,5,3.3825570174097965,1.824118509012014,3.5711604260811556,4.424483216875155,179.697998046875,179.4279983520508,167.99049911499023
171.97000122070312,171.97000122070312,175.6199951171875,171.3699951171875,175.00999450683594,65950300,2024-05-09,3,9,5,2.4713612664022886,-1.7370398157541052,3.112152073519602,3.935927440160243,178.08999938964843,179.60699920654298,167.8589988708496
168.47000122070312,168.47000122070312,173.05999755859375,167.75,173.0500030517578,72627200,2024-05-10,4,10,5,3.151895008083617,-2.646634932265703,3.0405055191282586,3.9094448137243156,175.5459991455078,179.625,167.72999877929686
171.88999938964844,171.88999938964844,175.39999389648438,169.0,170.0,67018900,2024-05-13,0,13,5,3.7233078824885935,1.1117643468520222,3.204954845170076,3.5433060525945783,172.9720001220703,177.40899963378905,168.25049896240233
177.5500030517578,177.5500030517578,179.49000549316406,174.07000732421875,174.5,86407400,2024-05-14,1,14,5,3.05266013843172,1.7478527517236748,3.156356262563203,3.4060796687747894,172.9200012207031,176.83600006103515,169.27249908447266
173.99000549316406,173.99000549316406,180.0,173.11000061035156,179.89999389648438,79663000,2024-05-15,2,15,5,3.959997225196444,-3.285152086620391,3.2718443041205325,3.4215023651008445,172.7740020751953,176.23600006103516,170.19949951171876
174.83999633789062,174.83999633789062,175.7899932861328,171.42999267578125,174.10000610351562,59812200,2024-05-16,3,16,5,2.4937089348398027,0.4250374545851652,3.2763138378080354,3.1942329556638187,173.3480010986328,175.71900024414063,171.44499969482422
177.4600067138672,177.4600067138672,179.6300048828125,172.75,173.5500030517578,77445800,2024-05-17,4,17,5,3.8769326172210037,2.2529551099709835,3.4213213596355123,3.2309134393818852,175.14600219726563,175.34600067138672,172.9654998779297
174.9499969482422,174.9499969482422,177.75,173.52000427246094,177.55999755859375,61727400,2024-05-20,0,20,5,2.4178312668336193,-1.4699260228871527,3.160226036504518,3.182590440837297,175.75800170898438,174.36500091552733,174.6104995727539
186.60000610351562,186.60000610351562,186.8800048828125,174.7100067138672,175.50999450683594,115266500,2024-05-21,1,21,5,6.521970938304286,6.318735082774869,3.8540881964790317,3.5052222295211175,177.56800231933593,175.24400177001954,176.7065002441406
180.11000061035156,180.11000061035156,183.8000030517578,178.1199951171875,182.85000610351562,88313500,2024-05-22,2,22,5,3.1536327329532323,-1.4984989891730613,3.692815298030389,3.4823298010754606,178.79200134277343,175.7830017089844,177.6055000305176
173.74000549316406,173.74000549316406,181.89999389648438,173.25999450683594,181.8000030517578,71975500,2024-05-23,3,23,5,4.972947574810791,-4.433441927005412,4.188663026024587,3.732488431916311,178.57200317382814,175.96000213623046,177.78350067138672
179.24000549316406,179.24000549316406,180.0800018310547,173.72999572753906,174.83999633789062,65584500,2024-05-24,4,24,5,3.5427392930747286,2.5165918825404856,4.121824361195332,3.7715728604154224,178.9280029296875,177.03700256347656,178.33100128173828
176.75,176.75,178.25,173.16000366210938,176.39999389648438,59736600,2024-05-28,1,28,5,2.879771619740099,0.1984161653208541,4.214212431776628,3.687219234140572,179.28800354003906,177.52300262451172,177.46600112915038
176.19000244140625,176.19000244140625,178.14999389648438,173.92999267578125,174.19000244140625,54782600,2024-05-29,2,29,5,2.3951422681355194,1.1481715207350989,3.388846697742874,3.6214674471109527,177.20600280761718,177.38700256347656,177.11150131225585
178.7899932861328,178.7899932861328,182.6699981689453,175.3800048828125,178.5800018310547,77618400,2024-05-30,3,30,5,4.07740564902087,0.11758956933866932,3.5736012809564017,3.6332082894933952,176.94200134277344,177.86700134277345,177.0515007019043
178.0800018310547,178.0800018310547,180.32000732421875,173.82000732421875,178.5,67314600,2024-05-31,4,31,5,3.6500448860993275,-0.23529309184611344,3.3090207432141083,3.7488418846193476,177.81000061035155,178.19100189208984,176.95500106811522
176.2899932861328,176.2899932861328,182.63999938964844,174.49000549316406,178.1300048828125,68568900,2024-06-03,0,3,6,4.62306098296588,-1.0329599428744123,3.5250850811923393,3.8234547211938357,177.21999816894532,178.0740005493164,176.71000061035156
174.77000427246094,174.77000427246094,177.75999450683594,174.0,174.77999877929688,60056300,2024-06-04,1,4,6,2.151395785843333,-0.005718335567994851,3.379409914412986,3.796811173094807,176.8239990234375,178.05600128173828,176.21050109863282
175.0,175.0,176.14999389648438,172.1300048828125,175.35000610351562,57953800,2024-06-05,2,5,6,2.297136579241071,-0.19960427221713548,3.359808776634096,3.374327737188485,176.58599853515625,176.89600067138673,176.07000122070312
177.94000244140625,177.94000244140625,179.72999572753906,172.72999572753906,174.60000610351562,69887000,2024-06-06,3,6,6,3.93391025287022,1.9129417074077486,3.3311096974039662,3.4523554891801838,176.41600036621094,176.6790008544922,176.2310012817383
177.47999572753906,177.47999572753906,179.35000610351562,175.5800018310547,176.1300048828125,56244900,2024-06-07,4,7,6,2.1241854649627743,0.7664740857895134,3.025937813176656,3.1674792781953824,176.2959991455078,177.0529998779297,176.5065010070801
173.7899932861328,173.7899932861328,178.57000732421875,173.1699981689453,176.05999755859375,50774600,2024-06-10,0,10,6,3.107203730874601,-1.289335626456241,2.7227663627584,3.1239257219753696,175.7959991455078,176.50799865722655,176.77250061035156
170.66000366210938,170.66000366210938,174.75,167.41000366210938,173.9199981689453,64761900,2024-06-11,1,11,6,4.300947017687355,-1.874421884290264,3.1526766091272043,3.2660432617700947,174.9739990234375,175.8989990234375,176.71100082397462
177.2899932861328,177.2899932861328,180.5500030517578,169.8000030517578,171.1199951171875,90389400,2024-06-12,2,12,6,6.063511990014181,3.605655881838902,3.905951691281826,3.632880233957961,175.43199768066407,176.00899810791014,176.69800033569337
182.47000122070312,182.47000122070312,191.0800018310547,181.22999572753906,188.38999938964844,118984100,2024-06-13,3,13,6,5.398150949537035,-3.142416363992303,4.198799830615189,3.764954764009578,176.33799743652344,176.3769989013672,177.12200012207032
178.00999450683594,178.00999450683594,186.0,176.9199981689453,185.8000030517578,82038200,2024-06-14,4,14,6,5.100838217657491,-4.192684831523836,4.794130381154132,3.9100340971653944,176.44399719238282,176.3699981689453,177.28050003051757
187.44000244140625,187.44000244140625,188.80999755859375,177.0,177.9199981689453,109786100,2024-06-17,0,17,6,6.300681500623409,5.350721880865322,5.432825935103894,4.077796148931147,179.1739990234375,177.48499908447266,177.77949981689454
184.86000061035156,184.86000061035156,187.1999969482422,182.3699951171875,186.55999755859375,68982300,2024-06-18,1,18,6,2.6127890377082594,-0.9112333675434691,5.095194339108075,4.12393547411764,182.01399841308594,178.4939987182617,178.275
181.57000732421875,181.57000732421875,185.2100067138672,179.66000366210938,184.67999267578125,55893100,2024-06-20,3,20,6,3.056673915228467,-1.683986070446894,4.493826724150932,4.199889207716379,182.87000122070313,179.1509994506836,178.02350006103515
183.00999450683594,183.00999450683594,183.9499969482422,180.69000244140625,182.3000030517578,61937300,2024-06-21,4,21,6,1.781320476851972,0.38946321623294067,3.7704606296139196,3.984630230114554,182.97799987792968,179.65799865722656,178.1684997558594
182.5800018310547,182.5800018310547,188.8000030517578,182.5500030517578,184.97000122070312,61992100,2024-06-24,0,24,6,3.4231569379560325,-1.292101083351743,3.4349243736736286,4.11452737741388,183.89200134277343,180.16799926757812,178.6104995727539
187.35000610351562,187.35000610351562,187.97000122070312,182.00999450683594,184.39999389648438,62905700,2024-06-25,1,25,6,3.181215115933401,1.5997897530773686,2.8110310967356265,4.121928515919761,183.8740020751953,181.5240005493164,179.0159996032715
196.3699951171875,196.3699951171875,197.75999450683594,186.36000061035156,186.5399932861328,95737100,2024-06-26,2,26,6,5.80536445482988,5.269648431892294,3.4495461801599503,4.2723702596340125,186.1760009765625,184.09499969482422,179.99699935913085
197.4199981689453,197.4199981689453,198.72000122070312,194.0500030517578,195.1699981689453,72746500,2024-06-27,3,27,6,2.3655142398233067,1.152841123691731,3.3113142450789184,3.9025704846149254,189.34599914550782,186.10800018310547,181.05849914550782
197.8800048828125,197.8800048828125,203.1999969482422,195.25999450683594,199.5500030517578,95438100,2024-06-28,4,28,6,4.012533982960248,-0.8368820563295911,3.7575569463005736,3.764008787957246,192.32000122070312,187.6490005493164,182.01299972534179
209.86000061035156,209.86000061035156,213.22999572753906,200.85000610351562,201.02000427246094,135691400,2024-07-01,0,1,7,5.899165914427612,4.397570465628368,4.2527587415948895,3.8438415576342586,197.7760009765625,190.83400115966796,183.60199966430665
231.25999450683594,231.25999450683594,231.3000030517578,218.05999755859375,218.88999938964844,205047900,2024-07-02,1,2,7,5.725160342323148,5.65123813407644,4.761547786872839,3.786289441804233,206.55799865722656,195.21600036621095,186.3504997253418
246.38999938964844,246.38999938964844,248.35000610351562,234.25,234.55999755859375,166561500,2024-07-03,2,3,7,5.722637338546139,5.0434865084356595,4.745002363616091,4.09727427188802,216.56199951171874,201.36900024414064,189.93149948120117
251.52000427246094,251.52000427246094,252.3699951171875,242.4600067138672,249.80999755859375,154501200,2024-07-05,4,5,7,3.940039851695153,0.6845229296582095,5.05990748599046,4.18561086553469,227.3820007324219,208.36399993896484,193.75749969482422
252.94000244140625,252.94000244140625,259.44000244140625,244.57000732421875,247.7100067138672,157219600,2024-07-08,0,8,7,5.878862565691699,2.1113380912303206,5.43317320253675,4.595365074418662,238.3940002441406,215.35700073242188,197.50749969482422
262.3299865722656,262.3299865722656,265.6099853515625,250.3000030517578,251.0,160210900,2024-07-09,1,9,7,5.836154112555925,4.5139388734126,5.420570842162413,4.836664791878651,248.88799743652345,223.33199920654297,201.74999923706054
263.260009765625,263.260009765625,267.5899963378906,257.8599853515625,262.79998779296875,128519400,2024-07-10,2,10,7,3.6959700012890506,0.17504642086157582,5.014732773955593,4.888140280414216,255.28800048828126,230.9229995727539,206.22350006103517
241.02999877929688,241.02999877929688,271.0,239.64999389648438,263.29998779296875,221707300,2024-07-11,3,11,7,13.006682264568145,-8.458028881939272,6.471541759159995,5.608272061388043,254.21600036621095,235.38899993896484,209.74199981689452
248.22999572753906,248.22999572753906,251.83999633789062,233.08999633789062,235.8000030517578,155955800,2024-07-12,4,12,7,7.553478758699363,5.271413280284344,7.194229540560836,6.127068513275648,253.55799865722656,240.46999969482422,213.28899993896485
252.63999938964844,252.63999938964844,265.6000061035156,251.72999572753906,255.97000122070312,146912900,2024-07-15,0,15,7,5.490029452772737,-1.3009344123038404,7.116462917977044,6.274818060256897,253.497998046875,245.9459991455078,216.7974998474121
256.55999755859375,256.55999755859375,258.6199951171875,245.8000030517578,255.30999755859375,126332500,2024-07-16,1,16,7,4.996878775890162,0.4896008820465891,6.948607850643891,6.184589346403152,252.34400024414063,250.61599884033203,220.725
248.5,248.5,258.4700012207031,246.17999267578125,252.72999572753906,115584800,2024-07-17,2,17,7,4.945677482865945,-1.6737212832066437,7.198549346959271,6.106641060457432,249.39199829101562,252.33999938964843,223.7779998779297
249.22999572753906,249.22999572753906,257.1400146484375,247.1999969482422,251.08999633789062,110869000,2024-07-18,3,18,7,3.9882910847785142,-0.740770495630805,5.394871111001344,5.9332064350806695,251.03199768066406,252.6239990234375,226.99649963378906
239.1999969482422,239.1999969482422,249.44000244140625,236.8300018310547,247.7899932861328,87403900,2024-07-19,4,19,7,5.2717394528563055,-3.4666437590849037,4.938523249832732,6.0663763951967855,249.2259979248047,251.39199829101562,229.87799911499025
251.50999450683594,251.50999450683594,253.2100067138672,243.75,244.2100067138672,101225400,2024-07-22,0,22,7,3.7612846091530048,2.989225499478367,4.592774281108786,5.854618599542915,248.9999969482422,251.2489974975586,233.30299911499023
246.3800048828125,246.3800048828125,255.75999450683594,245.6300048828125,253.60000610351562,111928200,2024-07-23,1,23,7,4.111530734339273,-2.8470035674037137,4.415704672798609,5.68215626172125,246.96399841308593,249.65399932861328,236.4929992675781
215.99000549316406,215.99000549316406,225.99000549316406,214.7100067138672,225.4199981689453,167942900,2024-07-24,2,24,7,5.2224633049763405,-4.183299065025172,4.471061837220688,5.834805592089979,240.46199951171874,244.9269989013672,237.92499923706055
220.25,220.25,226.0,216.22999572753906,216.8000030517578,100636500,2024-07-25,3,25,7,4.435870271264898,1.5913269832466523,4.5605776745179645,4.977724392759654,234.66600036621094,242.8489990234375,239.11899948120117
219.8000030517578,219.8000030517578,222.27999877929688,215.3300018310547,221.19000244140625,94604100,2024-07-26,4,26,7,3.1619639907855794,-0.6284187234080127,4.138622582103819,4.538572915968276,230.78600158691407,240.00599975585936,240.2379997253418
232.10000610351562,232.10000610351562,234.27000427246094,224.6999969482422,224.89999389648438,129201800,2024-07-29,0,29,7,4.123225796017673,3.2014283692445225,4.211010819476753,4.40189255029277,226.90400390625,237.9520004272461,241.94899978637696
222.6199951171875,222.6199951171875,232.41000366210938,220.0,232.25,100560300,2024-07-30,1,30,7,5.574523373597565,-4.146396074407965,4.503609347328411,4.45965701006351,222.152001953125,234.55800018310546,242.58699951171874
232.07000732421875,232.07000732421875,234.67999267578125,226.7899932861328,227.89999389648438,67497000,2024-07-31,2,31,7,3.3998358859986295,1.8297558312478317,4.1390838635328695,4.305072850376779,225.36800231933594,232.91500091552734,242.62750015258788
216.86000061035156,216.86000061035156,231.8699951171875,214.3300018310547,227.69000244140625,83861900,2024-08-01,3,1,8,8.088164362614854,-4.756467879542353,4.86954268180286,4.715060178160412,224.69000244140625,229.6780014038086,241.15100021362304
207.6699981689453,207.6699981689453,216.1300048828125,205.77999877929688,214.8800048828125,82880100,2024-08-02,4,2,8,4.983871620731469,-3.355364180021894,5.233924207792038,4.6862733949479285,222.26400146484374,226.5250015258789,238.95849990844727
198.8800048828125,198.8800048828125,203.8800048828125,182.0,185.22000122070312,100308800,2024-08-05,0,5,8,11.001611195507067,7.375015426024365,6.609601287689917,5.410306053583335,215.62000122070313,221.26200256347656,236.25550003051757
200.63999938964844,200.63999938964844,202.89999389648438,192.6699981689453,200.75,73783900,2024-08-06,1,6,8,5.098682096620289,-0.054794824583592784,6.514433032294463,5.5090211898114365,211.2240020751953,216.68800201416016,233.1710006713867
191.75999450683594,191.75999450683594,203.49000549316406,191.47999572753906,200.77000427246094,71159800,2024-08-07,2,7,8,6.2630424017856665,-4.4877270378485905,7.087074335451869,5.613079099492369,203.16199951171876,214.26500091552734,229.59599990844725
198.83999633789062,198.83999633789062,200.6999969482422,192.0399932861328,195.6999969482422,65033900,2024-08-08,3,8,8,4.355262432912819,1.6044963917290656,6.340493949511462,5.605018315657161,199.55799865722656,212.1240005493164,227.48649978637695
200.0,200.0,200.8800048828125,195.11000061035156,197.0500030517578,58648300,2024-08-09,4,9,8,2.8850021362304688,1.497080386985496,5.920720052611261,5.57732213020165,198.0239990234375,210.1440002441406,225.075
197.49000549316406,197.49000549316406,199.25999450683594,194.6699981689453,199.02000427246094,64044900,2024-08-12,0,12,8,2.324166393346677,-0.7687663282341644,4.185231092179184,5.3974161899345505,197.74599914550782,206.68300018310546,222.31750030517577
207.8300018310547,207.8300018310547,208.49000549316406,197.05999755859375,198.47000122070312,76247400,2024-08-13,1,13,8,5.4996910137458315,4.716078275196376,4.265432875604293,5.389932953949377,199.18399963378906,205.2040008544922,219.88100051879883
201.3800048828125,201.3800048828125,208.44000244140625,198.75,207.38999938964844,70250000,2024-08-14,2,14,8,4.811799685398299,-2.897919149681003,3.975184332326819,5.531129333889345,201.10800170898438,202.13500061035157,217.52500076293944
214.13999938964844,214.13999938964844,215.8800048828125,204.82000732421875,205.02000427246094,89848500,2024-08-15,3,15,8,5.164844302847416,4.4483440284527065,4.137100706313738,5.2387973279126,204.16800231933593,201.86300048828124,215.77050094604493
216.1199951171875,216.1199951171875,219.8000030517578,210.8000030517578,211.14999389648438,88765100,2024-08-16,4,16,8,4.1643532312315195,2.3537775819873588,4.392970925313948,5.156845488962605,207.39200134277343,202.70800018310547,214.6165008544922
222.72000122070312,222.72000122070312,222.97999572753906,214.08999633789062,217.07000732421875,76435200,2024-08-19,0,19,8,3.9915586121243516,2.6028441082813742,4.726449369069483,4.455840230624334,212.43800048828126,205.09199981689454,213.17700119018554
221.10000610351562,221.10000610351562,228.22000122070312,219.55999755859375,224.8800048828125,74001200,2024-08-20,1,20,8,3.916781285865227,-1.6808958988001956,4.409867423493362,4.3376501495488275,215.09200134277344,207.13800048828125,211.9130012512207
223.27000427246094,223.27000427246094,224.66000366210938,218.86000061035156,222.6699981689453,70146000,2024-08-21,2,21,8,2.597752918336469,0.2694597873308398,3.9670580700809963,3.971121201203908,219.47000122070312,210.28900146484375,212.27700119018556
210.66000366210938,210.66000366210938,224.8000030517578,210.32000732421875,223.82000732421875,79514500,2024-08-22,3,22,8,6.873633093999383,-5.8797262226187845,4.30881582831139,4.222958267312564,218.7740020751953,211.47100219726562,211.79750137329103
220.32000732421875,220.32000732421875,221.47999572753906,214.2100067138672,214.4600067138672,81525200,2024-08-23,4,23,8,3.2997407280281617,2.732444477710934,4.135893327670718,4.264432126492333,219.61400451660157,213.5030029296875,211.82350158691406
213.2100067138672,213.2100067138672,219.08999633789062,211.00999450683594,218.75,59301200,2024-08-26,0,26,8,3.7896916545283164,-2.532568359375,4.095519936151511,4.410984652610497,217.71200561523438,215.07500305175782,210.87900161743164
209.2100067138672,209.2100067138672,215.66000366210938,206.94000244140625,213.25,62821400,2024-08-27,1,27,8,4.168061249875737,-1.8944868868149178,4.145775928953613,4.277821676223487,215.3340057373047,215.21300354003907,210.20850219726563
205.75,205.75,211.83999633789062,202.58999633789062,209.72000122070312,64116400,2024-08-28,2,28,8,4.495747266099635,-1.8930007617753222,4.525374798506247,4.246216434293621,211.8300048828125,215.6500030517578,208.8925018310547
206.27999877929688,206.27999877929688,214.88999938964844,205.97000122070312,209.8000030517578,62308800,2024-08-29,3,29,8,4.324218645400031,-1.677790381915557,4.015491908786376,4.162153868548883,210.95400390625,214.86400299072267,208.36350173950194
214.11000061035156,214.11000061035156,214.57000732421875,207.02999877929688,208.6300048828125,63370600,2024-08-30,4,30,8,3.5215583220905087,2.626657527337535,4.059855427598846,4.097874377634782,209.71200256347657,214.66300354003906,208.68550186157228
210.60000610351562,210.60000610351562,219.89999389648438,209.63999938964844,215.25999450683594,76714200,2024-09-03,1,3,9,4.871792122262746,-2.1648186018012403,4.276275521145732,4.185897728648621,209.19000244140625,213.4510040283203,209.27150192260743
219.41000366210938,219.41000366210938,222.22000122070312,210.57000732421875,210.58999633789062,80651800,2024-09-04,2,4,9,5.309691309437889,4.188236610283753,4.504601533058162,4.325188731005888,211.2300018310547,213.2820037841797,210.21000213623046
230.1699981689453,230.1699981689453,235.0,222.25,223.49000549316406,119355000,2024-09-05,3,5,9,5.539383977681344,2.988944700699635,4.713328875374503,4.619351836940375,216.11400146484374,213.9720031738281,212.13050231933593
210.72999572753906,210.72999572753906,233.60000610351562,210.50999450683594,232.60000610351562,112177000,2024-09-06,4,6,9,10.957154683633009,-9.402411780781982,6.039916083021099,5.027703995903738,217.00400085449218,213.9790023803711,212.72500228881836
216.27000427246094,216.27000427246094,219.8699951171875,213.6699981689453,216.1999969482422,67443500,2024-09-09,0,9,9,2.8667854190409674,0.03238081646944223,5.908961502411191,4.984408465005019,217.43600158691407,213.57400207519532,213.53850250244142
226.1699981689453,226.1699981689453,226.39999389648438,218.63999938964844,220.07000732421875,78891100,2024-09-10,1,10,9,3.431045041190365,2.771841069528268,5.620812086196715,4.948543803671223,220.55,214.87000122070313,214.97250213623047
228.1300048828125,228.1300048828125,228.47000122070312,216.8000030517578,224.5500030517578,83548600,2024-09-11,2,11,9,5.115503405586671,1.5943005042977052,5.581974505426471,5.043288019242317,222.29400024414062,216.76200103759766,215.98750228881835
229.80999755859375,229.80999755859375,231.4499969482422,223.8300018310547,224.66000366210938,71894900,2024-09-12,3,12,9,3.315780513528207,2.2923501346639394,5.137253812595843,4.925291343985174,222.2220001220703,219.16800079345703,217.40900192260742
230.2899932861328,230.2899932861328,232.6699981689453,226.32000732421875,228.0,59515100,2024-09-13,4,13,9,2.757388957338137,1.0043830202336896,3.4973006673368694,4.768608375178983,226.13399963378907,221.56900024414062,218.21650161743165
226.77999877929688,226.77999877929688,229.9600067138672,223.52999877929688,229.3000030517578,54323000,2024-09-16,0,16,9,2.8353505464245194,-1.0989987958666185,3.49101369281358,4.6999875976123855,228.23599853515626,222.83600006103515,218.7495018005371
227.8699951171875,227.8699951171875,234.57000732421875,226.5500030517578,229.4499969482422,66761600,2024-09-17,1,17,9,3.5195525713407165,-0.6886039886987203,3.5087151988436505,4.564763642520182,228.57599792480468,224.56299896240233,219.00700149536132
227.1999969482422,227.1999969482422,235.67999267578125,226.8800048828125,230.08999633789062,78010200,2024-09-18,2,18,9,3.8732341158320747,-1.2560300037574992,3.2602613408927312,4.421117923159601,228.38999633789064,225.3419982910156,219.31200103759767
243.9199981689453,243.9199981689453,244.24000549316406,232.1300048828125,234.0,102694600,2024-09-19,3,19,9,4.964742826032601,4.239315456814237,3.59005380339361,4.3636538079947265,231.21199645996094,226.7169982910156,220.34450073242186
238.25,238.25,243.99000549316406,235.9199981689453,241.52000427246094,99879100,2024-09-20,4,20,9,3.387201395264953,-1.3539268858127445,3.716016290978973,3.606658479157921,232.8039978027344,229.46899871826173,221.7240005493164
250.0,250.0,250.0,241.9199981689453,242.61000061035156,86927200,2024-09-23,0,23,9,3.2320007324218745,3.0460407118654964,3.795346328178444,3.6431800104960117,237.447998046875,232.8419982910156,223.20800018310547
254.27000427246094,254.27000427246094,257.19000244140625,249.0500030517578,254.0800018310547,88491000,2024-09-24,1,24,9,3.201321136143958,0.07478055731933922,3.731700041139092,3.6202076199913713,242.72799987792968,235.6519989013672,225.26100006103516
257.0199890136719,257.0199890136719,257.04998779296875,252.27999877929688,252.5399932861328,65034300,2024-09-25,2,25,9,1.8558825062505706,1.7739747551442826,3.3282297192227914,3.2942455300577604,248.69199829101564,238.54099731445314,227.6514991760254
254.22000122070312,254.22000122070312,261.75,251.52999877929688,260.6000061035156,67142200,2024-09-26,3,26,9,4.020140497061264,-2.4481982860269897,3.139309253428524,3.3646815284110674,250.7519989013672,240.98199768066405,230.07499923706055
260.4599914550781,260.4599914550781,260.70001220703125,254.1199951171875,257.3800048828125,70988100,2024-09-27,4,27,9,2.5263062680314237,1.1966689384701703,2.9671302279818184,3.3415732594803957,255.19399719238282,243.9989974975586,232.78399887084962
261.6300048828125,261.6300048828125,264.8599853515625,255.77000427246094,259.0400085449219,80705700,2024-09-30,0,30,9,3.474364908250139,0.9998441369883896,3.015603063147471,3.4054746956629574,257.51999816894534,247.48399810791017,235.15999908447264
258.0199890136719,258.0199890136719,263.9800109863281,248.52999877929688,262.6700134277344,87397600,2024-10-01,1,1,10,5.987912900117436,-1.770291307097303,3.5729214159421665,3.6523107285406295,258.2699951171875,250.4989974975586,237.53099822998047
249.02000427246094,249.02000427246094,251.16000366210938,241.5,247.5500030517578,93983900,2024-10-02,2,2,10,3.879207893491179,0.5938199162113429,3.9775864933902882,3.6529081063065396,256.6699981689453,252.68099822998047,239.01149826049806
240.66000366210938,240.66000366210938,249.7899932861328,237.80999755859375,244.47999572753906,80729200,2024-10-03,3,3,10,4.97797537822661,-1.5624967818172253,4.169153469623358,3.654231361525941,253.95799865722657,252.35499877929686,239.53599853515624
250.0800018310547,250.0800018310547,250.9600067138672,244.5800018310547,246.69000244140625,86573200,2024-10-04,4,4,10,2.551185555061939,1.3741940719521575,4.17412932702946,3.5706297775056393,251.8820007324219,253.53799896240236,241.50349884033204
240.8300018310547,240.8300018310547,249.8300018310547,240.6999969482422,249.0,68113300,2024-10-07,0,7,10,3.791057930239653,-3.28112376262864,4.237467931427363,3.626535497287417,247.7220001220703,252.62099914550782,242.73149871826172
244.5,244.5,246.2100067138672,240.55999755859375,243.55999755859375,56303200,2024-10-08,1,8,10,2.3108421902958844,0.38594286862731286,3.502053789463053,3.5374876027026096,245.01800231933595,251.6439987182617,243.64799880981445
241.0500030517578,241.0500030517578,247.42999267578125,239.50999450683594,243.82000732421875,66289500,2024-10-09,2,9,10,3.2856245877104366,-1.1360857145646521,3.3833371283069047,3.680461810848596,243.42400207519532,250.0470001220703,244.29399871826172
238.77000427246094,238.77000427246094,242.7899932861328,232.33999633789062,241.80999755859375,83087100,2024-10-10,3,10,10,4.376595368452427,-1.257182629678569,3.263061126352068,3.7161072979877128,243.04600219726564,248.5020004272461,244.74199905395508
217.8000030517578,217.8000030517578,223.33999633789062,214.3800048828125,220.1300048828125,142628900,2024-10-11,4,11,10,4.11386195111709,-1.0584662605604709,3.575596405563098,3.8748628662962794,236.59000244140626,244.23600158691406,244.11749954223632
219.16000366210938,219.16000366210938,221.91000366210938,213.74000549316406,220.1300048828125,86291900,2024-10-14,0,14,10,3.7278691514996654,-0.44064925234499985,3.5629586498151005,3.9002132906212323,232.2560028076172,239.98900146484374,243.73649978637695
219.57000732421875,219.57000732421875,224.25999450683594,217.1199951171875,220.00999450683594,62988800,2024-10-15,1,15,10,3.251809970159294,-0.19998508867901302,3.7511522057877826,3.626602997625418,227.27000427246094,236.14400329589844,243.3215003967285
221.3300018310547,221.3300018310547,222.82000732421875,218.92999267578125,221.39999389648438,49632800,2024-10-16,2,16,10,1.757563193537052,-0.03161339989124494,3.4455399269531055,3.414438527630005,223.3260040283203,233.3750030517578,243.02800064086915
220.88999938964844,220.88999938964844,222.0800018310547,217.89999389648438,221.58999633789062,50791800,2024-10-17,3,17,10,1.8923482032325092,-0.3158973599037386,2.948690493909122,3.1058758101305948,219.7500030517578,231.39800262451172,241.8765007019043
220.6999969482422,220.6999969482422,222.27999877929688,219.22999572753906,220.7100067138672,49611900,2024-10-18,4,18,10,1.381967872193985,-0.004535256816867781,2.402311678124501,2.9889540418437996,220.3300018310547,228.46000213623046,240.9990005493164
218.85000610351562,218.85000610351562,220.47999572753906,215.72999572753906,218.89999389648438,47329000,2024-10-21,0,21,10,2.1704363114128764,-0.022835904231403827,2.090825110107143,2.826891879961122,220.26800231933595,226.26200256347656,239.44150085449218
217.97000122070312,217.97000122070312,218.22000122070312,215.25999450683594,217.30999755859375,43268700,2024-10-22,1,22,10,1.3579881163876606,0.3037152774949605,1.7120607393528169,2.7316064725702995,219.9480010986328,223.60900268554687,237.6265007019043
213.64999389648438,213.64999389648438,218.72000122070312,212.11000061035156,217.1300048828125,80938900,2024-10-23,2,23,10,3.093845447781373,-1.602731500976259,1.9793171902016808,2.7124285585773933,218.41199951171876,220.86900177001954,235.45800094604493
260.4800109863281,260.4800109863281,262.1199951171875,242.64999389648438,244.67999267578125,204491900,2024-10-24,3,24,10,7.474662315537545,6.457421441679968,3.0957800126626878,3.022235253285905,226.3300018310547,223.04000244140624,235.77100143432617
269.19000244140625,269.19000244140625,269.489990234375,255.32000732421875,256.010009765625,161611900,2024-10-25,4,25,10,5.263933571693691,5.148233339722701,3.872173152562629,3.1372424153435654,236.0280029296875,228.1790023803711,236.20750198364257
262.510009765625,262.510009765625,273.5400085449219,262.239990234375,270.0,107653600,2024-10-28,0,28,10,4.304604735124498,-2.774070457175926,4.299006837304954,3.194915973706048,244.76000366210937,232.51400299072264,236.2515022277832
259.5199890136719,259.5199890136719,264.9800109863281,255.50999450683594,264.510009765625,80521800,2024-10-29,1,29,10,3.6490508941079267,-1.886514902167462,4.757219392849007,3.234640066100912,253.07000122070312,236.50900115966797,236.3265022277832
257.54998779296875,257.54998779296875,263.3500061035156,255.82000732421875,258.0400085449219,53993600,2024-10-30,2,30,10,2.9237037997259994,-0.18990107569610387,4.723191063237932,3.3512541267198066,261.85,240.13099975585936,236.75300140380858
249.85000610351562,249.85000610351562,259.75,249.25,257.989990234375,66575300,2024-10-31,3,31,10,4.202521410245527,-3.1551550211170905,4.068762882179529,3.582271447421108,259.7239990234375,243.0270004272461,237.2125015258789
248.97999572753906,248.97999572753906,254.0,246.6300048828125,252.0399932861328,57544800,2024-11-01,4,1,11,2.9600752042957494,-1.214092064793794,3.60799120869994,3.7400821806312843,255.68199768066407,245.8550003051758,237.15750122070312
242.83999633789062,242.83999633789062,248.89999389648438,238.8800048828125,244.55999755859375,68802400,2024-11-04,0,4,11,4.126169150377492,-0.7033043988688431,3.5723040917505386,3.935655464527746,251.74799499511718,248.25399932861328,237.25800094604492
251.44000244140625,251.44000244140625,255.27999877929688,246.2100067138672,247.33999633789062,69282500,2024-11-05,1,5,11,3.6072192083052865,1.657639752656346,3.56393775459001,4.1605785737195085,250.13199768066406,251.6009994506836,237.60500106811523
288.5299987792969,288.5299987792969,289.5899963378906,275.6199951171875,284.6700134277344,165228700,2024-11-06,2,6,11,4.841784660107074,1.3559508095299915,3.947553926666226,4.335372494952079,256.3279998779297,259.08899993896483,239.9790008544922
296.9100036621094,296.9100036621094,299.75,285.5199890136719,288.8900146484375,117309200,2024-11-07,3,7,11,4.792701765118772,2.776139224968277,4.065589997640875,4.0671764399102015,265.73999938964846,262.731999206543,242.8860008239746
321.2200012207031,321.2200012207031,328.7099914550781,297.6600036621094,299.1400146484375,204782800,2024-11-08,4,8,11,9.66626849977346,7.381154473170364,5.406828656736417,4.507409932718178,280.18800048828126,267.9349990844727,248.05700073242187
350.0,350.0,358.6400146484375,336.0,346.29998779296875,210521600,2024-11-11,0,11,11,6.4685756138392865,1.068441333368818,5.875309949428776,4.723807020589658,301.6200012207031,276.68399810791016,254.5990005493164
328.489990234375,328.489990234375,345.8399963378906,323.30999755859375,342.739990234375,155726000,2024-11-12,1,12,11,6.858656107975132,-4.157670655897334,6.5255973293627445,5.044767541976378,317.0299987792969,283.5809982299805,260.04499969482424
330.239990234375,330.239990234375,344.6000061035156,322.5,335.8500061035156,125405600,2024-11-13,2,13,11,6.692104759278548,-1.6703932610355547,6.89566134919704,5.421607637931633,325.3719970703125,290.8499984741211,265.49049911499026
311.17999267578125,311.17999267578125,329.9800109863281,310.3699951171875,327.69000244140625,120726100,2024-11-14,3,14,11,6.301824130953149,-5.03830133437688,7.197485822363914,5.631537910002395,328.2259948730469,296.98299713134764,270.0049987792969
320.7200012207031,320.7200012207031,324.67999267578125,309.2200012207031,310.57000732421875,114440300,2024-11-15,4,15,11,4.820401408155193,3.2681822639390656,6.2283124040402615,5.817570530388339,328.12599487304686,304.15699768066406,275.0059989929199
338.739990234375,338.739990234375,348.54998779296875,330.010009765625,340.7300109863281,126085600,2024-11-18,0,18,11,5.473217973028781,-0.5840462206990552,6.029240875878161,5.952275412653469,325.8739929199219,313.7469970703125,281.00049819946287
346.0,346.0,347.3800048828125,332.75,335.760009765625,88852500,2024-11-19,1,19,11,4.228325110639451,3.04979447716926,5.503174676411024,6.0143860028868845,329.37599487304686,323.2029968261719,287.40199813842776
342.0299987792969,342.0299987792969,346.6000061035156,334.29998779296875,345.0,66340700,2024-11-20,2,20,11,3.5961811403811272,-0.860869919044384,4.8839899526315405,5.8898256509142906,331.73399658203124,328.55299682617186,293.82099838256835
339.6400146484375,339.6400146484375,347.989990234375,335.2799987792969,343.80999755859375,58011700,2024-11-21,3,21,11,3.7421949437360253,-1.2128742444278635,4.372064115188115,5.7847749687760155,337.4260009765625,332.8259979248047,297.7789985656738
352.55999755859375,352.55999755859375,361.5299987792969,337.70001220703125,341.0899963378906,89140700,2024-11-22,4,22,11,6.759129435353822,3.3627492286055527,4.759809720627841,5.494061062334051,343.79400024414065,335.9599975585937,301.9474983215332
338.5899963378906,338.5899963378906,361.92999267578125,338.20001220703125,360.1400146484375,95890900,2024-11-25,0,25,11,7.00847063569741,-5.9837889248668,5.066860253161567,5.548050564519864,343.7640014648438,334.8189971923828,305.75149765014646
338.2300109863281,338.2300109863281,346.9599914550781,335.6600036621094,341.0,62295900,2024-11-26,1,26,11,3.340918140296402,-0.812313493745418,4.8893788590929566,5.196276767751991,342.2100036621094,335.7929992675781,309.6869987487793
332.8900146484375,332.8900146484375,342.54998779296875,326.5899963378906,341.79998779296875,57896400,2024-11-27,2,27,11,4.794373742911257,-2.6067798311122523,5.129017379598983,5.006503666115262,340.3820068359375,336.05800170898436,313.45400009155276
345.1600036621094,345.1600036621094,345.45001220703125,334.6499938964844,336.0799865722656,37167600,2024-11-29,4,29,11,3.1289889314984,2.701742874502085,5.006376177151457,4.689220146169786,341.4860046386719,339.4560028076172,318.2194999694824
357.0899963378906,357.0899963378906,360.0,351.1499938964844,352.3800048828125,77986500,2024-12-02,0,2,12,2.478368532940209,1.3366227906843011,4.1502239966687355,4.455016858648288,342.3920043945312,343.09300231933594,323.625
351.4200134277344,351.4200134277344,355.69000244140625,348.20001220703125,351.79998779296875,58267200,2024-12-03,1,3,12,2.1313499368797997,-0.10800863513900592,3.1747998569052136,4.12083005503339,344.9580078125,344.3610046386719,329.0540008544922
357.92999267578125,357.92999267578125,358.1000061035156,348.6000061035156,353.0,50810900,2024-12-04,2,4,12,2.65415030715385,1.3965984917227336,3.0374462902767028,3.9634125746848303,348.89800415039065,345.55400390625,334.3785003662109
369.489990234375,369.489990234375,375.42999267578125,359.5,359.8699951171875,81403600,2024-12-05,3,5,12,4.311346206070842,2.6731862193887155,2.9408407829086203,4.034929081253802,356.21799926757814,348.3000030517578,338.42649993896487
389.2200012207031,389.2200012207031,389.489990234375,370.79998779296875,377.4200134277344,81455800,2024-12-06,4,6,12,4.80191212753434,3.12648703649843,3.275425422115808,4.1409007996336324,365.0299987792969,353.25800170898435,343.04199981689453
389.7900085449219,389.7900085449219,404.79998779296875,378.010009765625,397.6099853515625,96359200,2024-12-09,0,9,12,6.872925790825217,-1.9667455785161645,4.15433687369281,4.1522804351807725,371.57000122070315,356.9810028076172,346.47050018310546
400.989990234375,400.989990234375,409.7300109863281,390.8500061035156,392.67999267578125,97563600,2024-12-10,1,10,12,4.708348173922573,2.116226370986757,4.669736521101365,3.922268189003289,381.48399658203124,363.22100219726565,349.0199996948242
424.7699890136719,424.7699890136719,424.8800048828125,402.3800048828125,409.70001220703125,104287600,2024-12-11,2,11,12,5.296984387302325,3.678295425342922,5.19830333713106,4.117874813703882,394.85199584960935,371.875,353.83399963378906
418.1000061035156,418.1000061035156,429.29998779296875,415.0,424.8399963378906,87752200,2024-12-12,3,12,12,3.4202314241125067,-1.5864773308712772,5.020080380739392,3.980460581824006,404.5739990234375,380.3959991455078,358.2270004272461
436.2300109863281,436.2300109863281,436.29998779296875,415.7099914550781,420.0,89000200,2024-12-13,4,13,12,4.719986204373256,3.864288330078125,5.003695196107175,4.139560309111492,413.9760009765625,389.5029998779297,364.47950134277346
463.0199890136719,463.0199890136719,463.19000244140625,436.1499938964844,441.0899963378906,114083800,2024-12-16,0,16,12,5.839922505834505,4.971772848591673,4.797094539109033,4.475715706400921,428.6219970703125,400.0959991455078,371.59450073242186
479.8599853515625,479.8599853515625,483.989990234375,457.510009765625,475.8999938964844,131223000,2024-12-17,1,17,12,5.518272262137011,0.8321058007702947,4.95907935675192,4.814407938926642,444.39599609375,412.93999633789065,378.65050048828124
440.1300048828125,440.1300048828125,488.5400085449219,427.010009765625,466.5,149340800,2024-12-18,2,18,12,13.9799600337813,-5.652732072280279,6.695674486047716,5.946988911589388,447.46799926757814,421.1599975585938,383.35700073242185
436.1700134277344,436.1700134277344,456.3599853515625,420.0199890136719,451.8800048828125,118566100,2024-12-19,3,19,12,8.33161272420015,-3.4765847758969217,7.677950746065244,6.349015563402318,451.0820007324219,427.8279998779297,388.0640014648437
421.05999755859375,421.05999755859375,447.0799865722656,417.6400146484375,425.510009765625,132216200,2024-12-20,4,20,12,6.991871014707667,-1.0458067036971375,8.132327708132127,6.568011452119651,448.047998046875,431.0119995117187,392.13500061035154
430.6000061035156,430.6000061035156,434.510009765625,415.4100036621094,431.0,72698100,2024-12-23,0,23,12,4.435672511096995,-0.0928060084650522,7.851477709184624,6.324286124146829,441.5640014648437,435.09299926757814,396.03700103759763
462.2799987792969,462.2799987792969,462.7799987792969,435.1400146484375,435.8999938964844,59551800,2024-12-24,1,24,12,5.979056892758915,6.051847958749251,7.943634635309005,6.451356996030462,438.0480041503906,441.2220001220703,402.221501159668
454.1300048828125,454.1300048828125,465.3299865722656,451.0199890136719,465.1600036621094,76366400,2024-12-26,3,26,12,3.1510795157185045,-2.371226823557476,5.777858531696447,6.236766508872081,440.84800415039064,444.1580017089844,408.01650085449216
431.6600036621094,431.6600036621094,450.0,426.5,449.5199890136719,82666800,2024-12-27,4,27,12,5.444099476585999,-3.9731237293252604,5.200355882173616,6.43915331411943,439.9460021972656,445.5140014648438,412.95500030517576
417.4100036621094,417.4100036621094,427.0,415.75,419.3999938964844,64941000,2024-12-30,0,30,12,2.6951917542222588,-0.47448504132934394,4.341020030076534,6.23667386910433,439.21600341796875,443.6320007324219,416.56750030517577
403.8399963378906,403.8399963378906,427.92999267578125,402.5400085449219,423.7900085449219,76825100,2024-12-31,1,31,12,6.287139550589664,-4.707523019603362,4.711313437975067,6.281395573579847,433.86400146484374,437.71400146484376,418.9050003051758
379.2799987792969,379.2799987792969,392.7300109863281,373.0400085449219,390.1000061035156,109710700,2025-01-02,3,2,1,5.1914159736284615,-2.7736496167466322,4.553785254148978,6.248709944728992,417.2640014648438,427.6560028076172,420.2979995727539
410.44000244140625,410.44000244140625,411.8800048828125,379.45001220703125,381.4800109863281,95423300,2025-01-03,4,3,1,7.901274847207638,7.591483333609326,5.503824320446805,5.640841426071625,408.5260009765625,424.68700256347654,422.92350006103516
411.04998779296875,411.04998779296875,426.42999267578125,401.70001220703125,423.20001220703125,85516500,2025-01-06,0,6,1,6.016295147344856,-2.8709886728733496,5.6182634545985755,5.409309668386095,404.40399780273435,422.175,425.00149993896486
394.3599853515625,394.3599853515625,414.3299865722656,390.0,405.8299865722656,75699500,2025-01-07,1,7,1,6.169486630489659,-2.826306975879585,6.313122429852056,5.327071229964295,399.793994140625,419.5049987792969,425.2584991455078
394.94000244140625,394.94000244140625,402.5,387.3999938964844,392.95001220703125,73038800,2025-01-08,2,8,1,3.8233670963112627,0.5064232529725806,5.820367938996376,5.2658406884857225,398.0139953613281,415.9389984130859,425.51599884033203
394.739990234375,394.739990234375,399.2799987792969,377.2900085449219,391.3999938964844,62287300,2025-01-10,4,10,1,5.570753097834995,0.8533460372955375,5.8962353638376825,5.22501030899333,401.1059936523437,409.18499755859375,425.20349884033203
403.30999755859375,403.30999755859375,403.7900085449219,380.07000732421875,383.2099914550781,67580500,2025-01-13,0,13,1,5.881332316156391,5.245167545656714,5.492246857627433,5.498035589037118,399.67999267578125,404.1029968261719,424.1304992675781
396.3599853515625,396.3599853515625,422.6400146484375,394.5400085449219,414.3399963378906,84565000,2025-01-14,1,14,1,7.089516384604652,-4.339434074731609,5.706891105079392,5.662577279838983,396.7419921875,400.5729949951172,423.04349822998046
428.2200012207031,428.2200012207031,429.79998779296875,405.6600036621094,409.8999938964844,81375500,2025-01-15,2,15,1,5.6372855219384554,4.469384629667807,5.600450883369151,5.956786656610603,403.5139953613281,401.65399475097655,422.6429977416992
413.82000732421875,413.82000732421875,424.0,409.1300048828125,423.489990234375,68335200,2025-01-16,3,16,1,3.5933485220634074,-2.2834029453221607,5.55444716851958,5.687407553757978,407.2899963378906,402.65199584960936,420.18299865722656
426.5,426.5,439.739990234375,419.75,421.5,94991400,2025-01-17,4,17,1,4.686984814624854,1.1862396204033214,5.377693511877551,5.636964437857617,413.6419982910156,407.3739959716797,417.51499938964844
424.07000732421875,424.07000732421875,433.20001220703125,406.30999755859375,432.6400146484375,87320900,2025-01-21,1,21,1,6.340937624451944,-1.9808633122349355,5.469614573536663,5.480930715582048,417.79400024414065,408.73699645996095,416.7119995117188
415.1099853515625,415.1099853515625,428.0,414.5899963378906,416.80999755859375,60963300,2025-01-22,2,22,1,3.2304700285039525,-0.4078626273335173,4.697805302316523,5.202348203697957,421.54400024414065,409.1429962158203,415.6589981079102
412.3800048828125,412.3800048828125,420.7300109863281,408.95001220703125,416.05999755859375,50690600,2025-01-23,3,23,1,2.8565882535076934,-0.8844860590720445,4.14166584863037,4.871058365999761,418.3760009765625,410.9449981689453,415.2249984741211
406.5799865722656,406.5799865722656,418.8800048828125,405.7799987792969,414.45001220703125,56427100,2025-01-24,4,24,1,3.2219997383435466,-1.8989082888081303,4.067396091886398,4.810921630202989,416.92799682617186,412.10899658203124,414.0239974975586
397.1499938964844,397.1499938964844,406.69000244140625,389.0,394.79998779296875,58125500,2025-01-27,0,27,1,4.454237117782024,0.5952396596192291,4.020846552517832,4.699270032197692,411.05799560546876,412.34999694824216,410.76749725341796
398.0899963378906,398.0899963378906,400.5899963378906,386.5,396.9100036621094,48910700,2025-01-28,1,28,1,3.539399750686356,0.2972947683086822,3.4605389777647146,4.465076775650688,405.86199340820315,411.8279968261719,407.9654968261719
389.1000061035156,389.1000061035156,398.5899963378906,384.4800109863281,395.2099914550781,68033600,2025-01-29,2,29,1,3.6263133205422515,-1.5460098387358197,3.5397076361723743,4.118756469244449,400.6599975585938,411.1019989013672,405.8374969482422
400.2799987792969,400.2799987792969,412.5,384.4100036621094,410.7799987792969,98092900,2025-01-30,3,30,1,7.017586795132039,-2.5561127686845877,4.371907344497243,4.256786596563806,398.2399963378906,408.30799865722656,404.9809967041016
404.6000061035156,404.6000061035156,419.989990234375,401.3399963378906,401.5299987792969,83283600,2025-01-31,4,31,1,4.609489277099228,0.7645773251194106,4.649405252248379,4.358400672067388,397.8440002441406,407.38599853515626,405.0189971923828
383.67999267578125,383.67999267578125,389.1700134277344,374.3599853515625,386.67999267578125,93732100,2025-02-03,0,3,2,3.8599948808607025,-0.7758353307189089,4.530556804864116,4.275701678690973,395.15,403.1039978027344,405.238996887207
392.2099914550781,392.2099914550781,394.0,381.3999938964844,382.6300048828125,57072200,2025-02-04,1,4,2,3.2125663236600057,2.5037206831700702,4.465190119458845,3.9628645486117797,393.9739990234375,399.9179962158203,404.32749633789064
378.1700134277344,378.1700134277344,388.3900146484375,375.5299987792969,387.510009765625,57223300,2025-02-05,2,5,2,3.400591113128562,-2.4102593746003285,4.420045677976107,3.9798766570742408,391.7880004882812,396.2239990234375,402.6834976196289
374.32000732421875,374.32000732421875,375.3999938964844,363.17999267578125,373.0299987792969,77918200,2025-02-06,3,6,2,3.2645867123310675,0.3458189821578152,3.6694456614159128,4.020676502956578,386.59600219726565,392.4179992675781,401.6814987182617
361.6199951171875,361.6199951171875,380.54998779296875,360.3399963378906,370.19000244140625,70298300,2025-02-07,4,7,2,5.588737273371409,-2.3150293815876926,3.8652952606703495,4.257350256459364,378.0,387.9220001220703,400.01549835205077
350.7300109863281,350.7300109863281,362.70001220703125,350.510009765625,356.2099914550781,77514900,2025-02-10,0,10,2,3.475608604785586,-1.5384129025592153,3.788418005455326,4.159487405159721,371.4100036621094,383.2800018310547,397.81499938964845
328.5,328.5,349.3699951171875,325.1000061035156,345.79998779296875,118543400,2025-02-11,1,11,2,7.388124509489155,-5.002888491519061,4.623529642621156,4.54435988104,358.6680053710937,376.3210021972656,394.0744995117187
336.510009765625,336.510009765625,346.3999938964844,329.1199951171875,329.94000244140625,105382700,2025-02-12,2,12,2,5.135062339254686,1.9912733453366305,4.970423887846381,4.695234782911244,350.33600463867185,371.06200256347654,391.0820007324219
355.94000244140625,355.94000244140625,358.69000244140625,342.8500061035156,345.0,89441500,2025-02-13,3,13,2,4.4501871745922,3.1710152004076084,5.207543980298607,4.438494820857261,346.6600036621094,366.6280029296875,387.468000793457
355.8399963378906,355.8399963378906,362.0,347.5,360.6199951171875,68277300,2025-02-14,4,14,2,4.074865149849938,-1.3254946603123214,4.904769555594314,4.385032408132331,345.50400390625,361.752001953125,384.5690002441406
354.1099853515625,354.1099853515625,359.1000061035156,350.0199890136719,355.010009765625,51631700,2025-02-18,1,18,2,2.5641799060902097,-0.25352085555466153,4.722483815855237,4.2554509106552825,346.17999877929685,358.7950012207031,380.9494995117187
360.55999755859375,360.55999755859375,367.3399963378906,353.6700134277344,354.0,67094400,2025-02-19,2,19,2,3.7913198920339943,1.8531066549699857,4.003122892364206,4.313326267492681,352.5919982910156,355.6300018310547,377.7739990234375
354.3999938964844,354.3999938964844,362.29998779296875,348.0,361.510009765625,45965400,2025-02-20,3,20,2,4.034985338387333,-1.9667549105348996,3.783107492190735,4.376765690018558,356.1699951171875,353.2529998779297,374.7384994506836
337.79998779296875,337.79998779296875,354.9800109863281,334.4200134277344,353.44000244140625,74058600,2025-02-21,4,21,2,6.086441178676,-4.425083335333646,4.110358293007495,4.658951136653052,352.5419921875,349.6009979248047,371.0094985961914
330.5299987792969,330.5299987792969,342.3999938964844,324.70001220703125,338.1400146484375,76052300,2025-02-24,0,24,2,5.355030331534852,-2.2505517062370513,4.366391329344478,4.635580442469395,347.47999267578126,346.49199829101565,367.20699920654295
302.79998779296875,302.79998779296875,328.8900146484375,297.25,327.0199890136719,134228800,2025-02-25,1,25,2,10.449146606330281,-7.4062754676719615,5.943384669392492,5.332934242623865,337.2179931640625,341.69899597167966,362.4894989013672
290.79998779296875,290.79998779296875,309.0,288.0400085449219,303.7099914550781,100118300,2025-02-26,2,26,2,7.207700252725016,-4.250766858297086,6.626660741530697,5.314891816947451,323.2659912109375,337.9289947509766,357.12499847412107
281.95001220703125,281.95001220703125,297.2300109863281,280.8800048828125,291.1600036621094,101748200,2025-02-27,3,27,2,5.798902427963041,-3.1632062574660162,6.979444159445838,5.381275825818286,308.7759948730469,332.4729949951172,351.7674987792969
292.9800109863281,292.9800109863281,293.8800048828125,273.6000061035156,279.5,115697000,2025-02-28,4,28,2,6.9219735199761585,4.8229019629080945,7.146550627705869,5.628454460356683,299.81199951171874,326.1769958496094,346.4024993896484
284.6499938964844,284.6499938964844,303.94000244140625,277.29998779296875,300.3399963378906,115551400,2025-03-03,0,3,3,9.358867106853124,-5.224080253285537,7.947317982769524,6.156854656057002,290.63599853515626,319.05799560546876,340.4049987792969
272.0400085449219,272.0400085449219,284.3500061035156,261.8399963378906,270.92999267578125,126706600,2025-03-04,1,4,3,8.274521783036898,0.4097057908494347,7.512393018110847,6.7278888437516695,284.4840026855469,310.8509979248047,334.82299957275393
279.1000061035156,279.1000061035156,279.54998779296875,267.7099914550781,272.9200134277344,94042900,2025-03-05,2,5,3,4.242205689346807,2.264397029064939,6.919294105435206,6.772977423482951,282.1440063476563,302.7049987792969,329.1675003051758
263.45001220703125,263.45001220703125,272.6499938964844,260.0199890136719,272.05999755859375,98451600,2025-03-06,3,6,3,4.7940802040605925,-3.1647377155137115,6.718329660654716,6.848886910050277,278.4440063476562,293.61000061035156,323.43150024414064
262.6700134277344,262.6700134277344,266.25,250.72999572753906,259.32000732421875,102369600,2025-03-07,4,7,3,5.908555784473203,1.2918425146144739,6.515646113554125,6.831098370629998,272.3820068359375,286.0970031738281,317.84900054931643
222.14999389648438,222.14999389648438,253.3699951171875,220.0,252.5399932861328,189076900,2025-03-10,0,10,3,15.021380163862158,-12.033737307981934,7.648148724955931,7.797733353862728,259.8820068359375,275.2590026855469,310.87550048828126
230.5800018310547,230.5800018310547,237.05999755859375,217.02000427246094,225.30999755859375,174896400,2025-03-11,1,11,3,8.691123743166616,2.3390015221541285,7.7314691169818754,7.6219310675463605,251.59000549316406,268.0370040893555,304.8680000305176
248.08999633789062,248.08999633789062,251.83999633789062,241.10000610351562,247.22000122070312,142215700,2025-03-12,2,12,3,4.329070253903941,0.3519112987993317,7.748842029893302,7.334068067664253,245.38800354003905,263.76600494384763,300.8474998474121
240.67999267578125,240.67999267578125,248.2899932861328,232.60000610351562,248.1300048828125,114813500,2025-03-13,3,13,3,6.519024289548274,-3.0024632492752183,8.093830846990837,7.406080253822777,240.83399963378906,259.63900299072264,296.0559989929199
249.97999572753906,249.97999572753906,251.5800018310547,240.72999572753906,247.30999755859375,100242300,2025-03-14,4,14,3,4.340349743561634,1.0796159456969485,7.780189638808525,7.1479178761813245,238.29599609375,255.33900146484376,290.75799865722655
238.00999450683594,238.00999450683594,245.39999389648438,232.8000030517578,245.05999755859375,111900600,2025-03-17,0,17,3,5.293891490075504,-2.876847760545725,5.834691904051193,6.7414203145035625,241.4679962158203,250.6750015258789,284.86649856567385
225.30999755859375,225.30999755859375,230.10000610351562,222.27999877929688,228.16000366210938,111477600,2025-03-18,1,18,3,3.4707768891547266,-1.2491260772139121,4.790622533248817,6.261045825115345,240.41399536132812,246.0020004272461,278.4264991760254
235.86000061035156,235.86000061035156,241.41000366210938,229.1999969482422,231.61000061035156,111993800,2025-03-19,2,19,3,5.176802629640673,1.8349812135918846,4.9601690083961625,6.354505519144732,237.9679962158203,241.6779998779297,272.1914993286133
236.25999450683594,236.25999450683594,238.0,230.0500030517578,233.35000610351562,99028300,2025-03-20,3,20,3,3.364935720428184,1.2470487796042407,4.329351294572144,6.211591070781492,237.08399658203126,238.95899810791016,266.28449935913085
248.7100067138672,248.7100067138672,249.52000427246094,234.5500030517578,234.99000549316406,132728700,2025-03-21,4,21,3,6.01905866937056,5.838546704107483,4.66509307973393,6.222641359271227,236.8299987792969,237.56299743652343,261.83000030517576
278.3900146484375,278.3900146484375,278.6400146484375,256.3299865722656,258.0799865722656,169079900,2025-03-24,0,24,3,8.013946945742974,7.869664109148119,5.209104170867424,5.521898037459309,244.9060028076172,243.18699951171874,259.22300109863284
288.1400146484375,288.1400146484375,288.20001220703125,271.2799987792969,283.6000061035156,150361500,2025-03-25,1,25,3,5.872149846448315,1.600849240907543,5.689378762326141,5.240000647787479,257.4720062255859,248.94300079345703,258.49000244140626
272.05999755859375,272.05999755859375,284.8999938964844,266.510009765625,282.6600036621094,153629800,2025-03-26,2,26,3,6.75953256483387,-3.7500905562100075,6.00592474936478,5.483046878880471,264.7120056152344,251.34000091552736,257.5530029296875
273.1300048828125,273.1300048828125,291.8500061035156,271.82000732421875,272.4800109863281,162572100,2025-03-27,3,27,3,7.333503614108902,0.2385473687157877,6.799638328100924,5.564494811336535,272.0860076904297,254.58500213623046,257.11200256347655
263.54998779296875,263.54998779296875,276.1000061035156,260.57000732421875,275.5799865722656,123809400,2025-03-28,4,28,3,5.892619805961228,-4.365338328421116,6.774350555419059,5.7197218175764935,275.05400390625,255.94200134277344,255.6405014038086
259.1600036621094,259.1600036621094,260.55999755859375,243.36000061035156,249.30999755859375,134008900,2025-03-31,0,31,3,6.63682539944219,3.9509069832631325,6.4989262461589,5.854015208513163,271.2080017089844,258.05700225830077,254.36600189208986
268.4599914550781,268.4599914550781,277.45001220703125,259.25,263.79998779296875,146486900,2025-04-01,1,1,4,6.779413240827988,1.7664912349300652,6.6803789250348355,6.1848788436804885,267.2719970703125,262.3720016479492,254.18700103759767
282.760009765625,282.760009765625,284.989990234375,251.27000427246094,254.60000610351562,212787800,2025-04-02,2,2,4,11.925302304899477,11.060488211716713,7.713532873047957,6.859728811206369,269.41199951171876,267.06200256347654,254.37000122070313
267.2799987792969,267.2799987792969,276.29998779296875,261.510009765625,265.2900085449219,136174300,2025-04-03,3,3,4,5.533514701770255,0.7501188021704303,7.353535090580228,7.076586709340576,268.24199829101565,270.1640029907227,254.5615005493164
239.42999267578125,239.42999267578125,261.0,236.0,255.3800048828125,181229400,2025-04-04,4,4,4,10.44146546579617,-6.245599460439478,8.263304222547216,7.518827388983136,263.4179992675781,269.2360015869141,253.39949951171874
233.2899932861328,233.2899932861328,252.0,214.25,223.77999877929688,183453800,2025-04-07,0,7,4,16.181577044198033,4.249707104617144,10.172254551498385,8.335590398828643,258.24399719238284,264.7259994506836,253.95649948120118
221.86000061035156,221.86000061035156,250.44000244140625,217.8000030517578,245.0,171603500,2025-04-08,1,8,4,14.711980212680805,-9.444897710060587,11.758767945868948,9.219573435451892,248.9239990234375,258.097998046875,253.520499420166
272.20001220703125,272.20001220703125,274.69000244140625,223.8800048828125,224.69000244140625,219433400,2025-04-09,2,9,4,18.666420014687006,21.144692353641535,13.106991487826454,10.410262180437206,246.81199951171874,258.11199951171875,254.72600021362305
252.39999389648438,252.39999389648438,262.489990234375,239.3300018310547,260.0,181722600,2025-04-10,3,10,4,9.175906879307933,-2.923079270582933,13.835469923333989,10.59450250695711,243.83599853515625,256.03899841308595,255.3120002746582
252.30999755859375,252.30999755859375,257.739990234375,241.36000061035156,251.83999633789062,128948100,2025-04-11,4,11,4,6.492009742982748,0.18662691690661007,13.045578778771304,10.654441500659262,246.41199951171876,254.91499938964844,255.42850036621093
252.35000610351562,252.35000610351562,261.79998779296875,245.92999267578125,258.3599853515625,100135200,2025-04-14,0,14,4,6.288882398789214,-2.3262035875520026,11.067039849689541,10.619647200593963,250.2240020751953,254.23399963378907,256.14550094604493
254.11000061035156,254.11000061035156,258.75,247.5399932861328,249.91000366210938,79594300,2025-04-15,1,15,4,4.411477976837457,1.6806037720365887,9.00693940252087,10.38285367419491,256.6740020751953,252.79900054931642,257.5855010986328
241.5500030517578,241.5500030517578,251.97000122070312,233.88999938964844,247.61000061035156,112378700,2025-04-16,2,16,4,7.484993418601042,-2.4473961244117883,6.770654083303678,9.938822785565067,250.54400024414062,248.6779998779297,257.8700012207031
241.3699951171875,241.3699951171875,244.33999633789062,237.67999267578125,243.47000122070312,83404800,2025-04-17,3,17,4,2.759250858366168,-0.8625317669473335,5.487322879115326,9.661396401224659,248.33800048828124,246.08699951171874,258.1255012512207
227.5,227.5,232.2100067138672,222.7899932861328,230.25999450683594,97768000,2025-04-21,0,21,4,4.140665242960165,-1.1986426529485559,5.01705397911081,9.031316378941058,243.3760009765625,244.8940002441406,257.0650009155273
237.97000122070312,237.97000122070312,242.7899932861328,229.85000610351562,230.9600067138672,120858500,2025-04-22,1,22,4,5.437654795242915,3.0351551364130813,4.846808458401549,7.956924154045545,240.5,245.36200103759765,255.04400024414062
250.74000549316406,250.74000549316406,259.45001220703125,244.42999267578125,254.86000061035156,150381900,2025-04-23,2,23,4,5.990276462548571,-1.6165718854746638,5.162568155543772,7.084753779032323,239.8260009765625,248.2500015258789,253.17399978637695
259.510009765625,259.510009765625,259.5400085449219,249.1999969482422,250.5,94464200,2025-04-24,3,24,4,3.984436517889314,3.596810285678643,4.462456775401426,5.616555429352553,243.41800231933593,246.9810012817383,252.5465003967285
284.95001220703125,284.95001220703125,286.8500061035156,259.6300048828125,261.69000244140625,167560700,2025-04-25,4,25,4,9.552553098655899,8.888383029012749,5.821117223459373,5.654220051287349,252.13400573730468,250.23600311279296,253.13750076293945
285.8800048828125,285.8800048828125,294.8599853515625,272.4200134277344,288.9800109863281,151731800,2025-04-28,0,28,4,7.849437365522183,-1.072740669133094,6.562871647971777,5.789962813541292,263.8100067138672,253.59300384521484,254.25400161743164
292.0299987792969,292.0299987792969,293.32000732421875,279.4700012207031,285.5,108906600,2025-04-29,1,29,4,4.742665534845561,2.2872149839919,6.423873795892305,5.635341127146928,274.62200622558595,257.56100311279295,255.89750137329102
282.1600036621094,282.1600036621094,284.45001220703125,270.7799987792969,279.8999938964844,128961100,2025-04-30,2,30,4,4.844773621460684,0.8074347320138996,6.1947732276747285,5.67867069160925,280.906005859375,260.3660034179687,256.5825019836426
280.5199890136719,280.5199890136719,290.8699951171875,279.80999755859375,280.010009765625,99659000,2025-05-01,3,1,5,3.94267716802695,0.18212893477406028,6.1864213577022555,5.324439066551841,285.1080017089844,264.2630020141602,256.4705009460449
287.2099914550781,287.2099914550781,294.7799987792969,279.80999755859375,284.8999938964844,114454700,2025-05-02,4,2,5,5.212214639491241,0.810809971246635,5.318353665869324,5.569735444664348,285.55999755859375,268.84700164794924,257.467000579834
280.260009765625,280.260009765625,284.8500061035156,274.3999938964844,284.57000732421875,94618900,2025-05-05,0,5,5,3.7286847366380793,-1.514564939264048,4.494203140092503,5.52853739403214,284.4359985351563,274.12300262451174,259.50850143432615
275.3500061035156,275.3500061035156,277.7300109863281,271.3500061035156,273.1099853515625,76715800,2025-05-06,1,6,5,2.3170527479174954,0.8201899864882805,4.00908058270689,5.216477189299598,281.1,277.86100311279296,261.6115020751953
276.2200012207031,276.2200012207031,277.9200134277344,271.0,276.8800048828125,71592600,2025-05-07,2,7,5,2.5052542890278247,-0.23837173160579683,3.5411767162203183,4.867974971947524,279.91199951171876,280.40900268554685,264.3295021057129
284.82000732421875,284.82000732421875,289.79998779296875,279.4100036621094,279.6300048828125,97539400,2025-05-08,3,8,5,3.64791231784225,1.8560248724314399,3.482223746183378,4.834322551942817,280.7720031738281,282.94000244140625,264.96050186157225
298.260009765625,298.260009765625,307.0400085449219,290.0,290.2099914550781,132387800,2025-05-09,4,9,5,5.713138867765761,2.773859807577626,3.582408591838282,4.450381128853802,282.9820068359375,284.2710021972656,267.2535026550293
318.3800048828125,318.3800048828125,322.2099914550781,311.5,321.989990234375,112826700,2025-05-12,0,12,5,3.363902032421979,-1.1211483154910524,3.509452050995062,4.001827595543783,290.606005859375,287.5210021972656,270.55700302124023
334.07000732421875,334.07000732421875,337.5899963378906,316.79998779296875,320.0,136992600,2025-05-13,1,13,5,6.223249046342833,4.396877288818359,4.290691310680129,4.14988594669351,302.3500061035156,291.7250030517578,274.6430030822754
347.67999267578125,347.67999267578125,350.0,337.0,342.5,136997300,2025-05-14,2,14,5,3.739070488339192,1.5124066206660585,4.537454550542403,4.039315633381361,316.6420043945312,298.277001953125,279.3215026855469
342.82000732421875,342.82000732421875,346.1400146484375,334.7200012207031,340.3399963378906,97882600,2025-05-15,3,15,5,3.3311980583834497,0.728686317509965,4.474111698650644,3.97816772241701,328.24200439453125,304.5070037841797,284.38500289916993
349.9800109863281,349.9800109863281,351.6199951171875,342.3299865722656,346.239990234375,95895700,2025-05-16,4,16,5,2.6544397546420977,1.0801816247226235,3.862371876025911,3.7223902339320967,338.58600463867185,310.7840057373047,289.815503692627
342.0899963378906,342.0899963378906,343.0,333.3699951171875,336.29998779296875,88869900,2025-05-19,0,19,5,2.815050128885005,1.7216796773975176,3.7526014953185154,3.631026773156789,343.3280029296875,316.9670043945313,295.5450035095215
343.82000732421875,343.82000732421875,354.989990234375,341.6300048828125,347.8699951171875,131715500,2025-05-20,1,20,5,3.885749830423385,-1.1642245234759108,3.285101652134626,3.7878964814073783,345.2780029296875,323.8140045166016,300.83750381469724
334.6199951171875,334.6199951171875,347.3500061035156,332.20001220703125,344.42999267578125,102354800,2025-05-21,2,21,5,4.527522000345104,-2.8481833078422105,3.442791954535808,3.9901232525391057,342.66600341796874,329.65400390625,305.03150329589846
341.0400085449219,341.0400085449219,347.2699890136719,331.3900146484375,331.8999938964844,97113400,2025-05-22,3,22,5,4.656337663427738,2.753845982681205,3.7078198755446663,4.090965787097654,342.31000366210935,335.2760040283203,309.1080032348633
339.3399963378906,339.3399963378906,343.17999267578125,333.2099914550781,337.9200134277344,84654800,2025-05-23,4,23,5,2.9380566182289067,0.4202127289687503,3.764543248262028,3.8134575621439692,340.1820007324219,339.3840026855469,311.82750244140624
362.8900146484375,362.8900146484375,363.7900085449219,347.32000732421875,347.3500061035156,120146400,2025-05-27,1,27,5,4.538565558674581,4.473875995928647,4.109246334219943,3.9309239147692288,344.3420043945313,343.8350036621094,315.6780029296875
356.8999938964844,356.8999938964844,365.0,355.9100036621094,364.8399963378906,91404300,2025-05-28,2,28,5,2.5469309311692214,-2.1762971497381405,3.8414825543691102,3.563292103251868,346.9580017089844,346.1180023193359,318.9215026855469
358.42999267578125,358.42999267578125,367.7099914550781,356.0,365.2900085449219,88087800,2025-05-29,3,29,5,3.267023322367564,-1.8779642773330902,3.589382818773602,3.516087386654705,351.7200012207031,347.19300231933596,322.7350021362305
346.4599914550781,346.4599914550781,363.67999267578125,345.2900085449219,355.5199890136719,123474900,2025-05-30,4,30,5,5.307967610812521,-2.548379230019986,3.7197088082505587,3.7137643418976127,352.8039978027344,347.5570007324219,326.0320022583008
342.69000244140625,342.69000244140625,348.0199890136719,333.3299865722656,343.5,81873800,2025-06-02,0,2,6,4.286673768347815,-0.23580714951783113,3.9894322382743406,3.8769877432681836,353.4739990234375,346.8279998779297,328.8060028076172
344.2699890136719,344.2699890136719,355.3999938964844,343.0400085449219,346.6000061035156,99324500,2025-06-03,1,3,6,3.590201221713709,-0.6722495813078164,3.799759370882166,3.9545028525510544,349.7499938964844,347.04599914550784,332.00650177001955
332.04998779296875,332.04998779296875,345.6000061035156,327.3299865722656,345.1000061035156,98912100,2025-06-04,2,4,6,5.502189490409273,-3.7815178440282073,4.390811082730177,4.116146818549643,344.7799926757813,345.86899719238284,334.8415008544922
284.70001220703125,284.70001220703125,324.54998779296875,273.2099914550781,322.489990234375,287499800,2025-06-05,3,5,6,18.033015151596356,-11.718186353591705,7.344009448575934,5.466696133674768,330.03399658203125,340.8769989013672,335.26550140380857
295.1400146484375,295.1400146484375,305.5,291.1400146484375,298.8299865722656,164747700,2025-06-06,4,6,6,4.865482360522246,-1.2348064416673874,7.2555123985178795,5.487610603384218,319.77000122070314,336.28699951171876,335.78150177001953
308.5799865722656,308.5799865722656,309.8299865722656,281.8500061035156,285.9599914550781,140908900,2025-06-09,0,9,6,9.067334787182459,7.910195759234701,8.211644602284808,6.100538420279574,312.947998046875,333.21099853515625,336.29750061035156
326.0899963378906,326.0899963378906,327.8299865722656,310.6700134277344,314.94000244140625,151256500,2025-06-10,1,10,6,5.262342708222882,3.5403549279386324,8.546072899586642,6.172916135234404,309.31199951171874,329.53099670410154,336.6830001831055
326.42999267578125,326.42999267578125,335.5,322.5,334.3999938964844,122611400,2025-06-11,2,11,6,3.982477190112839,-2.3833736142860964,8.242130439527354,6.316470761128766,308.18800048828126,326.48399658203124,336.3009994506836
319.1099853515625,319.1099853515625,332.55999755859375,316.8599853515625,323.0799865722656,105127500,2025-06-12,3,12,6,4.919937616409776,-1.2287982498770862,5.6195149324900395,6.481762190532987,315.0699951171875,322.5519958496094,334.8724990844727
325.30999755859375,325.30999755859375,332.989990234375,313.29998779296875,313.9700012207031,128964300,2025-06-13,4,13,6,6.05268900100734,3.611808865114871,5.856956260587059,6.556234329552469,321.10399169921874,320.43699645996094,333.9969985961914
329.1300048828125,329.1300048828125,332.04998779296875,326.4100036621094,331.2900085449219,83925900,2025-06-16,0,16,6,1.7136037575387588,-0.6519978286083703,4.386210054658319,6.298927328471564,325.2139953613281,319.08099670410155,332.9544982910156
316.3500061035156,316.3500061035156,327.260009765625,314.739990234375,326.0899963378906,88282700,2025-06-17,1,17,6,3.957647949958697,-2.986902494329368,4.125271103005483,6.335672001296063,323.2659973144531,316.28899841308595,331.66749877929686
322.04998779296875,322.04998779296875,329.32000732421875,315.45001220703125,317.30999755859375,95137700,2025-06-18,2,18,6,4.306783307845951,1.493804251629268,4.190132326552105,6.21613138303973,322.38999633789064,315.28899841308595,330.57899780273436
322.1600036621094,322.1600036621094,332.3599853515625,317.7799987792969,327.95001220703125,108688000,2025-06-20,4,20,6,4.525697295297256,-1.765515575363573,4.1112842623296,4.86539959740982,323.0,319.0349975585938,329.9559982299805
348.67999267578125,348.67999267578125,357.5400085449219,327.4800109863281,327.5400085449219,190716800,2025-06-23,0,23,6,8.621084716651616,6.454168522731794,4.624963405458456,5.2409598330227585,327.6739990234375,324.3889953613281,330.33799743652344
340.4700012207031,340.4700012207031,356.260009765625,340.44000244140625,356.1700134277344,114736200,2025-06-24,1,24,6,4.646520183128773,-4.408010673311981,5.211546690576459,4.79887837261739,329.94199829101564,327.5779968261719,330.3944976806641
327.54998779296875,327.54998779296875,343.0,320.3999938964844,342.70001220703125,119845100,2025-06-25,2,25,6,6.89971208846455,-4.420783155651041,5.799959518277629,4.962615310641556,332.18199462890624,327.7239959716797,328.62749633789065
325.7799987792969,325.7799987792969,331.04998779296875,323.6099853515625,324.6099853515625,80440900,2025-06-26,3,26,6,2.2837505277438956,0.36043667186245515,5.395352962257219,4.792742644404662,332.92799682617186,327.65899658203125,327.0714965820313
323.6300048828125,323.6300048828125,329.3399963378906,317.5,324.510009765625,89067000,2025-06-27,4,27,6,3.658497716297328,-0.2711795803920123,5.2219130464572325,4.666598654393416,333.2219970703125,328.1109985351562,325.3314971923828
317.6600036621094,317.6600036621094,325.5799865722656,316.6000061035156,319.8999938964844,76695100,2025-06-30,0,30,6,2.8269156850800403,-0.70021577902869,4.063079240142917,4.344021322800686,327.01799926757815,327.3459991455078,323.89149780273436
300.7099914550781,300.7099914550781,305.8900146484375,293.2099914550781,298.4599914550781,145085700,2025-07-01,1,1,7,4.2166950063758,0.7538698868919095,3.977114204792323,4.59433044768439,319.0659973144531,324.5039978027344,321.792497253418
315.6499938964844,315.6499938964844,316.8299865722656,303.82000732421875,312.6300048828125,119483700,2025-07-02,2,2,7,4.121647235739666,0.9659946155212772,3.4215012342473456,4.610730376262487,316.6859985351563,324.4339965820312,320.3614974975586
315.3500061035156,315.3500061035156,318.45001220703125,312.760009765625,317.989990234375,58042300,2025-07-03,3,3,7,1.80434511852791,-0.8302098216719246,3.3256201524041487,4.360486557330684,314.6,323.7639984130859,319.52649841308596
293.94000244140625,293.94000244140625,296.1499938964844,288.7699890136719,291.3699951171875,131177900,2025-07-07,0,7,7,2.510718113055614,0.8820425463456202,3.0960642317558063,4.15898863910652,308.66199951171876,320.94199829101564,319.9884979248047
297.80999755859375,297.80999755859375,304.04998779296875,294.3500061035156,297.0,103246700,2025-07-08,1,8,7,3.2571041163736165,0.2727264507049663,3.1821019180145216,3.6225905790787194,304.69199829101564,315.85499877929686,320.1219970703125
295.8800048828125,295.8800048828125,300.1499938964844,293.54998779296875,297.54998779296875,75586800,2025-07-09,2,9,7,2.230636066850699,-0.56124448955387,2.7848901301095013,3.3810021674509114,303.7260009765625,311.3959991455078,319.4869979858398
309.8699951171875,309.8699951171875,310.4800109863281,300.0,300.04998779296875,104365300,2025-07-10,3,10,7,3.382067044718146,3.2727904428359613,2.636974091905197,3.029237663076272,302.57000122070315,309.6279998779297,318.6759979248047
313.510009765625,313.510009765625,314.0899963378906,305.6499938964844,307.8900146484375,79236400,2025-07-11,4,11,7,2.692099830469802,1.825325554518116,2.8145250342935753,3.070072593348862,302.202001953125,308.4010009765625,318.0299987792969
316.8999938964844,316.8999938964844,322.6000061035156,312.6700134277344,317.7300109863281,78043400,2025-07-14,0,14,7,3.133478342389899,-0.2612334564390474,2.9390770801604327,3.0175706559581195,306.79400024414065,307.7279998779297,317.919499206543
310.7799987792969,310.7799987792969,321.20001220703125,310.5,319.67999267578125,77556300,2025-07-15,1,15,7,3.4429539381747523,-2.7840321885613686,2.9762470445206595,3.0791744812675903,309.38800048828125,307.0399993896484,317.1929992675781
321.6700134277344,321.6700134277344,323.5,312.6199951171875,312.79998779296875,97284800,2025-07-16,2,16,7,3.38234974621182,2.8356860552809167,3.2065897803928833,2.9957399552511927,314.54600219726564,309.13600158691406,316.8199996948242
319.4100036621094,319.4100036621094,324.3399963378906,317.05999755859375,323.1499938964844,73922900,2025-07-17,3,17,7,2.279201870896343,-1.1573542642779817,2.986016745628523,2.81149541876686,316.45400390625,309.5120025634766,316.9729995727539
329.6499938964844,329.6499938964844,330.8999938964844,321.4200134277344,321.6600036621094,94255000,2025-07-18,4,18,7,2.8757714680033857,2.4839862411890525,3.0227510731352396,2.9186380537144077,319.6820007324219,310.94200134277344,317.3529998779297
328.489990234375,328.489990234375,338.0,326.8800048828125,334.3999938964844,75768800,2025-07-21,0,21,7,3.3851853778720846,-1.767345624993897,3.073092480231677,3.006084780196055,322.0,314.3970001220703,317.669499206543
332.1099853515625,332.1099853515625,335.4100036621094,321.54998779296875,329.739990234375,77370400,2025-07-22,1,22,7,4.17332103232873,0.718746645046886,3.2191658990624723,3.097706471791566,326.2659973144531,317.8269989013672,316.840998840332
332.55999755859375,332.55999755859375,336.20001220703125,328.6700134277344,330.8999938964844,92553800,2025-07-23,2,23,7,2.264252716675632,0.5016632495401843,2.9955464931552354,3.1010681367740593,328.443994140625,321.4949981689453,316.44549865722655
305.29998779296875,305.29998779296875,310.1499938964844,300.4100036621094,310.0,156966000,2025-07-24,3,24,7,3.1903015472702614,-1.5161329700100807,3.177766428430019,3.081891587029271,325.6219909667969,321.0379974365234,315.33299865722654
316.05999755859375,316.05999755859375,323.6300048828125,308.010009765625,308.739990234375,148227000,2025-07-25,4,25,7,4.942098094616273,2.370929440874143,3.5910317537525964,3.3068914134439185,322.90399169921875,321.2929962158203,314.8469985961914
325.5899963378906,325.5899963378906,330.489990234375,315.69000244140625,318.45001220703125,112673800,2025-07-28,0,28,7,4.5455904540782095,2.2421051521949753,3.823112768993821,3.448102624612749,322.32399291992186,322.16199645996096,314.9449981689453
321.20001220703125,321.20001220703125,326.25,318.25,325.54998779296875,87358900,2025-07-29,1,29,7,2.4906599302504246,-1.3361928272299113,3.48658054857816,3.3528732238203163,320.1419982910156,323.20399780273436,315.1219985961914
319.0400085449219,319.0400085449219,324.45001220703125,311.6199951171875,322.17999267578125,83931900,2025-07-30,2,30,7,4.021444566892695,-0.9746055628039041,3.838018918621573,3.416782705888404,317.43800048828126,322.9409973144531,316.0384994506836
308.2699890136719,308.2699890136719,321.3699951171875,306.1000061035156,319.6099853515625,85270900,2025-07-31,3,31,7,4.953446510485536,-3.548073232260541,4.190647911264628,3.6842071698473235,318.03200073242186,321.8269958496094,315.669499206543
302.6300048828125,302.6300048828125,309.30999755859375,297.82000732421875,306.2099914550781,89121400,2025-08-01,4,1,8,3.7967121729467217,-1.1691279423162844,3.9615707269307174,3.776301240341657,315.34600219726565,319.1249969482422,315.0334991455078
309.260009765625,309.260009765625,312.1199951171875,303.0,309.0799865722656,78683900,2025-08-04,0,4,8,2.9489733005244214,0.05824485608267748,3.64224729621996,3.7326800326068907,312.0800048828125,317.2019989013672,315.79949951171875
308.7200012207031,308.7200012207031,312.45001220703125,305.5,308.95001220703125,57961300,2025-08-05,1,5,8,2.2512348340082777,-0.07444925626803076,3.5943622769715304,3.5404714127748456,309.58400268554686,314.8630004882813,316.3449996948242
319.9100036621094,319.9100036621094,320.4700012207031,306.92999267578125,307.8900146484375,78523600,2025-08-06,2,6,8,4.2324429964443695,3.903987931338674,3.636561962881865,3.737290440751719,309.75800170898435,313.59800109863284,317.54649963378904
322.2699890136719,322.2699890136719,322.3999938964844,316.1600036621094,319.7900085449219,66658700,2025-08-07,3,7,8,1.9362616585779189,0.7755027994883804,3.033124992500342,3.611886451882485,312.55800170898436,315.2950012207031,318.16649932861327
329.6499938964844,329.6499938964844,335.1499938964844,320.9800109863281,321.42999267578125,91200300,2025-08-08,4,8,8,4.2984933027500265,2.557322405502602,3.133481218461003,3.5475259726958597,317.9619995117188,316.6540008544922,318.97349853515624
339.0299987792969,339.0299987792969,346.6400146484375,334.1499938964844,335.0,105320200,2025-08-11,0,11,8,3.6840458947362738,1.2029847102378732,3.280495737303373,3.461371516761667,323.91599731445314,317.9980010986328,320.0799987792969
340.8399963378906,340.8399963378906,345.260009765625,332.94000244140625,345.0,80522100,2025-08-12,1,12,8,3.6146014131526254,-1.2057981629302537,3.5531690531322426,3.573765665051887,330.3399963378906,319.9619995117188,321.58299865722654
339.3800048828125,339.3800048828125,348.9800109863281,338.20001220703125,341.5,67838900,2025-08-13,2,13,8,3.1763800530968807,-0.620789199762079,3.341956464462745,3.4892592136723053,334.23399658203124,321.9959991455078,322.46849822998047
335.5799865722656,335.5799865722656,340.4700012207031,330.3999938964844,335.760009765625,75000700,2025-08-14,3,14,8,3.0007770806231377,-0.05361662738961646,3.5548595488717885,3.293992270686066,336.89599609375,324.7269989013672,323.2769973754883
330.55999755859375,330.55999755859375,339.29998779296875,327.0199890136719,337.6600036621094,74319800,2025-08-15,4,15,8,3.7149076930036493,-2.1027086496807836,3.4381424269225134,3.285811822691758,337.0779968261719,327.51999816894534,323.32249755859374
335.1600036621094,335.1600036621094,336.2699890136719,329.5899963378906,329.6199951171875,56956600,2025-08-18,0,18,8,1.993075725860078,1.680725874336681,3.099948393147274,3.1902220652253237,336.3039978027344,330.10999755859376,323.65599822998047
329.30999755859375,329.30999755859375,340.54998779296875,327.8500061035156,335.7900085449219,75956000,2025-08-19,1,19,8,3.8565430092031847,-1.9297807622114613,3.148336712357386,3.350752882744815,333.997998046875,332.1689971923828,323.51599884033203
323.8999938964844,323.8999938964844,331.3699951171875,314.6000061035156,329.2200012207031,77481800,2025-08-20,2,20,8,5.177520632813416,-1.615942927067883,3.5485648283006936,3.445260646381719,330.90199584960936,332.5679962158203,323.08299865722654
320.1099853515625,320.1099853515625,324.8999938964844,318.67999267578125,322.0799865722656,55744400,2025-08-21,3,21,8,1.9430825357953065,-0.6116496841883445,3.3370259193351273,3.4459427341034585,327.80799560546876,332.35199584960935,323.82349853515626
340.010009765625,340.010009765625,340.25,319.69000244140625,321.6600036621094,94016300,2025-08-22,4,22,8,6.046880082373494,5.704783278803775,3.8034203972090963,3.620781412065804,329.697998046875,333.38799743652345,325.0209991455078
346.6000061035156,346.6000061035156,349.5299987792969,335.0299987792969,338.8999938964844,86670000,2025-08-25,0,25,8,4.183496752642707,2.2720602967562127,4.241504602565621,3.6707264978564482,331.9859985351562,334.14499816894534,326.0714996337891
351.6700134277344,351.6700134277344,351.8999938964844,343.7200012207031,344.92999267578125,76651600,2025-08-26,1,26,8,2.3260421313863824,1.9540257139333321,3.9354044270022612,3.5418705696798236,336.4580017089844,335.2279998779297,327.5949996948242
349.6000061035156,349.6000061035156,355.3900146484375,349.1600036621094,351.94000244140625,65519000,2025-08-27,2,27,8,1.7820397247028181,-0.6648850149622324,3.2563082453801413,3.4024365368404177,341.59800415039064,336.25,329.1229995727539
345.9800109863281,345.9800109863281,353.54998779296875,340.260009765625,350.9100036621094,67903200,2025-08-28,3,28,8,3.841256027900676,-1.4049165382382007,3.635942943801216,3.486484431568171,346.7720092773437,337.2900024414063,331.00850067138674
333.8699951171875,333.8699951171875,348.75,331.70001220703125,347.2300109863281,81145700,2025-08-29,4,29,8,5.106774505742647,-3.847598262371009,3.447921828475046,3.6256711128420713,345.54400634765625,337.6210021972656,332.5705001831055
329.3599853515625,329.3599853515625,333.3299865722656,325.6000061035156,328.2300109863281,58392000,2025-09-02,1,2,9,2.3469701276853447,0.3442629642057448,3.0806165034835735,3.6610605530245977,342.09600219726565,337.04100036621094,333.5754989624023
334.0899963378906,334.0899963378906,343.3299865722656,328.510009765625,335.20001220703125,88733300,2025-09-03,2,3,9,4.435923544281181,-0.3311503068964808,3.502592786062533,3.7189986065323977,338.5799987792969,337.5190002441406,334.84399871826173
338.5299987792969,338.5299987792969,338.8900146484375,331.4800109863281,336.1499938964844,60711000,2025-09-04,3,4,9,2.188876521675792,0.7080187196271108,3.583960145457128,3.4201341954186346,336.3659973144531,338.98200073242185,335.7749984741211
350.8399963378906,350.8399963378906,355.8699951171875,344.67999267578125,348.0,108989800,2025-09-05,4,5,9,3.189488814903893,0.8160909016927084,3.4536067028577713,3.544774823329494,337.33799438476564,342.0550018310547,337.20349884033203
346.3999938964844,346.3999938964844,358.44000244140625,344.8399963378906,354.6400146484375,75208300,2025-09-08,0,8,9,3.926098828852679,-2.323488724226915,3.217471567479778,3.332696697977412,339.843994140625,342.6940002441406,338.040998840332
346.9700012207031,346.9700012207031,350.7699890136719,343.82000732421875,348.44000244140625,53816000,2025-09-09,1,9,9,2.003049734847922,-0.4218807285051379,3.1486874889122936,3.1146519961979338,343.3659973144531,342.7309997558594,338.43799896240233
347.7900085449219,347.7900085449219,356.3299865722656,346.07000732421875,350.54998779296875,72121700,2025-09-10,2,10,9,2.950050029031141,-0.7873282967212342,2.8515127858622855,3.177052785962409,346.1059997558594,342.34299926757814,338.7854995727539
368.80999755859375,368.80999755859375,368.989990234375,347.6000061035156,350.1700134277344,103756000,2025-09-11,3,11,9,5.79973001612059,5.3231240300666585,3.5736834847512453,3.578821815104187,352.16199951171876,344.2639984130859,340.25699920654296
395.94000244140625,395.94000244140625,396.69000244140625,370.239990234375,370.94000244140625,168156400,2025-09-12,4,12,9,6.680308138591147,6.739634397869776,4.271847349488696,3.8627270261732334,361.1820007324219,349.25999755859374,343.275
410.0400085449219,410.0400085449219,425.70001220703125,402.42999267578125,423.1300048828125,163823700,2025-09-15,0,15,9,5.67506073707943,-3.093610991145842,4.621639731134046,3.919555649306912,373.9100036621094,356.8769989013672,347.2490005493164
421.6199951171875,421.6199951171875,423.25,411.42999267578125,414.5,104285700,2025-09-16,1,16,9,2.8034740906757585,1.717731029478287,4.781724602299613,3.965206045605954,388.8400024414062,366.1029998779297,351.57200012207034
425.8599853515625,425.8599853515625,428.30999755859375,409.6700134277344,415.75,106133500,2025-09-17,2,17,9,4.377021737666056,2.4317463262928443,5.067118944026596,3.9593158649444407,404.45399780273436,375.2799987792969,356.3994995117188
416.8500061035156,416.8500061035156,432.2200012207031,416.55999755859375,428.8699951171875,90454500,2025-09-18,3,18,9,3.7567478548196434,-2.802711579388399,4.658522511766407,4.116102998258826,414.06199951171874,383.11199951171875,361.0470001220703
426.07000732421875,426.07000732421875,429.4700012207031,421.7200012207031,421.82000732421875,93131000,2025-09-19,4,19,9,1.8189499065355763,1.0075387431145177,3.686250865355293,3.9790491074219942,420.08800048828124,390.63500061035154,366.3450012207031
434.2099914550781,434.2099914550781,444.9800109863281,429.1300048828125,431.1099853515625,97108800,2025-09-22,0,22,9,3.650308932413273,0.7190754584326376,3.281300504422062,3.9514701177780536,424.9219970703125,399.41600036621094,371.0550003051758
425.8500061035156,425.8500061035156,440.9700012207031,423.7200012207031,439.8800048828125,83422700,2025-09-23,1,23,9,4.050722027184114,-3.1895059160587618,3.530750091723733,4.156237347011673,425.76799926757815,407.3040008544922,375.01750030517576
442.7900085449219,442.7900085449219,444.2099914550781,429.0299987792969,429.8299865722656,93133600,2025-09-24,2,24,9,3.428259983928976,3.01515072878177,3.3409977409763165,4.204058342501456,429.15400390625,416.8040008544922,379.57350006103513
423.3900146484375,423.3900146484375,435.3500061035156,419.0799865722656,435.239990234375,96746400,2025-09-25,3,25,9,3.8427971771511507,-2.722630238907122,3.358207605442618,4.008365058604513,430.4620056152344,422.2620025634766,383.26300048828125
440.3999938964844,440.3999938964844,440.4700012207031,421.0199890136719,428.29998779296875,101628200,2025-09-26,4,26,9,4.416442433376363,2.8251240832078928,3.877706110810776,3.781978488083034,433.3280029296875,426.7080017089844,387.98399963378904
443.2099914550781,443.2099914550781,450.9800109863281,439.5,444.3500061035156,79491500,2025-09-29,0,29,9,2.5901967933165806,-0.25655781090997054,3.6656836829914368,3.4734920937067484,435.1280029296875,430.025,393.4509994506836
444.7200012207031,444.7200012207031,445.0,433.1199951171875,441.5199890136719,74358000,2025-09-30,1,30,9,2.6713448574841046,0.7247717626963793,3.389808249051435,3.460279170387584,438.902001953125,432.3350006103516,399.2190002441406
459.4599914550781,459.4599914550781,462.2900085449219,440.75,443.79998779296875,98122300,2025-10-01,2,1,10,4.688114078596082,3.52861741614439,3.6417790679848565,3.491388404480586,442.2359985351562,435.69500122070315,405.4875
436.0,436.0,470.75,435.57000732421875,470.5400085449219,137009000,2025-10-02,3,2,10,8.068805659582857,-7.340504084175954,4.486980764471197,3.9225941849569077,444.75799560546875,437.61000061035156,410.36100006103516
429.8299865722656,429.8299865722656,446.7699890136719,416.5799865722656,443.2900085449219,133188200,2025-10-03,4,3,10,7.023707834383612,-3.0363919134649855,5.008433844672647,4.443069977741711,442.643994140625,437.9859985351562,414.3104995727539
453.25,453.25,453.54998779296875,436.69000244140625,440.75,85324900,2025-10-06,0,6,10,3.7197982022200775,2.836074872376631,5.234354126453347,4.450018904722392,444.65199584960936,439.88999938964844,419.6529998779297
433.0899963378906,433.0899963378906,452.67999267578125,432.45001220703125,447.82000732421875,102296100,2025-10-07,1,7,10,4.671080061837046,-3.289270408962254,5.634301167323935,4.512054708187685,442.32599487304685,440.61399841308594,423.95899963378906
438.69000244140625,438.69000244140625,441.3299865722656,425.2300109863281,437.57000732421875,71192100,2025-10-08,2,8,10,3.6700119666136906,0.2559579263753414,5.430680744927456,4.536229906456157,438.1719970703125,440.20399780273436,428.5039993286133
435.5400085449219,435.5400085449219,436.3500061035156,426.17999267578125,431.80999755859375,69339900,2025-10-09,3,9,10,2.33503541080209,0.8638083896661024,4.283926695171303,4.38545372982125,438.0799987792969,441.4189971923828,431.8404998779297
413.489990234375,413.489990234375,443.1300048828125,411.45001220703125,436.5400085449219,112107900,2025-10-10,4,10,10,7.661610540517402,-5.280161694085579,4.411507236398061,4.7099705405353545,434.81199951171874,438.7279968261719,432.71799926757814
435.8999938964844,435.8999938964844,436.8900146484375,419.70001220703125,423.5299987792969,79552800,2025-10-13,0,13,10,3.943565653154943,2.9206892434633778,4.456260726585034,4.845307426519191,431.3419982910156,437.9969970703125,434.01099853515626
429.239990234375,429.239990234375,434.20001220703125,417.8599853515625,426.7900085449219,72669400,2025-10-14,1,14,10,3.8067345138431103,0.5740485110712829,4.283391616986248,4.958846392155091,430.5719970703125,436.44899597167966,434.3919982910156
435.1499938964844,435.1499938964844,440.510009765625,426.3299865722656,434.8999938964844,71558200,2025-10-15,2,15,10,3.258651819430472,0.05748447999737278,4.201119587549604,4.81590016623853,429.86399536132814,434.0179962158203,434.8564987182617
428.75,428.75,439.3500061035156,421.30999755859375,434.7300109863281,77189900,2025-10-16,3,16,10,4.2075821679118075,-1.3755689359380783,4.575628938971547,4.429777817071425,428.50599365234376,433.2929962158203,435.4514984130859
439.30999755859375,439.30999755859375,441.4599914550781,423.6000061035156,425.5,89331600,2025-10-17,4,17,10,4.0654629875980435,3.2455928457329613,3.8563994283876752,4.133953332392868,433.6699951171875,434.2409973144531,436.1134979248047
447.42999267578125,447.42999267578125,449.79998779296875,440.6099853515625,443.8699951171875,63719000,2025-10-20,0,20,10,2.053953152860173,0.8020360911428276,3.478476928328721,3.9673688274568777,435.9759948730469,433.65899658203125,436.77449798583984
442.6000061035156,442.6000061035156,449.29998779296875,442.04998779296875,445.760009765625,54412200,2025-10-21,1,21,10,1.6380478761910284,-0.7089024571250493,3.0447396007983047,3.664065608892276,438.647998046875,434.60999755859376,437.6119979858398
438.9700012207031,438.9700012207031,445.5400085449219,429.0,443.45001220703125,84023500,2025-10-22,2,22,10,3.767913182888772,-1.0102629074315066,3.146591873489965,3.673855730519784,439.41199951171876,434.63799743652345,437.4209976196289
448.9800109863281,448.9800109863281,449.3999938964844,413.8999938964844,420.0,126709800,2025-10-23,3,23,10,7.906810800332269,6.9000026157924115,3.8864375999740575,4.231033269472802,443.4580017089844,435.98199768066405,438.70049743652345
433.7200012207031,433.7200012207031,451.67999267578125,430.1700134277344,446.8299865722656,94727800,2025-10-24,4,24,10,4.959416025893924,-2.9339985554980714,4.065228207633234,3.960813818010454,442.3400024414062,438.0049987792969,438.3664978027344
452.4200134277344,452.4200134277344,460.1600036621094,438.69000244140625,439.9800109863281,105867500,2025-10-27,0,27,10,4.745590509587958,2.8274017298010405,4.603555678978791,4.041016303653755,443.3380065917969,439.65700073242186,438.8269989013672
460.54998779296875,460.54998779296875,467.0,451.6000061035156,454.7799987792969,80185700,2025-10-28,1,28,10,3.3438267950638054,1.2687429150709044,4.944711462753346,3.994725531775825,446.9280029296875,442.7880004882812,439.61849822998045
461.510009765625,461.510009765625,465.70001220703125,452.6499938964844,462.5,67983500,2025-10-29,2,29,10,2.827678280948716,-0.21405194256756757,4.756664482365334,3.95162817792765,451.4360046386719,445.4240020751953,439.7209991455078
440.1000061035156,440.1000061035156,455.05999755859375,439.6099853515625,451.04998779296875,72447900,2025-10-30,3,30,10,3.5105685055131,-2.4276647790264767,3.8774160234015005,3.8819268116877788,449.6600036621094,446.5590026855469,439.9259994506836
456.55999755859375,456.55999755859375,458.0,443.69000244140625,446.75,83135800,2025-10-31,4,31,10,3.1343082256691224,2.195858435051763,3.5123944633565403,3.7888113354948865,454.2280029296875,448.28400268554685,441.2625
468.3699951171875,468.3699951171875,474.07000732421875,453.79998779296875,455.989990234375,84595200,2025-11-03,0,3,11,4.327779264805036,2.714972948517857,3.428832214399956,4.0161939466893735,457.4179992675781,450.3780029296875,442.01849975585935
444.260009765625,444.260009765625,460.2200012207031,443.6000061035156,454.4599914550781,87756600,2025-11-04,1,4,11,3.741051355478876,-2.2444179644494318,3.5082771264829704,4.226494294618158,454.1600036621094,450.54400329589845,442.5770004272461
462.07000732421875,462.07000732421875,466.3299865722656,440.7099914550781,452.04998779296875,85573000,2025-11-05,2,5,11,5.544613307742959,2.216573344061011,4.051664131841818,4.404164307103576,454.2720031738281,452.85400390625,443.7460006713867
445.9100036621094,445.9100036621094,467.45001220703125,435.0899963378906,461.9599914550781,109622900,2025-11-06,3,6,11,7.2570733115154775,-3.474324203361122,4.8009650930422945,4.3391905582218975,455.4340026855469,452.5470031738281,444.2645004272461
429.5199890136719,429.5199890136719,439.3599853515625,421.8800048828125,437.9200134277344,103471500,2025-11-07,4,7,11,4.069654711272029,-1.9181640839643137,4.988034390162875,4.250214426759707,450.0260009765625,452.127001953125,445.0660003662109
445.2300109863281,445.2300109863281,449.6700134277344,433.3599853515625,439.6000061035156,76515900,2025-11-10,0,10,11,3.663281376751738,1.2807108290819187,4.855134812552216,4.141983513476086,445.39800415039065,451.4080017089844,445.5325012207031
439.6199951171875,439.6199951171875,442.489990234375,432.3599853515625,439.3999938964844,60533200,2025-11-11,1,11,11,2.3042639086768997,0.05006855342718867,4.56777732319182,4.038027224837395,444.4700012207031,449.31500244140625,446.05150146484374
430.6000061035156,430.6000061035156,442.3299865722656,426.55999755859375,442.1499938964844,58513500,2025-11-12,2,12,11,3.662329026971911,-2.6122329418538497,4.1913204670376105,4.121492299439715,438.1760009765625,446.2240020751953,445.8240020751953
401.989990234375,401.989990234375,424.5,396.3399963378906,423.1300048828125,118948000,2025-11-13,3,13,11,7.00515046299811,-4.9961038934812265,4.140935897334137,4.470950495188216,429.3919982910156,442.4130004882812,444.4860015869141
404.3500061035156,404.3500061035156,412.19000244140625,382.7799987792969,386.29998779296875,105506700,2025-11-14,4,14,11,7.273402551793276,4.67253918739974,4.781685465438387,4.8848599278006315,424.3580017089844,437.19200134277344,442.73800201416014
408.9200134277344,408.9200134277344,423.9599914550781,398.739990234375,398.739990234375,102214300,2025-11-17,0,17,11,6.167465614925224,2.5530479617496273,5.282522313073084,5.06882856281265,417.09600219726565,431.24700317382815,440.8125030517578
401.25,401.25,408.8999938964844,393.7099914550781,405.3800048828125,80688600,2025-11-18,1,18,11,3.78567039038162,-1.0187983701875982,5.578803609414028,5.073290466302924,409.4220031738281,426.9460021972656,438.74500274658203
403.989990234375,403.989990234375,411.7799987792969,398.5,406.17999267578125,72047700,2025-11-19,2,19,11,3.2872098567572126,-0.5391704369728377,5.503779775371089,4.84755012120435,404.1,421.13800048828125,436.9960021972656
395.2300109863281,395.2300109863281,428.94000244140625,394.739990234375,414.6300048828125,113548800,2025-11-20,3,20,11,8.653192130243951,-4.678868790976047,5.833388108820257,4.987162003077197,402.7480041503906,416.07000122070315,434.3085021972656
391.0899963378906,391.0899963378906,402.79998779296875,383.760009765625,402.32000732421875,100460600,2025-11-21,4,21,11,4.868439030819329,-2.791313079609825,5.352395404625467,5.067040435031927,400.09600219726565,412.227001953125,432.177001953125
417.7799987792969,417.7799987792969,421.7200012207031,401.0899963378906,402.1700134277344,96806400,2025-11-24,0,24,11,4.938006832086482,3.8814393988544964,5.1065036480577195,5.194512980565402,401.8679992675781,409.48200073242185,430.44500122070315
419.3999938964844,419.3999938964844,420.4800109863281,405.95001220703125,414.4200134277344,71915600,2025-11-25,1,25,11,3.4644728161067033,1.2016747037769202,5.042264133202736,5.310533871308381,405.497998046875,407.4600006103516,428.3875015258789
426.5799865722656,426.5799865722656,426.94000244140625,416.8900146484375,423.95001220703125,63463000,2025-11-26,2,26,11,2.355944514351053,0.6203501095667043,4.856011064721504,5.179895420046296,410.0159973144531,407.05799865722656,426.64100036621096
430.1700134277344,430.1700134277344,432.92999267578125,426.20001220703125,426.5899963378906,36252900,2025-11-28,4,28,11,1.5644931675091271,0.8392173094954889,3.438271272174539,4.635829690497397,417.0039978027344,409.8760009765625,426.1445007324219
430.1400146484375,430.1400146484375,433.6600036621094,425.2900085449219,425.32000732421875,57463600,2025-12-01,0,1,12,1.9458768847693635,1.1332660681876856,2.853758842964546,4.103077123795006,424.8140014648437,412.4550018310547,424.82350158691406
429.239990234375,429.239990234375,436.79998779296875,422.1199951171875,430.80999755859375,69336600,2025-12-02,1,2,12,3.419996507726513,-0.364431497206658,2.550156778092552,3.828330213075135,427.1059997558594,414.48699951171875,422.86700134277345
446.739990234375,446.739990234375,447.9200134277344,431.1099853515625,432.1000061035156,87483000,2025-12-03,2,3,12,3.7628214271466414,3.3881008849956276,2.6098265003005396,3.8260453167516375,432.5739990234375,419.03599853515624,422.9910003662109
454.5299987792969,454.5299987792969,454.6300048828125,445.3900146484375,449.94000244140625,71906500,2025-12-04,3,4,12,2.0328669744989925,1.020135198689821,2.5452109923301274,3.7006110285258154,438.16400146484375,424.0899993896484,422.61399993896487
455.0,455.0,458.8699951171875,451.6600036621094,453.0299987792969,56427500,2025-12-05,4,5,12,1.584613506610577,0.4348500598219441,2.5492350601504175,2.9937531661624783,443.1299987792969,430.06699829101564,423.06849975585936
439.5799865722656,439.5799865722656,449.75,435.25,447.45001220703125,69165800,2025-12-08,0,8,12,3.298603312918625,-1.7588614191665801,2.81978034578027,2.836769594372408,445.0179931640625,434.91599731445314,423.5714996337891
445.1700134277344,445.1700134277344,452.3900146484375,435.70001220703125,437.5400085449219,62367400,2025-12-09,1,9,12,3.749129981351626,1.7438416450616157,2.8856070405052927,2.717881909298922,448.20399780273436,437.6549987792969,423.56849975585936
451.45001220703125,451.45001220703125,456.8800048828125,443.6099853515625,446.07000732421875,63257500,2025-12-10,2,10,12,2.939421679573347,1.2060898052942015,2.720927090990634,2.6653767956455865,449.1460021972656,440.86000061035156,424.1600006103516
446.8900146484375,446.8900146484375,449.2699890136719,440.3299865722656,448.95001220703125,55979500,2025-12-11,3,11,12,2.00049277190479,-0.45884786782092607,2.714452250471793,2.6298316214009603,447.6180053710938,442.89100341796876,424.97450103759763
458.9599914550781,458.9599914550781,463.010009765625,441.6700134277344,448.0899963378906,95656700,2025-12-12,4,12,12,4.649641959037584,2.42585087951635,3.3274579409571943,2.9383465005538065,448.4100036621094,445.77000122070314,427.8230010986328
475.30999755859375,475.30999755859375,481.7699890136719,467.6600036621094,469.44000244140625,114542200,2025-12-15,0,15,12,2.9685858542925123,1.2504249928978242,3.2614544492319717,3.0406173975061206,455.556005859375,450.28699951171876,431.3710006713867
489.8800048828125,489.8800048828125,491.5,465.8299865722656,472.2099914550781,107608100,2025-12-16,1,16,12,5.240061478703355,3.7419821154748574,3.559640748702318,3.2226238946038053,464.4980041503906,456.3510009765625,435.41900024414065
467.260009765625,467.260009765625,495.2799987792969,466.20001220703125,488.2200012207031,106490400,2025-12-17,2,17,12,6.223512811817982,-4.293144771347255,4.216458975151245,3.4686930330709393,467.6600036621094,458.4030029296875,438.71950073242186
483.3699951171875,483.3699951171875,490.8599853515625,473.1199951171875,478.1600036621094,95168400,2025-12-18,3,18,12,3.6700644255078645,1.0895916461385493,4.55037330587186,3.632412778171826,474.95599975585935,461.28700256347656,442.6885009765625
481.20001220703125,481.20001220703125,490.489990234375,474.7200012207031,488.1199951171875,103305400,2025-12-19,4,19,12,3.2772212414007593,-1.417680689047558,4.2758891623444955,3.801673551650844,479.40400390625,463.90700378417966,446.9870010375977
488.7300109863281,488.7300109863281,498.8299865722656,485.3299865722656,489.8800048828125,86916100,2025-12-22,0,22,12,2.762261309215499,-0.23475011942148422,4.234624253329092,3.748039351280532,482.0880065917969,468.82200622558594,451.8690017700195
485.55999755859375,485.55999755859375,491.9700012207031,482.8399963378906,489.3999938964844,58223600,2025-12-23,1,23,12,1.8803041701784255,-0.7846335075154993,3.562672791624106,3.5611567701632127,481.2240051269531,472.8610046386719,455.25800170898435
485.3999938964844,485.3999938964844,490.8999938964844,476.79998779296875,488.4800109863281,41285400,2025-12-24,2,24,12,2.9048220603238346,-0.6305308345421642,2.898934641325277,3.5576968082382607,484.852001953125,476.25600280761716,458.55800170898436
475.19000244140625,475.19000244140625,489.0899963378906,473.82000732421875,485.2300109863281,58780700,2025-12-26,4,26,12,3.213449133024375,-2.0691235738930343,2.807611582828579,3.6789924443502193,483.21600341796875,479.08600158691405,460.9885025024414
459.6400146484375,459.6400146484375,469.3999938964844,459.0,469.0,66263000,2025-12-29,0,29,12,2.262638927213281,-1.9957324843416846,2.6046951199910833,3.440292141167789,478.90400390625,479.15400390625,462.4620025634766
454.42999267578125,454.42999267578125,463.1199951171875,453.8299865722656,461.0899963378906,59238500,2025-12-30,1,30,12,2.044321170400816,-1.4444042844141143,2.461107092228146,3.3478656727786196,472.04400024414065,477.0660034179688,463.67650146484374
449.7200012207031,449.7200012207031,456.54998779296875,449.29998779296875,456.1000061035156,49078000,2025-12-31,2,31,12,1.6121142000179827,-1.3988171009505546,2.407469098196058,2.985070944910082,464.8760009765625,473.0500030517578,464.7005020141602
438.07000732421875,438.07000732421875,458.3399963378906,435.29998779296875,457.79998779296875,85535400,2026-01-02,4,2,1,5.259435286531679,-4.309738094111201,2.878391743437627,2.8886631923814514,455.4100036621094,470.13100280761716,464.26700286865236
451.6700134277344,451.6700134277344,457.54998779296875,444.57000732421875,447.989990234375,67940800,2026-01-05,0,5,1,2.8737751196375916,0.8214521024083812,2.8104569407602704,2.8090342617944244,450.706005859375,466.96100463867185,464.1240036010742
432.9599914550781,432.9599914550781,448.25,428.7799987792969,446.3800048828125,89093800,2026-01-06,1,6,1,4.4969515902079005,-3.006410072345761,3.257319473359194,2.9310072966751384,445.3700012207031,462.1370025634766,463.0220031738281
431.4100036621094,431.4100036621094,438.3699951171875,431.2900085449219,435.8999938964844,59828800,2026-01-07,2,7,1,1.6411271208747489,-1.0300505384822884,3.176680663453981,2.818893877841064,440.76600341796876,456.4050018310547,462.61350402832034
435.79998779296875,435.79998779296875,436.8900146484375,424.3699951171875,427.8900146484375,57041100,2026-01-08,3,8,1,2.872882028899405,1.8485996105869011,3.428834229230265,2.9181516637131617,437.98200073242185,451.4290008544922,462.145002746582
445.010009765625,445.010009765625,449.04998779296875,430.3900146484375,435.95001220703125,67331500,2026-01-09,4,9,1,4.193158071738424,2.0782193611434483,3.215578786271614,3.0469852648546203,439.3700012207031,447.39000244140624,461.82300262451173
448.9599914550781,448.9599914550781,454.29998779296875,438.0,441.2300109863281,61649600,2026-01-12,0,12,1,3.6306103223453237,1.7519162967791688,3.36694582681316,3.088701383786715,438.8279968261719,444.7670013427734,461.92650146484374
447.20001220703125,447.20001220703125,451.80999755859375,443.95001220703125,450.20001220703125,53719200,2026-01-13,1,13,1,1.757599538687785,-0.6663704839306857,2.819075416509137,3.0381974449341653,441.6760009765625,443.5230010986328,461.33850250244143
439.20001220703125,439.20001220703125,443.9100036621094,434.2200012207031,442.80999755859375,57259500,2026-01-14,2,14,1,2.206284647560199,-0.8152447712260196,2.932106921846227,3.054393792650104,443.2340026855469,442.0000030517578,459.53300323486326
438.57000732421875,438.57000732421875,445.3599853515625,437.6499938964844,441.1300048828125,49465800,2026-01-15,3,15,1,1.7579842046468106,-0.5803272346604083,2.709127356995708,3.0689807931129867,443.7880065917969,440.8850036621094,456.9675033569336
437.5,437.5,447.25,435.260009765625,439.5,60220600,2026-01-16,4,16,1,2.7405691964285714,-0.4550625711035267,2.4186095819337377,2.817094184102676,442.2860046386719,440.8280029296875,455.47950286865233
419.25,419.25,430.7300109863281,417.44000244140625,429.3599853515625,63187300,2026-01-20,1,20,1,3.1699483708817833,-2.35466408060462,2.32647719164103,2.846711509227095,436.34400634765626,437.58600158691405,452.273503112793
431.44000244140625,431.44000244140625,438.20001220703125,419.6199951171875,421.6600036621094,68124000,2026-01-21,2,21,1,4.306512373610302,2.319403949712509,2.836259758625533,2.827667587567335,433.19200439453124,437.4340026855469,449.7855026245117
449.3599853515625,449.3599853515625,449.5,432.6300048828125,435.1600036621094,71546700,2026-01-22,3,22,1,3.754227271480135,3.263163335314026,3.1458482834095207,3.038977602627874,435.2239990234375,439.2290008544922,447.81700134277344
449.05999755859375,449.05999755859375,452.42999267578125,444.0400085449219,447.42999267578125,56771400,2026-01-23,4,23,1,1.8683436904808344,0.3643038932335592,3.1679201805763255,2.938523768786017,437.3219970703125,440.5550018310547,445.99200134277345
435.20001220703125,435.20001220703125,445.0400085449219,434.2799987792969,445.0,49397400,2026-01-26,0,26,1,2.4724286451780477,-2.202244447858146,3.1142920703262207,2.7664508261299794,436.86199951171875,439.5740020751953,443.4820022583008
430.8999938964844,430.8999938964844,437.5199890136719,430.69000244140625,437.4100036621094,37733100,2026-01-27,1,27,1,1.5850514432604983,-1.4883083859814634,2.7973126848019634,2.5618949382214966,439.19199829101564,437.76800231933595,441.2675018310547
431.4599914550781,431.4599914550781,438.260009765625,430.1000061035156,431.9100036621094,54857400,2026-01-28,2,28,1,1.8912538413098638,-0.10419119798468532,2.314260978341876,2.575260368483705,439.19599609375,436.1940002441406,439.8585006713867
416.55999755859375,416.55999755859375,440.2300109863281,414.6199951171875,437.79998779296875,81686100,2026-01-29,3,29,1,6.147977726915147,-4.85152828382882,2.7930110694288777,2.969429676419199,432.63599853515626,433.92999877929685,437.96500091552736
430.4100036621094,430.4100036621094,439.8800048828125,422.70001220703125,425.3500061035156,82626100,2026-01-30,4,30,1,3.991541211776363,1.1896079666123998,3.217650573687984,3.1927853771321546,428.9059997558594,433.11399841308594,436.99950103759767
421.80999755859375,421.80999755859375,427.1499938964844,414.5,421.2900085449219,58739500,2026-02-02,0,2,2,2.99897915405079,0.1234278058166739,3.3229606754625323,3.2186263728943763,426.2279968261719,431.5449981689453,436.1865005493164
421.9599914550781,421.9599914550781,428.55999755859375,413.69000244140625,424.2699890136719,56886500,2026-02-03,1,3,2,3.524029628001014,-0.5444640484621484,3.7107563124106355,3.2540344986062992,424.43999633789065,431.8159973144531,434.7009994506836
406.010009765625,406.010009765625,423.8999938964844,399.17999267578125,420.4599914550781,74606900,2026-02-04,2,4,2,6.088520141405651,-3.4367078873417514,4.550209572429792,3.4322352753858345,419.35,429.272998046875,433.35350036621094
397.2099914550781,397.2099914550781,402.1000061035156,387.5299987792969,397.0199890136719,72819800,2026-02-05,3,5,2,3.668086814947736,0.04785714741423436,4.054231390036311,3.423621229732594,415.47999877929686,424.05799865722656,431.64349975585935
411.1099853515625,411.1099853515625,414.54998779296875,397.75,400.8699951171875,62677100,2026-02-06,4,6,2,4.086494707396165,2.554441679123805,4.073222089160271,3.645436331424128,411.6199951171875,420.26299743652345,430.40899963378905
417.32000732421875,417.32000732421875,421.25,407.2900085449219,409.9100036621094,54484300,2026-02-09,0,9,2,3.3451526909977534,1.8077147656580428,4.142456796549664,3.732708736006098,410.7219970703125,418.47499694824216,429.0244995117188
425.2099914550781,425.2099914550781,427.25,417.0,418.0799865722656,64450200,2026-02-10,1,10,2,2.4105736473699197,1.705416454221989,3.9197656004234447,3.8152609564170405,411.3719970703125,417.90599670410154,427.8369995117188
428.2699890136719,428.2699890136719,436.3500061035156,420.0299987792969,427.9599914550781,57227500,2026-02-11,2,11,2,3.8106819863340364,0.07243610729585914,3.464197969409122,4.007203770919458,415.82399291992186,417.5869964599609,426.89049835205077
