Adj Close,Close,High,Low,Open,Volume,date,day_of_week,day,month,hl_pct,oc_pct,volatility_5d,volatility_10d,ma_5,ma_10,ma_20
UBER,UBER,UBER,UBER,UBER,UBER,,,,,,,,,,,
77.47000122070312,77.47000122070312,78.88999938964844,76.52999877929688,78.69999694824219,13781400,2024-03-11,0,11,3,3.0463412587643983,-1.562891709319863,3.514930615950263,2.814471650589784,78.66199951171875,79.1620002746582,77.81550025939941
78.31999969482422,78.31999969482422,78.4800033569336,77.4800033569336,78.01000213623047,11303800,2024-03-12,1,12,3,1.2768130795410166,0.39738181015864465,2.9054561279763784,2.6961851541044015,78.50800018310547,79.11900024414062,78.27550010681152
78.25,78.25,79.69100189208984,77.93000030517578,78.0,12065100,2024-03-13,2,13,3,2.2504812612320286,0.3205128205128205,2.729916799458405,2.7617060140997496,78.43000030517578,79.17099990844727,78.73850021362304
77.6500015258789,77.6500015258789,78.4800033569336,76.9000015258789,78.33999633789062,12737200,2024-03-14,3,14,3,2.0347737282762455,-0.880769522933957,2.679751603466366,2.7450576007638516,78.07799987792968,78.98600006103516,78.66350021362305
76.06999969482422,76.06999969482422,77.83999633789062,75.7699966430664,77.0,24554900,2024-03-15,4,15,3,2.7211774722342494,-1.2077926041243912,2.2659173600095874,2.751841328702035,77.5520004272461,78.4900001525879,78.39750022888184
75.69999694824219,75.69999694824219,77.0,73.66000366210938,77.0,18936700,2024-03-18,0,18,3,4.412148576669371,-1.6883156516335227,2.5390788235905823,3.0270047197704226,77.1979995727539,77.92999954223633,78.26199989318847
77.08000183105469,77.08000183105469,77.18000030517578,74.19000244140625,75.37999725341797,13035200,2024-03-19,1,19,3,3.8790837996125913,2.2552462716621218,3.0595329676048975,2.9824945477906377,76.95,77.72900009155273,78.28600006103515
78.63999938964844,78.63999938964844,78.94999694824219,76.75,77.08999633789062,11490400,2024-03-20,2,20,3,2.7975546354490155,2.0106409720971383,3.1689476424482947,2.94943222095335,77.02799987792969,77.72900009155273,78.39599990844727
80.25,80.25,81.2300033569336,79.08999633789062,79.5999984741211,16191100,2024-03-21,3,21,3,2.6666754131376558,0.8165848471595506,3.295327979420577,2.9875397914434716,77.54799957275391,77.8129997253418,78.50699996948242
80.2300033569336,80.2300033569336,80.44999694824219,79.19999694824219,79.80000305175781,8872400,2024-03-22,4,22,3,1.5580206253250433,0.5388474796133599,3.062696610038736,2.6643069850241616,78.38000030517578,77.96600036621093,78.60850028991699
79.41000366210938,79.41000366210938,81.04000091552734,79.38999938964844,79.98999786376953,10254300,2024-03-25,0,25,3,2.0778257773412085,-0.725083406862869,2.595832050173103,2.5674554368818425,79.12200164794922,78.16000061035156,78.66100044250489
77.91000366210938,77.91000366210938,80.18000030517578,77.77999877929688,79.80000305175781,12438300,2024-03-26,1,26,3,3.0804792877273592,-2.3684201972055,2.4361111477960566,2.7478220577004766,79.28800201416016,78.11900100708007,78.61900062561035
78.11000061035156,78.11000061035156,79.0,76.8499984741211,78.95999908447266,13157000,2024-03-27,2,27,3,2.7525304174610086,-1.0764925075692464,2.427106304198455,2.798026973323375,79.18200225830078,78.10500106811523,78.63800048828125
76.98999786376953,76.98999786376953,78.05000305175781,76.8949966430664,77.9000015258789,13421900,2024-03-28,3,28,3,1.5002031961802884,-1.168168991379372,2.193811860806982,2.744569920113779,78.53000183105469,78.0390007019043,78.51250038146972
76.4000015258789,76.4000015258789,77.77999877929688,76.0,77.0,12201800,2024-04-01,0,1,4,2.329841287626071,-0.779218797559862,2.348175993267187,2.7054363016529615,77.76400146484374,78.07200088500977,78.28100051879883
76.9800033569336,76.9800033569336,77.33000183105469,74.97000122070312,75.66000366210938,15838800,2024-04-02,1,2,4,3.065732017974766,1.74464661767559,2.5457572413938987,2.5707946457835007,77.27800140380859,78.2000015258789,78.06500053405762
76.80999755859375,76.80999755859375,78.8499984741211,76.54000091552734,76.83999633789062,19883100,2024-04-03,2,3,4,3.007417825826112,-0.039040578769630005,2.531144949013649,2.483628048404853,77.05800018310546,78.17300109863281,77.95100059509278
74.91999816894531,74.91999816894531,77.66999816894531,74.4800033569336,77.23999786376953,17191300,2024-04-04,3,4,4,4.257868246096656,-3.003624752703995,2.832212514740779,2.6296594094696166,76.41999969482421,77.8010009765625,77.76500053405762
77.16000366210938,77.16000366210938,78.3949966430664,74.91999816894531,75.33999633789062,21572000,2024-04-05,4,5,4,4.503626631925039,2.41572526239083,3.432897201889729,2.813354531348355,76.4540008544922,77.49200134277343,77.65250053405762
75.02999877929688,75.02999877929688,76.86000061035156,73.94999694824219,76.69999694824219,22867600,2024-04-08,0,8,4,3.878453564512567,-2.1773119105496725,3.742619657267028,3.045397825267108,76.18000030517578,76.97200088500976,77.46900062561035
75.13999938964844,75.13999938964844,75.5,73.33000183105469,74.7699966430664,13756300,2024-04-09,1,9,4,2.887940093920548,0.49485457161156965,3.7070612724561847,3.1264092569250415,75.81199951171875,76.54500045776368,77.35250053405761
74.3499984741211,74.3499984741211,75.30500030517578,73.53500366210938,74.4000015258789,12533900,2024-04-10,2,10,4,2.380627679074515,-0.06720840152190011,3.581703243105865,3.0564240960597573,75.31999969482422,76.18899993896484,77.15400047302246
76.18000030517578,76.18000030517578,76.55999755859375,74.70500183105469,74.80000305175781,13653600,2024-04-11,3,11,4,2.4350166974376233,1.8449160389245982,3.217132933374058,3.0246727240574183,75.5720001220703,75.99599990844726,77.05050048828124
75.27999877929688,75.27999877929688,75.81999969482422,74.48999786376953,75.05000305175781,11590800,2024-04-12,4,12,4,1.7667399742578873,0.30645665314689896,2.6697556018406283,3.0513264018651785,75.19599914550781,75.825,76.93200035095215
73.4000015258789,73.4000015258789,76.68000030517578,72.87999725341797,76.37999725341797,16093400,2024-04-15,0,15,4,5.177115766704762,-3.901539453650228,2.929488042279067,3.336053849773047,74.86999969482422,75.525,76.79850044250489
74.12999725341797,74.12999725341797,74.69999694824219,72.69999694824219,73.38999938964844,14513100,2024-04-16,1,16,4,2.6979631378683,1.0083088566885954,2.891492651068617,3.299276961762401,74.66799926757812,75.23999938964843,76.72000045776367
71.94000244140625,71.94000244140625,75.61499786376953,71.04000091552734,75.0,15363100,2024-04-17,2,17,4,6.359461763944801,-4.079996744791667,3.6872594680426745,3.6344813555742697,74.18600006103516,74.75299987792968,76.46300048828125
71.30000305175781,71.30000305175781,72.8550033569336,70.63999938964844,72.26000213623047,20426000,2024-04-18,3,18,4,3.1065972966049515,-1.3285345365237982,3.821575587876141,3.519354260625099,73.21000061035156,74.39100036621093,76.09600067138672
69.19999694824219,69.19999694824219,71.1500015258789,68.37999725341797,71.1500015258789,23186000,2024-04-19,4,19,4,4.002896524016828,-2.74069506088128,4.268806897827929,3.469281249834278,71.99400024414062,73.59499969482422,75.54350051879882
68.9800033569336,68.9800033569336,70.88999938964844,68.4800033569336,70.4800033569336,26804900,2024-04-22,0,22,4,3.4937603876944445,-2.1282632357486047,3.9321358220258653,3.4308119321524657,71.11000061035156,72.9900001525879,74.98100051879882
70.80000305175781,70.80000305175781,71.13999938964844,69.62000274658203,70.0199966430664,16814200,2024-04-23,1,23,4,2.1468878213963127,1.1139766439401062,3.821920758731468,3.3567067049000423,70.44400177001953,72.55600051879883,74.55050048828124
69.36000061035156,69.36000061035156,70.22000122070312,67.36499786376953,70.1500015258789,27515600,2024-04-24,2,24,4,4.116210109299655,-1.1261595129629554,3.3732704278024386,3.5302649479225563,69.9280014038086,72.05700073242187,74.12300033569336
69.30999755859375,69.30999755859375,70.29000091552734,67.37999725341797,67.86000061035156,20545200,2024-04-25,3,25,4,4.198533782445017,2.1367476203956897,3.5916577249704518,3.7066166564232956,69.53000030517578,71.37000045776367,73.68300018310546
69.05000305175781,69.05000305175781,70.1500015258789,68.69999694824219,69.9749984741211,16187600,2024-04-26,4,26,4,2.099934125346582,-1.3218941658217729,3.2110652452364024,3.739936071532165,69.5000015258789,70.74700088500977,73.28600044250489
67.4000015258789,67.4000015258789,68.66000366210938,67.19999694824219,68.5,20102600,2024-04-29,0,29,4,2.166182019011681,-1.605837188497947,2.94554957149985,3.4388426967628574,69.18400115966797,70.14700088500976,72.83600044250488
66.2699966430664,66.2699966430664,68.5989990234375,66.06999969482422,67.2249984741211,22707300,2024-04-30,1,30,4,3.8162056084514404,-1.4206052104595057,3.2794131289108748,3.5506669438211715,68.27799987792969,69.3610008239746,72.30050010681153
67.79000091552734,67.79000091552734,69.41000366210938,65.86000061035156,66.04000091552734,21266700,2024-05-01,2,1,5,5.236765015214333,2.6499091092358533,3.503524110093811,3.438397268948125,67.96399993896485,68.94600067138671,71.8495002746582
68.56999969482422,68.56999969482422,69.03600311279297,67.625,68.4000015258789,18229300,2024-05-02,3,2,5,2.057755751892578,0.24853532917100052,3.0753685039833227,3.3335131144768875,67.81600036621094,68.67300033569336,71.53200035095215
69.2300033569336,69.2300033569336,70.33899688720703,69.02999877929688,69.84500122070312,15557700,2024-05-03,4,3,5,1.8907959619202535,-0.8805180800644564,3.033540871298057,3.1223030582672298,67.8520004272461,68.6760009765625,71.13550033569337
71.51000213623047,71.51000213623047,73.81999969482422,70.83200073242188,71.0,25001900,2024-05-06,0,6,5,4.17843500649048,0.7183128679302377,3.435991468793817,3.1907705201468333,68.6740005493164,68.92900085449219,70.95950050354004
70.43000030517578,70.43000030517578,72.63999938964844,69.80000305175781,72.63999938964844,24427300,2024-05-07,1,7,5,4.0323673513911915,-3.042399646258246,3.4792238173817673,3.3793184731463213,69.50600128173828,68.89200057983399,70.7240005493164
66.4000015258789,66.4000015258789,67.19999694824219,63.834999084472656,64.5,84220000,2024-05-08,2,8,5,5.067767750664958,2.9457387998122577,3.4454243644718923,3.474474237282851,69.22800140380859,68.59600067138672,70.3265007019043
67.93000030517578,67.93000030517578,68.56999969482422,66.75,66.80999755859375,27965500,2024-05-09,3,9,5,2.679228156407866,1.6763999214335634,3.5697188453749495,3.322543674679136,69.10000152587891,68.45800094604492,69.9140007019043
66.98999786376953,66.98999786376953,67.9000015258789,66.4000015258789,67.81999969482422,18924400,2024-05-10,4,10,5,2.23914024157814,-1.2238304847972896,3.6393877013065272,3.3364642863022924,68.6520004272461,68.25200042724609,69.49950065612794
66.0199966430664,66.0199966430664,67.06400299072266,64.72000122070312,67.0,18983100,2024-05-13,0,13,5,3.55044212239551,-1.4626915775128264,3.513789124487533,3.4748902966406754,67.55399932861329,68.11399993896484,69.1305004119873
65.31999969482422,65.31999969482422,66.0999984741211,64.75,65.8499984741211,19462300,2024-05-14,1,14,5,2.0667459896330405,-0.8048576941200134,3.120664852135903,3.2999443347588353,66.53199920654296,68.01900024414063,68.69000053405762
66.62000274658203,66.62000274658203,66.66000366210938,65.22000122070312,66.0,16308700,2024-05-15,2,15,5,2.161516634701925,0.9393981008818655,2.539414628943296,2.992419496707594,66.5759994506836,67.9020004272461,68.4240005493164
66.05000305175781,66.05000305175781,67.33000183105469,66.0,66.97000122070312,19923500,2024-05-16,3,16,5,2.0136287200660345,-1.3737466808659755,2.4062947416749303,2.9880067935249395,66.2,67.65000076293946,68.1615005493164
65.66999816894531,65.66999816894531,66.63999938964844,65.5199966430664,66.5,15703300,2024-05-17,4,17,5,1.70550141283797,-1.2481230542175752,2.2995669759268957,2.969477338616712,65.93600006103516,67.29400024414062,67.98500061035156
64.6500015258789,64.6500015258789,65.87000274658203,64.30500030517578,65.63999938964844,15864400,2024-05-20,0,20,5,2.420730710701981,-1.5082234506017622,2.07362469358819,2.7937069090378617,65.66200103759766,66.60800018310547,67.76850051879883
63.970001220703125,63.970001220703125,64.6500015258789,63.810001373291016,64.12999725341797,16592500,2024-05-21,1,21,5,1.3131157363743096,-0.24948704127118354,1.922898642936444,2.5217817475361732,65.39200134277344,65.96200027465821,67.4270004272461
65.4800033569336,65.4800033569336,66.08999633789062,64.5199966430664,64.81999969482422,22562100,2024-05-22,2,22,5,2.397678091532922,1.018209912398496,1.9701309343026439,2.25477278162297,65.16400146484375,65.87000045776367,67.23300056457519
63.599998474121094,63.599998474121094,65.80000305175781,63.25,65.55999755859375,20115000,2024-05-23,3,23,5,4.009438856819173,-2.989626536701625,2.3692929616532714,2.3877938516641004,64.6740005493164,65.4370002746582,66.94750061035157
64.26000213623047,64.26000213623047,64.76000213623047,63.619998931884766,63.779998779296875,10385900,2024-05-24,4,24,5,1.7740478780702642,0.7525922955793531,2.38300225469973,2.341284615313313,64.39200134277344,65.1640007019043,66.7080005645752
63.52000045776367,63.52000045776367,64.61000061035156,63.099998474121094,64.61000061035156,14213300,2024-05-28,1,28,5,2.3772073761783328,-1.6870455692477662,2.374297587795,2.2239611406915953,64.16600112915039,64.91400108337402,66.51400051116943
64.93000030517578,64.93000030517578,65.36499786376953,62.90999984741211,63.0099983215332,16987900,2024-05-29,2,29,5,3.7809918447847686,3.0471386046465447,2.8678728094770927,2.395385726206768,64.35800094604492,64.87500114440918,66.4470006942749
64.12000274658203,64.12000274658203,65.41000366210938,63.720001220703125,64.79000091552734,12689100,2024-05-30,3,30,5,2.6356867888567534,-1.0341073614412362,2.9154745489418583,2.442802741622251,64.08600082397462,64.62500114440918,66.26350078582763
64.55999755859375,64.55999755859375,64.62999725341797,63.13999938964844,64.19999694824219,17322400,2024-05-31,4,31,5,2.3079273855567144,0.5607486409100513,2.5751722546893667,2.472232608171319,64.27800064086914,64.47600059509277,66.06300067901611
63.790000915527344,63.790000915527344,64.95999908447266,62.935001373291016,64.77999877929688,14922200,2024-06-03,0,3,6,3.1744751248133767,-1.5282461908380367,2.855257704037989,2.61912997936886,64.18400039672852,64.28800086975097,65.7910005569458
64.55000305175781,64.55000305175781,65.19000244140625,63.70000076293945,64.05999755859375,12689200,2024-06-04,1,4,6,2.3082906398502816,0.7649165030265092,2.841474356772379,2.6078859722836896,64.39000091552734,64.27800102233887,65.44300060272217
65.81999969482422,65.81999969482422,66.27999877929688,64.20999908447266,64.94000244140625,19513500,2024-06-05,2,5,6,3.14494029842269,1.3550927322677087,2.7142640474999635,2.791068428488528,64.56800079345703,64.46300086975097,65.21250057220459
68.9000015258789,68.9000015258789,69.69000244140625,67.33000183105469,67.44999694824219,25871500,2024-06-06,3,6,6,3.425254801286389,2.149747432530473,2.8721776499858906,2.8938260994638743,65.52400054931641,64.80500068664551,65.33750057220459
69.30999755859375,69.30999755859375,69.70999908447266,68.11000061035156,68.9000015258789,13932600,2024-06-07,4,7,6,2.3084670761508486,0.5950595408344785,2.8722855881047176,2.723728921397042,66.4740005493164,65.37600059509278,65.40650043487548
68.5999984741211,68.5999984741211,69.69100189208984,66.55999755859375,69.27999877929688,19152300,2024-06-10,0,10,6,4.564146360261575,-0.9815247072131698,3.150219835194357,3.0027387696161734,67.43600006103516,65.81000022888183,65.48700046539307
69.58999633789062,69.58999633789062,69.5999984741211,67.76000213623047,68.5999984741211,12741200,2024-06-11,1,11,6,2.644052931051495,1.4431456061081422,3.2173722934345994,3.0294233251034894,68.44399871826172,66.41699981689453,65.66550045013427
73.1500015258789,73.1500015258789,73.5999984741211,71.0,71.30999755859375,24435500,2024-06-12,2,12,6,3.554338236344766,2.5802889220032132,3.299251881019015,3.006757964259489,69.90999908447266,67.23899993896484,66.05700054168702
70.86000061035156,70.86000061035156,73.16000366210938,70.23999786376953,73.16000366210938,17109400,2024-06-13,3,13,6,4.120809727897852,-3.143798437163033,3.4383628663413077,3.155270258163599,70.30199890136718,67.91299972534179,66.2690004348755
70.05999755859375,70.05999755859375,71.0,69.31999969482422,70.91000366210938,11601100,2024-06-14,4,14,6,2.3979451380521892,-1.1987111262410273,3.4562584787215753,3.164272033413146,70.45199890136719,68.4629997253418,66.46950016021728
70.48999786376953,70.48999786376953,70.83000183105469,69.83000183105469,69.91000366210938,14760500,2024-06-17,0,17,6,1.4186409849701247,0.8296297686714443,2.827157403663285,2.988688619428821,70.82999877929687,69.13299942016602,66.7105001449585
70.33000183105469,70.33000183105469,71.20999908447266,69.88999938964844,70.5999984741211,9511600,2024-06-18,1,18,6,1.8768657194053475,-0.38243151402528053,2.6737199613340557,2.9455461273843278,70.97799987792969,69.7109992980957,66.99450016021729
70.30000305175781,70.30000305175781,71.12000274658203,69.7300033569336,70.51000213623047,10662400,2024-06-20,3,20,6,1.9772394442501826,-0.29782878756254,2.358300202915139,2.8287760419670773,70.40800018310547,70.15899963378907,67.31100025177003
70.20999908447266,70.20999908447266,70.25,69.2300033569336,70.04000091552734,20757700,2024-06-21,4,21,6,1.4527797413003873,0.24271582913075773,1.8246942055956463,2.631528535968477,70.27799987792969,70.28999938964844,67.54750003814698
70.54000091552734,70.54000091552734,71.2300033569336,69.75,69.83000183105469,12479300,2024-06-24,0,24,6,2.098105100262075,1.0167536386300173,1.7647261980376237,2.6104923383795993,70.3740005493164,70.41299972534179,67.89450016021729
71.37999725341797,71.37999725341797,72.94000244140625,70.22000122070312,71.86000061035156,18888700,2024-06-25,1,25,6,3.8105930587898422,-0.6679701542675028,2.243116612801567,2.535137008232426,70.5520004272461,70.69099960327148,68.25049991607666
70.8499984741211,70.8499984741211,71.5999984741211,70.55000305175781,70.94000244140625,10232600,2024-06-26,2,26,6,1.4819978051895175,-0.12687336367023122,2.164143029958401,2.4189314956462282,70.65599975585937,70.81699981689454,68.61699981689453
70.33999633789062,70.33999633789062,71.31999969482422,70.06999969482422,70.9800033569336,9650500,2024-06-27,3,27,6,1.7770828334926314,-0.901672286241799,2.1241117078068905,2.241205955361015,70.66399841308593,70.5359992980957,68.88749961853027
72.68000030517578,72.68000030517578,73.26000213623047,70.7699966430664,70.80999755859375,21375900,2024-06-28,4,28,6,3.4259844286031753,2.640873903483253,2.5187526452674485,2.1717234254315474,71.15799865722656,70.71799926757812,69.31549949645996
71.0999984741211,71.0999984741211,72.58000183105469,69.4000015258789,72.19999694824219,13438700,2024-07-01,0,1,7,4.472574364868987,-1.5235436573628203,2.993646498188831,2.379186348113227,71.2699981689453,70.82199935913086,69.64249954223632
70.66999816894531,70.66999816894531,71.26000213623047,68.87999725341797,71.25,14319000,2024-07-02,1,2,7,3.367772668003763,-0.814037657620614,2.905082420031615,2.5740995164165907,71.12799835205078,70.83999938964844,69.98649940490722
71.30000305175781,71.30000305175781,72.13999938964844,70.5,70.66000366210938,7869800,2024-07-03,2,3,7,2.3001392979716084,0.9057449143490915,3.068710718588033,2.616426874273217,71.21799926757812,70.93699951171875,70.32399940490723
71.05999755859375,71.05999755859375,71.41799926757812,70.38500213623047,70.98999786376953,6599200,2024-07-05,4,5,7,1.4536971106646615,0.09860501046717711,3.004033574022439,2.564072640914665,71.36199951171875,71.01299896240235,70.5859992980957
71.25,71.25,71.77999877929688,70.75,71.30999755859375,7231100,2024-07-08,0,8,7,1.4456123218201755,-0.08413625108379988,2.607959152665839,2.563355898966644,71.0759994506836,71.11699905395508,70.70349922180176
71.31999969482422,71.31999969482422,72.27999877929688,71.12999725341797,71.4000015258789,8757900,2024-07-09,1,9,7,1.6124530717887304,-0.11204738003498622,2.0359348940497877,2.5147906961193094,71.11999969482422,71.19499893188477,70.80399932861329
69.2699966430664,69.2699966430664,71.5,68.37999725341797,71.5,14638800,2024-07-10,2,10,7,4.504118518525045,-3.118885813893138,2.2632040641540443,2.5841432420928294,70.83999938964844,70.9839988708496,70.83749923706054
73.52999877929688,73.52999877929688,73.6449966430664,68.8499984741211,69.51000213623047,26702500,2024-07-11,3,11,7,6.521145448863237,5.78333551937999,3.10740529433237,3.0880580064602015,71.28599853515625,71.25199890136719,71.03449935913086
72.43000030517578,72.43000030517578,73.80000305175781,72.11000061035156,72.11000061035156,14683700,2024-07-12,4,12,7,2.333290672767654,0.44376604093147387,3.2833240067529688,3.1436787903877037,71.55999908447265,71.4609992980957,70.99849929809571
72.29000091552734,72.29000091552734,73.25,70.76100158691406,73.05999755859375,13472600,2024-07-15,0,15,7,3.4430742586300336,-1.0539237185833095,3.6828163941149397,3.1453877733903894,71.76799926757812,71.42199935913087,71.06999931335449
74.30000305175781,74.30000305175781,75.4000015258789,73.11000061035156,73.11000061035156,17529000,2024-07-16,1,16,7,3.082100701842658,1.6276876370833442,3.976745920125726,3.0063404070877566,72.36399993896484,71.74199981689453,71.2819995880127
68.62000274658203,68.62000274658203,73.41000366210938,68.55500030517578,73.37999725341797,27884400,2024-07-17,2,17,7,7.075201344516737,-6.486773896157677,4.490962485324063,3.3770832747390545,72.23400115966797,71.5370002746582,71.18849983215333
66.26000213623047,66.26000213623047,69.34100341796875,65.80999755859375,69.0,21988900,2024-07-18,3,18,7,5.329015613545042,-3.971011396767436,4.252536518260425,3.679970906296398,70.78000183105469,71.03300018310547,70.98499984741211
67.30999755859375,67.30999755859375,67.44000244140625,66.0999984741211,66.77999877929688,12809600,2024-07-19,4,19,7,1.9907948534965776,0.7936489802111004,4.184037354406209,3.733680680579589,69.75600128173828,70.65800018310547,70.8354995727539
67.7300033569336,67.7300033569336,68.77999877929688,67.08499908447266,67.52999877929688,13408000,2024-07-22,0,22,7,2.5025832139586033,0.2961714515801761,3.9959391454719237,3.839377769793432,68.84400177001953,70.30600051879883,70.71149978637695
67.5199966430664,67.5199966430664,69.0999984741211,67.27999877929688,68.05000305175781,9539800,2024-07-23,1,23,7,2.6954973123671113,-0.7788484715985852,3.918618467576814,3.94768219385127,67.48800048828124,69.92600021362304,70.56049957275391
66.13999938964844,66.13999938964844,67.79000091552734,65.77999877929688,67.2699966430664,15187100,2024-07-24,2,24,7,3.0390114224056886,-1.6797938305448672,3.111380483154605,3.801171484239334,66.99199981689453,69.61300048828124,70.29849967956542
65.73999786376953,65.73999786376953,69.37000274658203,64.4000015258789,66.0,22596900,2024-07-25,3,25,7,7.5600872865896145,-0.3939426306522254,3.557594817763519,3.9050656680119724,66.88799896240235,68.83400039672851,70.04299964904786
64.4000015258789,64.4000015258789,66.26000213623047,64.18000030517578,66.0999984741211,17379400,2024-07-26,4,26,7,3.2298164313223596,-2.5718562594335848,3.805399133328676,3.9947182438674425,66.30599975585938,68.03100051879883,69.74599990844726
63.7599983215332,63.7599983215332,65.25499725341797,63.720001220703125,64.83499908447266,16907000,2024-07-29,0,29,7,2.407459336767957,-1.6580562630051847,3.7863743578905456,3.8911567516812346,65.51199874877929,67.17800025939941,69.29999980926513
63.09000015258789,63.09000015258789,64.7699966430664,62.61000061035156,64.1500015258789,16506200,2024-07-30,1,30,7,3.4236741599155676,-1.652379342287931,3.9320097274002377,3.9253140974885263,64.6259994506836,66.05699996948242,68.89949989318848
64.47000122070312,64.47000122070312,65.18199920654297,63.65999984741211,63.880001068115234,18209700,2024-07-31,2,31,7,2.360786924635737,0.9236069861031679,3.796364827846247,3.453872655500425,64.29199981689453,65.64199981689453,68.58950004577636
61.02000045776367,61.02000045776367,65.0,60.7599983215332,64.86000061035156,18967900,2024-08-01,3,1,8,6.9485441603718225,-5.920444212846696,3.6740562026026895,3.615825510183104,63.34800033569336,65.11799964904785,68.07549991607667
58.9900016784668,58.9900016784668,59.58000183105469,56.86000061035156,59.380001068115234,27654600,2024-08-02,4,2,8,4.61095294678727,-0.6567857572132179,3.9502835056956713,3.877841319512173,62.26600036621094,64.28600006103515,67.47200012207031
58.47999954223633,58.47999954223633,58.650001525878906,54.84000015258789,55.529998779296875,32063700,2024-08-05,0,5,8,6.515050278923648,5.312445214818365,4.771801694126809,4.279088026008678,61.210000610351564,63.36099967956543,66.83350009918213
64.87000274658203,64.87000274658203,65.81999969482422,60.5,62.54999923706055,53336900,2024-08-06,1,6,8,8.201016601782905,3.7090384297669097,5.727270182500277,4.829639954950257,61.56600112915039,63.096000289916994,66.51100025177001
65.54000091552734,65.54000091552734,68.4000015258789,65.48999786376953,65.55999755859375,31493600,2024-08-07,2,7,8,4.440042144430233,-0.03050128708216379,6.143121226459177,4.969743027152711,61.78000106811523,63.036000442504886,66.32450046539307
69.01000213623047,69.01000213623047,69.16500091552734,65.94999694824219,66.5250015258789,21779100,2024-08-08,3,8,8,4.658750714046521,3.7354386371338477,5.685162537194115,4.679609369898402,63.3780014038086,63.36300086975098,66.09850063323975
68.54000091552734,68.54000091552734,69.37999725341797,67.75,69.13999938964844,12770300,2024-08-09,4,9,8,2.3781692904073224,-0.8678022554494337,5.238605805918126,4.594444655806898,65.2880012512207,63.77700080871582,65.90400066375733
69.26000213623047,69.26000213623047,69.30999755859375,68.0199966430664,68.61000061035156,10826100,2024-08-12,0,12,8,1.8625481890543198,0.947385978860984,4.308105387944261,4.539953541035535,67.44400177001953,64.32700119018554,65.75250072479248
71.05999755859375,71.05999755859375,71.19000244140625,69.37999725341797,69.7699966430664,15472500,2024-08-13,1,13,8,2.5471506475859504,1.8489336069869817,3.1773321971048696,4.452301189802573,68.68200073242187,65.12400093078614,65.59050045013427
71.93000030517578,71.93000030517578,72.0,70.61000061035156,71.5999984741211,12337000,2024-08-14,2,14,8,1.9324334544016664,0.46089642190978886,2.6758104590991563,4.409465842779166,69.96000061035156,65.8700008392334,65.75600032806396
72.7300033569336,72.7300033569336,73.41999816894531,72.29000091552734,72.51000213623047,13711300,2024-08-15,3,15,8,1.5536878884390184,0.3034081012572455,2.0547978939776557,3.8699802155858856,70.7040008544922,67.04100112915039,66.07950038909912
72.04000091552734,72.04000091552734,73.3499984741211,71.75499725341797,72.5,11548300,2024-08-16,4,16,8,2.214049417591473,-0.6344814958243534,2.021973919414486,3.630289862666306,71.40400085449218,68.34600105285645,66.3160005569458
74.18000030517578,74.18000030517578,74.22000122070312,71.79499816894531,72.0,13821300,2024-08-19,0,19,8,3.2690793229730035,3.0277782016330295,2.3032801461982224,3.3056927670712413,72.38800048828125,69.91600112915039,66.63850040435791
73.30999755859375,73.30999755859375,74.4800033569336,73.27999877929688,74.2699966430664,10246500,2024-08-20,1,20,8,1.6368907619695432,-1.2925799486518201,2.1212281690749406,2.649280183089905,72.83800048828125,70.76000061035157,66.92800045013428
73.4800033569336,73.4800033569336,74.29000091552734,73.05999755859375,73.72000122070312,9290200,2024-08-21,2,21,8,1.6739293695439528,-0.3255532552841732,2.0695273521033983,2.372668905601277,73.14800109863282,71.55400085449219,67.29500064849853
73.30999755859375,73.30999755859375,74.12000274658203,72.66999816894531,73.55000305175781,9571900,2024-08-22,3,22,8,1.9779083698342619,-0.32631608865490924,2.1543714483824465,2.104584671180051,73.26399993896484,71.98400039672852,67.67350063323974
74.30000305175781,74.30000305175781,74.45500183105469,72.3499984741211,72.8499984741211,13065600,2024-08-23,4,23,8,2.833113419211082,1.9903975401616678,2.278184248706369,2.150079084060427,73.71600036621093,72.56000061035157,68.16850070953369
72.61000061035156,72.61000061035156,74.30000305175781,72.11000061035156,74.30000305175781,10999900,2024-08-26,0,26,8,3.0161168199935737,-2.274565776570675,2.2275917481104828,2.2654359471543524,73.4020004272461,72.89500045776367,68.6110008239746
72.55999755859375,72.55999755859375,73.08999633789062,71.80000305175781,72.48999786376953,7294100,2024-08-27,1,27,8,1.7778298367376808,0.096564625309783,2.2557795630641104,2.1885038660695253,73.25200042724609,73.04500045776368,69.08450069427491
71.8499984741211,71.8499984741211,72.55000305175781,71.0199966430664,72.5,9529400,2024-08-28,2,28,8,2.1294452904442074,-0.8965538287984914,2.346882747244161,2.20820504967378,72.92599945068359,73.0370002746582,69.4535005569458
72.23999786376953,72.23999786376953,73.27999877929688,72.12999725341797,72.5,9300800,2024-08-29,3,29,8,1.5919179954124358,-0.3586236361799569,2.269684672359796,2.2120280603711215,72.71199951171874,72.9879997253418,70.01450042724609
73.12999725341797,73.12999725341797,73.41899871826172,72.05999755859375,72.88999938964844,12676900,2024-08-30,4,30,8,1.8583361284133664,0.32926034542348326,2.0747292142002527,2.1764567314533108,72.47799835205078,73.09699935913086,70.72150020599365
71.88999938964844,71.88999938964844,73.61000061035156,71.20999908447266,72.56999969482422,13053300,2024-09-03,1,3,9,3.3384358690431237,-0.9370267438822654,2.139193024010163,2.183392386060323,72.33399810791016,72.86799926757813,71.39200019836426
71.55999755859375,71.55999755859375,72.69000244140625,71.30000305175781,71.5199966430664,7995800,2024-09-04,2,4,9,1.942425149623989,0.05592969435803474,2.1721120865874246,2.2139458248257675,72.13399810791016,72.69299926757813,71.72649993896485
71.25,71.25,72.62000274658203,70.91999816894531,71.08000183105469,8890900,2024-09-05,3,5,9,2.3859713370339914,0.23916455341316648,2.2234172959053815,2.285150021574771,72.01399841308594,72.46999893188476,72.01199989318847
69.58000183105469,69.58000183105469,72.0199966430664,68.72899627685547,71.12999725341797,11449800,2024-09-06,4,6,9,4.7298078177717295,-2.179102322809102,2.85099526037724,2.560339966368518,71.48199920654297,72.09699935913086,72.04049987792969
69.80000305175781,69.80000305175781,71.19000244140625,69.63300323486328,70.94999694824219,8804600,2024-09-09,0,9,9,2.230657791502429,-1.6208512275529652,2.9254595929950526,2.500094403597653,70.81600036621094,71.64699935913086,72.1034999847412
68.98999786376953,68.98999786376953,70.45999908447266,67.63999938964844,70.0,20227200,2024-09-10,1,10,9,4.087548604353787,-1.4428601946149553,3.0752821400571855,2.607237582033674,70.23600006103516,71.28499908447266,72.08999977111816
70.11000061035156,70.11000061035156,70.22000122070312,67.12000274658203,68.83000183105469,14671900,2024-09-11,2,11,9,4.42162094870013,1.8596523975673727,3.571121299872414,2.8716166932299187,69.94600067138671,71.03999938964844,72.04249992370606
68.08999633789062,68.08999633789062,70.48999786376953,67.8499984741211,70.05999755859375,16357900,2024-09-12,3,12,9,3.8772206368578326,-2.8118773756101554,3.8693711598371814,3.0463942278712812,69.31399993896484,70.66399917602538,71.85049972534179
72.4800033569336,72.4800033569336,72.75499725341797,70.94000244140625,72.4000015258789,30376500,2024-09-13,4,13,9,2.5041317990475678,0.11049976432126367,3.4242359560923488,3.137615608234795,69.89400024414063,70.6879997253418,71.8379997253418
71.5199966430664,71.5199966430664,72.5,71.04000091552734,72.36000061035156,12016700,2024-09-16,0,16,9,2.0413858403252565,-1.1608678278051152,3.386381565856915,3.1559205794259837,70.23799896240234,70.52699966430664,71.81199951171875
72.77999877929688,72.77999877929688,73.7300033569336,71.30999755859375,71.97000122070312,14639800,2024-09-17,1,17,9,3.3250973329615428,1.1254655340491275,3.2338913115784655,3.1545867258178255,70.99599914550781,70.61599960327149,71.7419994354248
73.5,73.5,74.73999786376953,72.19200134277344,72.7699966430664,11720900,2024-09-18,2,18,9,3.466661933328018,1.0031653024724294,3.0428995085040436,3.3070104041882282,71.6739990234375,70.80999984741212,71.75149955749512
75.27999877929688,75.27999877929688,76.45999908447266,74.55999755859375,74.9800033569336,17698400,2024-09-19,3,19,9,2.523912801126978,0.4001005720621109,2.772237941357873,3.320804550597527,73.11199951171875,71.2129997253418,71.84149932861328
73.94000244140625,73.94000244140625,75.05000305175781,73.45099639892578,74.81999969482422,17472700,2024-09-20,4,20,9,2.1625731674801663,-1.1761524418702234,2.7039262150443926,3.064081085568371,73.40399932861328,71.64899978637695,71.87299957275391
74.70999908447266,74.70999908447266,75.2699966430664,73.77999877929688,75.11000061035156,8285300,2024-09-23,0,23,9,1.9943754276918535,-0.5325542838882343,2.694524132517712,3.0404528491873135,74.04199981689453,72.13999938964844,71.89349937438965
77.44000244140625,77.44000244140625,77.51000213623047,75.97000122070312,76.0,16099200,2024-09-24,1,24,9,1.988637483182624,1.8947400544819077,2.427232162561928,2.8305617370701968,74.9740005493164,72.98499984741211,72.13499946594239
77.13999938964844,77.13999938964844,78.27999877929688,77.08000183105469,77.51000213623047,12552600,2024-09-25,2,25,9,1.5556092270376882,-0.4773612906521661,2.0450216213038623,2.5439605649039523,75.70200042724609,73.6879997253418,72.36399955749512
76.69000244140625,76.69000244140625,78.44999694824219,75.12999725341797,78.36000061035156,14788600,2024-09-26,3,26,9,4.32911668944177,-2.131187029016819,2.40606239896682,2.5891501701623465,75.98400115966797,74.54800033569336,72.60599975585937
75.75,75.75,77.08000183105469,75.69999694824219,77.02999877929688,7580100,2024-09-27,4,27,9,1.8217886241749175,-1.6616886921733882,2.3379054903057708,2.5209158526750817,76.34600067138672,74.875,72.7814998626709
75.16000366210938,75.16000366210938,75.72000122070312,74.25499725341797,75.31999969482422,12991100,2024-09-30,0,30,9,1.9491802766152775,-0.2124217118469243,2.328866460090455,2.5116952963040835,76.43600158691406,75.2390007019043,72.88300018310547
74.23999786376953,74.23999786376953,75.7699966430664,73.83999633789062,75.7699966430664,8980500,2024-10-01,1,1,10,2.5996772100092644,-2.0192673183084837,2.4510744054557834,2.4391532840088557,75.79600067138672,75.38500061035157,73.00050010681153
72.87000274658203,72.87000274658203,74.30999755859375,72.79000091552734,74.08999633789062,11323400,2024-10-02,2,2,10,2.0859017233091866,-1.6466374026322803,2.557132904710083,2.3010772630069725,74.94200134277344,75.32200088500977,73.06600036621094
72.94000244140625,72.94000244140625,73.20999908447266,71.9000015258789,72.55999755859375,11096300,2024-10-03,3,3,10,1.7959933023666812,0.5237112673627613,2.0505082272950657,2.228285313130943,74.19200134277344,75.0880012512207,73.15050048828125
74.27999877929688,74.27999877929688,74.31999969482422,73.22000122070312,74.11000061035156,10750300,2024-10-04,4,4,10,1.4808811149680343,0.22938627384327323,1.9823267254536887,2.1601161078797295,73.89800109863282,75.12200088500977,73.38550033569337
74.58999633789062,74.58999633789062,75.73999786376953,73.7300033569336,74.25499725341797,15328800,2024-10-07,0,7,10,2.694723965035094,0.4511468545737993,2.131435463137652,2.2301509616140534,73.78399963378907,75.11000061035156,73.625
76.16999816894531,76.16999816894531,77.0199966430664,75.05999755859375,75.25,17800300,2024-10-08,1,8,10,2.5731904051321774,1.22258892883098,2.1261381021622348,2.2886062538090095,74.16999969482421,74.98300018310547,73.98400001525879
77.87000274658203,77.87000274658203,77.95999908447266,75.95500183105469,76.0,17251100,2024-10-09,2,9,10,2.5748005428264538,2.460529929713199,2.2239178660656878,2.390525385387886,75.16999969482421,75.05600051879883,74.37200012207032
77.91999816894531,77.91999816894531,78.23999786376953,76.9000015258789,77.6500015258789,15033600,2024-10-10,3,10,10,1.7197078662466843,0.34770977174600926,2.208660778841689,2.1295845030683767,76.16599884033204,75.17900009155274,74.86350021362304
86.33999633789062,86.33999633789062,87.0,81.86000061035156,82.0,57290500,2024-10-11,4,11,10,5.95320779205631,5.292678460842225,3.103126114259344,2.5427264198565163,78.57799835205078,76.2379997253418,75.5564998626709
84.94000244140625,84.94000244140625,86.18000030517578,84.18000030517578,85.63999938964844,14752400,2024-10-14,0,14,10,2.3546031816747948,-0.817371500736837,3.035101957587284,2.583268710362468,80.6479995727539,77.21599960327148,76.2275001525879
83.19999694824219,83.19999694824219,84.7699966430664,82.6500015258789,84.7699966430664,14858500,2024-10-15,1,15,10,2.548071147774592,-1.8520700212303638,3.030078106115767,2.578108104139001,82.05399932861329,78.11199951171875,76.74850006103516
81.9000015258789,81.9000015258789,83.4800033569336,81.62000274658203,82.93000030517578,12398500,2024-10-16,2,16,10,2.2710629739901,-1.2420098583221533,2.969330592348496,2.5966242292070922,82.85999908447266,79.01499938964844,77.1685001373291
79.9000015258789,79.9000015258789,80.87999725341797,79.41000366210938,79.91999816894531,27373200,2024-10-17,3,17,10,1.8397916936615775,-0.025020825230919978,2.9933473578314747,2.6010040683365814,83.25599975585938,79.7109992980957,77.39950027465821
79.16000366210938,79.16000366210938,80.55000305175781,78.80000305175781,80.52999877929688,14186700,2024-10-18,4,18,10,2.210712378778796,-1.701223317961488,2.244848275175972,2.673987194717658,81.82000122070312,80.19899978637696,77.66050033569336
80.45999908447266,80.45999908447266,80.56999969482422,79.55000305175781,79.94000244140625,11238700,2024-10-21,0,21,10,1.2677065059316504,0.65048364671686,2.027468940027343,2.5312854488073135,80.9240005493164,80.78600006103515,77.94800033569337
80.41000366210938,80.41000366210938,81.25,79.9800033569336,80.47000122070312,10754000,2024-10-22,1,22,10,1.5794012998719102,-0.07455891348776812,1.8337349704468067,2.431906538281287,80.36600189208984,81.21000061035156,78.09650039672852
79.83000183105469,79.83000183105469,80.31999969482422,79.36000061035156,80.05500030517578,8689900,2024-10-23,2,23,10,1.2025542558602407,-0.28105486635860644,1.6200332268208348,2.2946819095846656,79.952001953125,81.40600051879883,78.23100051879882
78.37999725341797,78.37999725341797,78.5999984741211,77.13999938964844,78.00499725341797,15220900,2024-10-24,3,24,10,1.8627189788642016,0.480738431131178,1.6246186838613597,2.3089830208464175,79.64800109863282,81.45200042724609,78.31550025939941
77.62000274658203,77.62000274658203,78.83999633789062,76.95999908447266,78.26000213623047,11727400,2024-10-25,4,25,10,2.4220525468877976,-0.8177860620733995,1.66688671748316,1.955867496329566,79.34000091552734,80.58000106811524,78.40900039672852
77.69000244140625,77.69000244140625,78.37999725341797,77.47000122070312,78.19999694824219,9311900,2024-10-28,0,28,10,1.1713167770861665,-0.6521669139878418,1.6476087717140633,1.8375388558707033,78.78600158691407,79.85500106811523,78.53550033569336
79.20999908447266,79.20999908447266,79.98999786376953,77.7699966430664,77.8499984741211,14469600,2024-10-29,1,29,10,2.8026780032349556,1.7469500796504884,1.8922641123866726,1.8629995414167397,78.54600067138672,79.45600128173828,78.78400039672852
79.43000030517578,79.43000030517578,80.07499694824219,78.81999969482422,79.2300033569336,14997700,2024-10-30,2,30,10,1.580004089885659,0.25242577277347206,1.967754079191756,1.7938936530062954,78.46600036621093,79.20900115966796,79.1120002746582
72.05000305175781,72.05000305175781,74.98999786376953,69.87000274658203,74.5,64047100,2024-10-31,3,31,10,7.106169188514125,-3.2885865077076346,3.016444121121741,2.32053140249155,77.2000015258789,78.42400131225585,79.06750030517578
73.25,73.25,74.1500015258789,72.25,73.94000244140625,33542200,2024-11-01,4,1,11,2.5938587384012375,-0.9331923432827074,3.0508053594244284,2.358846038453794,76.3260009765625,77.83300094604492,79.01600036621093
73.25,73.25,74.22000122070312,72.66000366210938,72.75,14949100,2024-11-04,0,4,11,2.1296894997866893,0.6872852233676976,3.242479903964534,2.445044337839298,75.43800048828125,77.11200103759765,78.94900054931641
74.1500015258789,74.1500015258789,74.33999633789062,73.23999786376953,73.55000305175781,12274600,2024-11-05,1,5,11,1.4834773452259282,0.8157694754939293,2.978639772362728,2.4354519423747,74.4260009765625,76.4860008239746,78.84800071716309
74.36000061035156,74.36000061035156,74.62000274658203,70.74099731445312,73.45500183105469,26410700,2024-11-06,2,6,11,5.2165215173343,1.2320451388434481,3.705943257852456,2.836848668522106,73.41200103759766,75.93900070190429,78.67250061035156
73.12999725341797,73.12999725341797,76.4000015258789,72.73999786376953,76.0999984741211,24305900,2024-11-07,3,7,11,5.004791193176632,-3.9027612092700856,3.285667658784958,3.1510558899533487,73.62799987792968,75.4140007019043,78.4330005645752
72.04000091552734,72.04000091552734,73.55999755859375,71.55500030517578,73.44000244140625,20152600,2024-11-08,4,8,11,2.78317216537655,-1.9063200971376475,3.32353034418002,3.1871678518022244,73.38600006103516,74.85600051879882,77.71800079345704
71.6500015258789,71.6500015258789,73.0,71.33999633789062,72.6500015258789,22682200,2024-11-11,0,11,11,2.316822926388643,-1.3764624624870607,3.3609570295004105,3.301718466732472,73.06600036621094,74.25200042724609,77.05350074768066
71.37000274658203,71.37000274658203,72.68000030517578,71.19999694824219,71.97000122070312,19439700,2024-11-12,1,12,11,2.0737050581162717,-0.8336785659918765,3.4790025720784796,3.2288211722206035,72.51000061035157,73.46800079345704,76.46200103759766
71.16000366210938,71.16000366210938,72.08000183105469,70.55000305175781,71.52999877929688,15006000,2024-11-13,2,13,11,2.1500824909478675,-0.5172586655972218,2.865714766801193,3.2858290123268246,71.87000122070313,72.6410011291504,75.92500114440918
71.44000244140625,71.44000244140625,72.75,70.76000213623047,71.16000366210938,17372200,2024-11-14,3,14,11,2.7855512258719335,0.3934777471715704,2.421866773340253,2.8537672160626055,71.53200225830078,72.58000106811524,75.50200119018555
73.25,73.25,73.62999725341797,71.76000213623047,72.0999984741211,23980900,2024-11-15,4,15,11,2.5528943579351537,1.595009084905428,2.375811211851974,2.849670778015997,71.77400207519531,72.58000106811524,75.20650100708008
69.33000183105469,69.33000183105469,72.04000091552734,67.80000305175781,72.04000091552734,45212500,2024-11-18,0,18,11,6.115675395626958,-3.7617976818883534,3.1355817056996367,3.248269367600024,71.31000213623047,72.1880012512207,74.65000114440917
69.12999725341797,69.12999725341797,69.5999984741211,68.19999694824219,68.51000213623047,22289100,2024-11-19,1,19,11,2.0251722573440234,0.9049702201944978,3.125875145545187,3.3024388588118336,70.86200103759765,71.68600082397461,74.08600082397462
69.5999984741211,69.5999984741211,70.33000183105469,68.94999694824219,69.29000091552734,16656600,2024-11-20,2,20,11,1.982765679694114,0.4473914771218916,3.0924117832944367,2.9790632750478148,70.55,71.21000061035156,73.57450065612792
69.63999938964844,69.63999938964844,70.87000274658203,68.80000305175781,70.25,25657700,2024-11-21,3,21,11,2.972429225971406,-0.8683282709630783,3.129787383314331,2.775827078327292,70.18999938964843,70.8610008239746,73.13750076293945
71.51000213623047,71.51000213623047,71.54000091552734,69.3499984741211,70.0,14874100,2024-11-22,4,22,11,3.0625120626261144,2.1571459089006697,3.2317109242525235,2.803761068052249,69.84199981689453,70.80800094604493,72.83200073242188
73.41999816894531,73.41999816894531,73.55000305175781,71.83000183105469,72.5999984741211,17446600,2024-11-25,0,25,11,2.3426876376995596,1.1294761874086192,2.4771133726670436,2.80634753918334,70.65999908447266,70.98500061035156,72.61850051879883
71.55999755859375,71.55999755859375,73.5,71.33999633789062,73.48999786376953,13704900,2024-11-26,1,26,11,3.018451279768073,-2.6262081389000405,2.6757691771518535,2.90082216134852,71.14599914550782,71.00400009155274,72.23600044250489
71.62000274658203,71.62000274658203,72.69999694824219,71.01000213623047,72.05999755859375,12967800,2024-11-27,2,27,11,2.359668733875288,-0.6105950970286229,2.751149787988088,2.9217807856412623,71.55,71.05,71.84550056457519
71.95999908447266,71.95999908447266,72.44000244140625,71.5199966430664,71.69999694824219,7348700,2024-11-29,4,29,11,1.2784961229083176,0.36262503109749855,2.4123631673754704,2.771075275344901,72.01399993896484,71.10199966430665,71.84100036621093
73.06999969482422,73.06999969482422,73.44000244140625,71.47000122070312,71.93000030517578,11574600,2024-12-02,0,2,12,2.6960465703172383,1.5848733279741247,2.3390700689136956,2.7853904965831093,72.3259994506836,71.08399963378906,71.83200035095214
71.2699966430664,71.2699966430664,73.25,71.25,73.05999755859375,12760500,2024-12-03,1,3,12,2.8062299624011176,-2.4500423971295264,2.4317785338540068,2.4544459532605254,71.89599914550782,71.27799911499024,71.73300018310547
72.16000366210938,72.16000366210938,72.4000015258789,70.6500015258789,71.4000015258789,17263100,2024-12-04,2,4,12,2.4251661740406902,1.064428739479797,2.3131215127085305,2.4944453449301918,72.01600036621093,71.58099975585938,71.633500289917
65.2300033569336,65.2300033569336,72.02999877929688,64.27999877929688,71.93000030517578,77320400,2024-12-05,3,5,12,11.8810357215415,-9.31460714558079,4.217394910241772,3.48427234911493,70.73800048828124,71.14400024414063,71.1770004272461
66.08999633789062,66.08999633789062,67.0999984741211,65.19999694824219,66.44999694824219,36413200,2024-12-06,4,6,12,2.874870072870015,-0.5417616657408826,4.536669700234112,3.4745164338047916,69.56399993896484,70.78899993896485,70.82500038146972
65.73999786376953,65.73999786376953,66.16999816894531,65.05999755859375,65.5,27602900,2024-12-09,0,9,12,1.6884707125360332,0.36640895231989506,4.335154528677871,3.337112298795783,68.0979995727539,70.21199951171874,70.51000022888184
64.95999908447266,64.95999908447266,65.76000213623047,64.63999938964844,65.66999816894531,23672900,2024-12-10,1,10,12,1.724142183446774,-1.081162028733553,4.118736972887002,3.2752577533705045,66.83600006103515,69.36599960327149,70.17550010681153
61.18000030517578,61.18000030517578,64.69499969482422,60.22999954223633,64.5,71089500,2024-12-11,2,11,12,7.298136858966566,-5.1472863485646805,5.093331109872177,3.7032263112903534,64.63999938964844,68.32799987792968,69.6659999847412
61.40999984741211,61.40999984741211,63.540000915527344,61.25,63.165000915527344,45673200,2024-12-12,3,12,12,3.7290358593346373,-2.7784390765105123,3.462931137430805,3.840163023836289,63.87599868774414,67.3069995880127,69.17849979400634
59.93000030517578,59.93000030517578,62.2599983215332,59.7400016784668,61.86000061035156,47325300,2024-12-13,4,13,12,4.204900100507374,-3.1199487328372544,3.7289371429582774,4.132803421596195,62.64399948120117,66.103999710083,68.60299968719482
60.25,60.25,61.29999923706055,60.119998931884766,60.310001373291016,38612400,2024-12-16,0,16,12,1.9585067305822095,-0.09948826384472266,3.782944346567512,4.059049437622692,61.545999908447264,64.82199974060059,67.95299968719482
61.029998779296875,61.029998779296875,61.040000915527344,59.33000183105469,59.41999816894531,35025500,2024-12-17,1,17,12,2.8018992604875113,2.7095265229964234,3.99849576197566,4.0586163674313305,60.75999984741211,63.797999954223634,67.53799953460694
61.22999954223633,61.22999954223633,63.939998626708984,60.849998474121094,61.38999938964844,46736700,2024-12-18,2,18,12,5.046546097810134,-0.260628520936406,3.5481776097443736,4.320754359808275,60.76999969482422,62.70499954223633,67.14299964904785
60.209999084472656,60.209999084472656,62.310001373291016,59.97999954223633,61.849998474121094,27811400,2024-12-19,3,19,12,3.8697921715391015,-2.6515754730934007,3.576328872185266,3.519630004808036,60.529999542236325,62.202999114990234,66.67349967956542
60.72999954223633,60.72999954223633,61.38999938964844,59.75,60.084999084472656,26377700,2024-12-20,4,20,12,2.7004765387950567,1.07348001596351,3.2754441598428032,3.5021906514005394,60.689999389648435,61.666999435424806,66.22799968719482
61.869998931884766,61.869998931884766,62.220001220703125,60.7599983215332,60.880001068115234,16093600,2024-12-23,0,23,12,2.359791376071138,1.6261462654408925,3.355701088940589,3.5693227177540505,61.01399917602539,61.279999542236325,65.74599952697754
61.709999084472656,61.709999084472656,61.97999954223633,60.880001068115234,61.970001220703125,7882500,2024-12-24,1,24,12,1.7825287480807517,-0.4195612895092318,3.1518269864592368,3.5751613742174486,61.14999923706055,60.95499954223633,65.1604995727539
61.560001373291016,61.560001373291016,61.970001220703125,61.15999984741211,61.599998474121094,12659000,2024-12-26,3,26,12,1.315791675148419,-0.06493036009876103,2.4056761019268933,2.976926855835633,61.215999603271484,60.99299964904785,64.66049976348877
61.130001068115234,61.130001068115234,61.2599983215332,60.02000045776367,61.18600082397461,13483600,2024-12-27,4,27,12,2.0284603993182344,-0.09152380463707725,2.0374097474827204,2.806869309833993,61.4,60.964999771118165,64.13599967956543
60.77000045776367,60.77000045776367,61.369998931884766,60.119998931884766,60.5099983215332,17709200,2024-12-30,0,30,12,2.0569359726577163,0.4296845867502593,1.908701634255252,2.5920728970490274,61.40800018310547,61.04899978637695,63.57649974822998
60.31999969482422,60.31999969482422,61.099998474121094,60.16999816894531,61.0,14487300,2024-12-31,1,31,12,1.5417777020572172,-1.1147545986488216,1.7450988994524679,2.550399994196528,61.09800033569336,61.055999755859375,62.93899974822998
63.16999816894531,63.16999816894531,63.38999938964844,61.310001373291016,62.189998626708984,25899100,2025-01-02,3,2,1,3.292699187349287,1.5758153463207247,2.047132987306175,2.5994799868827054,61.39000015258789,61.26999969482422,62.533999824523924
64.58999633789062,64.58999633789062,65.22000122070312,63.439998626708984,63.689998626708984,28553800,2025-01-03,4,3,1,2.755848730324099,1.413091114127012,2.3351443983413107,2.3704102501341024,61.99599914550781,61.60599937438965,62.15549945831299
66.30999755859375,66.30999755859375,67.3499984741211,66.04000091552734,66.97000122070312,32980700,2025-01-06,0,6,1,1.9755656866616411,-0.9855213529626474,2.3245654558099917,2.1809876016463563,63.03199844360351,62.21599922180176,62.20949916839599
66.1500015258789,66.1500015258789,68.83999633789062,65.94999694824219,68.48999786376953,35347800,2025-01-07,1,7,1,4.36885763111861,-3.4165519212674087,2.786949787502171,2.3478257108787117,64.10799865722656,62.757999420166016,62.21249942779541
64.91000366210938,64.91000366210938,66.68000030517578,64.12000274658203,66.4000015258789,24523300,2025-01-08,2,8,1,3.943918370302181,-2.2439726348331717,3.2673779211511635,2.5062384103018154,65.0259994506836,63.06199989318848,62.170999717712405
65.97000122070312,65.97000122070312,66.5999984741211,63.959999084472656,64.5,30728800,2025-01-10,4,10,1,4.001818009395362,2.279071660004845,3.4092016855603786,2.728167336433277,65.58600006103515,63.488000106811526,62.221499824523924
65.69999694824219,65.69999694824219,67.19499969482422,65.0199966430664,65.15499877929688,23960100,2025-01-13,0,13,1,3.3105070818667746,0.836464092020652,3.5201333558689134,2.9276388771051125,65.80800018310546,63.90199966430664,62.447499656677245
64.83999633789062,64.83999633789062,66.80999755859375,64.62000274658203,66.16000366210938,25735800,2025-01-14,1,14,1,3.3775369150228483,-1.9951742006549102,3.8005276015411553,3.0625465286755738,65.51399993896484,64.27299919128419,62.61899948120117
67.0199966430664,67.0199966430664,67.24500274658203,66.01000213623047,66.01000213623047,22704800,2025-01-15,2,15,1,1.842734515384865,1.5300628301019075,3.295302978394406,3.041126382948289,65.68799896240235,64.89799880981445,62.9734992980957
68.58000183105469,68.58000183105469,69.58000183105469,67.63999938964844,67.75,29013100,2025-01-16,3,16,1,2.8288165494445496,1.2250949535862545,3.0722826142228796,3.169830267687022,66.4219985961914,65.7239990234375,63.38999938964844
67.33999633789062,67.33999633789062,69.0199966430664,67.2300033569336,68.80000305175781,27139200,2025-01-17,4,17,1,2.658142832606045,-2.122102687653711,2.803547578865017,3.1063746322126975,66.69599761962891,66.14099884033203,63.705499267578126
67.73999786376953,67.73999786376953,68.18000030517578,66.8499984741211,68.0,21423600,2025-01-21,1,21,1,1.9633921951539266,-0.38235608269186583,2.534124601522447,3.0271289786956803,67.10399780273437,66.45599899291992,64.03099918365479
67.81999969482422,67.81999969482422,68.43000030517578,67.5,68.38999938964844,18130000,2025-01-22,2,22,1,1.3712773656157295,-0.8334547447159274,2.1328726916410234,2.9667001465910894,67.69999847412109,66.60699920654297,64.41149921417237
68.30000305175781,68.30000305175781,68.37000274658203,67.23999786376953,67.5999984741211,15355400,2025-01-23,3,23,1,1.6544726681142037,1.035509753605538,2.095220322186891,2.6952616502906483,67.95599975585938,66.82199935913086,64.78999938964844
68.55999755859375,68.55999755859375,69.30999755859375,68.4000015258789,68.69000244140625,14360300,2025-01-24,4,24,1,1.3272988114346556,-0.18926317978136104,1.794916774584912,2.433599694403896,67.95199890136719,67.1869987487793,65.12449932098389
68.7699966430664,68.7699966430664,69.41000366210938,67.37000274658203,67.63999938964844,20904600,2025-01-27,0,27,1,2.9664112477938045,1.6706050615235553,1.856570457622464,2.33005901824374,68.23799896240234,67.46699829101563,65.47749919891358
68.06999969482422,68.06999969482422,69.67500305175781,67.16200256347656,68.33000183105469,24988500,2025-01-28,1,28,1,3.6917885993061477,-0.38050948231103765,2.2022497384529083,2.3681871699876775,68.30399932861329,67.70399856567383,65.80299911499023
66.75,66.75,68.05999755859375,65.81999969482422,67.80000305175781,29592600,2025-01-29,2,29,1,3.355802043100421,-1.5486769977816242,2.5991546739498466,2.3660136827954346,68.08999938964844,67.89499893188477,66.08399906158448
66.58999633789062,66.58999633789062,67.22200012207031,63.41999816894531,63.41999816894531,33246500,2025-01-30,3,30,1,5.709569247958658,4.998420467469449,3.410173989918737,2.7526971560528137,67.747998046875,67.85199890136718,66.37499885559082
66.8499984741211,66.8499984741211,67.87000274658203,66.33300018310547,67.08999633789062,19776000,2025-01-31,4,31,1,2.2991811496773114,-0.35772525990433973,3.6045504575672687,2.6997336160760903,67.40599822998047,67.67899856567382,66.70149879455566
67.29000091552734,67.29000091552734,68.8499984741211,65.1780014038086,65.30000305175781,25290000,2025-02-03,0,3,2,5.456972834525816,3.0474697867812157,4.102662774913671,2.9796166162680677,67.10999908447266,67.6739990234375,66.90749893188476
69.75,69.75,70.19000244140625,67.69000244140625,67.69000244140625,33786200,2025-02-04,1,4,2,3.584229390681003,3.0432818500441376,4.081150933188642,3.141700335820775,67.44599914550781,67.87499923706055,67.16549911499024
64.4800033569336,64.4800033569336,66.75,63.5,66.5,78975900,2025-02-05,2,5,2,5.0403223182377905,-3.0375889369419644,4.418054988216116,3.508604831082981,66.99199981689453,67.54099960327149,67.07399940490723
69.98999786376953,69.98999786376953,70.05000305175781,65.54000091552734,65.66999816894531,45940200,2025-02-06,3,6,2,6.4437809313966,6.578345995549462,4.564897324903704,3.987535657411221,67.67200012207032,67.70999908447266,67.26599922180176
74.5999984741211,74.5999984741211,76.7750015258789,70.12999725341797,70.36000061035156,81813200,2025-02-07,4,7,2,8.90751261176782,6.0261481338670295,5.886563617321806,4.745557037444537,69.22200012207031,68.31399917602539,67.75049896240235
78.62999725341797,78.62999725341797,78.98999786376953,76.80000305175781,77.0999984741211,42551700,2025-02-10,0,10,2,2.785189989201636,1.9844342536665873,5.35220704825697,4.727434911585321,71.48999938964843,69.29999923706055,68.38349876403808
76.94999694824219,76.94999694824219,79.19999694824219,76.5999984741211,78.91000366210938,27329600,2025-02-11,1,11,2,3.378815564956935,-2.4838507450334006,5.311124283112156,4.696137608150399,72.92999877929688,70.18799896240235,68.94599876403808
79.3499984741211,79.3499984741211,80.0999984741211,74.1500015258789,74.97000122070312,33142400,2025-02-12,2,12,2,7.498420998940153,5.842333176070995,5.8027440192526285,5.110399503734373,75.90399780273438,71.44799880981445,69.6714988708496
80.29000091552734,80.29000091552734,80.52999877929688,78.51000213623047,79.12000274658203,21754700,2025-02-13,3,13,2,2.5158757255360267,1.4787640651287215,5.017162978080514,4.791030151492109,77.96399841308593,72.81799926757813,70.33499908447266
79.41999816894531,79.41999816894531,80.3499984741211,78.87000274658203,80.3499984741211,15405700,2025-02-14,4,14,2,1.8635051141536896,-1.1574366183408369,3.6083614785576885,4.7474625479397465,78.92799835205078,74.07499923706055,70.87699890136719
81.48999786376953,81.48999786376953,81.51000213623047,79.75,79.8499984741211,18943200,2025-02-18,1,18,2,2.159776883505069,2.0538502454448406,3.4832788574183744,4.417742952837672,79.4999984741211,75.49499893188477,71.58449897766113
81.16000366210938,81.16000366210938,81.9000015258789,79.26000213623047,80.79000091552734,14973400,2025-02-19,2,19,2,3.252833009519634,0.4579808669254749,3.4580823463309143,4.384603314721535,80.34199981689453,76.6359992980957,72.25549926757813
81.26000213623047,81.26000213623047,81.83999633789062,80.05999755859375,81.2300033569336,14770300,2025-02-20,3,20,2,2.190498071010076,0.03693066361829022,2.396497760744899,4.099620889998763,80.7240005493164,78.31399917602539,72.92749938964843
78.88999938964844,78.88999938964844,82.0999984741211,78.36000061035156,81.26000213623047,21774300,2025-02-21,4,21,2,4.740775627715718,-2.916567418505328,2.8414777411808374,3.929320359630675,80.44400024414062,79.20399932861328,73.45699920654297
76.41999816894531,76.41999816894531,78.87999725341797,74.8499984741211,78.6500015258789,24368400,2025-02-24,0,24,2,5.273487144539792,-2.8353506848945655,3.523474147258058,3.5659178129078724,79.84400024414063,79.3859992980957,73.84999923706054
74.94999694824219,74.94999694824219,76.37000274658203,73.52999877929688,76.36000061035156,19559200,2025-02-25,1,25,2,3.7891982427248965,-1.8465212818741534,3.8493584191020234,3.6663186382601993,78.53600006103515,79.01799926757812,74.15899925231933
75.87000274658203,75.87000274658203,76.48999786376953,75.30999755859375,75.33000183105469,10328900,2025-02-26,2,26,2,1.5552922926827502,0.7168470760672796,3.509850275734647,3.4839663110327805,77.47799987792969,78.90999984741211,74.54899940490722
74.20999908447266,74.20999908447266,77.69000244140625,73.70999908447266,75.94999694824219,22535900,2025-02-27,3,27,2,5.363163193686591,-2.2909781878665396,4.144383300269949,3.270440530507424,76.06799926757813,78.39599990844727,74.92199935913087
76.01000213623047,76.01000213623047,76.11000061035156,73.58000183105469,74.27999877929688,17752000,2025-02-28,4,28,2,3.3285077071336393,2.3290298672107355,3.861929716153534,3.351703728667186,75.49199981689453,77.96800003051757,75.39299964904785
74.44000244140625,74.44000244140625,77.73999786376953,73.68000030517578,77.05999755859375,16999500,2025-03-03,0,3,3,5.454053500051245,-3.3999418637346137,3.898042987255825,3.710758567256941,75.09600067138672,77.47000045776367,75.7724998474121
75.26000213623047,75.26000213623047,76.68000030517578,71.5999984741211,72.93000030517578,24241200,2025-03-04,1,4,3,6.749935805023257,3.1948468686477285,4.490190499715497,4.169774459408759,75.15800170898437,76.84700088500976,76.17099990844727
76.4800033569336,76.4800033569336,76.94000244140625,74.93000030517578,75.6500015258789,13122300,2025-03-05,2,5,3,2.6281407531453045,1.0971603626085247,4.704760191808007,4.107305233771326,75.28000183105469,76.37900085449219,76.50750007629395
74.95999908447266,74.95999908447266,77.22000122070312,74.7249984741211,75.31500244140625,16504900,2025-03-06,3,6,3,3.3284455403613395,-0.4713580899234255,4.2978166611429565,4.2210999807064535,75.43000183105468,75.7490005493164,77.0314998626709
76.2699966430664,76.2699966430664,76.69999694824219,73.77999877929688,73.98999786376953,18610400,2025-03-07,4,7,3,3.828501766704569,3.0814959388089336,4.397815473057142,4.129872594605338,75.48200073242188,75.4870002746582,77.34549980163574
73.05999755859375,73.05999755859375,75.48999786376953,71.97000122070312,74.94000244140625,22120100,2025-03-10,0,10,3,4.817953409105149,-2.5086800394521336,4.270595454867925,4.0843192210618735,75.20599975585938,75.15100021362305,77.26849975585938
70.6500015258789,70.6500015258789,74.25,69.56999969482422,71.44000244140625,26668200,2025-03-11,1,11,3,6.624204110542744,-1.1058243120516236,4.245449115971821,4.367819807843659,74.28399963378907,74.72100067138672,76.86949996948242
71.19999694824219,71.19999694824219,72.41999816894531,69.55000305175781,72.30999755859375,17315000,2025-03-12,2,12,3,4.030892191292932,-1.5350582876899066,4.525999403601347,4.615379797704677,73.22799835205078,74.25400009155274,76.58199996948242
69.51000213623047,69.51000213623047,72.0,69.36000061035156,71.68000030517578,15272200,2025-03-13,3,13,3,3.798013679347018,-3.0273411826263956,4.619913031398482,4.458864846270719,72.13799896240235,73.78400039672852,76.09000015258789
71.55000305175781,71.55000305175781,71.79000091552734,70.33000183105469,70.55000305175781,13537300,2025-03-14,4,14,3,2.040529730538967,1.4174343823434947,4.262318624165362,4.3300670486112525,71.19400024414062,73.33800048828125,75.65300025939942
72.7300033569336,72.7300033569336,73.80999755859375,71.7750015258789,72.0199966430664,20577800,2025-03-17,0,17,3,2.7980144902892277,0.985846635603172,3.8583308404021777,4.064463147635051,71.1280014038086,73.16700057983398,75.31850051879883
71.55000305175781,71.55000305175781,72.67500305175781,70.4800033569336,72.19999694824219,16137500,2025-03-18,1,18,3,3.067784208529524,-0.9002685927401552,3.1470468599995334,3.6962479879856773,71.30800170898438,72.79600067138672,74.82150077819824
73.0199966430664,73.0199966430664,73.78500366210938,70.7300033569336,71.91999816894531,15042100,2025-03-19,2,19,3,4.183785874585997,1.529475114191629,3.177625596658147,3.851812500129747,71.67200164794922,72.45,74.4145004272461
74.3499984741211,74.3499984741211,75.54000091552734,72.45999908447266,72.55999755859375,17851400,2025-03-20,3,20,3,4.142571478500756,2.4669252697836432,3.246537156488894,3.933225093943688,72.64000091552734,72.38899993896484,74.06900024414062
75.83999633789062,75.83999633789062,76.0,72.7699966430664,73.72000122070312,26551400,2025-03-21,4,21,3,4.258970876716463,2.875739395121079,3.6902253857243936,3.976272004944877,73.49799957275391,72.34599990844727,73.91650009155273
76.51000213623047,76.51000213623047,77.58399963378906,75.44000244140625,76.97000122070312,18126300,2025-03-24,0,24,3,2.8022443242980204,-0.5976342434420117,3.6910713525261523,3.7747010964641645,74.25399932861328,72.69100036621094,73.92100028991699
75.61000061035156,75.61000061035156,76.70999908447266,75.05000305175781,76.5999984741211,16065900,2025-03-25,1,25,3,2.195471524024268,-1.2924254353660292,3.5166088156251005,3.3318278378123174,75.06599884033203,73.1870002746582,73.95400047302246
74.18000030517578,74.18000030517578,75.63999938964844,73.2249984741211,75.55000305175781,11828600,2025-03-26,2,26,3,3.255595720668717,-1.8133721922465966,3.330970784841645,3.2542981907498953,75.29799957275391,73.48500061035156,73.86950035095215
74.86000061035156,74.86000061035156,75.62000274658203,73.52999877929688,73.8949966430664,11866800,2025-03-27,3,27,3,2.791883449432076,1.3059124583852362,3.0608331790279086,3.1536851677584012,75.4,74.02000045776367,73.9020004272461
72.75,72.75,74.91999816894531,72.38099670410156,74.5,11277900,2025-03-28,4,28,3,3.490036377792096,-2.348993288590604,2.9070462792430356,3.298635832483714,74.78200073242188,74.14000015258789,73.73900032043457
72.86000061035156,72.86000061035156,73.30000305175781,70.5,71.4000015258789,16033100,2025-03-31,0,31,3,3.842990705877105,2.0448166012202114,3.1151955555588526,3.4031334540425022,74.0520004272461,74.15299987792969,73.66000022888184
72.98999786376953,72.98999786376953,73.06999969482422,70.83000183105469,72.5999984741211,16889200,2025-04-01,1,1,4,3.0689107128764723,0.5371892532304339,3.2898833933292932,3.403246104477197,73.52799987792969,74.29699935913087,73.54650001525879
74.5,74.5,75.41000366210938,72.0,72.0,14806900,2025-04-02,2,2,4,4.577186123636745,3.4722222222222223,3.554201473922899,3.442586129382272,73.59199981689453,74.44499969482422,73.4474998474121
69.8499984741211,69.8499984741211,72.43599700927734,69.76699829101562,71.72000122070312,23290800,2025-04-03,3,3,4,3.821043345119847,-2.607365748401891,3.7600334530604527,3.4104333160441813,72.58999938964844,73.99499969482422,73.19199981689454
64.62000274658203,64.62000274658203,67.55899810791016,63.939998626708984,66.69499969482422,34938700,2025-04-04,4,4,4,5.600432261499081,-3.111173188000202,4.18211262980185,3.5445794545224425,70.96399993896485,72.87300033569336,72.60950012207032
65.63999938964844,65.63999938964844,67.58699798583984,60.630001068115234,62.52000045776367,32841700,2025-04-07,0,7,4,10.598715695329123,4.990401326040502,5.533257627692253,4.3242265916255525,69.51999969482422,71.78600006103515,72.23850021362304
65.06999969482422,65.06999969482422,70.06999969482422,63.5,69.30999755859375,24045200,2025-04-08,1,8,4,10.096818388869314,-6.117440503709575,6.938839162890821,5.114361278110058,67.93600006103516,70.73199996948242,71.95950012207031
72.68000030517578,72.68000030517578,73.4000015258789,64.94999694824219,65.0,30148800,2025-04-09,2,9,4,11.626313349141478,11.815385084885817,8.348664607991768,5.951433040957334,67.5720001220703,70.58199996948242,72.03350028991699
70.94000244140625,70.94000244140625,72.87000274658203,68.33999633789062,71.75,22373900,2025-04-10,3,10,4,6.385686851974695,-1.1289164579703832,8.861593309362737,6.310813381211596,67.79000091552734,70.19000015258788,72.10500030517578
72.27999877929688,72.27999877929688,72.4000015258789,69.33000183105469,70.45999908447266,16274600,2025-04-11,4,11,4,4.24737098322082,2.583025430701849,8.590981053707086,6.386546841754468,69.3220001220703,70.14300003051758,72.14150009155273
73.0999984741211,73.0999984741211,73.6500015258789,72.2300033569336,73.5199966430664,12483200,2025-04-14,0,14,4,1.942541995329892,-0.5712706584908721,6.859746313707241,6.196501970699747,70.81399993896484,70.16699981689453,72.15999984741211
74.0199966430664,74.0199966430664,74.72000122070312,73.0999984741211,73.0999984741211,13790200,2025-04-15,1,15,4,2.1886014861549983,1.2585474530085123,5.278102933164377,6.108471048027599,72.60399932861328,70.26999969482422,72.28349952697754
73.05999755859375,73.05999755859375,74.80000305175781,72.052001953125,73.57499694824219,15990800,2025-04-16,2,16,4,3.761293718123833,-0.6999652205364333,3.7050990069608476,6.026881807476308,72.67999877929688,70.1259994506836,72.2854995727539
75.23999786376953,75.23999786376953,75.91000366210938,73.76000213623047,73.9800033569336,21893400,2025-04-17,3,17,4,2.857524703511722,1.7031555145473614,2.999466577268253,5.930529943315496,73.53999786376953,70.66499938964844,72.32999954223632
72.91999816894531,72.91999816894531,75.44000244140625,71.27100372314453,74.44000244140625,20634600,2025-04-21,0,21,4,5.717222741287978,-2.041918622527416,3.2934369288816847,5.942208991294386,73.66799774169922,71.49499893188477,72.18399963378906
74.44000244140625,74.44000244140625,75.55999755859375,73.3499984741211,73.8499984741211,16599300,2025-04-22,1,22,4,2.9688326329814494,0.7989221116800815,3.4986950564119965,5.179220685059618,73.93599853515624,72.37499923706055,72.08049964904785
73.7699966430664,73.7699966430664,77.58000183105469,73.2300033569336,76.92500305175781,22750200,2025-04-23,2,23,4,5.896704177944337,-4.101405633443536,4.240315594769864,4.75920926396712,73.88599853515625,73.24499893188477,71.98849945068359
78.0999984741211,78.0999984741211,78.37999725341797,73.86000061035156,74.15499877929688,22188500,2025-04-24,3,24,4,5.787447799456916,5.319937643806708,4.64554641103648,4.175322708998664,74.89399871826171,73.7869987487793,72.18449935913085
77.75,77.75,80.5510025024414,77.47000122070312,78.56500244140625,20047800,2025-04-25,4,25,4,3.962702613168207,-1.037360677248217,4.866581992967777,3.933024285118015,75.39599914550782,74.46799850463867,72.32899932861328
78.33000183105469,78.33000183105469,78.77999877929688,77.04000091552734,78.1050033569336,13324200,2025-04-28,0,28,4,2.22136834302957,0.28807178087281915,4.167411113316096,3.73042402109889,76.47799987792969,75.07299880981445,72.60799942016601
79.41999816894531,79.41999816894531,79.7300033569336,78.02999877929688,78.33000183105469,12172200,2025-04-29,1,29,4,2.1405245742015793,1.3915438687740276,4.001749501560122,3.750222278986059,77.4739990234375,75.70499877929687,72.93599929809571
81.01000213623047,81.01000213623047,81.21900177001953,77.30000305175781,77.7699966430664,17762800,2025-04-30,2,30,4,4.8376726514231345,4.16613814198091,3.789943196255881,4.015129395512872,78.92200012207032,76.40399932861328,73.33699951171874
80.88999938964844,80.88999938964844,81.91999816894531,80.66999816894531,81.0,18698500,2025-05-01,3,1,5,1.5453084552253855,-0.13580322265625,2.941515327409575,3.793530869223028,79.48000030517578,77.18699951171875,73.65649948120117
84.27999877929688,84.27999877929688,84.91999816894531,81.80000305175781,82.08999633789062,22401800,2025-05-02,4,2,5,3.7019401546953006,2.667806723235778,2.8893628357149934,3.877972414341386,80.78600006103515,78.09099960327148,74.37799949645996
85.43000030517578,85.43000030517578,86.56999969482422,82.97000122070312,83.05000305175781,25339000,2025-05-05,0,5,5,4.213974553741149,2.865740115547888,3.28788407785731,3.7276475955867028,82.20599975585938,79.34199981689453,75.41849937438965
85.83000183105469,85.83000183105469,86.52999877929688,83.10099792480469,83.5,30378900,2025-05-06,1,6,5,3.995107516415687,2.790421354556512,3.658800666300131,3.8302750839301267,83.48800048828124,80.48099975585937,76.42799949645996
83.6500015258789,83.6500015258789,85.16999816894531,80.12000274658203,83.12999725341797,49238800,2025-05-07,2,7,5,6.0370535926421445,0.6255314442940837,3.8986768545439334,3.8443100253999076,84.01600036621093,81.46900024414063,77.3569995880127
82.30000305175781,82.30000305175781,84.0,82.0,83.87000274658203,24293100,2025-05-08,3,8,5,2.430133567239622,-1.871944251114504,4.075641876946781,3.5085786021781784,84.29800109863281,81.8890007019043,77.8379997253418
82.80999755859375,82.80999755859375,84.12200164794922,82.31999969482422,82.8499984741211,19105400,2025-05-09,4,9,5,2.176068115265865,-0.04828113007127982,3.770467469060894,3.3299151523879438,84.00400085449219,82.39500045776367,78.43149948120117
88.0999984741211,88.0999984741211,88.30999755859375,82.22000122070312,84.61499786376953,39104600,2025-05-12,0,12,5,6.912595281916525,4.118655910105235,4.3101916146959685,3.799037846276639,84.53800048828126,83.37200012207032,79.22249946594238
91.72000122070312,91.72000122070312,92.16999816894531,86.93000030517578,87.41000366210938,36770800,2025-05-13,1,13,5,5.713037280887818,4.930782951633779,4.653777567590394,4.156289116945263,85.71600036621093,84.6020004272461,80.15349960327148
90.41000366210938,90.41000366210938,91.6500015258789,89.68000030517578,90.58000183105469,30640100,2025-05-14,2,14,5,2.178963766073541,-0.18767737415415892,3.882159602276674,3.8904182284103035,87.06800079345703,85.54200057983398,80.97299995422364
90.16000366210938,90.16000366210938,91.11299896240234,89.24199676513672,89.66000366210938,20481600,2025-05-15,3,15,5,2.07520199785876,0.5576622569460163,3.8111732884005023,3.943407582673641,88.64000091552734,86.46900100708008,81.82800025939942
91.79000091552734,91.79000091552734,92.9000015258789,89.70999908447266,90.55000305175781,21909600,2025-05-16,4,16,5,3.47532673449034,1.3694067608818923,4.071025012245396,3.9207462406531457,90.43600158691406,87.22000122070312,82.6555004119873
92.45999908447266,92.45999908447266,92.54499816894531,90.55999755859375,90.87999725341797,19252100,2025-05-19,0,19,5,2.146875005415088,1.7385584053759024,3.11788095694511,3.7140362858205385,91.30800170898438,87.92300109863281,83.63250045776367
91.87000274658203,91.87000274658203,93.5999984741211,90.61000061035156,93.3499984741211,20851300,2025-05-20,1,20,5,3.254596467159431,-1.5854266221004314,2.626192794199432,3.639985180894913,91.33800201416015,88.52700119018554,84.50400047302246
88.66999816894531,88.66999816894531,91.04000091552734,88.0,90.63999938964844,25035100,2025-05-21,2,21,5,3.4284436430630674,-2.173434724149071,2.876088769597337,3.3791241859370063,90.99000091552735,89.02900085449218,85.2490005493164
88.0,88.0,89.26000213623047,87.87999725341797,88.44999694824219,16496000,2025-05-22,3,22,5,1.5681873668323865,-0.5087585797267012,2.7746858433920627,3.2929295658962823,90.55800018310546,89.5990005493164,85.74400062561035
87.75,87.75,88.48999786376953,86.69999694824219,87.20500183105469,17929700,2025-05-23,4,23,5,2.039887083222044,0.6249620520634316,2.4875979131384036,3.2793114626918998,89.75,90.09300079345704,86.24400062561035
89.0,89.0,89.71499633789062,87.88999938964844,89.16999816894531,17446900,2025-05-27,1,27,5,2.0505583688114464,-0.19064502908615816,2.4683345858176753,2.7931077713813925,89.05800018310546,90.18300094604493,86.77750053405762
88.26000213623047,88.26000213623047,89.87999725341797,88.12000274658203,89.29000091552734,13810300,2025-05-28,2,28,5,1.9941020442299138,-1.153543250908132,2.2162357012317715,2.421214247715602,88.33600006103515,89.83700103759766,87.21950073242188
84.30000305175781,84.30000305175781,87.87000274658203,82.95999908447266,87.58000183105469,38116300,2025-05-29,3,29,5,5.824440669468033,-3.7451458217871743,2.6954351065127646,2.785761938055051,87.46200103759766,89.2260009765625,87.38400077819824
84.16000366210938,84.16000366210938,84.6500015258789,82.54000091552734,84.52999877929688,29050900,2025-05-30,4,30,5,2.5071298936997666,-0.43770865081110044,2.8832236118862404,2.8289547276391516,86.69400177001953,88.6260009765625,87.5475009918213
83.63999938964844,83.63999938964844,84.76000213623047,82.63999938964844,84.4800033569336,17047000,2025-06-02,0,2,6,2.5346757078580393,-0.9943228384308698,2.9821813368134396,2.7348896249759216,85.87200164794922,87.81100082397461,87.51550102233887
82.52999877929688,82.52999877929688,83.79000091552734,81.86000061035156,83.57499694824219,25668400,2025-06-03,1,3,6,2.3385439642826373,-1.250371770390225,3.039778455907678,2.7540565208626764,84.5780014038086,86.81800079345703,87.37050094604493
83.44999694824219,83.44999694824219,84.70999908447266,82.98999786376953,83.19000244140625,20080500,2025-06-04,2,4,6,2.0611159779549344,0.31253095228487476,3.053181242652682,2.634708471942227,83.61600036621094,85.97600021362305,87.25150070190429
84.66999816894531,84.66999816894531,85.75,83.08000183105469,83.4000015258789,33304500,2025-06-05,3,5,6,3.153417062343337,1.522777721619499,2.518976521227743,2.607205813870254,83.68999938964843,85.57600021362305,87.30250053405761
85.5999984741211,85.5999984741211,86.69000244140625,85.02999877929688,85.4000015258789,28172700,2025-06-06,4,6,6,1.9392566491823402,0.23418845979947917,2.4054018723242576,2.6443127421052495,83.97799835205078,85.33600006103515,87.46750030517578
87.12000274658203,87.12000274658203,87.86000061035156,86.19999694824219,86.31999969482422,22780800,2025-06-09,0,9,6,1.9054219579607414,0.9267875979913621,2.279551122344798,2.630866229579119,84.6739990234375,85.27300033569335,87.6830005645752
86.38999938964844,86.38999938964844,88.37999725341797,85.5999984741211,88.29000091552734,24494800,2025-06-10,1,10,6,3.217963651971022,-2.152000799837751,2.4554350598824746,2.7476067578950767,85.44599914550781,85.0120002746582,87.59750061035156
86.58000183105469,86.58000183105469,87.5999984741211,85.94000244140625,87.58999633789062,15364200,2025-06-11,2,11,6,1.9172972945346292,-1.1530934456712874,2.426671323198414,2.739926282925548,86.0720001220703,84.84400024414063,87.34050064086914
85.62000274658203,85.62000274658203,86.79000091552734,84.87000274658203,86.11000061035156,18776100,2025-06-12,3,12,6,2.2424645028663694,-0.5690371156618329,2.2444808113030206,2.3817286662653814,86.26200103759766,84.97600021362305,87.10100059509277
83.93000030517578,83.93000030517578,85.56999969482422,83.375,84.80999755859375,18003000,2025-06-13,4,13,6,2.6152742605064163,-1.037610280332804,2.3796843335678357,2.3925431029460467,85.9280014038086,84.95299987792968,86.7895004272461
85.12000274658203,85.12000274658203,86.0199966430664,84.70999908447266,84.8499984741211,12254200,2025-06-16,0,16,6,1.5390008415458523,0.31821364445078654,2.3064001102848577,2.292975616314828,85.52800140380859,85.10100021362305,86.45600051879883
84.76000213623047,84.76000213623047,85.4800033569336,84.23999786376953,84.56999969482422,13677800,2025-06-17,1,17,6,1.4629606676638165,0.22466884485264857,1.9553995134234163,2.205417286652946,85.202001953125,85.32400054931641,86.07100067138671
83.44000244140625,83.44000244140625,86.4800033569336,82.30999755859375,85.16999816894531,25976700,2025-06-18,2,18,6,4.997609870958634,-2.0312266816155145,2.5714620287082175,2.4990666759533156,84.57400207519531,85.32300109863282,85.64950065612793
83.77999877929688,83.77999877929688,85.37000274658203,83.62000274658203,84.47000122070312,27472100,2025-06-20,4,20,6,2.088804040938286,-0.816860934574172,2.540729936322601,2.3926053738128106,84.20600128173828,85.23400115966797,85.40500068664551
85.23999786376953,85.23999786376953,85.24500274658203,82.47000122070312,83.02999877929688,18407500,2025-06-23,0,23,6,3.2555157149509912,2.661687482794121,2.668778227211516,2.5242312803896754,84.46800079345704,85.19800109863282,85.26700057983399
91.6500015258789,91.6500015258789,92.4800033569336,87.91000366210938,87.98999786376953,38925100,2025-06-24,1,24,6,4.986360740576532,4.159567849718526,3.358250207017652,2.832325158651255,85.77400054931641,85.6510009765625,85.46200065612793
90.9000015258789,90.9000015258789,92.88999938964844,90.5999984741211,91.56500244140625,17400800,2025-06-25,2,25,6,2.519252890084263,-0.7262610143574094,3.5695086515017413,2.762454082462579,87.00200042724609,86.10200119018555,85.55700073242187
93.12000274658203,93.12000274658203,94.37999725341797,90.87999725341797,91.30000305175781,23657800,2025-06-26,3,26,6,3.758590954432148,1.9934278576009072,3.321704868196444,2.9465834484523308,88.93800048828125,86.75600128173828,85.80000076293945
91.52999877929688,91.52999877929688,92.51000213623047,89.97000122070312,92.0999984741211,24731200,2025-06-27,4,27,6,2.775047470121747,-0.6188921870442607,3.458953554033137,2.9998417451778687,90.48800048828124,87.34700088500976,86.1615005493164
93.30000305175781,93.30000305175781,93.38500213623047,91.5199966430664,91.68499755859375,16155300,2025-06-30,0,30,6,1.9989340108911444,1.7614719268896202,3.2076372132211675,2.9382077202163415,92.10000152587891,88.28400115966797,86.61850051879883
92.12999725341797,92.12999725341797,93.23999786376953,90.30999755859375,92.8499984741211,17124000,2025-07-01,1,1,7,3.1802891485130047,-0.7754455923914763,2.8464228948084616,3.1023365509130563,92.19600067138671,88.98500061035156,87.04300041198731
92.05000305175781,92.05000305175781,94.0999984741211,91.55000305175781,91.87999725341797,13604000,2025-07-02,2,2,7,2.770228503881169,0.1850302605810314,2.896618017567843,3.233063334534792,92.4260009765625,89.7140007019043,87.51900062561035
93.62999725341797,93.62999725341797,94.11000061035156,92.61000061035156,92.62999725341797,8112600,2025-07-03,3,3,7,1.6020506717949758,1.0795638882123586,2.465309961040408,2.8935074146184263,92.52799987792969,90.73300018310547,88.02800064086914
96.68000030517578,96.68000030517578,97.12000274658203,93.54000091552734,93.54000091552734,29817200,2025-07-07,0,7,7,3.702939408103241,3.356851997985396,2.6508883486367067,3.054920951334922,93.55800018310546,92.02300033569335,88.62850074768066
97.4800033569336,97.4800033569336,97.5999984741211,95.11000061035156,96.88999938964844,20586800,2025-07-08,1,8,7,2.5543678477852882,0.6089420693589057,2.761975116015536,2.9848061646183512,94.39400024414063,93.24700088500977,89.22250099182129
96.63999938964844,96.63999938964844,97.71499633789062,96.0999984741211,97.5,14858900,2025-07-09,2,9,7,1.6711484623027857,-0.8820519080528846,2.460146978773492,2.6532849367909765,95.29600067138672,93.74600067138672,89.69850082397461
96.4000015258789,96.4000015258789,97.44999694824219,95.12000274658203,96.06999969482422,15644400,2025-07-10,3,10,7,2.4170063949995493,0.343501438641585,2.3895025569971677,2.643060287282505,96.16600036621094,94.29600067138672,90.19900093078613
95.38999938964844,95.38999938964844,96.83499908447266,95.2699966430664,96.125,12453500,2025-07-11,4,11,7,1.6406357599537644,-0.7646300237727568,2.397219574628926,2.431264767834667,96.51800079345703,94.52300033569335,90.63950080871582
93.88999938964844,93.88999938964844,95.4800033569336,93.55999755859375,95.19000244140625,14300200,2025-07-14,0,14,7,2.0449524026214108,-1.3656928442228198,2.0656221735325597,2.3582552610846332,95.96000061035156,94.75900039672851,91.05300064086914
92.20999908447266,92.20999908447266,95.16000366210938,91.8499984741211,95.0,18488400,2025-07-15,1,15,7,3.589638022830928,-2.936843068976151,2.2726762085416876,2.5173256622786115,94.90599975585937,94.65,91.46700057983398
90.75,90.75,92.75,89.80999755859375,92.6500015258789,17636000,2025-07-16,2,16,7,3.239672111742424,-2.050730161454126,2.5863809384296155,2.5232639586015537,93.72799987792969,94.5120002746582,91.74850044250488
90.5,90.5,91.4000015258789,89.9000015258789,91.20500183105469,16903600,2025-07-17,3,17,7,1.6574585635359116,-0.7729859293908146,2.434471372136888,2.4119869645670278,92.54799957275391,94.35699996948242,92.03550033569336
90.58999633789062,90.58999633789062,91.16999816894531,89.40499877929688,90.80000305175781,14223500,2025-07-18,4,18,7,1.9483380737373979,-0.2312849193930968,2.4960118348936144,2.44661570476127,91.58799896240234,94.0529998779297,92.39300003051758
91.16000366210938,91.16000366210938,91.93000030517578,90.52999877929688,90.8499984741211,12150600,2025-07-21,0,21,7,1.5357629109670783,0.3412275103962574,2.3941739365627477,2.2298980550476535,91.04199981689453,93.50100021362304,92.7620002746582
91.79000091552734,91.79000091552734,92.26000213623047,89.87999725341797,91.4800033569336,11561800,2025-07-22,1,22,7,2.592880334539679,0.33886920334295567,2.194822398904498,2.2337493037230933,90.95800018310547,92.93199996948242,93.0895004272461
89.94000244140625,89.94000244140625,92.69999694824219,89.86499786376953,92.69999694824219,18617900,2025-07-23,2,23,7,3.152100297439496,-2.977340450590245,2.1773080360439128,2.3818444872367643,90.79600067138672,92.2620002746582,93.00400047302246
90.87000274658203,90.87000274658203,93.61000061035156,90.87000274658203,91.05000305175781,23446200,2025-07-24,3,24,7,3.0152941355254805,-0.19769390350647129,2.4488751504418262,2.441673261289357,90.87000122070313,91.70900039672851,93.00250053405762
91.29000091552734,91.29000091552734,91.37999725341797,89.5,90.48999786376953,13864100,2025-07-25,4,25,7,2.0593682052403217,0.8840789818143189,2.4710811767424112,2.483546505818013,91.01000213623047,91.2990005493164,92.91100044250489
90.5999984741211,90.5999984741211,92.3499984741211,90.23999786376953,91.30999755859375,11606100,2025-07-28,0,28,7,2.32891903519652,-0.7775699304088239,2.629712401588299,2.511943169075524,90.89800109863282,90.97000045776367,92.8645004272461
87.11000061035156,87.11000061035156,89.16000366210938,86.36000061035156,88.88500213623047,24966200,2025-07-29,1,29,7,3.2143301941672573,-1.996964035798112,2.754002373513815,2.4744123862091567,89.96200103759766,90.46000061035156,92.55500030517578
87.63999938964844,87.63999938964844,87.80500030517578,86.4749984741211,87.23999786376953,16862800,2025-07-30,2,30,7,1.5175739848439345,0.4585070330968285,2.4270971109947026,2.302202573519308,89.50200042724609,90.14900054931641,92.3305004119873
87.75,87.75,88.83999633789062,86.61000061035156,87.5250015258789,16922400,2025-07-31,3,31,7,2.541305672409188,0.2570676608952328,2.332299418371444,2.3905872844066356,88.87799987792968,89.8740005493164,92.11550025939941
86.91000366210938,86.91000366210938,87.05500030517578,85.41999816894531,86.50499725341797,15732500,2025-08-01,4,1,8,1.8812588509224621,0.4681884533270749,2.2966775475078722,2.3838793621251417,88.00200042724609,89.50600128173828,91.77950057983398
88.43000030517578,88.43000030517578,88.58999633789062,87.41000366210938,87.69999694824219,15138900,2025-08-04,0,4,8,1.3343804949779983,0.8323869809988923,2.097769839464168,2.363741120526234,87.56800079345703,89.23300094604492,91.36700057983398
89.38999938964844,89.38999938964844,90.95500183105469,89.05000305175781,89.37000274658203,25856000,2025-08-05,1,5,8,2.131109511471233,0.022375117435219083,1.881125702924963,2.317564038219389,88.02400054931641,88.99300079345703,90.96250038146972
89.22000122070312,89.22000122070312,90.95999908447266,86.30000305175781,90.94999694824219,40169800,2025-08-06,2,6,8,5.2230396424086925,-1.9021394014158883,2.622218834437915,2.5246579727163088,88.34000091552734,88.92100067138672,90.59150047302246
92.66999816894531,92.66999816894531,92.73999786376953,89.16000366210938,90.72000122070312,28522200,2025-08-07,3,7,8,3.863164208909901,2.1494675066176923,2.8865905417380575,2.609444980054751,89.32400054931641,89.10100021362305,90.40500030517578
89.55999755859375,89.55999755859375,94.30999755859375,88.91000366210938,92.95999908447266,26212500,2025-08-08,4,8,8,6.029470794649678,-3.657488768679234,3.7162329304835007,3.0064552389956867,89.85399932861328,88.9279998779297,90.11350021362304
90.58000183105469,90.58000183105469,91.43000030517578,88.91999816894531,89.80999755859375,16668900,2025-08-11,0,11,8,2.771033435075437,0.8573703300220803,4.003563518502988,3.050666678983578,90.28399963378907,88.92600021362304,89.94800033569337
91.7300033569336,91.7300033569336,92.55500030517578,91.13999938964844,91.19000244140625,12509000,2025-08-12,1,12,8,1.5425715292099007,0.5921711822239714,3.885855922050722,2.8834908124878424,90.75200042724609,89.38800048828125,89.9240005493164
90.83000183105469,90.83000183105469,92.19999694824219,89.91000366210938,92.05000305175781,16867300,2025-08-13,2,13,8,2.5211859957816998,-1.3253679307507937,3.3454851927253237,2.983852013581619,91.07400054931641,89.70700073242188,89.92800064086914
91.4000015258789,91.4000015258789,92.31999969482422,90.1050033569336,90.3499984741211,14525100,2025-08-14,3,14,8,2.423409519597736,1.1621506026461799,3.0575342548628903,2.9720623983004737,90.82000122070312,90.07200088500977,89.97300071716309
92.5999984741211,92.5999984741211,93.9000015258789,90.86000061035156,91.6500015258789,15841800,2025-08-15,4,15,8,3.2829384077980652,1.036548753328651,2.5082277774925674,3.1122303539880343,91.4280014038086,90.64100036621093,90.07350082397461
93.9800033569336,93.9800033569336,94.4000015258789,91.88999938964844,92.22000122070312,16471300,2025-08-18,0,18,8,2.670783194907481,1.9084820135909446,2.488177729458976,3.245870623980982,92.10800170898438,91.19600067138671,90.21450080871583
95.31999969482422,95.31999969482422,96.59500122070312,93.8499984741211,94.0,21177300,2025-08-19,1,19,8,2.879776285533373,1.4042549944938496,2.7556186807236704,3.3207373013871964,92.8260009765625,91.7890007019043,90.39100074768066
93.7300033569336,93.7300033569336,94.95999908447266,91.44000244140625,94.83000183105469,15194800,2025-08-20,2,20,8,3.7554641171428247,-1.1599688420135292,3.0024743049958955,3.173979748860609,93.40600128173828,92.24000091552735,90.58050079345703
94.2300033569336,94.2300033569336,95.0,92.80999755859375,93.62000274658203,12864100,2025-08-21,3,21,8,2.324103113008227,0.6515708101427427,2.9826130236779944,3.020073639270442,93.97200164794921,92.39600143432617,90.74850082397461
96.79000091552734,96.79000091552734,97.54000091552734,94.29000091552734,94.45999908447266,15584900,2025-08-22,4,22,8,3.3577848633728293,2.4666545136963625,2.997582314792947,2.7529050461427573,94.81000213623047,93.11900177001954,91.02350082397462
95.16000366210938,95.16000366210938,97.5,95.125,95.66000366210938,10938100,2025-08-25,0,25,8,2.4957964571261075,-0.5226844876214952,2.962584967236672,2.7253813483478244,95.04600219726562,93.577001953125,91.25150108337402
96.52999877929688,96.52999877929688,96.81999969482422,94.36000061035156,94.87999725341797,17163400,2025-08-26,1,26,8,2.548429623517473,1.7390404443961622,2.8963156348334924,2.8259671577785817,95.28800201416016,94.05700149536133,91.72250099182129
95.33000183105469,95.33000183105469,96.94999694824219,95.33000183105469,96.5,11364300,2025-08-27,2,27,8,1.6993549628358136,-1.2124333356946242,2.4850938039720902,2.743784054483993,95.60800170898438,94.50700149536132,92.1070011138916
95.95999908447266,95.95999908447266,96.11000061035156,94.08000183105469,96.0250015258789,12024300,2025-08-28,3,28,8,2.1154635250776597,-0.06769324693916483,2.4433658863859766,2.7129894550319853,95.9540008544922,94.9630012512207,92.51750106811524
93.75,93.75,96.1500015258789,91.61000061035156,95.99500274658203,19310000,2025-08-29,4,29,8,4.842667643229167,-2.3386662663145414,2.740342442357244,2.8689623785750955,95.34600067138672,95.0780014038086,92.85950088500977
92.80999755859375,92.80999755859375,93.53700256347656,91.91999816894531,92.26000213623047,12883300,2025-09-02,1,2,9,1.7422739328383092,0.596136364218984,2.5896379374996847,2.7761114523681782,94.8759994506836,94.96100082397462,93.07850074768066
92.94000244140625,92.94000244140625,94.76499938964844,92.18000030517578,92.75,12052200,2025-09-03,2,3,9,2.781363262931224,0.20485438426549865,2.636224665382435,2.7662701501079634,94.15800018310547,94.7230010986328,93.25600090026856
91.9800033569336,91.9800033569336,93.125,90.93000030517578,93.11000061035156,15960100,2025-09-04,3,4,9,2.3863879264130907,-1.213615343153956,2.7736312580978906,2.62936253103499,93.48800048828124,94.54800109863281,93.39400100708008
90.98999786376953,90.98999786376953,92.52999877929688,88.83999633789062,92.52999877929688,20384500,2025-09-05,4,5,9,4.0553934806449075,-1.664326095151653,3.16161724921134,2.8024915677986586,92.49400024414062,94.2240005493164,93.31000099182128
94.36000061035156,94.36000061035156,94.55999755859375,91.37999725341797,91.37999725341797,18906600,2025-09-08,0,8,9,3.370072366051814,3.2611112349558864,2.8670981937758695,2.803720318066557,92.61600036621094,93.98100051879882,93.55000114440918
95.44999694824219,95.44999694824219,95.4800033569336,92.7699966430664,94.5,11850200,2025-09-09,1,9,9,2.8391899429150222,1.0052877759176588,3.0864813957912114,2.8380596666454485,93.14400024414063,94.0099998474121,93.79350090026855
94.20999908447266,94.20999908447266,96.0999984741211,93.70999908447266,95.51000213623047,15944200,2025-09-10,2,10,9,2.5368850577160744,-1.3611171842542273,3.0375857547481817,2.836905210065308,93.3979995727539,93.77799987792969,93.91750068664551
94.68000030517578,94.68000030517578,96.31999969482422,94.0,94.55000305175781,16190100,2025-09-11,3,11,9,2.4503587741300352,0.13749048040411663,3.0503799242915703,2.9120055911947302,93.93799896240235,93.7129997253418,94.11000061035156
95.88999938964844,95.88999938964844,96.2699966430664,93.70999908447266,94.48999786376953,13659200,2025-09-12,4,12,9,2.6697231983402308,1.4816399169543333,2.7732458678306355,2.9674315585209876,94.91799926757812,93.70599975585938,94.33450050354004
98.8499984741211,98.8499984741211,98.86000061035156,95.5199966430664,95.80000305175781,18652400,2025-09-15,0,15,9,3.378860919415764,3.1837111954114055,2.7750035785034255,2.8210508861396475,95.81599884033203,94.21599960327148,94.64700050354004
97.83000183105469,97.83000183105469,99.69999694824219,97.0199966430664,99.41999816894531,17257900,2025-09-16,1,16,9,2.7394462383880427,-1.5992721456187613,2.7550548375980295,2.9207681166946204,96.29199981689453,94.71800003051757,94.8395004272461
92.94999694824219,92.94999694824219,97.23999786376953,92.12000274658203,96.06999969482422,44094000,2025-09-17,2,17,9,5.50833274372079,-3.2476348043020984,3.349344374798972,3.1934650647735774,96.03999938964844,94.71899948120117,94.72100028991699
94.69999694824219,94.69999694824219,95.05000305175781,93.20999908447266,93.93000030517578,23075200,2025-09-18,3,18,9,1.9429820766423058,0.8197558187636644,3.2478690353014263,3.149124479796499,96.04399871826172,94.99099884033203,94.76949996948242
98.51000213623047,98.51000213623047,98.83000183105469,94.9000015258789,95.0,38735000,2025-09-19,4,19,9,3.9894429194519194,3.6947390907689144,3.5118129795237643,3.1425294236771997,96.56799926757813,95.74299926757813,94.98349990844727
99.38999938964844,99.38999938964844,101.98999786376953,98.5,99.0,29820100,2025-09-22,0,22,9,3.511417532147623,0.3939387774226641,3.5383243020701363,3.156663940286781,96.67599945068359,96.24599914550781,95.11349983215332
97.80000305175781,97.80000305175781,100.18000030517578,97.6449966430664,99.86000061035156,15101100,2025-09-23,1,23,9,2.592028203483591,-2.062885585823048,3.5088406950892455,3.1319477663436377,96.66999969482421,96.48099975585937,95.24549980163575
97.77999877929688,97.77999877929688,99.86000061035156,96.93000030517578,98.88999938964844,12523400,2025-09-24,2,24,9,2.9965231558134926,-1.1224599223404936,3.0064787775077866,3.1779115761533796,97.63600006103516,96.8379997253418,95.30799980163575
97.5999984741211,97.5999984741211,97.87000274658203,95.9000015258789,97.30000305175781,11255800,2025-09-25,3,25,9,2.018443905227597,0.3083200544235354,3.021571143224844,3.1347200892631357,98.21600036621093,97.12999954223633,95.42149963378907
98.44999694824219,98.44999694824219,98.52999877929688,97.02999877929688,97.79499816894531,10356100,2025-09-26,4,26,9,1.5236160959848382,0.6697671573809274,2.528405778531428,3.020109379027596,98.20399932861328,97.3859992980957,95.54599952697754
99.56999969482422,99.56999969482422,100.26000213623047,98.58499908447266,99.31999969482422,16320900,2025-09-29,0,29,9,1.6822366745923385,0.2517116399196163,2.1625696070203717,2.8504469545452538,98.23999938964843,97.45799942016602,95.83699951171874
97.97000122070312,97.97000122070312,99.75,96.6500015258789,99.58999633789062,16793400,2025-09-30,1,30,9,3.1642323522458002,-1.6266645012127052,2.2770104367728132,2.8929255659310296,98.2739990234375,97.47199935913086,96.09499969482422
96.61000061035156,96.61000061035156,99.08499908447266,96.56999969482422,97.4749984741211,16608500,2025-10-01,2,1,10,2.6032495329256427,-0.8874048497668682,2.1983557121952435,2.602417244851515,98.03999938964844,97.8379997253418,96.27849960327148
96.61000061035156,96.61000061035156,97.20999908447266,94.76000213623047,97.08000183105469,16046400,2025-10-02,3,2,10,2.5359661864857452,-0.48413804268468547,2.301860168446873,2.6617156558358586,97.84199981689453,98.02900009155273,96.50999946594239
96.5999984741211,96.5999984741211,98.30000305175781,96.45999908447266,96.94999694824219,10556400,2025-10-03,4,3,10,1.904766041769751,-0.36100926780631487,2.3780901576038556,2.4532479680676422,97.47200012207031,97.8379997253418,96.79049949645996
100.0999984741211,100.0999984741211,101.29499816894531,96.88999938964844,96.95999908447266,22760900,2025-10-06,0,6,10,4.400598248196479,3.238448245974955,2.9217624723246836,2.5421660396725274,97.57799987792968,97.90899963378907,97.07749938964844
97.80000305175781,97.80000305175781,100.69000244140625,97.0,100.12999725341797,12583600,2025-10-07,1,7,10,3.7730085135615217,-2.3269692056049878,3.0435177045878277,2.6602640706803204,97.54400024414062,97.90899963378907,97.19499969482422
99.27999877929688,99.27999877929688,99.61000061035156,97.19999694824219,97.94000244140625,10071200,2025-10-08,2,8,10,2.4274815589662753,1.36818082957706,3.008364109795955,2.603359910995599,98.07799987792968,98.05899963378906,97.44849967956543
96.0,96.0,100.16999816894531,95.83000183105469,99.96499633789062,13435700,2025-10-09,3,9,10,4.520829518636068,-3.9663847177952003,3.4053367762260196,2.8535984723364463,97.95599975585938,97.89899978637695,97.51449966430664
93.4000015258789,93.4000015258789,96.44999694824219,93.33000183105469,96.30000305175781,17021100,2025-10-10,4,10,10,3.3404658096531445,-3.011424126664107,3.692476729802698,3.035283443703277,97.31600036621094,97.39400024414063,97.38999977111817
94.08000183105469,94.08000183105469,95.25,93.43000030517578,95.0,11031400,2025-10-13,0,13,10,1.9345234474936615,-0.9684191252055921,3.1992617696621344,3.060512120993409,96.11200103759765,96.84500045776367,97.15149993896485
94.25,94.25,95.18000030517578,92.45999908447266,93.77999877929688,11178000,2025-10-14,1,14,10,2.885942939738064,0.5011742661771966,3.021848654897443,3.032683179742635,95.4020004272461,96.47300033569336,96.97249984741211
94.5199966430664,94.5199966430664,96.98999786376953,93.79000091552734,95.86000061035156,14347100,2025-10-15,2,15,10,3.3855237641684,-1.397876026239514,3.213457095937868,3.110910602866911,94.45,96.26399993896484,97.05099983215332
92.5199966430664,92.5199966430664,95.45999908447266,91.18000030517578,94.44000244140625,17214800,2025-10-16,3,16,10,4.626025653468963,-2.0330429359434627,3.2344963229044468,3.3199165495652325,93.75399932861328,95.85499954223633,96.94199981689454
92.30000305175781,92.30000305175781,92.83000183105469,91.45999908447266,92.0,14282100,2025-10-17,4,17,10,1.4842932841657583,0.3260902736497962,2.8632618178069693,3.2778692738048334,93.53399963378907,95.425,96.63149986267089
93.69999694824219,93.69999694824219,94.5,92.8499984741211,93.0,11274900,2025-10-20,0,20,10,1.7609408533815971,0.7526848905829973,2.8285452989845563,3.0139035343233456,93.45799865722657,94.78499984741211,96.34699974060058
93.02999877929688,93.02999877929688,94.55000305175781,92.97000122070312,93.58999633789062,10503300,2025-10-21,1,21,10,1.6983788582036454,-0.5983519398504674,2.591032482677673,2.8064405687875578,93.21399841308593,94.30799942016601,96.10849952697754
92.20999908447266,92.20999908447266,93.41500091552734,91.4209976196289,92.7699966430664,11351400,2025-10-22,2,22,10,2.1624588609655566,-0.6036408093754134,2.346419502037104,2.779938298987486,92.75199890136719,93.60099945068359,95.82999954223632
94.61000061035156,94.61000061035156,95.69999694824219,92.4000015258789,92.5,17121600,2025-10-23,3,23,10,3.487998521376417,2.2810817409206083,2.118814075618595,2.6766551992615204,93.16999969482421,93.46199951171874,95.68049964904785
94.06999969482422,94.06999969482422,95.26000213623047,93.9000015258789,95.1500015258789,12014600,2025-10-24,4,24,10,1.4457325552924292,-1.1350518273622399,2.1111019298439286,2.487181873825449,93.5239990234375,93.52899932861328,95.46149978637695
96.41999816894531,96.41999816894531,96.66000366210938,94.52999877929688,94.91000366210938,11748300,2025-10-27,0,27,10,2.209090358081469,1.5909750801524496,2.2007318307839037,2.5146385648842298,94.06799926757813,93.76299896240235,95.303999710083
95.43000030517578,95.43000030517578,97.7300033569336,95.41000366210938,96.7699966430664,17138300,2025-10-28,1,28,10,2.431101003253785,-1.3847229351812074,2.347276259793931,2.4691543712358017,94.54799957275391,93.88099899291993,95.17699966430663
95.76000213623047,95.76000213623047,96.88999938964844,94.52999877929688,96.23999786376953,14532900,2025-10-29,2,29,10,2.4644951521556666,-0.49874868889597257,2.4076835180319534,2.377051510034529,95.25800018310547,94.00499954223633,95.13449974060059
96.48999786376953,96.48999786376953,97.62000274658203,94.55999755859375,95.41000366210938,13556600,2025-10-30,3,30,10,3.171318536361233,1.131950697208766,2.3443475210289164,2.2315807983237557,95.63399963378906,94.40199966430664,95.12849960327148
96.5,96.5,98.44999694824219,96.1500015258789,97.45999908447266,15333400,2025-10-31,4,31,10,2.3834149454541773,-0.9850185650428592,2.5318839990612667,2.321492964452598,96.11999969482422,94.82199935913086,95.12349967956543
99.72000122070312,99.72000122070312,100.3499984741211,96.77999877929688,97.66000366210938,28836500,2025-11-03,0,3,11,3.5800237175318466,2.1093564216125444,2.8060706709513417,2.5034012508676224,96.78000030517578,95.42399978637695,95.10449981689453
94.66999816894531,94.66999816894531,95.02999877929688,90.08000183105469,91.97000122070312,48787300,2025-11-04,1,4,11,5.228686008220437,2.9357365580140913,3.3655876719446725,2.856431965869302,96.62799987792968,95.5879997253418,94.9479995727539
92.75,92.75,95.44000244140625,92.5199966430664,95.01000213623047,20150800,2025-11-05,2,5,11,3.1482542300160037,-2.3786991742090016,3.50233948751674,2.9550115027743464,96.0259994506836,95.64199981689453,94.62149963378906
92.12000274658203,92.12000274658203,92.7699966430664,90.81999969482422,92.0,18316200,2025-11-06,3,6,11,2.116800792555924,0.130437768023947,3.291435938755678,2.817891729892297,95.1520004272461,95.39300003051758,94.42749977111816
91.98999786376953,91.98999786376953,93.16999816894531,90.2979965209961,91.61000061035156,16489900,2025-11-07,4,7,11,3.1220803507381785,0.41479887663599757,3.4391690198124776,2.9855265094368724,94.25,95.18499984741212,94.3569995880127
94.0999984741211,94.0999984741211,94.30999755859375,92.25,92.98999786376953,13310200,2025-11-10,0,10,11,2.189157908605365,1.193677423218909,3.1609958580271815,2.9835332644892616,93.1259994506836,94.95299987792968,94.35799942016601
93.5999984741211,93.5999984741211,94.16000366210938,92.97000122070312,93.6500015258789,13276300,2025-11-11,1,11,11,1.2713701504335673,-0.053393540782799495,2.3695326864698076,2.86756017920724,92.91199951171875,94.76999969482422,94.32549934387207
93.56999969482422,93.56999969482422,95.18000030517578,92.76000213623047,94.11000061035156,16004600,2025-11-12,2,12,11,2.5862970790189856,-0.5737975900809278,2.257141256270404,2.879740371893572,93.0759994506836,94.55099945068359,94.27799949645996
91.77999877929688,91.77999877929688,94.05999755859375,91.3499984741211,93.69999694824219,16367500,2025-11-13,3,13,11,2.9527120511184406,-2.0490909620902946,2.4243235079829075,2.8578797233692925,93.00799865722657,94.07999954223632,94.24099960327149
91.62000274658203,91.62000274658203,92.62000274658203,89.62000274658203,90.05999755859375,12475600,2025-11-14,4,14,11,3.2743941389064384,1.7321843551831428,2.4547862656165593,2.946977642714519,92.93399963378906,93.59199981689453,94.20699958801269
92.11000061035156,92.11000061035156,92.58000183105469,90.73999786376953,91.30999755859375,16922500,2025-11-17,0,17,11,1.99761584528572,0.8761396048055412,2.4164778529526307,2.788736855489906,92.53600006103515,92.83099975585938,94.12749977111817
90.86000061035156,90.86000061035156,92.9229965209961,89.33000183105469,92.0999984741211,17439400,2025-11-18,1,18,11,3.95442952432917,-1.3463603521317697,2.9530897277317507,2.6613112071007796,91.98800048828124,92.45,94.0189998626709
89.52999877929688,89.52999877929688,91.08000183105469,88.88999938964844,90.5999984741211,18256200,2025-11-19,2,19,11,2.44611021028258,-1.1810151355905956,2.92505235398447,2.591096805127437,91.18000030517578,92.12799987792968,93.8849998474121
83.36000061035156,83.36000061035156,90.54000091552734,82.94000244140625,90.19999694824219,41734000,2025-11-20,3,20,11,9.117080636366182,-7.583144755332414,4.157926071034018,3.291124789508463,89.49600067138672,91.25199966430664,93.3224998474121
83.87000274658203,83.87000274658203,84.0,81.51000213623047,83.97000122070312,33783100,2025-11-21,4,21,11,2.9688777658601024,-0.11908833234176343,4.0968227964247514,3.2758045310206554,87.94600067138671,90.44000015258788,92.8125
83.69000244140625,83.69000244140625,84.5199966430664,83.02999877929688,84.1500015258789,24883200,2025-11-24,0,24,11,1.7803773692236669,-0.5466418017012054,4.053375101212341,3.2349264770824853,86.26200103759766,89.39900054931641,92.17600021362304
83.69000244140625,83.69000244140625,84.26499938964844,82.38999938964844,83.80000305175781,18482200,2025-11-25,1,25,11,2.240410975388298,-0.13126564003061225,3.7105713914241663,3.3318305595779583,84.8280014038086,88.40800094604492,91.58900032043456
85.66000366210938,85.66000366210938,86.3550033569336,83.6500015258789,84.11000061035156,20448700,2025-11-26,2,26,11,3.15783529700129,1.84282848711221,3.8529164087679084,3.388984381376189,84.05400238037109,87.61700134277343,91.08400039672851
87.54000091552734,87.54000091552734,87.62000274658203,86.23999786376953,86.51000213623047,9069400,2025-11-28,4,28,11,1.5764277683114836,1.1906123614179298,2.3447858351569684,3.2513559530954934,84.89000244140625,87.19300155639648,90.63650054931641
86.56999969482422,86.56999969482422,87.61000061035156,85.4749984741211,86.98999786376953,17517200,2025-12-01,0,1,12,2.466214790062099,-0.48281202351912866,2.244253239997368,3.170538018211059,85.43000183105468,86.6880012512207,90.14000053405762
87.56999969482422,87.56999969482422,88.44000244140625,85.62999725341797,86.02999877929688,18930400,2025-12-02,1,2,12,3.2088674178154246,1.7900743198638114,2.5299512497157197,3.2916631754640298,86.20600128173828,86.23400115966797,89.53250045776367
90.68000030517578,90.68000030517578,91.37999725341797,88.9520034790039,89.84500122070312,21335800,2025-12-03,2,3,12,2.6775405450406455,0.9293773422313072,2.617377163646189,3.1639742775351776,87.60400085449218,86.21600112915038,89.3330005645752
90.98999786376953,90.98999786376953,91.0,89.44999694824219,90.18000030517578,13145300,2025-12-04,3,4,12,1.7034872932720375,0.8982008825157002,2.3265075629003387,3.089711985834123,88.66999969482421,86.36200103759765,89.24500045776367
91.31999969482422,91.31999969482422,92.75,90.45999908447266,90.72000122070312,11154600,2025-12-05,4,5,12,2.5076663635349696,0.6613739705111122,2.5127552819450356,2.428770558551002,89.42599945068359,87.15800094604492,89.20500030517579
92.56999969482422,92.56999969482422,92.77999877929688,90.7699966430664,90.7699966430664,12646900,2025-12-08,0,8,12,2.171332119322511,1.9830374775003454,2.453778747797118,2.3490159938972424,90.6259994506836,88.02800064086914,89.23400039672852
89.06999969482422,89.06999969482422,92.01000213623047,88.90499877929688,91.80999755859375,17117500,2025-12-09,1,9,12,3.4860260105221745,-2.9844221072120676,2.5092104663384682,2.5195808580270933,90.92599945068359,88.56600036621094,88.98250045776368
84.16000366210938,84.16000366210938,88.75,82.72000122070312,88.63999938964844,51202000,2025-12-10,2,10,12,7.164922192145423,-5.054146839335657,3.4066867957594233,3.0120319797028055,89.62200012207032,88.61300048828124,88.51050071716308
85.44000244140625,85.44000244140625,85.74500274658203,83.33999633789062,84.05500030517578,23346300,2025-12-11,3,11,12,2.8148482443463547,1.6477331880340087,3.628958985974287,2.977733274437312,88.51200103759766,88.59100036621093,88.10400085449218
85.11000061035156,85.11000061035156,86.44999694824219,84.51799774169922,85.5,16211600,2025-12-12,4,12,12,2.270002576298875,-0.4561396370157164,3.581426228527068,3.0470907552360513,87.27000122070312,88.34800033569336,87.77050094604492
81.86000061035156,81.86000061035156,83.62000274658203,81.16500091552734,83.45999908447266,32070900,2025-12-15,0,15,12,2.9990249361716246,-1.9170842219896047,3.7469647918968905,3.100371769847004,85.1280014038086,87.87700042724609,87.28250083923339
80.91999816894531,80.91999816894531,82.05000305175781,80.26000213623047,81.74500274658203,24465100,2025-12-16,1,16,12,2.2120624765588452,-1.0092416048896815,3.492172085104225,3.000691275721346,83.49800109863281,87.21200027465821,86.72300071716309
79.13999938964844,79.13999938964844,81.30000305175781,78.77999877929688,80.80999755859375,28007500,2025-12-17,2,17,12,3.1842359008036025,-2.0665737153802404,2.6960348268358607,3.051360811297642,82.49400024414062,86.05800018310546,86.13700065612792
79.69000244140625,79.69000244140625,80.70999908447266,79.55000305175781,80.36000061035156,18681800,2025-12-18,3,18,12,1.455635584360479,-0.8337458485024037,2.4241922948386856,3.026575640406486,81.34400024414063,84.92800064086914,85.6450008392334
79.30999755859375,79.30999755859375,79.98999786376953,78.30999755859375,79.7699966430664,34353300,2025-12-19,4,19,12,2.1182705294305513,-0.5766567679962906,2.3938458854650206,2.987636056996044,80.18399963378906,83.7270004272461,85.4425006866455
81.26000213623047,81.26000213623047,82.25,80.9000015258789,81.31999969482422,20570400,2025-12-22,0,22,12,1.6613320682146344,-0.07377958536510996,2.1263073118736227,2.936636051885256,80.06399993896484,82.59600067138672,85.31200065612794
80.97000122070312,80.97000122070312,81.41999816894531,80.3499984741211,81.01000213623047,10445500,2025-12-23,1,23,12,1.3214766934579616,-0.049377749009407765,1.948190155253446,2.720181120178835,80.07400054931641,81.7860008239746,85.17600059509277
81.1500015258789,81.1500015258789,81.41000366210938,80.58000183105469,81.01000213623047,4310700,2025-12-24,2,24,12,1.0227995261220029,0.1728174126116026,1.515902880317126,2.105968853576493,80.4760009765625,81.48500061035156,85.0490005493164
81.26000213623047,81.26000213623047,81.5,80.68000030517578,81.19999694824219,6741600,2025-12-26,4,26,12,1.0091061694159307,0.07389801754121893,1.4265969973282164,1.925394646083451,80.79000091552734,81.06700057983399,84.82900047302246
81.5,81.5,82.19999694824219,80.78500366210938,80.91000366210938,12072600,2025-12-29,0,29,12,1.7361880811445554,0.7292007306717299,1.3501805076710174,1.872013196568019,81.22800140380859,80.70600051879883,84.5270004272461
82.12000274658203,82.12000274658203,82.5,81.52999877929688,81.73999786376953,9500700,2025-12-30,1,30,12,1.1811996934492286,0.4648946571369236,1.2541540327179361,1.6902306722957792,81.4000015258789,80.73200073242188,84.30450057983398
81.70999908447266,81.70999908447266,82.54499816894531,81.41999816894531,82.0,8428400,2025-12-31,2,31,12,1.3768204780383895,-0.35365965308212655,1.2652227896340216,1.6067064724437337,81.54800109863281,80.81100082397461,84.01150054931641
82.86000061035156,82.86000061035156,83.66000366210938,81.47000122070312,82.04000091552734,13095100,2026-01-02,4,2,1,2.643015236874928,0.999512049821322,1.5892659317846065,1.552584406050866,81.89000091552734,81.18300094604493,83.6205005645752
80.73999786376953,80.73999786376953,82.83999633789062,79.57499694824219,81.61000061035156,24036800,2026-01-05,0,5,1,4.04384378998546,-1.066049185241249,2.196213455898513,1.811405226613364,81.78600006103515,81.28800048828126,83.10800056457519
85.54000091552734,85.54000091552734,85.6500015258789,81.08999633789062,81.18000030517578,27508700,2026-01-06,1,6,1,5.330845381322112,5.370781712196647,2.915144915934024,2.13266271180252,82.59400024414063,81.9110008239746,82.81900062561036
86.19000244140625,86.19000244140625,87.73999786376953,85.65499877929688,86.23999786376953,25293400,2026-01-07,2,7,1,2.419073007788904,-0.0579724299648724,3.162719578801959,2.2084368057599475,83.40800018310547,82.40400085449218,82.50000076293945
87.58999633789062,87.58999633789062,88.23999786376953,85.3499984741211,85.76000213623047,15499200,2026-01-08,3,8,1,3.2994628501865235,2.1338551260215635,3.5472480532315855,2.406235421432803,84.58399963378906,83.06600036621094,82.42600059509277
85.44000244140625,85.44000244140625,87.27999877929688,84.88400268554688,87.2699966430664,15881500,2026-01-09,4,9,1,2.8043024640514798,-2.096933965913644,3.579505498666896,2.5843857152257512,85.1,83.49500045776367,82.49000053405761
84.66999816894531,84.66999816894531,85.4800033569336,83.7699966430664,84.63999938964844,12687800,2026-01-12,0,12,1,2.0196135004693696,0.03544279243053005,3.1746594407636786,2.685436448331095,85.88600006103516,83.83600006103515,82.45150032043458
85.41000366210938,85.41000366210938,85.94000244140625,83.69999694824219,84.20999908447266,14809300,2026-01-13,1,13,1,2.6226500376065447,1.425014357775935,2.6330203720205647,2.7740826439772936,85.86000061035156,84.2270004272461,82.46650047302246
84.6500015258789,84.6500015258789,85.98999786376953,83.5,85.37000274658203,15510800,2026-01-14,2,14,1,2.9415213454051714,-0.8433890096506431,2.7375100395438183,2.950114809172888,85.5520004272461,84.48000030517578,82.60600051879882
84.37999725341797,84.37999725341797,86.3499984741211,82.7300033569336,85.80999755859375,18892900,2026-01-15,3,15,1,4.29011049421534,-1.666472842164262,2.9356395683495817,3.241443810790583,84.91000061035156,84.74700012207032,82.77900047302246
84.8499984741211,84.8499984741211,85.0,83.0,84.1500015258789,20738900,2026-01-16,4,16,1,2.357100808446086,0.8318442490187185,2.846199237228503,3.2128523679476992,84.79199981689453,84.94599990844726,83.06450042724609
83.72000122070312,83.72000122070312,83.80999755859375,82.3499984741211,83.05999755859375,19429300,2026-01-20,1,20,1,1.7439071466611649,0.7946107410414776,2.7910579664668616,2.9828587036152694,84.6020004272461,85.24400024414062,83.26600036621093
84.26000213623047,84.26000213623047,85.61000061035156,82.94999694824219,84.38999938964844,21171900,2026-01-21,2,21,1,3.1568995901622645,-0.15404343448059635,2.897907876978006,2.765464124499285,84.37200012207032,85.11600036621094,83.51350059509278
82.55999755859375,82.55999755859375,85.43000030517578,81.51000213623047,83.5,19457200,2026-01-22,3,22,1,4.748059938062918,-1.1257514268338324,3.2592155955095548,2.998362817526686,83.95399932861328,84.75299987792968,83.57850036621093
82.30999755859375,82.30999755859375,83.55999755859375,81.47000122070312,82.6500015258789,14703800,2026-01-23,4,23,1,2.5391767706016832,-0.4113780532462496,2.909028850786824,2.922334209568202,83.53999938964844,84.225,83.64550018310547
81.9800033569336,81.9800033569336,83.33000183105469,81.91000366210938,82.3499984741211,16556400,2026-01-26,0,26,1,1.7321274832873177,-0.44929583976103277,2.7840341857550697,2.8151167114917857,82.96600036621093,83.87900009155274,83.6870002746582
81.23999786376953,81.23999786376953,82.08499908447266,79.86000061035156,81.94999694824219,19993700,2026-01-27,1,27,1,2.7387968151503026,-0.8663808552928636,2.9830121194528973,2.8870350429598792,82.46999969482422,83.53600006103515,83.68600006103516
79.77999877929688,79.77999877929688,81.84700012207031,79.73500061035156,81.16000366210938,19317300,2026-01-28,2,28,1,2.647279448526163,-1.7003509370919034,2.8810880911256773,2.889497984051841,81.5739990234375,82.9729995727539,83.6
81.69999694824219,81.69999694824219,82.08000183105469,79.95999908447266,80.44000244140625,26857800,2026-01-29,3,29,1,2.594862699842052,1.5663780067059758,2.450448643481504,2.854832119495529,81.4019989013672,82.67799911499023,83.57899971008301
80.05000305175781,80.05000305175781,82.0999984741211,79.41999816894531,80.91000366210938,24344100,2026-01-30,4,30,1,3.347907811375069,-1.0629101117619968,2.6121948516361813,2.760611851211502,80.95,82.24499969482422,83.49599990844726
80.83999633789062,80.83999633789062,81.88999938964844,79.19000244140625,79.80000305175781,18434500,2026-02-02,0,2,2,3.3399271036046154,1.3032496821563766,2.933754775699641,2.858894480727355,80.72199859619141,81.84399948120117,83.39499969482422
77.93000030517578,77.93000030517578,80.68000030517578,77.30000305175781,80.4800033569336,29490800,2026-02-03,1,3,2,4.337222173978978,-3.1684927253896813,3.2534398474653754,3.118225983459136,80.05999908447265,81.26499938964844,83.25449981689454
73.91999816894531,73.91999816894531,77.71299743652344,71.87999725341797,75.625,63045000,2026-02-04,2,4,2,7.890963646635997,-2.2545478757747937,4.302176687087343,3.59163238910651,78.88799896240235,80.23099899291992,82.67349967956542
75.20999908447266,75.20999908447266,77.22000122070312,73.22000122070312,73.26000213623047,33111500,2026-02-05,3,5,2,5.318441761324011,2.6617484184836293,4.846892499383735,3.648670571432619,77.58999938964844,79.49599914550781,82.12449951171875
74.7699966430664,74.7699966430664,75.86000061035156,72.66999816894531,75.48999786376953,24470200,2026-02-06,4,6,2,4.266420468940955,-0.9537703551170458,5.030595030896912,3.8213949412665458,76.53399810791015,78.74199905395508,81.48349952697754
73.91000366210938,73.91000366210938,74.81500244140625,73.51000213623047,74.76000213623047,17959100,2026-02-09,0,9,2,1.7656612643963394,-1.136969569064745,4.715741863055256,3.8247483193774485,75.1479995727539,77.93499908447265,80.9069995880127
73.5,73.5,75.05000305175781,73.47000122070312,74.37999725341797,18958700,2026-02-10,1,10,2,2.1496623551764458,-1.1831100913055363,4.278229899294749,3.765834873380063,74.26199951171876,77.1609992980957,80.34849967956544
71.01000213623047,71.01000213623047,74.08599853515625,70.6500015258789,73.76000213623047,28019700,2026-02-11,2,11,2,4.83875074765593,-3.728307918051451,3.667787319498737,3.9849820032930396,73.68000030517578,76.28399963378907,79.62849960327148
