Adj Close,Close,High,Low,Open,Volume,date,day_of_week,day,month,hl_pct,oc_pct,volatility_5d,volatility_10d,ma_5,ma_10,ma_20
VZ,VZ,VZ,VZ,VZ,VZ,,,,,,,,,,,
35.182682037353516,40.130001068115234,40.22999954223633,39.560001373291016,39.56999969482422,12344600,2024-03-11,0,11,3,1.6695692776286786,1.415217027065745,1.8533175040690637,1.5794114916780992,39.88999938964844,40.00099983215332,40.20749988555908
35.182682037353516,40.130001068115234,40.2599983215332,39.900001525878906,40.029998779296875,12452700,2024-03-12,1,12,3,0.8970764666645564,0.24981836589532844,1.517242856952852,1.5313782836345549,39.84599990844727,40.020999908447266,40.20900001525879
35.296653747558594,40.2599983215332,40.5,40.060001373291016,40.290000915527344,13751800,2024-03-13,2,13,3,1.0928928093711556,-0.07446660042784446,1.4352962650402343,1.5533861462576604,39.91199951171875,40.03699989318848,40.21549987792969
34.8670539855957,39.77000045776367,40.060001373291016,39.439998626708984,40.0,17475400,2024-03-14,3,14,3,1.5589709314700244,-0.5749988555908203,1.2917412284787109,1.6143304498572761,39.95999984741211,40.011999893188474,40.196499824523926
34.621585845947266,39.4900016784668,39.93000030517578,39.13999938964844,39.599998474121094,54893900,2024-03-15,4,15,3,2.000508690679842,-0.27776969669880325,1.4438036351628514,1.6850279736777989,39.95600051879883,39.94099998474121,40.14149990081787
35.00733947753906,39.93000030517578,39.959999084472656,39.2599983215332,39.47999954223633,16200800,2024-03-18,0,18,3,1.7530697660643846,1.1398195748660918,1.4605037328499926,1.6569106184595281,39.91600036621094,39.90299987792969,40.11349983215332
35.04240036010742,39.970001220703125,40.04999923706055,39.810001373291016,39.880001068115234,15226900,2024-03-19,1,19,3,0.6004449748308248,0.2256774076664891,1.4011774344832464,1.4592101457180493,39.88400039672852,39.86500015258789,40.08699989318848
35.17391586303711,40.119998931884766,40.27000045776367,39.79999923706055,39.959999084472656,15198800,2024-03-20,2,20,3,1.1714886171883683,0.4004000277224252,1.4168965960466888,1.4260964305434616,39.85600051879883,39.88400001525879,40.03799991607666
35.542137145996094,40.540000915527344,40.59000015258789,39.97999954223633,40.119998931884766,21868300,2024-03-21,3,21,3,1.5046882007294786,1.0468643938791033,1.4060400498985797,1.3488906391886453,40.01000061035156,39.98500022888184,40.02849998474121
35.393089294433594,40.369998931884766,40.810001373291016,40.0099983215332,40.7400016784668,17816400,2024-03-22,4,22,3,1.9816771685023735,-0.9082050351941857,1.402273745463086,1.4230386903129686,40.18600006103516,40.071000289916995,40.013999938964844
35.83144760131836,40.869998931884766,40.880001068115234,40.47999954223633,40.529998779296875,14587200,2024-03-25,0,25,3,0.9787167514869806,0.8388851784559295,1.2474031425476053,1.353953437698799,40.373999786376956,40.14500007629395,40.07299995422363
35.81391525268555,40.849998474121094,41.0,40.709999084472656,40.83000183105469,17854100,2024-03-26,1,26,3,0.7099165883961107,0.04897536656781902,1.2692974652606623,1.3352374498719544,40.54999923706055,40.21699981689453,40.1189998626709
36.41885757446289,41.540000915527344,41.779998779296875,41.099998474121094,41.099998474121094,19260100,2024-03-27,2,27,3,1.636977106857988,1.0705655906126144,1.3623951631945863,1.3896458796206375,40.83399963378906,40.34500007629394,40.19099998474121
36.787071228027344,41.959999084472656,42.150001525878906,41.630001068115234,41.63999938964844,19771400,2024-03-28,3,28,3,1.23927661846899,0.7684911131477336,1.3093128467424886,1.3576764483205341,41.11799926757813,40.56399993896484,40.28799991607666
37.067623138427734,42.279998779296875,42.34000015258789,41.529998779296875,41.9900016784668,15031600,2024-04-01,0,1,4,1.9158027357551548,0.6906336966849747,1.2961379601930447,1.3492058528280655,41.49999923706055,40.842999649047854,40.39199981689453
37.29556655883789,42.540000915527344,42.68000030517578,42.2599983215332,42.29999923706055,17260800,2024-04-02,1,2,4,0.9873107066372323,0.5673798647649213,1.2978567512230952,1.2726299468853504,41.83399963378906,41.10399971008301,40.503499794006345
37.55858612060547,42.84000015258789,42.900001525878906,42.529998779296875,42.58000183105469,18211800,2024-04-03,2,3,4,0.8636852130349024,0.6106113441817179,1.3286104761508537,1.298953970705758,42.23199996948242,41.39099960327148,40.62799987792969
37.2166633605957,42.45000076293945,43.41999816894531,42.439998626708984,42.9900016784668,16461400,2024-04-04,3,4,4,2.3085972311498915,-1.256108151765493,1.4629345010092343,1.4126648321019102,42.41399993896484,41.623999786376956,40.753999900817874
36.92734909057617,42.119998931884766,42.439998626708984,41.61000061035156,42.25,14338700,2024-04-05,4,5,4,1.9705556443618872,-0.30769483577570267,1.6091903061878134,1.459251576465151,42.44599990844726,41.781999588012695,40.88349990844726
36.585426330566406,41.72999954223633,42.150001525878906,41.709999084472656,42.119998931884766,14457800,2024-04-08,0,8,4,1.0544031781282643,-0.9259245003285331,1.4369103946624355,1.3665241774277403,42.33600006103516,41.91799964904785,40.99449996948242
36.384971618652344,40.84000015258789,41.18000030517578,40.540000915527344,41.060001373291016,17224100,2024-04-09,1,9,4,1.5670895868199035,-0.5358042214928732,1.55286617069897,1.4253614609610323,41.99599990844727,41.91499977111816,41.02999992370606
36.09988021850586,40.52000045776367,40.65999984741211,39.959999084472656,40.61000061035156,17900400,2024-04-10,2,10,4,1.7275438179451756,-0.2216206629776544,1.7256378916810242,1.527124183915939,41.53199996948242,41.88199996948242,41.049499893188475
35.77914810180664,40.15999984741211,40.470001220703125,40.09000015258789,40.45000076293945,14782200,2024-04-11,3,11,4,0.9462178026868729,-0.7169367368542658,1.4531620059884207,1.4580482534988275,41.07399978637695,41.7439998626709,41.04449996948242
35.38715362548828,39.720001220703125,40.2599983215332,39.68000030517578,40.18000030517578,21555000,2024-04-12,4,12,4,1.460216511914686,-1.1448458959155396,1.3510941794989804,1.4801422428433972,40.594000244140624,41.52000007629395,41.0420000076294
35.73460388183594,40.11000061035156,40.349998474121094,39.849998474121094,40.11000061035156,16442800,2024-04-15,0,15,4,1.2465719082311864,0.0,1.389527925519565,1.4132191600910002,40.27000045776367,41.30300025939941,41.07299995422363
35.43168640136719,39.77000045776367,40.13999938964844,39.56999969482422,40.11000061035156,14016800,2024-04-16,1,16,4,1.4332403526863593,-0.8476692780207626,1.362758078692856,1.4578121246959128,40.056000518798825,41.02600021362305,41.064999961853026
35.44060134887695,39.779998779296875,39.97999954223633,39.459999084472656,39.849998474121094,21009200,2024-04-17,2,17,4,1.3071907333348165,-0.17565796111554963,1.2786874617707842,1.5021626767259044,39.90800018310547,40.72000007629394,41.05549983978271
35.75242614746094,40.130001068115234,40.16999816894531,39.709999084472656,39.849998474121094,20173700,2024-04-18,3,18,4,1.1462722956121285,0.7026414171031312,1.3186983603558353,1.385930183172128,39.902000427246094,40.488000106811526,41.05599994659424
36.07315444946289,40.4900016784668,40.66999816894531,39.97999954223633,40.0,24706500,2024-04-19,4,19,4,1.7041210128571966,1.2250041961669922,1.3674792605443375,1.359286720021659,40.056000518798825,40.32500038146973,41.05349998474121
34.38932418823242,38.599998474121094,41.63999938964844,38.560001373291016,41.400001525878906,51243200,2024-04-22,0,22,4,7.9792697878534105,-6.763292146275759,2.7140188364687825,2.0517733809941734,39.75400009155273,40.012000274658206,40.964999961853025
35.36933135986328,39.70000076293945,39.9900016784668,38.68000030517578,38.90999984741211,25972800,2024-04-23,1,23,4,3.299751506589193,2.0303287551410425,3.087321067249349,2.2250395729711023,39.74000015258789,39.89800033569336,40.906500053405765
35.1822395324707,39.4900016784668,39.65999984741211,38.939998626708984,39.5,15946600,2024-04-24,2,24,4,1.8232494051671033,-0.025312206413172465,3.1905328016158063,2.2346101316932954,39.682000732421876,39.79500045776367,40.83850021362305
34.94169235229492,39.220001220703125,39.81999969482422,38.959999084472656,39.290000915527344,16837700,2024-04-25,3,25,4,2.1927602845091005,-0.1781616014077388,3.3998303993952006,2.359264379875518,39.50000076293945,39.70100059509277,40.722500228881835
35.35150909423828,39.68000030517578,39.959999084472656,38.900001525878906,39.060001373291016,18246200,2024-04-26,4,26,4,2.6713647944591523,1.5872987969445311,3.5932791557155923,2.480379208129965,39.33800048828125,39.69700050354004,40.60850028991699
35.716793060302734,40.09000015258789,40.81999969482422,39.869998931884766,39.900001525878906,19438600,2024-04-29,0,29,4,2.3696701404929494,0.4761870161477372,2.4713592262434996,2.5926890313561413,39.63600082397461,39.69500045776367,40.49900035858154
35.1822395324707,39.4900016784668,39.91999816894531,39.439998626708984,39.90999984741211,20222200,2024-04-30,1,30,4,1.2154963834758798,-1.0523632436759995,2.0545082016208367,2.5709146344350926,39.59400100708008,39.66700057983398,40.346500396728516
34.92387390136719,39.20000076293945,39.65999984741211,39.130001068115234,39.33000183105469,17754000,2024-05-01,2,1,5,1.352037675973587,-0.3305391865316072,1.9602658557821335,2.5753993286989703,39.53600082397461,39.609000778198244,40.1645004272461
34.68332290649414,38.93000030517578,39.47999954223633,38.75,39.31999969482422,17394900,2024-05-02,3,2,5,1.8751593540040994,-0.9918601034469846,1.8967456696811333,2.6482880345381674,39.47800064086914,39.489000701904295,39.98850040435791
34.647682189941406,38.88999938964844,39.20000076293945,38.75,39.04999923706055,13195600,2024-05-03,4,3,5,1.15711177681127,-0.409730731211541,1.593895066151557,2.5935871109335746,39.32000045776367,39.32900047302246,39.82700042724609
35.03969192504883,39.33000183105469,39.349998474121094,39.060001373291016,39.119998931884766,13348800,2024-05-06,0,6,5,0.7373432172105786,0.5368172415739996,1.2674296814950827,1.8693944538692915,39.16800079345703,39.40200080871582,39.70700054168701
35.021873474121094,39.310001373291016,39.58000183105469,39.09000015258789,39.529998779296875,11935200,2024-05-07,1,7,5,1.2465063885745018,-0.556532792308304,1.2736316825148073,1.6640699420678224,39.13200073242187,39.36300086975098,39.630500602722165
35.17332458496094,39.47999954223633,39.56999969482422,39.099998474121094,39.2400016784668,10438000,2024-05-08,2,8,5,1.1904792962327932,0.6116153249331577,1.2413200065666483,1.6007929311743911,39.18800048828125,39.36200065612793,39.5785005569458
35.44951248168945,39.790000915527344,39.83000183105469,39.380001068115234,39.5099983215332,12881000,2024-05-09,3,9,5,1.1309393128559802,0.7086879420127371,1.0924759983370245,1.4946108340090791,39.36000061035156,39.41900062561035,39.560000610351565
35.99297332763672,40.400001525878906,40.41999816894531,39.709999084472656,39.810001373291016,16888500,2024-05-10,4,10,5,1.7574234100408495,1.4820400206861797,1.2125383249829405,1.4032166955672492,39.662001037597655,39.491000747680665,39.59400062561035
36.11770248413086,40.540000915527344,40.650001525878906,40.09000015258789,40.34000015258789,21365700,2024-05-13,0,13,5,1.381355107657454,0.49578770992300725,1.3413407030723157,1.3043851922836995,39.90400085449219,39.53600082397461,39.61550064086914
36.07315444946289,40.4900016784668,40.689998626708984,40.41999816894531,40.59000015258789,17664400,2024-05-14,1,14,5,0.6668324192914574,-0.24636233985014694,1.2254059092157066,1.2495187958652572,40.140000915527345,39.63600082397461,39.6515007019043
36.07315444946289,40.4900016784668,40.90999984741211,40.439998626708984,40.75,14926000,2024-05-15,2,15,5,1.1607834063219584,-0.638032690879026,1.2194667312335397,1.2303933689000943,40.342001342773436,39.765000915527345,39.687000846862794
35.85932922363281,40.25,40.439998626708984,40.13999938964844,40.290000915527344,12913200,2024-05-16,3,16,5,0.7453397194050854,-0.0992824885043073,1.142346812543361,1.1174114054401927,40.43400115966797,39.89700088500977,39.69300079345703
35.690059661865234,40.060001373291016,40.40999984741211,39.83000183105469,40.38999938964844,14670400,2024-05-17,4,17,5,1.447823256302035,-0.8170290204114169,1.0804267817955977,1.1464825533892693,40.36600112915039,40.014001083374026,39.671500778198244
35.74351501464844,40.119998931884766,40.310001373291016,40.0099983215332,40.04999923706055,8665000,2024-05-20,0,20,5,0.7477643562931144,0.17478076443867707,0.9537086315227301,1.1475246672975228,40.28200073242188,40.09300079345703,39.747500801086424
35.298057556152344,39.619998931884766,40.119998931884766,39.279998779296875,40.099998474121094,18327000,2024-05-21,1,21,5,2.1201417850415143,-1.1970063852897659,1.2443705046727414,1.2348882069442242,40.10800018310547,40.124000549316406,39.74350070953369
35.44951248168945,39.790000915527344,40.18000030517578,39.619998931884766,39.70000076293945,12374100,2024-05-22,2,22,5,1.4073922101180074,0.22670063188489184,1.293692265431951,1.2565794983327456,39.96800003051758,40.15500068664551,39.75850067138672
35.128787994384766,39.43000030517578,39.79999923706055,39.11000061035156,39.599998474121094,14105000,2024-05-23,3,23,5,1.7499331000979266,-0.42928832195892036,1.4946109415705193,1.3184788770569402,39.80400009155274,40.119000625610354,39.76900062561035
35.40496826171875,39.7400016784668,39.7400016784668,39.5,39.5099983215332,10420000,2024-05-24,4,24,5,0.603929713965871,0.5821396271946699,1.3258322331032866,1.2031295074494424,39.74000015258789,40.05300064086914,39.7720006942749
35.0664176940918,39.36000061035156,39.790000915527344,39.16999816894531,39.720001220703125,15071300,2024-05-28,1,28,5,1.5752102057106483,-0.906345919657023,1.4913214029867932,1.2225150172547619,39.58800048828125,39.935000610351565,39.735500717163085
34.83477783203125,39.099998474121094,39.470001220703125,39.0,39.2599983215332,17652000,2024-05-29,2,29,5,1.2020492047185174,-0.4075391091505808,1.3077028869221938,1.2760366957974678,39.48400039672852,39.79600028991699,39.7160005569458
35.930606842041016,40.33000183105469,40.36000061035156,39.18000030517578,39.220001220703125,19633200,2024-05-30,3,30,5,2.925862265315257,2.8301901473823126,1.6113968979616438,1.4525445816967977,39.592000579833986,39.78000030517578,39.772500610351564
36.661155700683594,41.150001525878906,41.279998779296875,40.099998474121094,40.13999938964844,38917400,2024-05-31,4,31,5,2.867558350960664,2.5161986835777945,1.8349219481341912,1.6647664448523556,39.93600082397461,39.87000045776367,39.88350067138672
36.50969696044922,40.97999954223633,41.5099983215332,40.900001525878906,41.18000030517578,20688100,2024-06-03,0,3,6,1.4885231880629948,-0.4856745057243617,2.011840642953616,1.6688364380284515,40.184000396728514,39.9620002746582,39.98800067901611
37.02642822265625,41.560001373291016,41.560001373291016,40.720001220703125,40.880001068115234,16040200,2024-06-04,1,4,6,2.0211745063312865,1.6634057911171494,2.1010335030777436,1.796177453032269,40.624000549316406,40.10600051879883,40.09950065612793
36.839332580566406,41.349998474121094,41.720001220703125,41.130001068115234,41.599998474121094,11964000,2024-06-05,2,5,6,1.4268444361784978,-0.6009615605046772,2.1459925493697396,1.726847718145967,41.07400054931641,40.279000473022464,40.201500511169435
36.8215217590332,41.33000183105469,41.720001220703125,41.13999938964844,41.310001373291016,10259100,2024-06-06,3,6,6,1.4033433471055006,0.04841553400819583,1.8414887657277883,1.7264428318447163,41.274000549316405,40.433000564575195,40.29400062561035
36.47406005859375,40.939998626708984,41.290000915527344,40.810001373291016,41.15999984741211,10410200,2024-06-07,4,7,6,1.1724464053185863,-0.534502481823885,1.5024663765993729,1.6686941623667824,41.23199996948242,40.58400039672851,40.351500511169434
36.00188064575195,40.40999984741211,40.93000030517578,40.33000183105469,40.90999984741211,15210700,2024-06-10,0,10,6,1.4847772244164414,-1.2221950668905444,1.5017171838700623,1.7567789134118397,41.11800003051758,40.65100021362305,40.3520004272461
36.01078414916992,40.41999816894531,40.59000015258789,40.220001220703125,40.290000915527344,12083300,2024-06-11,1,11,6,0.9153858204997046,0.32265388549015683,1.2805594467037458,1.690796474890745,40.88999938964844,40.75699996948242,40.346000289916994
35.43168640136719,39.77000045776367,40.79999923706055,39.58000183105469,40.77000045776367,15065300,2024-06-12,2,12,6,3.0676323660129565,-2.4527838821978083,1.6087170326706377,1.877354791020189,40.57399978637695,40.82400016784668,40.31000022888183
35.44060134887695,39.779998779296875,39.79999923706055,39.29999923706055,39.75,12297400,2024-06-13,3,13,6,1.256913060188982,0.07546862716194969,1.579430975287334,1.7104598705075618,40.26399917602539,40.768999862670896,40.27450008392334
35.34260177612305,39.66999816894531,39.84000015258789,39.45000076293945,39.47999954223633,10480600,2024-06-14,4,14,6,0.983109169774903,0.4812528594528499,1.5415635281785973,1.5220149523889854,40.00999908447265,40.62099952697754,40.245499992370604
35.15550994873047,39.459999084472656,39.599998474121094,38.95000076293945,39.599998474121094,22286600,2024-06-17,0,17,6,1.647231946939938,-0.3535338258659989,1.5740544726832966,1.5378858282766799,39.81999893188477,40.46899948120117,40.21549987792969
35.70787048339844,40.08000183105469,40.18000030517578,39.70000076293945,39.709999084472656,17125700,2024-06-18,1,18,6,1.197603593581715,0.931762163466554,1.6304980272996985,1.4555287370017225,39.75199966430664,40.32099952697754,40.213500022888184
35.850425720214844,40.2400016784668,40.470001220703125,39.810001373291016,39.84000015258789,17704700,2024-06-20,3,20,6,1.6401585981177729,1.0040198904289495,1.3450032737206619,1.47686015319565,39.84599990844727,40.20999984741211,40.244500160217285
35.850425720214844,40.2400016784668,40.380001068115234,39.900001525878906,40.369998931884766,30375300,2024-06-21,4,21,6,1.1928417550071453,-0.32201450794514436,1.3321890126842946,1.4558099939858145,39.93800048828125,40.10099983215332,40.26700019836426
36.67897033691406,41.16999816894531,41.220001220703125,40.31999969482422,40.38999938964844,20773800,2024-06-24,0,24,6,2.1860616125987122,1.9311680888432523,1.5727795012490566,1.557171514713827,40.23800048828125,40.123999786376956,40.354000091552734
36.59878921508789,41.08000183105469,41.630001068115234,40.83000183105469,41.209999084472656,17475700,2024-06-25,1,25,6,1.9474177249324813,-0.3154507554137507,1.6328166568475653,1.6034355647654313,40.56200103759765,40.19099998474121,40.42100009918213
36.54534149169922,41.02000045776367,41.16999816894531,40.709999084472656,41.0,19709900,2024-06-26,2,26,6,1.1214019486574487,0.04878160430163872,1.617576327862712,1.6240371775812055,40.75000076293945,40.251000213623044,40.50400009155273
36.36715316772461,40.81999969482422,41.040000915527344,40.560001373291016,41.0,15560800,2024-06-27,3,27,6,1.1758930568958084,-0.43902513457507625,1.5247232196183191,1.4348632466694906,40.86600036621094,40.356000137329104,40.59000015258789
36.74134063720703,41.2400016784668,41.58000183105469,40.689998626708984,40.86000061035156,27639200,2024-06-28,4,28,6,2.1581066152342387,0.9300074949557492,1.717776191663738,1.5249826021740165,41.066000366210936,40.502000427246095,40.6355001449585
37.18679428100586,41.7400016784668,41.97999954223633,41.349998474121094,41.41999816894531,16412100,2024-07-01,0,1,7,1.509346053620896,0.7725821430900192,1.5824330798681745,1.5776062905586155,41.18000106811523,40.709000778198245,40.66500015258789
36.61661148071289,41.099998474121094,41.70000076293945,40.720001220703125,41.630001068115234,21659400,2024-07-02,1,2,7,2.3844271985883205,-1.2731265443086286,1.6698349745993426,1.6513258157234538,41.184000396728514,40.87300071716309,40.67100009918213
36.63442611694336,41.119998931884766,41.38999938964844,40.95000076293945,41.130001068115234,6653900,2024-07-03,2,3,7,1.0700355985851109,-0.02431834663438071,1.6595617045848747,1.6385690162237936,41.204000091552736,40.9770004272461,40.648999977111814
36.76806640625,41.27000045776367,41.380001068115234,40.95000076293945,41.16999816894531,17552200,2024-07-05,4,5,7,1.0419197974466947,0.24290088235610244,1.632767052695052,1.5787451361566855,41.294000244140626,41.08000030517578,40.64500007629395
36.999698638916016,41.529998779296875,41.59000015258789,41.08000183105469,41.29999923706055,15380400,2024-07-08,0,8,7,1.2280239261346728,0.5568996282933053,1.446750514875139,1.5822633532694383,41.35199966430664,41.20900001525879,40.65499992370606
36.794795989990234,41.29999923706055,41.779998779296875,41.209999084472656,41.470001220703125,20475200,2024-07-09,1,9,7,1.380144565021516,-0.4099396639460618,1.4209102171552628,1.501671648511719,41.26399917602539,41.22200012207031,40.672999954223634
37.1977424621582,41.08000183105469,41.130001068115234,40.689998626708984,40.880001068115234,13826800,2024-07-10,2,10,7,1.07108671322801,0.48923864411404266,1.1582421200832007,1.4140385473412718,41.25999984741211,41.22200012207031,40.70650005340576
37.396949768066406,41.29999923706055,41.36000061035156,40.75,41.08000183105469,12487800,2024-07-11,3,11,7,1.4769990838260805,0.5355340705938113,1.2396348171313947,1.4495982608581346,41.295999908447264,41.25,40.75050010681152
37.51466369628906,41.43000030517578,41.56999969482422,41.20000076293945,41.310001373291016,11129100,2024-07-12,4,12,7,0.8930700679684578,0.290483969730272,1.2098648712357474,1.4213159619653999,41.327999877929685,41.31100006103516,40.83350009918213
36.93514633178711,40.790000915527344,41.459999084472656,40.70000076293945,41.43000030517578,15874900,2024-07-15,0,15,7,1.8631976084214747,-1.544772833536483,1.3368996076931077,1.3918250612841234,41.18000030517578,41.265999984741214,40.88400020599365
37.532772064208984,41.45000076293945,41.54999923706055,40.81999969482422,40.849998474121094,16016900,2024-07-16,1,16,7,1.761156884921031,1.4687939075406995,1.4131020716730105,1.4170061444141369,41.210000610351564,41.236999893188475,40.97300033569336
38.057960510253906,42.029998779296875,42.189998626708984,41.52000045776367,41.54999923706055,20401700,2024-07-17,2,17,7,1.5940951425279126,1.1552335765344426,1.5177037575329912,1.337972938808096,41.4,41.329999923706055,41.10150032043457
38.09417724609375,42.06999969482422,42.52000045776367,41.720001220703125,41.900001525878906,15752800,2024-07-18,3,18,7,1.9015907840830553,0.4057235387934668,1.6026220975843863,1.4211284573578904,41.55400009155274,41.425,41.20100021362305
37.68670654296875,41.619998931884766,42.29999923706055,41.43000030517578,42.29999923706055,17608000,2024-07-19,4,19,7,2.090338669418528,-1.6075657622707678,1.8420758178744001,1.5259703445550739,41.59199981689453,41.45999984741211,41.27000007629395
35.39580535888672,39.09000015258789,40.0,38.70000076293945,39.95000076293945,54985800,2024-07-22,0,22,7,3.325656771517006,-2.15269235025738,2.1345676504935063,1.7357336290933074,41.25199966430664,41.21599998474121,41.2125
35.21470260620117,38.88999938964844,39.27000045776367,38.720001220703125,38.7400016784668,25257700,2024-07-23,1,23,7,1.414243367684246,0.3871907709932165,2.0651849470461494,1.7391435093595802,40.73999938964844,40.975,41.09850006103515
35.920989990234375,39.66999816894531,39.83000183105469,39.04999923706055,39.2400016784668,22889000,2024-07-24,2,24,7,1.9662279556260394,1.0958116006261003,2.139611509665775,1.8286576335993832,40.267999267578126,40.83399963378906,41.02799987792969
36.17453384399414,39.95000076293945,40.970001220703125,39.790000915527344,39.86000061035156,19740300,2024-07-25,3,25,7,2.9536928226305212,0.22579064528292497,2.3500319173752677,1.9763270074798271,39.84399948120117,40.69899978637695,40.97449989318848
36.301300048828125,40.09000015258789,40.16999816894531,39.650001525878906,39.900001525878906,15911500,2024-07-26,4,26,7,1.297073188044973,0.4761870161477372,2.191378821100557,2.0167273194874786,39.5379997253418,40.56499977111817,40.93799991607666
36.24696350097656,40.029998779296875,40.119998931884766,39.66999816894531,40.08000183105469,12937200,2024-07-29,0,29,7,1.1241588225383337,-0.12475810746862108,1.7510792313048225,1.942823440899165,39.725999450683595,40.48899955749512,40.87749977111817
36.25602340698242,40.040000915527344,40.2599983215332,39.83000183105469,40.0099983215332,16089200,2024-07-30,1,30,7,1.0739172843319411,0.07498774119666324,1.6830140146343613,1.8740994808402558,39.955999755859374,40.347999572753906,40.792499732971194
36.6906623840332,40.52000045776367,40.790000915527344,39.97999954223633,40.029998779296875,23605400,2024-07-31,2,31,7,1.9990161997538145,1.224086168896465,1.6895716634599165,1.914591586562846,40.126000213623044,40.19699974060059,40.76349983215332
36.98947525024414,40.849998474121094,41.18000030517578,40.279998779296875,40.66999816894531,18166800,2024-08-01,3,1,8,2.203186192158775,0.4425874435205296,1.5394703373655674,1.9447511273704179,40.305999755859375,40.07499961853027,40.749999809265134
37.0981330871582,40.970001220703125,41.939998626708984,40.40999984741211,41.20000076293945,26124900,2024-08-02,4,2,8,3.7344367432523526,-0.558251305769924,2.0269430484070434,2.1091609347538003,40.48199996948242,40.00999984741211,40.73499984741211
36.038700103759766,39.79999923706055,40.27000045776367,39.63999938964844,40.0,26855000,2024-08-05,0,5,8,1.5829172869144092,-0.5000019073486328,2.1186947412822583,1.9348869862935405,40.43600006103516,40.080999755859374,40.64849987030029
36.45522689819336,40.2599983215332,40.47999954223633,39.7599983215332,39.970001220703125,18104200,2024-08-06,1,6,8,1.7883786654755767,0.7255368825955135,2.2615870175109856,1.9723005160726736,40.47999954223633,40.217999649047854,40.596499824523924
36.47333526611328,40.279998779296875,40.720001220703125,40.20000076293945,40.36000061035156,12176300,2024-08-07,2,7,8,1.2909644327768497,-0.19822058930833752,2.1199766641155926,1.9047741637877547,40.43199920654297,40.278999710083006,40.55649967193604
36.6906623840332,40.52000045776367,40.790000915527344,40.25,40.279998779296875,13237100,2024-08-08,3,8,8,1.332677466502543,0.5958333806855848,1.9458749189843463,1.742672628174957,40.36599960327148,40.33599967956543,40.51749973297119
36.89892578125,40.75,40.79999923706055,40.029998779296875,40.4900016784668,11818700,2024-08-09,4,9,8,1.8895716754936736,0.6421296882076304,1.5769019054326103,1.8019224769198268,40.32199935913086,40.40199966430664,40.483499717712405
36.69971466064453,40.529998779296875,41.0,40.310001373291016,40.95000076293945,11099000,2024-08-12,0,12,8,1.7024392980279153,-1.0256458505922377,1.6008063076553114,1.8597505244687849,40.46799926757812,40.45199966430664,40.47049961090088
36.926090240478516,40.779998779296875,40.79999923706055,40.349998474121094,40.650001525878906,15349400,2024-08-13,1,13,8,1.1034840029664463,0.31979642936841945,1.4638273751534854,1.8627071963322355,40.57199935913086,40.52599945068359,40.43699951171875
37.034751892089844,40.900001525878906,41.099998474121094,40.4900016784668,40.599998474121094,10931100,2024-08-14,2,14,8,1.491434652559438,0.7389238005736327,1.503921419110003,1.8119490416127977,40.69599990844726,40.563999557495116,40.38049964904785
36.25602340698242,40.040000915527344,40.91999816894531,40.0,40.84000015258789,17489600,2024-08-15,3,15,8,2.297697672101054,-1.9588619835248793,1.6969254602297053,1.8214001896070258,40.6,40.48299980163574,40.278999710083006
36.772159576416016,40.61000061035156,40.619998931884766,40.060001373291016,40.099998474121094,13377500,2024-08-16,4,16,8,1.3789646643122817,1.271825824531149,1.5948040579934268,1.5858529817130187,40.572000122070314,40.44699974060059,40.228499794006346
36.889869689941406,40.7400016784668,40.86000061035156,40.560001373291016,40.630001068115234,9401400,2024-08-19,0,19,8,0.7363751219949312,0.2707374045281197,1.4015912227868301,1.5011987652210708,40.614000701904295,40.54099998474121,40.31099987030029
36.98947525024414,40.849998474121094,40.959999084472656,40.630001068115234,40.65999984741211,8784000,2024-08-20,1,20,8,0.8078287115885185,0.4672863438809807,1.3424601645112446,1.403143769832365,40.62800064086914,40.6,40.408999824523924
37.170570373535156,41.04999923706055,41.06999969482422,40.72999954223633,40.90999984741211,13683400,2024-08-21,2,21,8,0.8282586087868509,0.3422131267920149,1.2098249557567269,1.3568731874333653,40.65800018310547,40.67700004577637,40.47799987792969
37.00758361816406,40.869998931884766,41.15999984741211,40.61000061035156,41.099998474121094,13529600,2024-08-22,3,22,8,1.3457285329935853,-0.5596096125919542,1.0194311279352335,1.3581782940824696,40.82399978637695,40.71199989318848,40.523999786376955
37.31545639038086,41.209999084472656,41.22999954223633,40.91999816894531,40.9900016784668,11757300,2024-08-23,4,23,8,0.7522479499588725,0.5367099219257417,0.8940877850645516,1.2444459215289894,40.943999481201175,40.75799980163574,40.57999973297119
37.568992614746094,41.4900016784668,41.7400016784668,41.2400016784668,41.369998931884766,10309500,2024-08-26,0,26,8,1.2051096162271275,0.2900719112408352,0.9878346839109907,1.1947129533489105,41.09399948120117,40.854000091552734,40.65299987792969
37.532772064208984,41.45000076293945,41.63999938964844,41.18000030517578,41.54999923706055,9778200,2024-08-27,1,27,8,1.1097685790248346,-0.2406702189103774,1.048222657398254,1.1953414109547496,41.21399993896485,40.92100028991699,40.723499870300294
37.568992614746094,41.4900016784668,41.709999084472656,41.36000061035156,41.4900016784668,12732700,2024-08-28,2,28,8,0.8435730536563031,0.0,1.0512855463721444,1.1305552510644359,41.30200042724609,40.98000030517578,40.77199993133545
37.3516731262207,41.25,41.56999969482422,41.13999938964844,41.540000915527344,17338100,2024-08-29,3,29,8,1.0424249822443181,-0.6981244803462283,0.9906248362222909,1.0050279820787622,41.37800064086914,41.101000213623045,40.7920000076294
37.83158493041992,41.779998779296875,41.88999938964844,41.16999816894531,41.29999923706055,20009900,2024-08-30,4,30,8,1.7233155618470366,1.162226515988893,1.1848383585999238,1.039463071832238,41.492000579833984,41.21800003051758,40.83249988555908
38.87290573120117,42.93000030517578,42.93000030517578,41.91999816894531,41.959999084472656,23319900,2024-09-03,1,3,9,2.3526720918953723,2.311728412458605,1.414350853733573,1.2010927688222819,41.78000030517578,41.43699989318848,40.988999938964845
37.5599365234375,41.47999954223633,43.27000045776367,41.20000076293945,43.0,31272700,2024-09-04,2,4,9,4.990356117811611,-3.534884785496911,2.190468361490928,1.6193455094445912,41.78600006103515,41.5,41.05
37.406002044677734,41.310001373291016,41.810001373291016,40.900001525878906,41.310001373291016,28199800,2024-09-05,3,5,9,2.202856008618944,0.0,2.4623249524834563,1.7568052494278004,41.75,41.52600021362305,41.10150012969971
37.26112365722656,41.150001525878906,41.790000915527344,41.130001068115234,41.36000061035156,18100300,2024-09-06,4,6,9,1.6038877835691956,-0.5077347228570828,2.5746175127484316,1.7826211744853613,41.73000030517578,41.55400047302246,41.133000183105466
38.691802978515625,42.72999954223633,42.779998779296875,41.2599983215332,41.2599983215332,27850300,2024-09-09,0,9,9,3.5572208613324054,3.5627757646707057,2.9413985726455056,2.063118465622715,41.92000045776367,41.70600051879883,41.23200016021728
39.52486038208008,43.650001525878906,43.689998626708984,42.380001068115234,42.790000915527344,36980400,2024-09-10,1,10,9,3.001139777319567,2.0098167608112654,3.0710921097303445,2.2427214817319587,42.0640007019043,41.92200050354004,41.388000297546384
39.66068649291992,43.79999923706055,43.81999969482422,42.939998626708984,43.5099983215332,22395500,2024-09-11,2,11,9,2.0091348937071167,0.6665155750737448,2.474847864909446,2.332658113200187,42.52800064086914,42.157000350952146,41.53900032043457
39.71501159667969,43.86000061035156,43.880001068115234,43.43000030517578,43.5,18397000,2024-09-12,3,12,9,1.025993517276073,0.827587610003592,2.2394753666408715,2.350900159562164,43.03800048828125,42.39400024414063,41.6870002746582
40.23115158081055,44.43000030517578,44.470001220703125,43.619998931884766,43.93000030517578,20029700,2024-09-13,4,13,9,1.9131269029483668,1.1381743604064818,2.3013231905167055,2.437970351632569,43.694000244140625,42.7120002746582,41.906500244140624
40.74728012084961,45.0,45.04999923706055,44.459999084472656,44.61000061035156,24714500,2024-09-16,0,16,9,1.3111114501953125,0.8742420630183533,1.8521013082892872,2.3967499404673966,44.14800033569336,43.034000396728516,42.126000213623044
39.914222717285156,44.08000183105469,44.75,43.91999816894531,44.75,18769600,2024-09-17,1,17,9,1.8829441846119548,-1.4972026121682962,1.6284621897477645,2.349777149739055,44.23400039672852,43.149000549316405,42.29300022125244
39.73312759399414,43.880001068115234,44.5,43.779998779296875,44.099998474121094,16897900,2024-09-18,2,18,9,1.640841392837393,-0.49886034833982806,1.5548034895738199,2.014825677241633,44.25000076293945,43.389000701904294,42.44450035095215
39.787452697753906,43.939998626708984,43.970001220703125,43.33000183105469,43.959999084472656,23097200,2024-09-19,3,19,9,1.4565302905116913,-0.04549694763468806,1.6409108442209437,1.9401931054309078,44.26600036621094,43.652000427246094,42.58900032043457
40.14059829711914,44.33000183105469,44.470001220703125,43.650001525878906,43.779998779296875,52671900,2024-09-20,4,20,9,1.8497623752629329,1.2562884127303893,1.6282379386838568,1.9647805646002816,44.24600067138672,43.970000457763675,42.762000465393065
40.07721710205078,44.2599983215332,44.529998779296875,43.95000076293945,44.349998474121094,18083200,2024-09-23,0,23,9,1.3104338869241292,-0.2029315798971382,1.62810242602962,1.7401018671594535,44.09800033569336,44.12300033569336,42.9145004272461
40.43941116333008,44.65999984741211,44.790000915527344,44.130001068115234,44.209999084472656,15154000,2024-09-24,1,24,9,1.4778321756988408,1.0178710071439505,1.547080024246997,1.5877711069973812,44.21399993896485,44.22400016784668,43.07300033569336
40.33980178833008,44.54999923706055,44.880001068115234,44.41999816894531,44.79999923706055,21990100,2024-09-25,2,25,9,1.0325542245739292,-0.558035723789006,1.4254225905943045,1.4901130400840623,44.347999572753906,44.29900016784668,43.228000259399415
40.40319061279297,44.619998931884766,44.880001068115234,44.36000061035156,44.599998474121094,15779600,2024-09-26,3,26,9,1.1653977369149768,0.044844077237529575,1.3671960798749616,1.5040534620479529,44.48399963378906,44.375,43.384500122070314
40.64767837524414,44.88999938964844,45.04999923706055,44.4900016784668,44.720001220703125,15659300,2024-09-27,4,27,9,1.2474884522339391,0.38013900783753074,1.2467412952691628,1.43748961697651,44.59599914550781,44.420999908447264,43.56650009155273
40.66578674316406,44.90999984741211,45.36000061035156,44.790000915527344,45.130001068115234,13509700,2024-09-30,0,30,9,1.2692044016051458,-0.48748330488863634,1.2384953982053664,1.4332989121174933,44.725999450683595,44.41199989318848,43.7230001449585
40.93743133544922,45.209999084472656,45.2400016784668,44.65999984741211,44.959999084472656,17536400,2024-10-01,1,1,10,1.2829060889184773,0.5560498333869845,1.1995101808492934,1.3732951025481457,44.8359992980957,44.52499961853027,43.83700008392334
40.79255294799805,45.04999923706055,45.279998779296875,44.869998931884766,45.130001068115234,12040800,2024-10-02,2,2,10,0.9100995657172432,-0.1772697300271272,1.1750192490779563,1.3002209198361308,44.9359992980957,44.64199943542481,44.01550006866455
40.31264114379883,44.52000045776367,44.959999084472656,44.38999938964844,44.93000030517578,12258400,2024-10-03,3,3,10,1.280322751490041,-0.9125302573498509,1.1980042519929692,1.2826001659339656,44.91599960327149,44.69999961853027,44.17600002288818
40.0047721862793,44.18000030517578,44.25,43.54999923706055,43.77000045776367,14531200,2024-10-04,4,4,10,1.5844290586332264,0.9367142863243585,1.2653923732728267,1.2560668342709949,44.773999786376955,44.68499946594238,44.32749996185303
39.696903228759766,43.84000015258789,44.13999938964844,43.77000045776367,44.08000183105469,12885000,2024-10-07,0,7,10,0.8439756628580314,-0.5444683949575382,1.1803466255234036,1.209421011864385,44.55999984741211,44.64299964904785,44.38299999237061
39.85083770751953,44.0099983215332,44.150001525878906,43.689998626708984,44.0,10855100,2024-10-08,1,8,10,1.0452236235256838,0.022723458030007103,1.132810132444845,1.1661601566470694,44.31999969482422,44.57799949645996,44.40099983215332
39.94139099121094,44.11000061035156,44.25,43.810001373291016,44.060001373291016,12614200,2024-10-09,2,9,10,0.9975031072788678,0.11347988084915539,1.15029084075717,1.1626550449175632,44.13199996948242,44.533999633789065,44.41649990081787
39.49812698364258,42.95000076293945,43.66999816894531,42.810001373291016,43.439998626708984,12352800,2024-10-10,3,10,10,2.002320792497792,-1.1279877515195345,1.29469044895872,1.2463473504758447,43.81800003051758,44.366999816894534,44.37099990844727
39.54411315917969,43.0,43.2400016784668,42.79999923706055,43.150001525878906,10658700,2024-10-11,4,11,10,1.0232614916424418,-0.34762808939634426,1.1824569355605632,1.223924654416695,43.581999969482425,44.177999877929686,44.299499893188475
39.71883773803711,43.189998626708984,43.290000915527344,42.88999938964844,43.0,9923500,2024-10-14,0,14,10,0.9261438726500506,0.4418572714162427,1.198890577518967,1.1896186015211856,43.45199966430664,44.00599975585938,44.20899982452393
40.22463607788086,43.7400016784668,43.970001220703125,43.16999816894531,43.470001220703125,15444500,2024-10-15,1,15,10,1.8289963901662445,0.6211190480369272,1.3556451308470792,1.2442276316459622,43.39800033569336,43.859000015258786,44.19199981689453
40.3809700012207,43.90999984741211,44.099998474121094,43.65999984741211,43.7400016784668,9459000,2024-10-16,2,16,10,1.0020465229742337,0.3886560640645851,1.3565538139861524,1.2534223273716614,43.35800018310547,43.74500007629395,44.19349975585938
40.32579040527344,43.849998474121094,44.0,43.529998779296875,43.880001068115234,10539500,2024-10-17,3,17,10,1.0718386249899303,-0.06837418701874548,1.1704573804845801,1.2325739147216503,43.5379997253418,43.677999877929686,44.18899974822998
40.45454025268555,43.9900016784668,44.16999816894531,43.66999816894531,43.83000183105469,13058400,2024-10-18,4,18,10,1.1366219161677167,0.3650464082315994,1.193129465389635,1.1877932004750993,43.736000061035156,43.65900001525879,44.17199974060058
40.18784713745117,43.70000076293945,44.20000076293945,43.599998474121094,44.04999923706055,18760000,2024-10-21,0,21,10,1.373002925270431,-0.794548195648162,1.2825012759137109,1.2406959267163393,43.83800048828125,43.64500007629395,44.143999862670896
38.16466522216797,41.5,42.63999938964844,40.75,41.900001525878906,42576300,2024-10-22,1,22,10,4.554215396743222,-0.9546575448973464,1.8275450772291066,1.5915951040380931,43.39000015258789,43.39400024414063,43.98599987030029
39.41536331176758,42.86000061035156,42.900001525878906,41.7599983215332,41.86000061035156,27174700,2024-10-23,2,23,10,2.659830116918778,2.388915397561437,2.1591017960180157,1.7578278050020841,43.18000030517578,43.26900024414063,43.90149993896485
38.495731353759766,41.86000061035156,42.45000076293945,41.63999938964844,42.380001068115234,23506400,2024-10-24,3,24,10,1.9350247527008166,-1.2269949142471739,2.3317390215601925,1.7510982010223866,42.78200073242188,43.160000228881835,43.76350002288818
38.05430603027344,41.380001068115234,42.18000030517578,41.369998931884766,41.900001525878906,19717400,2024-10-25,4,25,10,1.9574706437481233,-1.2410511666509163,2.495908767076274,1.844519116232955,42.26000061035156,42.99800033569336,43.58800010681152
38.27501678466797,41.619998931884766,41.779998779296875,41.38999938964844,41.45000076293945,13575000,2024-10-28,0,28,10,0.9370480529966134,0.4101282649367483,2.4087177926215104,1.845609534267611,41.844000244140624,42.841000366210935,43.423500061035156
38.008323669433594,41.33000183105469,41.68000030517578,41.290000915527344,41.31999969482422,15072300,2024-10-29,1,29,10,0.9436229672639364,0.024206525421929338,1.6865993067256533,1.75707219197738,41.810000610351565,42.60000038146973,43.229500198364256
37.962345123291016,41.279998779296875,41.5099983215332,41.119998931884766,41.33000183105469,16372600,2024-10-30,2,30,10,0.9447659912335888,-0.12098487670581476,1.3435864815886156,1.7513441388033157,41.49400024414062,42.3370002746582,43.04100017547607
38.7440299987793,42.130001068115234,42.650001525878906,41.25,41.2599983215332,31077900,2024-10-31,3,31,10,3.3230512470564673,2.108586480790003,1.6211917804597455,1.9764654010099694,41.54800033569336,42.16500053405762,42.92150020599365
38.03591537475586,41.36000061035156,42.349998474121094,41.29999923706055,42.119998931884766,16682400,2024-11-01,4,1,11,2.5386828374411428,-1.8043645318278623,1.7374342191983494,2.116671493137312,41.544000244140626,41.902000427246094,42.78050022125244
37.76002883911133,41.060001373291016,41.77000045776367,40.900001525878906,41.650001525878906,14760900,2024-11-04,0,4,11,2.118847790518313,-1.4165669411111512,1.9737941667026895,2.1912559796621,41.432000732421876,41.63800048828125,42.641500282287595
37.943946838378906,41.2599983215332,41.27000045776367,40.83000183105469,41.0099983215332,12322800,2024-11-05,1,5,11,1.0664048584785164,0.6096074377762947,1.9983505449456054,1.8424749258356297,41.418000030517575,41.61400032043457,42.5040002822876
37.85198974609375,41.15999984741211,41.66999816894531,40.93000030517578,41.439998626708984,21957100,2024-11-06,2,6,11,1.7978568185443224,-0.6756727523547978,2.1689687104077526,1.7562775959981842,41.39400024414063,41.444000244140625,42.356500244140626
37.309410095214844,40.56999969482422,41.189998626708984,40.5099983215332,41.08000183105469,24225500,2024-11-07,3,7,11,1.6761161210029125,-1.24148518378334,1.8395816851970412,1.730386732828394,41.081999969482425,41.31500015258789,42.23750019073486
37.22663879394531,40.47999954223633,40.849998474121094,40.41999816894531,40.7400016784668,21305900,2024-11-08,4,8,11,1.0622537303319983,-0.6381986389752492,1.5442958637752124,1.6408650414867811,40.905999755859376,41.225,42.11150016784668
37.189857482910156,40.439998626708984,40.880001068115234,40.40999984741211,40.470001220703125,17116400,2024-11-11,0,11,11,1.1622186861121904,-0.07413539186846449,1.352970042893988,1.6633821047983388,40.78199920654297,41.10699996948242,41.97400016784668
37.15306854248047,40.400001525878906,40.599998474121094,40.06999969482422,40.5,16984600,2024-11-12,1,12,11,1.3118781170277316,-0.24690981264467593,1.4020646946038309,1.7002076197747182,40.60999984741211,41.013999938964844,41.807000160217285
37.833595275878906,41.13999938964844,41.400001525878906,40.310001373291016,40.400001525878906,19953500,2024-11-13,2,13,11,2.6494899580921096,1.8316778114365,1.5723913225133883,1.8706800164605706,40.60599975585937,41.0,41.668500137329104
37.58529281616211,40.869998931884766,41.2599983215332,40.86000061035156,41.13999938964844,13636600,2024-11-14,3,14,11,0.9787074177522966,-0.6562966985157731,1.4329095818632651,1.6362456335301534,40.66599960327149,40.873999786376956,41.519500160217284
38.302608489990234,41.650001525878906,41.77000045776367,40.79999923706055,40.79999923706055,21482500,2024-11-15,4,15,11,2.328934418166641,2.083338982139643,1.6862457194301939,1.6152707916027034,40.9,40.90299987792969,41.40250015258789
38.85438919067383,42.25,42.58000183105469,41.66999816894531,41.66999816894531,17405400,2024-11-18,0,18,11,2.153854821560651,1.3918931042500875,1.8845729465198857,1.618771494706937,41.262000274658206,41.021999740600585,41.33000011444092
38.56010437011719,41.93000030517578,42.22999954223633,41.79999923706055,42.209999084472656,10520600,2024-11-19,1,19,11,1.025519442037072,-0.6633470394930077,1.827301211521754,1.6146829530627926,41.56800003051758,41.08899993896485,41.35150012969971
38.82679748535156,42.220001220703125,42.279998779296875,41.75,42.0,14706500,2024-11-20,2,20,11,1.2553263002678057,0.5238124302455357,1.548468479956893,1.560429901235141,41.784000396728516,41.195000076293944,41.31950016021729
39.08429718017578,42.5,42.75,42.0099983215332,42.220001220703125,12534100,2024-11-21,3,21,11,1.7411804199218748,0.6631898891551286,1.700963080390809,1.5669363311270372,42.11000061035156,41.388000106811525,41.35150012969971
39.68205642700195,43.150001525878906,43.34000015258789,42.34000015258789,42.599998474121094,17017400,2024-11-22,4,22,11,2.3174970211768295,1.2910870222024342,1.6986756009928463,1.6924606602115204,42.41000061035156,41.65500030517578,41.44000015258789
40.445343017578125,43.97999954223633,44.04999923706055,43.310001373291016,43.34000015258789,28365900,2024-11-25,0,25,11,1.682578152505145,1.4766944794535777,1.6044202671817451,1.7444966068508159,42.75600051879883,42.00900039672852,41.55800018310547
40.80400085449219,44.369998931884766,44.5,43.75,43.97999954223633,17247000,2024-11-26,1,26,11,1.6903313456269702,0.8867653335782788,1.7373826478997247,1.7823419297107397,43.24400024414062,42.4060001373291,41.71000003814697
40.81319808959961,44.380001068115234,44.72999954223633,44.369998931884766,44.47999954223633,12372400,2024-11-27,2,27,11,0.8111775612601427,-0.2248167157154294,1.6485529000981924,1.5985106900275428,43.67600021362305,42.73000030517578,41.86500015258789
40.77641296386719,44.34000015258789,44.52000045776367,44.04999923706055,44.380001068115234,9023100,2024-11-29,4,29,11,1.0599937282041112,-0.09013275025827425,1.5123155617546395,1.6066393210727246,44.044000244140626,43.07700042724609,41.97550010681152
40.32579040527344,43.849998474121094,44.31999969482422,43.52000045776367,44.27000045776367,12783900,2024-12-02,0,2,12,1.8243996919012018,-0.9487282116549469,1.4136960958995142,1.5561858484461804,44.183999633789064,43.297000122070315,42.1
40.307403564453125,43.83000183105469,44.41999816894531,43.70000076293945,43.90999984741211,15415900,2024-12-03,1,3,12,1.6427044853457493,-0.18218632802417706,1.4057213624676348,1.5050708148246903,44.15400009155273,43.45500030517578,42.23850002288818
39.10268783569336,42.52000045776367,43.779998779296875,42.40999984741211,43.72999954223633,21431600,2024-12-04,2,4,12,3.222010623554966,-2.7669771258606732,1.7120572180532343,1.7247199329764797,43.784000396728516,43.51400032043457,42.301500129699704
39.13027572631836,42.54999923706055,42.869998931884766,42.52000045776367,42.59000015258789,16176900,2024-12-05,3,5,12,0.8225581207913377,-0.09392090956570043,1.714333329959473,1.681443115028833,43.418000030517575,43.547000122070315,42.371000099182126
38.96473693847656,42.369998931884766,42.66999816894531,42.02000045776367,42.529998779296875,15685900,2024-12-06,4,6,12,1.534098955788495,-0.3762046837631124,1.80915437547635,1.6607349686154946,43.023999786376955,43.53400001525879,42.46100006103516
38.95554733276367,42.36000061035156,43.099998474121094,42.15999984741211,42.470001220703125,15570300,2024-12-09,0,9,12,2.2190713247517655,-0.2590077871199584,1.8880887020464627,1.6508923989729887,42.726000213623045,43.454999923706055,42.555000114440915
38.900367736816406,42.29999923706055,42.650001525878906,42.06999969482422,42.369998931884766,16337200,2024-12-10,1,10,12,1.371162745900305,-0.16521051826494565,1.8337803541573734,1.6197508583125042,42.41999969482422,43.28699989318848,42.648000144958495
38.61528015136719,41.9900016784668,42.459999084472656,41.88999938964844,42.189998626708984,13986100,2024-12-11,2,11,12,1.3574652823043933,-0.47403876452268134,1.4608712859072592,1.5864642519802468,42.31399993896484,43.04900016784668,42.72750015258789
38.69804763793945,42.08000183105469,42.15999984741211,41.810001373291016,42.060001373291016,11232300,2024-12-12,3,12,12,0.8317453870992891,0.04755220425735075,1.4627087391688494,1.5885210345641614,42.220000457763675,42.819000244140625,42.7745002746582
38.88197708129883,42.279998779296875,42.400001525878906,41.810001373291016,42.0,13360400,2024-12-13,4,13,12,1.3954592469780163,0.6666637602306548,1.4349807974067539,1.622067586441552,42.20200042724609,42.613000106811526,42.84500026702881
37.5944938659668,40.880001068115234,42.25,40.810001373291016,42.15999984741211,30228300,2024-12-16,0,16,12,3.5225014410093194,-3.0360502465121444,1.6956668206582646,1.7918777613523638,41.90600051879883,42.316000366210936,42.80650024414062
37.50252914428711,40.779998779296875,41.119998931884766,40.5099983215332,40.65999984741211,15374000,2024-12-17,1,17,12,1.495832831317412,0.2951277234016104,1.7206008377416857,1.77719059594953,41.6020004272461,42.011000061035155,42.73300018310547
37.00593185424805,40.2400016784668,41.04999923706055,40.209999084472656,40.70000076293945,19199600,2024-12-18,2,18,12,2.087475441228401,-1.1302188595817462,1.8666028695264874,1.6637370777168734,41.252000427246095,41.78300018310547,42.64850025177002
36.75762939453125,39.970001220703125,40.459999084472656,39.93000030517578,40.04999923706055,17859100,2024-12-19,3,19,12,1.3259914013271366,-0.19974536299964557,1.965452072372057,1.7140804057704533,40.83000030517578,41.525000381469724,42.53600025177002
36.72084045410156,39.93000030517578,40.38999938964844,39.91999816894531,39.93000030517578,47590900,2024-12-20,4,20,12,1.177062902857536,0.0,1.9217728035479609,1.6783768004773574,40.36000061035156,41.28100051879883,42.40750026702881
36.73003387451172,39.939998626708984,40.130001068115234,39.83000183105469,39.93000030517578,21292300,2024-12-23,0,23,12,0.7511248056476624,0.02503962298218948,1.3674974764756294,1.531582148566947,40.172000122070315,41.03900032043457,42.24700012207031
36.601287841796875,39.79999923706055,39.959999084472656,39.470001220703125,39.900001525878906,11712200,2024-12-24,1,24,12,1.231150435081567,-0.2506322932180804,1.3145609972284604,1.5175809174850734,39.976000213623045,40.78900032043457,42.03800010681152
36.74843215942383,39.959999084472656,40.16999816894531,39.7400016784668,39.83000183105469,12946400,2024-12-26,3,26,12,1.076067318143659,0.3263802346014767,1.1122793726115119,1.489441121069,39.91999969482422,40.58600006103516,41.81750011444092
36.71164321899414,39.91999816894531,40.15999984741211,39.650001525878906,39.86000061035156,15168100,2024-12-27,4,27,12,1.277550964243136,0.1505207166960473,1.1025912851947117,1.5340216787833847,39.90999908447266,40.369999694824216,41.59449996948242
36.41736602783203,39.599998474121094,39.84000015258789,39.400001525878906,39.79999923706055,15672000,2024-12-30,0,30,12,1.1111076860180358,-0.5025144893802372,1.0894002418268118,1.5055865226873864,39.843998718261716,40.10199966430664,41.35749988555908
36.776023864746094,39.9900016784668,40.029998779296875,39.54999923706055,39.63999938964844,13549900,2024-12-31,1,31,12,1.200298879944261,0.8829523062751579,1.1792350566861316,1.2733662665808807,39.853999328613284,40.0129997253418,41.164500045776364
36.978336334228516,40.209999084472656,40.560001373291016,39.97999954223633,40.029998779296875,22470200,2025-01-02,3,2,1,1.4424318434731296,0.4496635290153335,1.2214913383644441,1.2680261677964524,39.9359992980957,39.955999755859374,40.983499908447264
37.02431869506836,40.2599983215332,40.630001068115234,40.11000061035156,40.31999969482422,15229900,2025-01-03,4,3,1,1.291605761159577,-0.14881293091556708,1.2645990269676277,1.18843919978957,39.99599914550781,39.95799942016602,40.870499801635745
36.42656326293945,39.61000061035156,40.33000183105469,39.58000183105469,40.290000915527344,27115000,2025-01-06,0,6,1,1.893461217983413,-1.6877644321763128,1.3877810777156832,1.2451861814551974,39.933999633789064,39.92199935913086,40.723499870300294
35.792015075683594,38.91999816894531,39.97999954223633,38.83000183105469,39.709999084472656,31517100,2025-01-07,1,7,1,2.9547732920995773,-1.9894256704635602,1.7565141989319915,1.4229572203794016,39.79799957275391,39.82099914550781,40.55099983215332
35.81040954589844,38.939998626708984,38.9900016784668,38.439998626708984,38.90999984741211,22901600,2025-01-08,2,8,1,1.4124372654203559,0.07709786536755849,1.7989418760272102,1.4890884663566712,39.587998962402345,39.72099914550781,40.37999973297119
35.38737487792969,37.810001373291016,38.22999954223633,37.59000015258789,38.18000030517578,27338400,2025-01-10,4,10,1,1.6926722200558635,-0.9690909610459264,1.848989951343757,1.535240644854101,39.10799942016602,39.52199935913086,40.15549983978271
35.67750549316406,38.119998931884766,38.150001525878906,37.7400016784668,37.939998626708984,19734000,2025-01-13,0,13,1,1.0755505217739465,0.4744341372987418,1.805778903466631,1.5351889652171296,38.67999954223633,39.33799934387207,39.96199970245361
35.82725524902344,38.279998779296875,38.349998474121094,37.83000183105469,38.33000183105469,15740100,2025-01-14,1,14,1,1.3584029771381239,-0.13045408131783703,1.698767255297573,1.5432741665066283,38.41399917602539,39.17399940490723,39.771999549865725
35.733665466308594,38.18000030517578,38.59000015258789,38.06999969482422,38.29999923706055,27817100,2025-01-15,2,15,1,1.3619708056764455,-0.3133131443215541,1.3802067580129467,1.5683604784724694,38.26599960327148,39.031999588012695,39.56699962615967
35.88340759277344,38.34000015258789,38.34000015258789,37.939998626708984,38.130001068115234,24678300,2025-01-16,3,16,1,1.0433007936540313,0.5507450264622731,1.306379463659682,1.5526606698434464,38.145999908447266,38.8669994354248,39.4399995803833
36.29521942138672,38.779998779296875,38.970001220703125,38.349998474121094,38.41999816894531,24082100,2025-01-17,4,17,1,1.5987693813776664,0.9370136062175796,1.2875988959240425,1.5682944236339,38.33999938964844,38.723999404907225,39.3399995803833
36.51984405517578,39.02000045776367,39.58000183105469,38.790000915527344,38.869998931884766,25717600,2025-01-21,1,21,1,2.0246050903624737,0.38590565989406583,1.4774098096417478,1.6415943565541897,38.51999969482422,38.599999618530276,39.27899951934815
36.45432662963867,38.95000076293945,39.34000015258789,38.59000015258789,38.88999938964844,31488900,2025-01-22,2,22,1,1.92554553352825,0.1542848398886489,1.5908383209197732,1.6448027881086733,38.65400009155273,38.533999633789065,39.22799949645996
36.66958999633789,39.18000030517578,39.400001525878906,39.08000183105469,39.2400016784668,25153500,2025-01-23,3,23,1,0.8167424510763619,-0.15290869195844548,1.4817926499997565,1.430999704006352,38.854000091552734,38.55999984741211,39.190499496459964
37.00652313232422,39.540000915527344,40.68000030517578,39.369998931884766,40.11000061035156,37123900,2025-01-24,4,24,1,3.31310405401781,-1.4210912145364405,1.9357533020725122,1.6210663828660974,39.094000244140624,38.62000007629395,39.170499610900876
38.036041259765625,40.63999938964844,40.810001373291016,40.04999923706055,40.150001525878906,35520300,2025-01-27,0,27,1,1.8700840247159345,1.2204180451990778,1.9900162307401659,1.6388075633321044,39.466000366210935,38.90299987792969,39.21249961853027
37.81142044067383,40.400001525878906,40.810001373291016,40.349998474121094,40.599998474121094,21031900,2025-01-28,1,28,1,1.1386209945444166,-0.4926033393071871,1.8128194115765541,1.6451146106091514,39.742000579833984,39.1310001373291,39.23449974060058
37.69910430908203,40.279998779296875,40.880001068115234,40.04999923706055,40.81999969482422,24238100,2025-01-29,2,29,1,2.0605805764852505,-1.3228831934455239,1.8398264201679546,1.7153323705438641,40.008000183105466,39.3310001373291,39.25249977111817
36.941009521484375,39.470001220703125,40.349998474121094,39.15999984741211,40.349998474121094,27913500,2025-01-30,3,30,1,3.0149444892461688,-2.1809102520347414,2.279466827801916,1.8806297389008364,40.066000366210936,39.46000022888184,39.24599990844727
36.86613464355469,39.38999938964844,39.939998626708984,39.279998779296875,39.56999969482422,45178700,2025-01-31,4,31,1,1.6755518091872708,-0.4548908429719432,1.951956378835808,1.9438548404541602,40.03600006103515,39.56500015258789,39.21599979400635
37.418331146240234,39.97999954223633,40.119998931884766,39.150001525878906,39.310001373291016,27967100,2025-02-03,0,3,2,2.4262066461034317,1.7043961982675975,2.0631809031133073,2.026598566926737,39.90400009155273,39.68500022888183,39.20449981689453
37.25922393798828,39.810001373291016,39.880001068115234,39.599998474121094,39.779998779296875,19190200,2025-02-04,1,4,2,0.7033473608016441,0.07542130446156572,1.9761261763647533,1.8944727939706538,39.78600006103515,39.76400032043457,39.18199996948242
37.558719635009766,40.130001068115234,40.310001373291016,39.810001373291016,40.130001068115234,16830500,2025-02-05,2,5,2,1.2459506271911576,0.0,1.8132001865059344,1.8265133033369445,39.75600051879883,39.88200035095215,39.2079999923706
37.380889892578125,39.939998626708984,40.290000915527344,39.66999816894531,40.22999954223633,15370600,2025-02-06,3,6,2,1.5523354228846122,-0.72085736720648,1.5206783732336233,1.9000726005177697,39.85,39.95800018310547,39.25900001525879
37.324737548828125,39.880001068115234,40.11000061035156,39.56999969482422,39.959999084472656,15754800,2025-02-07,4,7,2,1.3540644459989346,-0.20019524071637648,1.4563809005959558,1.704168639715882,39.94800033569336,39.99200019836426,39.3060001373291
37.39025115966797,39.95000076293945,40.13999938964844,39.81999969482422,40.02000045776367,16737500,2025-02-10,0,10,2,0.8010004723731418,-0.1749117791692558,1.131339665849898,1.5972602844816028,39.94200057983399,39.92300033569336,39.41300010681152
37.895652770996094,40.4900016784668,40.52000045776367,39.81999969482422,39.97999954223633,15182700,2025-02-11,1,11,2,1.728823743941024,1.275643176763131,1.3364349424777737,1.6562805594212633,40.07800064086914,39.93200035095215,39.531500244140624
37.93309020996094,40.529998779296875,40.599998474121094,40.150001525878906,40.4900016784668,14440300,2025-02-12,2,12,2,1.1102811788685532,0.09878266034093348,1.309301052813253,1.5612506196595937,40.15800018310547,39.95700035095215,39.64400024414063
38.4104118347168,41.040000915527344,41.11000061035156,40.41999816894531,40.61000061035156,17056700,2025-02-13,3,13,2,1.6812924610466808,1.0588532349496529,1.3350924604456667,1.4278854168396449,40.37800064086914,40.11400032043457,39.787000274658205
38.36362075805664,40.9900016784668,41.290000915527344,40.939998626708984,41.13999938964844,12438200,2025-02-14,4,14,2,0.853872345660882,-0.364603095301413,1.235054040378056,1.345717470487006,40.60000076293945,40.274000549316405,39.91950035095215
38.56016540527344,41.20000076293945,41.220001220703125,40.61000061035156,40.91999816894531,16357700,2025-02-18,1,18,2,1.480583978290299,0.6842683443877523,1.3709707415614876,1.2511552037056928,40.85000076293945,40.396000671386716,40.040500450134275
39.318260192871094,42.0099983215332,42.04999923706055,41.279998779296875,41.349998474121094,21039600,2025-02-19,2,19,2,1.832898092188188,1.596130282387242,1.3917856112109204,1.3641102768443472,41.15400009155273,40.61600036621094,40.19000034332275
39.76750946044922,42.4900016784668,42.529998779296875,41.880001068115234,42.0,19771700,2025-02-20,3,20,2,1.5297662638386016,1.166670663016183,1.4756826282049302,1.3924918405090918,41.54600067138672,40.8520004272461,40.36700038909912
40.020206451416016,42.7599983215332,43.22999954223633,42.16999816894531,42.43000030517578,25465100,2025-02-21,4,21,2,2.4789556007938782,0.7777469101671616,1.6352152561543698,1.4851538583000181,41.89000015258789,41.13400039672852,40.54600028991699
40.5443229675293,43.31999969482422,43.630001068115234,42.56999969482422,42.75,27560600,2025-02-24,0,24,2,2.4469099278817916,1.3333326194718567,1.9538227725985515,1.5944384064883041,42.35599975585937,41.478000259399415,40.73500022888184
40.909332275390625,43.709999084472656,43.970001220703125,43.5,43.58000183105469,24356900,2025-02-25,1,25,2,1.075271632458318,0.298295658458036,1.8727603034321554,1.6218655224968217,42.85799942016602,41.854000091552734,40.88850021362305
40.41329574584961,43.18000030517578,43.650001525878906,42.77000045776367,43.540000915527344,18651400,2025-02-26,2,26,2,2.0379830057799997,-0.8268272916438507,1.9137772861505176,1.652781448680719,43.09199981689453,42.12299995422363,41.02750015258789
40.49752426147461,43.27000045776367,43.41999816894531,42.88999938964844,43.08000183105469,19212300,2025-02-27,3,27,2,1.2248642793850042,0.4410367192046445,1.8527968892597984,1.6642397587323643,43.247999572753905,42.39700012207031,41.17700023651123
40.338417053222656,43.099998474121094,43.7599983215332,42.61000061035156,43.43000030517578,25197500,2025-02-28,4,28,2,2.6682082410563046,-0.759847636969414,1.8906474173122834,1.7629313367333268,43.315999603271486,42.60299987792969,41.35850009918213
41.05908203125,43.869998931884766,43.869998931884766,42.93000030517578,42.959999084472656,22334000,2025-03-03,0,3,3,2.14269124594346,2.1182492244070303,1.829803680924617,1.8918132267615846,43.42599945068359,42.89099960327148,41.58250007629395
40.1231575012207,42.869998931884766,44.47999954223633,42.81999969482422,44.0,32627500,2025-03-04,1,4,3,3.8721714223731327,-2.568184245716442,2.3891836389075802,2.130971971169868,43.257999420166016,43.05799942016601,41.727000045776364
40.0950813293457,42.84000015258789,43.349998474121094,42.380001068115234,42.779998779296875,18038400,2025-03-05,2,5,3,2.2642329658051215,0.14025566854399477,2.4344336309126042,2.174105458531561,43.189999389648435,43.14099960327148,41.87849998474121
41.396018981933594,44.22999954223633,44.31999969482422,42.86000061035156,43.0,22845900,2025-03-06,3,6,3,3.3009249368824136,2.860464051712391,2.8496457624120866,2.3512213258359425,43.38199920654297,43.314999389648435,42.083499908447266
43.108768463134766,46.060001373291016,46.20000076293945,44.29999923706055,44.29999923706055,44992100,2025-03-07,4,7,3,4.125057466847292,3.972916854495302,3.1410156075702838,2.5158315124412836,43.97399978637695,43.64499969482422,42.389500045776366
43.51121139526367,46.4900016784668,47.36000061035156,46.060001373291016,46.060001373291016,39837000,2025-03-10,0,10,3,2.796298537590029,0.9335655500547317,3.2717370658995977,2.5507703734121074,44.49800033569336,43.96199989318848,42.72000007629394
40.64727783203125,43.43000030517578,43.90999984741211,42.63999938964844,43.2400016784668,64142300,2025-03-11,1,11,3,2.9242469464415803,0.439404762566423,3.0821521707132873,2.7356679048104335,44.61000061035156,43.93400001525879,42.89400005340576
39.86109924316406,42.59000015258789,42.88999938964844,41.16999816894531,42.099998474121094,49650800,2025-03-12,2,12,3,4.038509543415939,1.1638995159774206,3.4370074862354514,2.9357205585740274,44.560000610351565,43.875,42.998999977111815
40.909332275390625,43.709999084472656,43.81999969482422,42.77000045776367,42.77000045776367,30708600,2025-03-13,3,13,3,2.402194598611977,2.1977989634048614,3.2572614185813635,3.053453590496725,44.45600051879883,43.9189998626709,43.157999992370605
40.77830505371094,43.56999969482422,43.77000045776367,43.0099983215332,43.15999984741211,17432100,2025-03-14,4,14,3,1.744324401087272,0.9499533106154381,2.7811148054293597,2.9610652064998217,43.95800018310547,43.96599998474121,43.284499931335446
40.853179931640625,43.650001525878906,43.81999969482422,43.09000015258789,43.59000015258789,15560900,2025-03-17,0,17,3,1.6723929363519752,0.13764939913048704,2.5563336851817486,2.9140353755406734,43.39000015258789,43.944000244140625,43.41749992370605
41.396018981933594,44.22999954223633,44.43000030517578,43.52000045776367,43.720001220703125,16254400,2025-03-18,1,18,3,2.057426761994713,1.1665103094546554,2.382969648292375,2.732560909502831,43.55,44.08000030517578,43.5689998626709
41.124595642089844,43.939998626708984,44.31999969482422,43.720001220703125,44.29999923706055,14373300,2025-03-19,2,19,3,1.3654949769533764,-0.8126424752856265,1.8483667349998627,2.642687110617657,43.81999969482422,44.19000015258789,43.66549987792969
40.94676971435547,43.75,43.959999084472656,43.380001068115234,43.959999084472656,18109300,2025-03-20,3,20,3,1.325709751674107,-0.4777049336810181,1.6330697656122886,2.445165592096826,43.827999877929685,44.14200019836426,43.728499794006346
41.17139434814453,43.9900016784668,44.2400016784668,43.52000045776367,43.790000915527344,68445500,2025-03-21,4,21,3,1.6367383342373618,0.4567270124640156,1.6115525522423066,2.1963336788358334,43.912000274658205,43.93500022888183,43.78999996185303
40.76894760131836,43.560001373291016,44.13999938964844,43.529998779296875,43.630001068115234,18050000,2025-03-24,0,24,3,1.4003686664839885,-0.16043936078510543,1.5571476982687094,2.056740691725229,43.89400024414063,43.64200019836426,43.80200004577637
40.703433990478516,43.4900016784668,43.83000183105469,43.150001525878906,43.5,21483200,2025-03-25,1,25,3,1.5635784753544164,-0.022984647202765805,1.4583780409406502,1.9206738446165126,43.74600067138672,43.64800033569336,43.79100017547607
41.34922409057617,44.18000030517578,44.33000183105469,43.56999969482422,43.709999084472656,21684400,2025-03-26,2,26,3,1.7202402240396382,1.075271632458318,1.5293270903579024,1.6888469126788828,43.79400100708008,43.80700035095215,43.841000175476076
42.07924270629883,44.959999084472656,45.25,44.31999969482422,44.47999954223633,21905200,2025-03-27,3,27,3,2.068506058971352,1.0791356726084065,1.6778863518173512,1.6554780587148201,44.03600082397461,43.93200035095215,43.925500106811526
42.05116653442383,44.93000030517578,45.34000015258789,44.880001068115234,45.130001068115234,19530600,2025-03-28,4,28,3,1.0238127784291733,-0.44316587238185445,1.5553012406557136,1.58342689644901,44.22400054931641,44.068000411987306,44.01700019836426
42.45361328125,45.36000061035156,45.79999923706055,45.130001068115234,45.29999923706055,27786900,2025-03-31,0,31,3,1.4770682538139404,0.13245336490409404,1.570641158121704,1.5638944281952067,44.58400039672851,44.23900032043457,44.0915002822876
42.47233200073242,45.380001068115234,45.599998474121094,45.119998931884766,45.4900016784668,15710800,2025-04-01,1,1,4,1.057733651252785,-0.24181271992265613,1.4694721933013777,1.463925117121014,44.9620002746582,44.35400047302246,44.21700038909912
41.87334060668945,44.7400016784668,45.540000915527344,44.599998474121094,45.369998931884766,21924100,2025-04-02,2,2,4,2.1010335407713447,-1.3885767428908276,1.545630856647719,1.5374789735028107,45.07400054931641,44.43400077819824,44.31200046539307
42.69695281982422,45.619998931884766,46.189998626708984,45.20000076293945,45.4900016784668,30474800,2025-04-03,3,3,4,2.1700962011149922,0.28577104555154237,1.5659488850764471,1.6219176184468993,45.20600051879883,44.62100067138672,44.38150043487549
40.27290344238281,43.029998779296875,45.79999923706055,42.79999923706055,44.7599983215332,42663400,2025-04-04,4,4,4,6.9718802814454115,-3.8650572098079317,2.7555623856796947,2.1554318131677044,44.82600021362305,44.525000381469724,44.23000030517578
39.85173797607422,42.58000183105469,43.33000183105469,41.25,41.529998779296875,38812000,2025-04-07,0,7,4,4.884926589030085,2.5283002230215565,3.4371340527229237,2.503887605422314,44.27000045776367,44.42700042724609,44.03450031280518
39.4680061340332,42.16999816894531,43.220001220703125,41.68000030517578,43.0,29790200,2025-04-08,1,8,4,3.6518875560716193,-1.93023681640625,3.9559648336866906,2.712718513494034,43.62799987792969,44.295000076293945,43.97150020599365
40.141876220703125,42.88999938964844,43.52000045776367,40.880001068115234,41.68000030517578,49426000,2025-04-09,2,9,4,6.155279615801545,2.903068799455838,4.766814048692731,3.1562224526702254,43.257999420166016,44.16599998474121,43.98650016784668
40.81515121459961,42.91999816894531,43.2400016784668,41.849998474121094,42.4900016784668,36501700,2025-04-10,3,10,4,3.238591015018816,1.0119945245764264,4.980513011473495,3.2732309482749713,42.71799926757812,43.96199989318848,43.947000122070314
41.58543014526367,43.72999954223633,43.900001525878906,43.099998474121094,43.849998474121094,30144300,2025-04-11,4,11,4,1.8294147270345495,-0.27365777892919485,3.952019900591323,3.353791143135509,42.85799942016602,43.84199981689453,43.95500011444092
42.127479553222656,44.29999923706055,44.650001525878906,43.61000061035156,43.900001525878906,24323000,2025-04-14,0,14,4,2.347631903924049,0.9111564858280092,3.444560963570116,3.4408475081465197,43.20199890136719,43.73599967956543,43.9875
42.298648834228516,44.47999954223633,44.689998626708984,44.220001220703125,44.5,21795300,2025-04-15,1,15,4,1.0566488553120816,-0.044944848907127806,2.925513223418208,3.440739028552449,43.66399917602539,43.64599952697754,44.0
41.4713134765625,43.61000061035156,44.88999938964844,43.52000045776367,44.7400016784668,17271600,2025-04-16,2,16,4,3.141478818414815,-2.52570636057687,2.322753063940862,3.5447835563167964,43.80799942016601,43.532999420166014,43.98350009918213
41.88023376464844,44.040000915527344,44.47999954223633,43.58000183105469,43.7599983215332,16504800,2025-04-17,3,17,4,2.043591490626707,0.6398597000319316,2.0837531590624403,3.5321330852679678,44.03199996948242,43.374999618530275,43.998000144958496
40.82466506958008,42.93000030517578,44.290000915527344,42.68000030517578,44.20000076293945,23802500,2025-04-21,0,21,4,3.75029256675187,-2.8733041534889163,2.4679287270059045,3.2099743137986136,43.87200012207031,43.364999771118164,43.945000076293944
41.0719108581543,43.189998626708984,43.66999816894531,41.540000915527344,41.9900016784668,37633800,2025-04-22,1,22,4,4.9316909496282415,2.8578159092038495,2.984740536146743,3.2146507498584294,43.65,43.42599945068359,43.926499938964845
40.6059455871582,42.70000076293945,42.9900016784668,42.11000061035156,42.54999923706055,29402100,2025-04-23,2,23,4,2.060892394360359,0.3525300318883594,3.1855892439563984,3.055551233687303,43.294000244140626,43.47899971008301,43.886999893188474
40.71055221557617,42.810001373291016,43.130001068115234,42.47999954223633,42.709999084472656,16597300,2025-04-24,3,24,4,1.518340352785972,0.2341425683961569,2.86096155083063,2.5918573073857463,43.13400039672852,43.47099990844727,43.81849994659424
39.85468292236328,41.90999984741211,42.650001525878906,41.34000015258789,42.529998779296875,23361900,2025-04-25,4,25,4,3.1257489335732047,-1.4577920284036645,3.0773930394199294,2.5805730992411853,42.70800018310547,43.37000007629395,43.66599998474121
40.3111457824707,42.38999938964844,42.47999954223633,41.86000061035156,42.0,16188500,2025-04-28,0,28,4,1.4626066072465391,0.9285699753534226,2.6198558475188634,2.543892287262384,42.6,43.236000061035156,43.53899993896484
40.843685150146484,42.95000076293945,43.0099983215332,42.22999954223633,42.310001373291016,14712800,2025-04-29,1,29,4,1.8160623176750152,1.512643273163421,1.996730121128218,2.4907353286374807,42.55200042724609,43.101000213623045,43.41849994659424
41.89925003051758,44.060001373291016,44.209999084472656,43.369998931884766,43.54999923706055,29563000,2025-04-30,2,30,4,1.9064914353295845,1.1710726639840279,1.9658499293220633,2.575719586639231,42.82400054931641,43.059000396728514,43.35249996185303
41.176517486572266,43.29999923706055,43.83000183105469,43.2599983215332,43.77000045776367,18921900,2025-05-01,3,1,5,1.3164053569627256,-1.073797614319556,1.9254629301574138,2.3932122404940217,42.922000122070315,43.02800025939941,43.28049983978271
41.594940185546875,43.7400016784668,43.900001525878906,43.31999969482422,43.459999084472656,15366500,2025-05-02,4,2,5,1.3260215107404132,0.6442765759150226,1.5655174455908556,2.3214552425053925,43.28800048828125,42.99800033569336,43.186499977111815
41.404747009277344,43.540000915527344,44.0,43.220001220703125,43.810001373291016,9210000,2025-05-05,0,5,5,1.7914532909867484,-0.6162986745037606,1.6312867823388975,2.12557131492888,43.518000793457034,43.059000396728514,43.21200008392334
41.98483657836914,44.150001525878906,44.310001373291016,43.43000030517578,43.56999969482422,12131500,2025-05-06,1,6,5,1.9932073334117875,1.3311953984787088,1.666715785486252,1.831722953307235,43.75800094604492,43.15500068664551,43.29050006866455
41.73758316040039,43.88999938964844,44.36000061035156,43.790000915527344,44.0099983215332,12826600,2025-05-07,2,7,5,1.2987006214419192,-0.27266288675601374,1.5451576227087187,1.755503776015391,43.72400054931641,43.274000549316405,43.37650012969971
41.4713134765625,43.61000061035156,44.060001373291016,43.5099983215332,43.79999923706055,14967400,2025-05-08,3,8,5,1.2611856089432387,-0.43378682652629047,1.5341136731048215,1.7297883016311175,43.78600082397461,43.35400047302246,43.41250019073486
41.4713134765625,43.61000061035156,43.880001068115234,43.31999969482422,43.52000045776367,10878400,2025-05-09,4,9,5,1.284112280333447,0.20680181902855474,1.5257318270234281,1.5456246363071418,43.76000061035156,43.524000549316405,43.44700031280517
40.891231536865234,43.0,43.209999084472656,42.29999923706055,43.04999923706055,20160000,2025-05-12,0,12,5,2.1162787149118825,-0.1161422484242553,1.590696911808455,1.6109918470736762,43.652000427246094,43.585000610351564,43.41050033569336
40.55839920043945,42.650001525878906,43.209999084472656,42.4900016784668,43.209999084472656,20069600,2025-05-13,1,13,5,1.688153294833961,-1.2959906745172391,1.52968610409289,1.5982009447895709,43.3520004272461,43.555000686645506,43.328000450134276
40.273109436035156,42.349998474121094,42.939998626708984,42.25,42.779998779296875,20447500,2025-05-14,2,14,5,1.6292766270832888,-1.0051433320373944,1.5958013052211637,1.5704794639649413,43.044000244140626,43.38400039672852,43.221500396728516
41.347686767578125,43.47999954223633,43.529998779296875,42.599998474121094,42.599998474121094,14608000,2025-05-15,3,15,5,2.1389151678172906,2.065730280835157,1.771347216995974,1.6527304450503977,43.01800003051758,43.402000427246094,43.21500034332276
41.832679748535156,43.9900016784668,43.9900016784668,43.36000061035156,43.4900016784668,13407700,2025-05-16,4,16,5,1.4321460424576917,1.1496895394408895,1.800953969420823,1.6633428982221257,43.094000244140624,43.42700042724609,43.212500381469724
42.13698959350586,44.310001373291016,44.369998931884766,43.869998931884766,44.08000183105469,14778600,2025-05-19,0,19,5,1.1284134157156396,0.5217775242338846,1.6033809095815745,1.5970389106950147,43.35600051879883,43.50400047302246,43.28150043487549
42.0514030456543,44.220001220703125,44.54999923706055,44.20000076293945,44.2599983215332,12189900,2025-05-20,1,20,5,0.7914935876510782,-0.09036850959530852,1.4240489681449977,1.4768675361189438,43.67000045776367,43.51100044250488,43.333000564575194
41.60444641113281,43.75,44.22999954223633,43.56999969482422,44.040000915527344,16038600,2025-05-21,2,21,5,1.5085710797991072,-0.6584943449106447,1.3999078586881615,1.4978545819546627,43.95000076293945,43.497000503540036,43.385500526428224
41.014854431152344,43.130001068115234,43.84000015258789,43.06999969482422,43.75,14947700,2025-05-22,3,22,5,1.7853012721877972,-1.4171404157366072,1.3291850795622628,1.5502661482791185,43.880001068115234,43.44900054931641,43.40150051116943
41.19553756713867,43.31999969482422,43.47999954223633,42.86000061035156,43.470001220703125,12393400,2025-05-23,4,23,5,1.431207147397191,-0.34506906295522755,1.3289973005501625,1.5649756349854929,43.74600067138672,43.42000045776367,43.47200050354004
41.3667106628418,43.5,43.70000076293945,43.2400016784668,43.279998779296875,12873700,2025-05-27,1,27,5,1.0574691597072556,0.5083207645753522,1.3148084493484857,1.4590946794650301,43.58400039672851,43.470000457763675,43.527500534057616
41.014854431152344,43.130001068115234,43.529998779296875,43.060001373291016,43.45000076293945,12783000,2025-05-28,2,28,5,1.0897226857555422,-0.7364779958695916,1.3744542689693786,1.3992516185571884,43.36600036621094,43.5180004119873,43.53650054931641
41.205047607421875,43.33000183105469,43.38999938964844,42.97999954223633,43.150001525878906,9960400,2025-05-29,3,29,5,0.9462262406789509,0.4171501710557932,1.2619853011453475,1.3309465799167544,43.28200073242188,43.616000747680665,43.50000057220459
41.80414962768555,43.959999084472656,44.060001373291016,43.290000915527344,43.369998931884766,26569500,2025-05-30,4,30,5,1.7515934344858703,1.3603877498694936,1.2552437336049622,1.2922144065836123,43.44800033569336,43.6640007019043,43.5330005645752
41.937286376953125,44.099998474121094,44.119998931884766,43.349998474121094,43.79999923706055,11873300,2025-06-02,0,2,6,1.7460328444580924,0.6849297769090099,1.3182088730171422,1.3236030867836526,43.604000091552734,43.67500038146973,43.55100040435791
41.6805305480957,43.83000183105469,44.04999923706055,43.61000061035156,43.93000030517578,13140900,2025-06-03,1,3,6,1.0038754467886744,-0.2276313986488,1.307490130433426,1.311149289890956,43.67000045776367,43.627000427246095,43.56550045013428
41.11946487426758,43.2400016784668,43.93000030517578,43.2400016784668,43.90999984741211,14360100,2025-06-04,2,4,6,1.595741442934769,-1.5258441614064358,1.4086938818692714,1.3915740754193249,43.69200057983399,43.529000473022464,43.52000045776367
41.176517486572266,43.29999923706055,43.40999984741211,43.029998779296875,43.349998474121094,12095900,2025-06-05,3,5,6,0.877600634666965,-0.11533849785576168,1.3949687606668744,1.3284770309061107,43.68600006103516,43.48400039672852,43.49050045013428
41.65199661254883,43.79999923706055,43.91999816894531,43.380001068115234,43.400001525878906,10135200,2025-06-06,4,6,6,1.2328701146943621,0.9216536799961326,1.2912240967085726,1.2732339151567673,43.65400009155273,43.55100021362305,43.500000381469725
41.50935363769531,43.650001525878906,43.95000076293945,43.5099983215332,43.650001525878906,13399400,2025-06-09,0,9,6,1.0080238855097965,0.0,1.1436223049189134,1.2309155889680279,43.5640007019043,43.58400039672851,43.502000427246095
41.965816497802734,44.130001068115234,44.349998474121094,43.56999969482422,43.650001525878906,13724100,2025-06-10,1,10,6,1.7675022896395054,1.0996552702334943,1.2963476734890798,1.301918901961253,43.624000549316406,43.64700050354004,43.55850048065186
41.594940185546875,43.7400016784668,44.400001525878906,43.689998626708984,44.189998626708984,14602100,2025-06-11,2,11,6,1.623234732337599,-1.0183230645547108,1.3018463313696458,1.3552701066194586,43.72400054931641,43.708000564575194,43.61300048828125
41.04338455200195,43.15999984741211,43.88999938964844,42.90999984741211,43.880001068115234,22370500,2025-06-12,3,12,6,2.2706198927271064,-1.640841392837393,1.580450182981674,1.487709471824274,43.69600067138672,43.691000366210936,43.6535005569458
40.90073776245117,43.0099983215332,43.279998779296875,42.91999816894531,42.9900016784668,13544100,2025-06-13,4,13,6,0.837016099513136,0.046514636626363154,1.5012793799454287,1.3962517383270006,43.53800048828125,43.596000289916994,43.63000049591064
40.41575241088867,42.5,43.11000061035156,42.33000183105469,42.959999084472656,20449300,2025-06-16,0,16,6,1.8352912454044117,-1.070761392634473,1.6667328519243518,1.4051775784216325,43.30800018310547,43.436000442504884,43.5555004119873
39.79762268066406,41.849998474121094,42.81999969482422,41.810001373291016,42.79999923706055,23028200,2025-06-17,1,17,6,2.4133772003785348,-2.2196279903595113,1.7959078340721575,1.5461277537806186,42.85199966430664,43.238000106811526,43.43250026702881
39.6264533996582,41.66999816894531,41.959999084472656,41.599998474121094,41.95000076293945,18654200,2025-06-18,2,18,6,0.8639323882184713,-0.6674674348075523,1.644047365248332,1.472946848308989,42.43799896240235,43.080999755859374,43.305000114440915
39.65498352050781,41.70000076293945,42.099998474121094,41.650001525878906,41.810001373291016,37068100,2025-06-20,4,20,6,1.0791293525397696,-0.26309640454073957,1.4057492572108647,1.4930997200962692,42.145999145507815,42.920999908447264,43.20250015258789
40.28261947631836,42.36000061035156,42.38999938964844,41.720001220703125,41.810001373291016,16014400,2025-06-23,0,23,6,1.581676485579616,1.3154728988167321,1.5546813344241606,1.5279803571847945,42.01599960327148,42.77700004577637,43.16400012969971
40.53937911987305,42.630001068115234,42.72999954223633,42.27000045776367,42.380001068115234,16716300,2025-06-24,1,24,6,1.0790501359304654,0.5899008817819227,1.4034331125293715,1.5350829822268615,42.04199981689453,42.675,43.129500198364255
40.05438232421875,42.119998931884766,42.470001220703125,41.939998626708984,42.400001525878906,15599700,2025-06-25,2,25,6,1.258315782132961,-0.6603834526355868,1.1724208288802564,1.484164331476207,42.09599990844727,42.47399978637695,43.060500144958496
40.03536605834961,42.099998474121094,42.27000045776367,41.880001068115234,42.16999816894531,15870000,2025-06-26,3,26,6,0.9263643795335776,-0.16599406654887572,1.184907227143278,1.414477296195805,42.18199996948242,42.30999946594238,43.00900001525879
40.23507308959961,42.310001373291016,42.45000076293945,41.97999954223633,42.150001525878906,21439600,2025-06-27,4,27,6,1.1108513482578664,0.37959630277563333,1.1912516262868973,1.298500441748881,42.30400009155274,42.224999618530276,42.9579999923706
41.147987365722656,43.27000045776367,43.31999969482422,42.279998779296875,42.310001373291016,22796000,2025-06-30,0,30,6,2.4035149168590837,2.268964909745131,1.3556193125427909,1.4551503234834757,42.486000061035156,42.25099983215332,42.923500061035156
41.537879943847656,43.68000030517578,43.880001068115234,43.209999084472656,43.41999816894531,19233200,2025-07-01,1,1,7,1.533887314472357,0.5988073403845201,1.446586748251169,1.4250099303902704,42.69599990844726,42.3689998626709,42.90250015258789
41.45229721069336,43.59000015258789,44.029998779296875,43.43000030517578,43.81999969482422,18313900,2025-07-02,2,2,7,1.3764589860536454,-0.5248734455456749,1.470215389035306,1.3213181089577812,42.99000015258789,42.543000030517575,42.89050006866455
41.41425323486328,43.54999923706055,43.77000045776367,43.41999816894531,43.7400016784668,10301300,2025-07-03,3,3,7,0.8036792076921817,-0.43439056724999675,1.4456783546670269,1.3152927909051524,43.28000030517578,42.731000137329104,42.905999946594235
40.7010383605957,42.79999923706055,43.70000076293945,42.66999816894531,43.70000076293945,22039300,2025-07-07,0,7,7,2.4065481597071168,-2.0595000232635425,1.7048177169568768,1.4480346716218873,43.37799987792969,42.84099998474121,42.88099994659424
40.94828796386719,43.060001373291016,43.2400016784668,42.540000915527344,42.79999923706055,16736200,2025-07-08,1,8,7,1.6256403637126802,0.6074816375354809,1.5492428063275963,1.4524310594351935,43.33600006103516,42.91100006103515,42.844000053405765
40.52035903930664,42.61000061035156,43.060001373291016,42.470001220703125,42.9900016784668,23519800,2025-07-09,2,9,7,1.3846518285300318,-0.8839289445889289,1.5193957091391312,1.48299122869515,43.12200012207031,42.90900001525879,42.7920000076294
40.61505889892578,42.029998779296875,42.18000030517578,41.599998474121094,41.869998931884766,19359300,2025-07-10,3,10,7,1.3799710870807465,0.382134825635896,1.5200981293445515,1.4951567591899289,42.80999984741211,42.9,42.68699989318848
40.2188606262207,41.619998931884766,42.029998779296875,41.4900016784668,41.97999954223633,20174300,2025-07-11,4,11,7,1.2974462150127315,-0.8575526781256007,1.6188515308086615,1.5322649427378443,42.42399978637695,42.852000045776364,42.580999755859374
40.180206298828125,41.58000183105469,41.84000015258789,41.47999954223633,41.59000015258789,15757300,2025-07-14,0,14,7,0.8658022955705844,-0.02404020556989825,1.3107023579813548,1.5077600374691158,42.18000030517578,42.77900009155273,42.501999855041504
39.87097930908203,41.2599983215332,41.630001068115234,41.099998474121094,41.439998626708984,15653200,2025-07-15,1,15,7,1.2845434211216078,-0.43436368518546986,1.2424829694631403,1.3958628878953683,41.81999969482422,42.577999877929685,42.414499855041505
39.8613166809082,41.25,41.45000076293945,41.15999984741211,41.27000045776367,17971300,2025-07-16,2,16,7,0.7030325224905303,-0.04846246072650433,1.10615910825524,1.3127774086971857,41.54799957275391,42.33499984741211,42.351999855041505
39.57141876220703,40.95000076293945,41.349998474121094,40.83000183105469,41.290000915527344,18411200,2025-07-17,3,17,7,1.2698330485429767,-0.8234442844490991,1.0841315005476861,1.3021148149461188,41.331999969482425,42.07099990844726,42.30699996948242
39.46512222290039,40.84000015258789,41.119998931884766,40.689998626708984,40.97999954223633,21079700,2025-07-18,4,18,7,1.0528900675053832,-0.341628577872838,1.0352202710462166,1.3270359009274388,41.17600021362305,41.8,42.26550006866455
41.059574127197266,42.4900016784668,43.08000183105469,41.68000030517578,41.95000076293945,47574000,2025-07-21,0,21,7,3.2948963769714394,1.2872488813025367,1.5210390873263875,1.4158707226538714,41.35800018310547,41.76900024414063,42.305000114440915
41.51374816894531,42.959999084472656,43.4900016784668,42.54999923706055,42.75,23521000,2025-07-22,1,22,7,2.1880876662914126,0.4912259285910088,1.7017479363603485,1.4721154529117446,41.69800033569336,41.75900001525879,42.33500003814697
41.397789001464844,42.84000015258789,42.869998931884766,42.04999923706055,42.400001525878906,23357200,2025-07-23,2,23,7,1.9140982537430826,1.03773257281708,1.943961082610859,1.5250600954330495,42.01600036621094,41.78199996948242,42.345499992370605
41.62971115112305,43.08000183105469,43.349998474121094,42.7599983215332,42.900001525878906,20411000,2025-07-24,3,24,7,1.3695453284836738,0.4195811160221014,1.9639035385989985,1.5240175195733423,42.44200057983399,41.887000274658206,42.3935001373291
41.62971115112305,43.08000183105469,43.209999084472656,42.75,43.02000045776367,16571500,2025-07-25,4,25,7,1.0677787022308363,0.13947320467819146,1.9668812655440888,1.5010507682951526,42.890000915527345,42.0330005645752,42.442500305175784
40.9339485168457,42.36000061035156,43.02000045776367,42.2400016784668,43.02000045776367,18243700,2025-07-28,0,28,7,1.8413568651041656,-1.5341697824017608,1.6761733631706341,1.598606225248511,42.864000701904295,42.11100044250488,42.44500026702881
41.27216720581055,42.709999084472656,42.97999954223633,42.400001525878906,42.41999816894531,13118500,2025-07-29,1,29,7,1.3579911701948075,0.6836419803045787,1.5101540639513131,1.6059510001558308,42.8140007019043,42.25600051879883,42.417000198364256
41.16586685180664,42.599998474121094,42.88999938964844,42.45000076293945,42.66999816894531,13313300,2025-07-30,2,30,7,1.0328606630732098,-0.16404897545827327,1.3339065458173387,1.6389338142140986,42.76600036621094,42.39100036621094,42.363000106811526
41.32048034667969,42.7599983215332,43.11000061035156,42.150001525878906,42.290000915527344,25538700,2025-07-31,3,31,7,2.2450868151442775,1.1113676893615139,1.5090148431494594,1.7364591908742288,42.70199966430664,42.572000122070314,42.32150001525879
41.43644332885742,42.880001068115234,43.470001220703125,42.619998931884766,43.290000915527344,20841300,2025-08-01,4,1,8,1.98228140775492,-0.9471005745926186,1.6919153842542762,1.8293983248991825,42.66199951171875,42.77600021362305,42.28800010681152
41.50408935546875,42.95000076293945,43.029998779296875,42.529998779296875,42.79999923706055,13629900,2025-08-04,0,4,8,1.1641443332206836,0.3504708611046419,1.5564728778775796,1.6163231205241069,42.779999542236325,42.822000122070314,42.29550018310547
41.2335090637207,42.66999816894531,43.099998474121094,42.66999816894531,42.95000076293945,14863700,2025-08-05,1,5,8,1.0077345292429145,-0.6519268661707411,1.486421549687201,1.498287806819257,42.77199935913086,42.793000030517575,42.276000022888184
40.92428207397461,42.349998474121094,42.79999923706055,42.310001373291016,42.79999923706055,17812000,2025-08-06,2,6,8,1.157019790848293,-1.051403670469688,1.5112533752422177,1.4225799605297782,42.72199935913086,42.7439998626709,42.26299991607666
41.50408935546875,42.95000076293945,43.029998779296875,42.16999816894531,42.5,15543400,2025-08-07,3,7,8,2.0023296742142014,1.0588253245634192,1.4627019470562026,1.4858583951028308,42.75999984741211,42.73099975585937,42.30900001525879
41.697357177734375,43.150001525878906,43.36000061035156,43.029998779296875,43.099998474121094,13057000,2025-08-08,4,8,8,0.7647782604521375,0.11601636549438922,1.2192013175956462,1.455558350924961,42.81399993896484,42.737999725341794,42.3855001449585
41.726341247558594,43.18000030517578,43.529998779296875,42.9900016784668,43.22999954223633,12914900,2025-08-11,0,11,8,1.2505722487578381,-0.11565865739067821,1.236486900703077,1.3964798892903283,42.85999984741211,42.81999969482422,42.465500068664554
41.793983459472656,43.25,43.650001525878906,43.209999084472656,43.34000015258789,12469300,2025-08-12,1,12,8,1.0173466853323698,-0.20766071128524582,1.2384093319209681,1.3624154408040845,42.976000213623045,42.873999786376956,42.56500015258789
42.23849868774414,43.709999084472656,43.84000015258789,43.0,43.20000076293945,14327700,2025-08-13,2,13,8,1.9217574243470723,1.1805516493664556,1.391356858620724,1.4513051169314708,43.24800033569336,42.98499984741211,42.68800010681152
42.03557205200195,43.5,43.790000915527344,43.33000183105469,43.7599983215332,10582800,2025-08-14,3,14,8,1.0574691597072556,-0.5941460957626784,1.2023847557193348,1.3325433513877687,43.35800018310547,43.05900001525879,42.81550006866455
42.75065994262695,44.2400016784668,44.439998626708984,43.43000030517578,43.56999969482422,21239200,2025-08-15,4,15,8,2.2829979276985557,1.5377598997829902,1.5060286891686183,1.3626150033821323,43.57600021362305,43.195000076293944,42.98550014495849
42.895606994628906,44.38999938964844,44.599998474121094,44.220001220703125,44.349998474121094,12692100,2025-08-18,0,18,8,0.8560424839892712,0.09019372469806261,1.427122736214905,1.3318048184589908,43.81800003051758,43.33899993896485,43.08050003051758
43.42708969116211,44.939998626708984,45.06999969482422,44.470001220703125,44.5099983215332,17944200,2025-08-19,1,19,8,1.3351101300757482,0.9660757613818066,1.4906754251635808,1.3645423785422743,44.155999755859376,43.56599998474121,43.17950000762939
43.54305648803711,45.060001373291016,45.75,44.95000076293945,45.08000183105469,20982100,2025-08-20,2,20,8,1.7754088164203665,-0.04436658596116998,1.4614057035782395,1.4263812810994816,44.42600021362305,43.8370002746582,43.29050006866455
43.514060974121094,45.029998779296875,45.209999084472656,44.869998931884766,44.97999954223633,11866800,2025-08-21,3,21,8,0.7550525467573632,0.1111588207411996,1.400922380988261,1.301653568353798,44.73199996948242,44.045000076293945,43.38799991607666
42.94392395019531,44.439998626708984,45.43000030517578,44.25,45.150001525878906,19123700,2025-08-22,4,22,8,2.65526629532024,-1.5725423591912064,1.4753760545125978,1.490702371840608,44.77199935913086,44.17399978637695,43.455999755859374
42.74099349975586,44.22999954223633,44.47999954223633,43.959999084472656,44.439998626708984,16021200,2025-08-25,0,25,8,1.1756736675231265,-0.4725452091855922,1.5393022912193688,1.4832125137171368,44.73999938964844,44.278999710083006,43.549499702453616
42.48008346557617,43.959999084472656,44.41999816894531,43.75,44.11000061035156,17328200,2025-08-26,1,26,8,1.5241086963124304,-0.3400623981032194,1.5771020044667052,1.533888714815143,44.54399948120117,44.349999618530276,43.611999702453616
42.7796516418457,44.27000045776367,44.279998779296875,43.880001068115234,44.02000045776367,12046600,2025-08-27,2,27,8,0.9035412402203683,0.5679236651527755,1.4027284892267056,1.4320670964024727,44.385999298095705,44.405999755859376,43.69549980163574
42.45109558105469,43.93000030517578,44.189998626708984,43.689998626708984,44.099998474121094,15842800,2025-08-28,3,28,8,1.1381743604064818,-0.38548338963111617,1.4793528519565293,1.4401376164723951,44.16599960327149,44.44899978637695,43.753999900817874
42.74099349975586,44.22999954223633,44.290000915527344,43.93000030517578,43.970001220703125,14792700,2025-08-29,4,29,8,0.8139285871070131,0.5913084246419893,1.111085310313884,1.2932306824132411,44.123999786376956,44.44799957275391,43.821499824523926
42.325469970703125,43.79999923706055,44.47999954223633,43.5099983215332,44.15999984741211,21123700,2025-09-02,1,2,9,2.214614697715284,-0.8152187762578977,1.3188735163523155,1.4290879037858422,44.0379997253418,44.38899955749512,43.86399974822998
42.267494201660156,43.7400016784668,43.7400016784668,42.880001068115234,43.5,21828500,2025-09-03,2,3,9,1.966165014517914,0.5517279964753952,1.4072847799934123,1.4921933922300588,43.99400024414062,44.268999862670896,43.91749992370605
42.69268035888672,44.18000030517578,44.41999816894531,43.93000030517578,44.06999969482422,14480500,2025-09-04,3,4,9,1.1090942969326485,0.24960429115791777,1.4483953913358683,1.4255619402812871,43.976000213623045,44.180999755859375,44.00900001525879
42.885948181152344,44.380001068115234,44.470001220703125,44.02000045776367,44.099998474121094,13406700,2025-09-05,4,5,9,1.0139719515751786,0.6349265389622466,1.4235549095696076,1.4514538807630684,44.066000366210936,44.11599998474121,44.08050003051758
41.86163330078125,43.31999969482422,43.619998931884766,42.939998626708984,42.97999954223633,30273900,2025-09-08,0,8,9,1.5697144736061164,0.7910659753585465,1.5747120868694282,1.342898698591656,43.88400039672852,44.00400009155273,44.08899993896485
42.103214263916016,43.56999969482422,43.7400016784668,43.349998474121094,43.36000061035156,15595500,2025-09-09,1,9,9,0.8951186758719039,0.4843152248999786,1.3108128825007523,1.3148431994265337,43.83800048828125,43.93800010681152,44.108499908447264
42.025909423828125,43.4900016784668,43.66999816894531,43.0099983215332,43.4900016784668,14807800,2025-09-10,2,10,9,1.5175898412045707,0.0,1.2210978478380836,1.314191313915748,43.78800048828125,43.89100036621094,44.120499992370604
42.65402603149414,44.13999938964844,44.150001525878906,43.5099983215332,43.61000061035156,15510600,2025-09-11,3,11,9,1.4499393139905536,1.2153147715642794,1.2892668512496646,1.3688311212927664,43.78000030517578,43.878000259399414,44.14200000762939
42.489749908447266,43.970001220703125,44.09000015258789,43.77000045776367,44.0099983215332,13723500,2025-09-12,4,12,9,0.7277682191046835,-0.0908818503874115,1.2320261047555658,1.3277905071625866,43.69800033569336,43.88200035095215,44.16550006866455
42.39311599731445,43.869998931884766,44.25,43.77000045776367,44.04999923706055,15034700,2025-09-15,0,15,9,1.0941407657237574,-0.4086272605978657,1.136911363179094,1.355811725024261,43.80800018310547,43.846000289916994,44.14699993133545
42.267494201660156,43.7400016784668,43.95000076293945,43.29999923706055,43.869998931884766,16173600,2025-09-16,1,16,9,1.4860573866847884,-0.2963238125895795,1.2550991053416707,1.2829559939212114,43.842000579833986,43.840000534057616,44.11450004577637
42.7216682434082,44.209999084472656,44.40999984741211,43.86000061035156,43.869998931884766,14414000,2025-09-17,2,17,9,1.2440607293604684,0.7750174626532259,1.20039328297285,1.210745565405467,43.986000061035156,43.887000274658206,44.07800006866455
42.19984436035156,43.66999816894531,43.95000076293945,43.58000183105469,43.880001068115234,16507300,2025-09-18,3,18,9,0.8472611573129853,-0.47858453522809374,1.0798576516373366,1.1845622514435006,43.89199981689453,43.83600006103516,44.00849990844726
42.01624298095703,43.47999954223633,43.790000915527344,43.459999084472656,43.790000915527344,29164200,2025-09-19,4,19,9,0.758973860462268,-0.7079273048863841,1.0860987799088533,1.1590624423322096,43.79399948120117,43.74599990844727,43.93099994659424
41.70701599121094,43.15999984741211,43.52000045776367,42.97999954223633,43.380001068115234,18507700,2025-09-22,0,22,9,1.2511606057378668,-0.5071489517892802,1.1175027479116753,1.1272070555453846,43.65199966430664,43.72999992370605,43.86700000762939
41.89061737060547,43.349998474121094,43.380001068115234,42.959999084472656,43.15999984741211,16796400,2025-09-23,1,23,9,0.9688627414677055,0.44021924787003164,1.014063818868259,1.1345814621049646,43.5739990234375,43.707999801635744,43.82299995422363
41.726341247558594,43.18000030517578,43.38999938964844,42.959999084472656,43.20000076293945,21162400,2025-09-24,2,24,9,0.995832103142063,-0.04629735511678493,0.9644180936245779,1.082405688298714,43.36799926757813,43.67699966430664,43.78400001525879
41.89061737060547,43.349998474121094,43.77000045776367,43.2400016784668,43.2400016784668,19012200,2025-09-25,3,25,9,1.2226039168450527,0.2543866590760899,1.0394866455309912,1.059672148584164,43.30399932861328,43.597999572753906,43.73799991607666
42.141868591308594,43.61000061035156,43.709999084472656,43.45000076293945,43.650001525878906,12456200,2025-09-26,4,26,9,0.5961896764374,-0.09164012400693339,1.0069298087260177,1.0465142943174355,43.32999954223633,43.56199951171875,43.721999931335446
41.793983459472656,43.25,43.650001525878906,43.09000015258789,43.599998474121094,15854500,2025-09-29,0,29,9,1.2948008631006143,-0.8027488219496988,1.015657860198567,1.0665803040551212,43.347999572753906,43.499999618530275,43.672999954223634
42.470420837402344,43.95000076293945,43.970001220703125,43.189998626708984,43.2400016784668,24399100,2025-09-30,1,30,9,1.7747498986436256,1.6419959688073522,1.176835291633751,1.095449555251005,43.46800003051758,43.52099952697754,43.68050003051758
42.35446548461914,43.83000183105469,44.09000015258789,43.45000076293945,43.91999816894531,19921900,2025-10-01,2,1,10,1.4601856329263976,-0.2049097031936105,1.269705997590618,1.117062045607598,43.59800033569336,43.48299980163574,43.685000038146974
41.93893814086914,43.400001525878906,43.720001220703125,43.220001220703125,43.58000183105469,21550100,2025-10-02,3,2,10,1.152073692213711,-0.41303418451789686,1.2555999526643498,1.1475432990976704,43.608000946044925,43.4560001373291,43.64600009918213
42.19984436035156,43.66999816894531,43.93000030517578,43.400001525878906,43.439998626708984,18016000,2025-10-03,4,3,10,1.2136450687414242,0.5294648929728866,1.3790910311251545,1.1930104199255862,43.62000045776367,43.475,43.610499954223634
40.044918060302734,41.439998626708984,43.380001068115234,41.349998474121094,43.25,75944200,2025-10-06,0,6,10,4.898655070624833,-4.184974273505238,2.0998618726299982,1.5577598664142827,43.258000183105466,43.302999877929686,43.51649990081787
40.00626754760742,41.400001525878906,41.86000061035156,41.34000015258789,41.61000061035156,34001300,2025-10-07,1,7,10,1.2560397067585192,-0.5046841658070381,1.996119834252977,1.586477562943364,42.74800033569336,43.10800018310547,43.407999992370605
39.92896270751953,41.31999969482422,41.540000915527344,41.060001373291016,41.540000915527344,35601000,2025-10-08,2,8,10,1.1616639539725198,-0.5296129413923296,1.936415498462201,1.6030607480264094,42.24599990844727,42.922000122070315,43.299499893188475
39.4554557800293,40.83000183105469,41.36000061035156,40.72999954223633,41.349998474121094,34868200,2025-10-09,3,9,10,1.5429856474707895,-1.2575493645830393,2.014597889513617,1.6350989210889832,41.73199996948242,42.67000045776367,43.13400001525879
39.1703987121582,39.849998474121094,40.61000061035156,39.81999969482422,40.25,38107700,2025-10-10,4,10,10,1.9824365013222691,-0.9937926108792702,2.168356176029786,1.7737236035774704,40.96800003051758,42.294000244140626,42.927999877929686
39.07210922241211,39.75,40.15999984741211,39.40999984741211,39.75,26453700,2025-10-13,0,13,10,1.8867924528301887,0.0,1.5659836524708572,1.8329227625504276,40.630000305175784,41.944000244140625,42.721999931335446
39.858463287353516,40.54999923706055,40.58000183105469,39.7599983215332,39.79999923706055,22346100,2025-10-14,1,14,10,2.022203514055913,1.8844221466758797,1.719216413930336,1.8576681240916568,40.45999984741211,41.604000091552734,42.562499809265134
39.69136428833008,40.380001068115234,40.560001373291016,40.2400016784668,40.41999816894531,18233200,2025-10-15,2,15,10,0.7924707438328826,-0.09895374231067605,1.6453777719024085,1.790896635182305,40.27200012207031,41.25900001525879,42.37099990844727
39.67170333862305,40.36000061035156,40.56999969482422,40.18000030517578,40.41999816894531,16751200,2025-10-16,3,16,10,0.9663017436833491,-0.1484353322901586,1.5300409911449204,1.772319440329269,40.177999877929686,40.954999923706055,42.20550003051758
39.858463287353516,40.54999923706055,40.65999984741211,40.209999084472656,40.5,20523500,2025-10-17,4,17,10,1.1097429627771147,0.12345490632233797,1.3555022834358899,1.761929229732838,40.31800003051758,40.64300003051758,42.05900001525879
40.10419845581055,40.79999923706055,40.869998931884766,40.349998474121094,40.70000076293945,28079200,2025-10-20,0,20,10,1.2745109497240656,0.24569649200633484,1.2330459828146652,1.3995148176427612,40.52799987792969,40.579000091552736,41.94099998474121
39.612728118896484,40.29999923706055,40.779998779296875,40.130001068115234,40.630001068115234,29881700,2025-10-21,1,21,10,1.6128975768909988,-0.812212213584359,1.1511847953816823,1.435200604656009,40.47799987792969,40.4689998626709,41.788500022888186
39.121253967285156,39.79999923706055,40.209999084472656,38.91999816894531,39.56999969482422,31009500,2025-10-22,2,22,10,3.241208392602516,0.5812472681580845,1.640932325135609,1.6431550485190087,40.36199951171875,40.31699981689453,41.61949996948242
37.74513244628906,38.400001525878906,39.86000061035156,38.38999938964844,39.790000915527344,52663600,2025-10-23,3,23,10,3.828128026798247,-3.4933384208745135,2.2132975817585887,1.8716692864517543,39.96999969482422,40.07399978637695,41.37200012207031
38.15796661376953,38.81999969482422,38.91999816894531,38.540000915527344,38.599998474121094,27485700,2025-10-24,4,24,10,0.9788698001165438,0.5699513715023128,2.1871229492264743,1.771312616331182,39.623999786376956,39.97099990844727,41.132500076293944
38.56097412109375,39.22999954223633,39.290000915527344,38.77000045776367,38.810001373291016,27487200,2025-10-27,0,27,10,1.325517368930433,1.0821905541965648,2.1973242330677474,1.7151851079412066,39.30999984741211,39.9189998626709,40.93150005340576
38.64944076538086,39.31999969482422,39.52000045776367,38.95000076293945,39.150001525878906,30719200,2025-10-28,1,28,10,1.4496431822181552,0.43422263683167533,2.1646733541331793,1.6579290747574305,39.113999938964845,39.795999908447264,40.7
39.524261474609375,40.209999084472656,41.31999969482422,39.66999816894531,40.93000030517578,53730200,2025-10-29,2,29,10,4.103460739734423,-1.7591038732830835,2.3371238235595606,1.9890280743475848,39.19599990844726,39.778999710083006,40.518999862670896
38.29557800292969,38.959999084472656,40.189998626708984,38.77000045776367,40.02000045776367,47371000,2025-10-30,3,30,10,3.644759246186037,-2.6486790633841206,2.300450067437118,2.2568738245978532,39.30799942016601,39.63899955749512,40.29699974060058
39.062278747558594,39.7400016784668,39.959999084472656,38.779998779296875,38.97999954223633,52181800,2025-10-31,4,31,10,2.969301095463131,1.9497233072231754,2.698536326506436,2.442829637866455,39.491999816894534,39.557999801635745,40.10049991607666
38.79688262939453,39.470001220703125,39.61000061035156,38.84000015258789,39.5099983215332,39851100,2025-11-03,0,3,11,1.9508498453245169,-0.10123285884393331,2.8236028217852525,2.5104635274265004,39.54000015258789,39.425,40.00200004577637
38.64944076538086,39.31999969482422,39.66999816894531,39.16999816894531,39.56999969482422,33632800,2025-11-04,1,4,11,1.2716175073262175,-0.6317917663079996,2.787997686806865,2.476335520470022,39.54000015258789,39.327000045776366,39.897999954223636
39.01313018798828,39.689998626708984,39.77000045776367,39.2599983215332,39.33000183105469,22947100,2025-11-05,2,5,11,1.284963854564782,0.9153236178342763,2.2242983097729363,2.2807110666662487,39.43600006103516,39.31599998474121,39.816499900817874
39.14091491699219,39.81999969482422,39.88999938964844,39.380001068115234,39.52000045776367,30949700,2025-11-06,3,6,11,1.2807592301400554,0.759107372433272,1.7514983065637402,2.0259741870004295,39.60800018310547,39.457999801635744,39.76599979400635
39.34733200073242,40.029998779296875,40.31999969482422,39.65999984741211,39.939998626708984,28389500,2025-11-07,4,7,11,1.6487630965241369,0.2253383968013084,1.4873907067759415,2.0929635166411886,39.66599960327149,39.57899971008301,39.77499980926514
39.1703987121582,39.849998474121094,40.150001525878906,39.56999969482422,39.900001525878906,22414400,2025-11-10,0,10,11,1.45546261797562,-0.12532092693124539,1.3883132613061622,2.1059580415457075,39.74199905395508,39.64099960327148,39.77999973297119
40.00590515136719,40.70000076293945,40.779998779296875,40.040000915527344,40.04999923706055,25360900,2025-11-11,1,11,11,1.8181765353757866,1.6229751267446288,1.497625066916076,2.1428113768614705,40.017999267578126,39.778999710083006,39.787499809265135
40.10419845581055,40.79999923706055,40.959999084472656,40.7400016784668,40.779998779296875,17834000,2025-11-12,2,12,11,0.5392093385286768,0.04904477283561292,1.348474163708855,1.7863862367408962,40.23999938964844,39.837999725341795,39.8084997177124
40.40891647338867,41.11000061035156,41.72999954223633,40.7400016784668,40.84000015258789,30487400,2025-11-13,3,13,11,2.408167961739821,0.6611176708004074,1.573955910028808,1.6627271082962742,40.497999572753905,40.052999877929686,39.8459997177124
40.35976791381836,41.060001373291016,41.41999816894531,40.650001525878906,41.31999969482422,29368500,2025-11-14,4,14,11,1.8752961941381687,-0.629231179703447,1.6192625295516145,1.5533266181637782,40.704000091552736,40.18499984741211,39.87149982452392
40.31061935424805,41.0099983215332,41.279998779296875,40.880001068115234,41.060001373291016,21620800,2025-11-17,0,17,11,0.975366319319289,-0.12178044346179398,1.5232432698203482,1.4557782655632554,40.93600006103516,40.338999557495114,39.881999778747556
40.77260208129883,41.47999954223633,41.5,40.9900016784668,41.029998779296875,24067500,2025-11-18,1,18,11,1.2295041638414332,1.0967603615102148,1.4055087955134773,1.4515669312147768,41.09199981689453,40.55499954223633,39.940999794006345
40.487548828125,41.189998626708984,41.61000061035156,40.939998626708984,41.5,21895000,2025-11-19,2,19,11,1.6266132701643894,-0.7469912609422064,1.62298958184062,1.4857318727747377,41.16999969482422,40.70499954223633,40.01049976348877
40.06488037109375,40.7599983215332,41.439998626708984,40.650001525878906,41.150001525878906,32173600,2025-11-20,3,20,11,1.938167648090232,-0.9477598782115069,1.5289895191107021,1.5514727145697553,41.099999237060544,40.79899940490723,40.128499603271486
40.5268669128418,41.22999954223633,41.61000061035156,40.41999816894531,40.66999816894531,32037600,2025-11-21,4,21,11,2.8862538312356816,1.3769397553566156,1.7311810465302049,1.67522178804091,41.13399887084961,40.91899948120117,40.24899959564209
39.524261474609375,40.209999084472656,41.459999084472656,40.150001525878906,41.349998474121094,44805100,2025-11-24,0,24,11,3.2578900482979964,-2.756951467270081,2.1876857923259463,1.8554645310731472,40.9739990234375,40.95499954223633,40.29799957275391
39.89778137207031,40.59000015258789,40.79999923706055,40.40999984741211,40.59000015258789,24375300,2025-11-25,1,25,11,0.9608262827847571,0.0,2.133950216114611,1.7697295058140443,40.795999145507814,40.943999481201175,40.36149959564209
40.182838439941406,40.880001068115234,40.970001220703125,40.560001373291016,40.59000015258789,15186100,2025-11-26,2,26,11,1.0029350212808406,0.7144639429346102,2.0092145663379015,1.816102074089261,40.73399963378906,40.95199966430664,40.39499969482422
40.40891647338867,41.11000061035156,41.130001068115234,40.709999084472656,40.81999969482422,9926300,2025-11-28,4,28,11,1.0216540438017434,0.7104383089060005,1.825911845480204,1.6774506822954531,40.80400009155274,40.95199966430664,40.50249977111817
40.04522705078125,40.7400016784668,41.09000015258789,40.68000030517578,40.959999084472656,19655900,2025-12-01,0,1,12,1.0063815182138678,-0.5371030540116813,1.4499373828758408,1.590559214703023,40.70600051879883,40.91999969482422,40.552499771118164
39.917442321777344,40.61000061035156,40.7599983215332,40.36000061035156,40.75,23194100,2025-12-02,1,2,12,0.9849734182955922,-0.34355678441334353,0.99535405687536,1.5915199246006533,40.78600082397461,40.87999992370605,40.60949974060058
39.976417541503906,40.66999816894531,41.31999969482422,40.65999984741211,40.7400016784668,19910700,2025-12-03,2,3,12,1.622817499697038,-0.1718299131992546,1.127752300257816,1.630851258186214,40.80200042724609,40.79899978637695,40.67699966430664
40.55635452270508,41.2599983215332,41.349998474121094,40.66999816894531,40.86000061035156,28382300,2025-12-04,3,4,12,1.6480861193367902,0.9789469045683379,1.2567825198690061,1.632998543103454,40.87799987792969,40.805999755859375,40.75549964904785
40.97902297973633,41.689998626708984,42.060001373291016,41.2400016784668,41.2599983215332,27802700,2025-12-05,4,5,12,1.966897869598106,1.042172376801499,1.4458312850282788,1.6358715652542415,40.99399948120117,40.898999786376955,40.84899959564209
40.595672607421875,41.29999923706055,41.75,40.91999816894531,41.75,22932000,2025-12-08,0,8,12,2.0096897006958914,-1.0778461387771332,1.6464929215246833,1.5482151522002625,41.10599899291992,40.905999755859376,40.912499618530276
39.4554557800293,40.13999938964844,41.47999954223633,40.11000061035156,41.22999954223633,31770600,2025-12-09,1,9,12,3.4130517008380172,-2.643706438733491,2.132108578033168,1.5637313174542642,41.0119987487793,40.898999786376955,40.92699966430664
39.23920822143555,39.91999816894531,40.2599983215332,39.68000030517578,40.20000076293945,40053400,2025-12-10,2,10,12,1.4529009092205214,-0.6965238524380233,2.0981252599378655,1.6129387800978408,40.8619987487793,40.83199958801269,40.887999534606934
39.53409194946289,40.220001220703125,40.54999923706055,39.970001220703125,40.0,21895000,2025-12-11,3,11,12,1.4420636468277122,0.5500030517578125,2.0569207654360495,1.6568516426525277,40.65399932861328,40.76599960327148,40.85899963378906
40.192665100097656,40.88999938964844,40.97999954223633,40.099998474121094,40.220001220703125,20600000,2025-12-12,4,12,12,2.152118075937199,1.6658332884396654,2.093964806703868,1.7698980458660736,40.49399948120117,40.74399948120117,40.847999572753906
40.10419845581055,40.79999923706055,41.310001373291016,40.79999923706055,40.900001525878906,34725800,2025-12-15,0,15,12,1.250005259233461,-0.244504364517161,1.942027918411382,1.7942604199680328,40.39399948120117,40.74999923706055,40.83499946594238
40.0550537109375,40.75,41.0,40.650001525878906,40.900001525878906,22709800,2025-12-16,1,16,12,0.858891961033359,-0.3667518833318255,1.4311959704504502,1.7816522742418095,40.51599960327148,40.76399917602539,40.82199954986572
40.182838439941406,40.880001068115234,40.900001525878906,40.470001220703125,40.779998779296875,22316100,2025-12-17,2,17,12,1.051859818837344,0.24522386417806463,1.350987752373815,1.72455650615584,40.70800018310547,40.784999465942384,40.791999626159665
39.72085189819336,40.40999984741211,40.90999984741211,40.38999938964844,40.779998779296875,18822600,2025-12-18,3,18,12,1.2868113331531554,-0.9073049116239946,1.3199372896389034,1.6884290275374767,40.74599990844727,40.69999961853027,40.75299968719482
39.14091491699219,39.81999969482422,40.2400016784668,39.810001373291016,40.13999938964844,53345100,2025-12-19,4,19,12,1.0798601418163056,-0.79720901766317,1.105485702814725,1.5997252547592966,40.53199996948242,40.5129997253418,40.705999755859374
39.29818344116211,39.97999954223633,40.060001373291016,39.65999984741211,39.720001220703125,21111600,2025-12-22,0,22,12,1.0005040781862193,0.6545778286574802,1.0555854666052764,1.4988066925083294,40.36800003051758,40.38099975585938,40.643499755859374
39.23920822143555,39.91999816894531,40.20000076293945,39.869998931884766,40.0,19761800,2025-12-23,1,23,12,0.8266579313407972,-0.20000457763671872,1.049138660666764,1.2401673155586075,40.20199966430664,40.35899963378906,40.62899971008301
39.63238525390625,40.31999969482422,40.34000015258789,39.88999938964844,39.93000030517578,7949500,2025-12-24,2,24,12,1.1160733292297584,0.9767077051534238,1.061981362745247,1.206484557559531,40.08999938964844,40.398999786376955,40.61549968719483
39.78965759277344,40.47999954223633,40.540000915527344,40.27000045776367,40.27000045776367,11875400,2025-12-26,4,26,12,0.6669971858126055,0.5214777305327059,0.938018533277137,1.1289779114580205,40.103999328613284,40.42499961853027,40.59549961090088
39.78965759277344,40.47999954223633,40.70000076293945,40.380001068115234,40.5099983215332,16846700,2025-12-29,0,29,12,0.7905130890387859,-0.07405277842465144,0.8801491227216331,0.9928174127681793,40.235999298095706,40.38399963378906,40.563999557495116
40.00590515136719,40.70000076293945,40.77000045776367,40.41999816894531,40.47999954223633,15581300,2025-12-30,1,30,12,0.8599564674629292,0.5434812825864251,0.852039600576975,0.953812533591126,40.37999954223633,40.373999786376956,40.56199951171875
40.03539276123047,40.72999954223633,40.959999084472656,40.66999816894531,40.709999084472656,17454800,2025-12-31,2,31,12,0.7120081482608848,0.04912910393874295,0.8291096439609926,0.9391241523138785,40.54199981689453,40.371999740600586,40.56799945831299
39.828975677490234,40.52000045776367,40.900001525878906,40.29999923706055,40.77000045776367,30856800,2026-01-02,4,2,1,1.4807558786771888,-0.6131959705494521,0.9020461538504787,0.9820137582978632,40.581999969482425,40.33599967956543,40.560499572753905
39.543922424316406,40.22999954223633,40.52000045776367,39.83000183105469,40.43000030517578,43091700,2026-01-05,0,5,1,1.715134562665293,-0.4946840500365996,1.111673629221016,1.0248460812490767,40.53199996948242,40.31799964904785,40.50899963378906
39.612728118896484,40.29999923706055,40.459999084472656,39.9900016784668,40.34000015258789,32758400,2026-01-06,1,6,1,1.1662466871057455,-0.0991594332574082,1.186820348834408,1.0334847357780208,40.49599990844727,40.36599960327148,40.43949966430664
39.44562911987305,40.130001068115234,40.79999923706055,39.9900016784668,40.54999923706055,26834100,2026-01-07,2,7,1,2.0184339323063782,-1.0357538269975022,1.4185158418030979,1.1352777211900367,40.38199996948242,40.38099975585938,40.38099975585938
39.87812423706055,40.56999969482422,40.72999954223633,40.060001373291016,40.16999816894531,28103000,2026-01-08,3,8,1,1.6514621000374041,0.9957718300025717,1.6064066321584018,1.2177581380596973,40.35,40.44599990844726,40.402499771118165
39.769996643066406,40.459999084472656,40.7599983215332,40.290000915527344,40.56999969482422,32108600,2026-01-09,4,9,1,1.161634742068569,-0.2711378140966464,1.5425824048366779,1.2223142793435784,40.337999725341795,40.45999984741211,40.429499816894534
39.84000015258789,39.84000015258789,40.060001373291016,39.5099983215332,39.81999969482422,31259300,2026-01-12,0,12,1,1.380529743100631,0.05022716704408093,1.4756614409237454,1.293667535072381,40.25999984741211,40.395999908447266,40.41049976348877
39.0099983215332,39.0099983215332,39.91999816894531,38.79999923706055,39.84000015258789,37255500,2026-01-13,1,13,1,2.8710560883734653,-2.083337921374915,1.816623321177289,1.5017218350058488,40.00199966430664,40.248999786376956,40.31649971008301
39.83000183105469,39.83000183105469,39.849998474121094,39.099998474121094,39.119998931884766,25714700,2026-01-14,2,14,1,1.883002675172461,1.8149358858781404,1.7895370697505057,1.6040264557768018,39.94199981689453,40.16199989318848,40.26799983978272
39.36000061035156,39.36000061035156,39.86000061035156,39.2400016784668,39.83000183105469,26483000,2026-01-15,3,15,1,1.5752005138986398,-1.1800180745577422,1.7742847525227528,1.6903456923405777,39.7,40.025,40.198499870300296
38.90999984741211,38.90999984741211,39.349998474121094,38.900001525878906,39.099998474121094,38980200,2026-01-16,4,16,1,1.1565071961112245,-0.4859300105465164,1.7732592433312842,1.6579208240839811,39.39000015258789,39.863999938964845,40.099999809265135
39.08000183105469,39.08000183105469,39.220001220703125,38.68000030517578,38.88999938964844,30650900,2026-01-20,1,20,1,1.3817832400873515,0.4885637551766689,1.7735099427286283,1.6245856918261867,39.23800048828125,39.74900016784668,40.03349990844727
39.2400016784668,39.2400016784668,39.31999969482422,38.959999084472656,39.099998474121094,21158800,2026-01-21,2,21,1,0.9174327088500486,0.3580644752156865,1.3827852668239449,1.5997042940006172,39.284001159667966,39.6430004119873,40.004500007629396
39.47999954223633,39.47999954223633,39.689998626708984,39.25,39.31999969482422,18880500,2026-01-22,3,22,1,1.1144848830058036,0.4069172142775233,1.2290817083906134,1.5093093890705598,39.2140007019043,39.57800025939942,39.9795000076294
39.52000045776367,39.52000045776367,39.560001373291016,39.060001373291016,39.45000076293945,21849400,2026-01-23,4,23,1,1.2651821715801002,0.17743902020397076,1.1670780399269056,1.4706813962248293,39.24600067138672,39.47300033569336,39.95950012207031
39.619998931884766,39.619998931884766,39.79999923706055,39.529998779296875,39.68000030517578,21081800,2026-01-26,0,26,1,0.6814751767859971,-0.15121313717124432,1.07207163606186,1.4226654396965723,39.38800048828125,39.38900032043457,39.92450008392334
39.31999969482422,39.31999969482422,39.68000030517578,39.189998626708984,39.65999984741211,26108800,2026-01-27,1,27,1,1.2461894259152217,-0.8572873270196855,1.044952873227434,1.4092314079780313,39.43600006103516,39.3370002746582,39.86650009155274
39.40999984741211,39.40999984741211,39.86000061035156,39.36000061035156,39.40999984741211,24412500,2026-01-28,2,28,1,1.2687135293983842,0.0,1.115209037337101,1.2489971520805232,39.46999969482422,39.377000427246095,39.81300010681152
39.810001373291016,39.810001373291016,40.29999923706055,39.47999954223633,39.58000183105469,44347500,2026-01-29,3,29,1,2.059783136240648,0.5811003830117795,1.3042686879840701,1.2666751981873419,39.53600006103515,39.375000381469725,39.7685001373291
44.52000045776367,44.52000045776367,44.630001068115234,41.380001068115234,42.0099983215332,123584700,2026-01-30,4,30,1,7.300089772198655,5.974773236170088,2.511250208107781,1.8391641240173435,40.53600006103515,39.89100036621094,39.95800018310547
44.61000061035156,44.61000061035156,45.47999954223633,43.880001068115234,44.58000183105469,64539400,2026-02-02,0,2,2,3.586636297310027,0.06729201001507738,3.0922824322125875,2.0821770341372234,41.534000396728516,40.46100044250488,40.16250019073486
46.25,46.25,46.7599983215332,44.5,44.63999938964844,60299100,2026-02-03,1,3,2,4.886482857369088,3.6066322409603466,3.82034111850336,2.4326469958653973,42.92000045776367,41.17800025939941,40.46350021362305
47.0099983215332,47.0099983215332,47.54999923706055,46.16999816894531,46.779998779296875,46213100,2026-02-04,2,4,2,2.9355480055040055,0.49166213817456866,4.153708013724485,2.6344585255307935,44.44000015258789,41.954999923706055,40.79900016784668
47.099998474121094,47.099998474121094,47.58000183105469,46.650001525878906,47.209999084472656,42866500,2026-02-05,3,5,2,1.9745230048930176,-0.23300278009906095,4.136655987454958,2.7204623377195145,45.8979995727539,42.71699981689453,41.14750003814697
46.310001373291016,46.310001373291016,47.25,46.060001373291016,46.970001220703125,36094600,2026-02-06,4,6,2,2.56963634510991,-1.4051518634434248,3.19056530203721,2.8509077550724955,46.25599975585938,43.395999908447266,41.43450012207031
47.02000045776367,47.02000045776367,47.06999969482422,45.81999969482422,46.15999984741211,26954800,2026-02-09,0,9,2,2.658443189771614,1.863086250421158,3.0049266805295267,3.048604556371057,46.737999725341794,44.136000061035155,41.76250019073486
47.38999938964844,47.38999938964844,47.790000915527344,46.77000045776367,47.02000045776367,32147000,2026-02-10,1,10,2,2.152353810720821,0.7868969125534612,2.4581008711998735,3.139220994851617,46.965999603271484,44.94300003051758,42.14000015258789
48.970001220703125,48.970001220703125,49.13999938964844,47.16999816894531,47.18000030517578,48913100,2026-02-11,2,11,2,4.022873538075928,3.793982416170047,2.6755659777142577,3.414636995719371,47.35800018310547,45.89900016784668,42.638000297546384
