Adj Close,Close,High,Low,Open,Volume,date,day_of_week,day,month,hl_pct,oc_pct,volatility_5d,volatility_10d,ma_5,ma_10,ma_20
WBD,WBD,WBD,WBD,WBD,WBD,,,,,,,,,,,
9.069999694824219,9.069999694824219,9.25,8.699999809265137,8.760000228881836,36080200,2024-03-11,0,11,3,6.063949385232284,3.5388065963778232,3.7596143641713042,3.7592122250905016,8.617999839782716,8.60699987411499,9.07249994277954
8.859999656677246,8.859999656677246,9.279999732971191,8.819999694824219,9.170000076293945,26350800,2024-03-12,1,12,3,5.191874220901335,-3.3805934246184415,4.085458619600639,3.9335718341784145,8.761999702453613,8.6229998588562,9.017499923706055
8.850000381469727,8.850000381469727,9.039999961853027,8.819999694824219,8.890000343322754,20397000,2024-03-13,2,13,3,2.48587861633824,-0.44994331055421344,3.8929792486597776,3.8836530665713576,8.849999809265137,8.636999893188477,8.98299994468689
8.529999732971191,8.529999732971191,8.850000381469727,8.40999984741211,8.800000190734863,26471600,2024-03-14,3,14,3,5.1582713696563625,-3.0681869535405646,4.192366573211953,4.046807316975307,8.807999801635741,8.610999870300294,8.922999954223632
8.539999961853027,8.539999961853027,8.65999984741211,8.510000228881836,8.529999732971191,50377900,2024-03-15,4,15,3,1.7564358220175706,0.11723598118276414,4.131281882829159,3.980236324437707,8.769999885559082,8.597999858856202,8.842999935150146
8.479999542236328,8.479999542236328,8.600000381469727,8.390000343322754,8.600000381469727,29617500,2024-03-18,0,18,3,2.4764156778667923,-1.3953585338433494,3.41377514135606,3.5866947527636825,8.651999855041504,8.634999847412109,8.77549991607666
8.5,8.5,8.529999732971191,8.399999618530273,8.4399995803833,18367300,2024-03-19,1,19,3,1.5294131110696232,0.7109054810400157,2.6812829193897176,3.3833707694951785,8.579999923706055,8.670999813079835,8.705999898910523
8.739999771118164,8.739999771118164,8.800000190734863,8.40999984741211,8.4399995803833,23341900,2024-03-20,2,20,3,4.462246607963682,3.554504806281505,3.076556517714806,3.484767883187292,8.557999801635741,8.70399980545044,8.66449990272522
8.720000267028809,8.720000267028809,9.050000190734863,8.710000038146973,8.90999984741211,46855600,2024-03-21,3,21,3,3.8990841992684926,-2.1324307927848705,2.8247190836372322,3.5085428284245928,8.595999908447265,8.701999855041503,8.622499895095824
8.4399995803833,8.4399995803833,8.770000457763672,8.4399995803833,8.720000267028809,28546200,2024-03-22,4,22,3,3.909963196531156,-3.211016950357425,3.255424558539949,3.6933532206845534,8.57599983215332,8.672999858856201,8.613999891281129
8.460000038146973,8.460000038146973,8.520000457763672,8.350000381469727,8.5,28115600,2024-03-25,0,25,3,2.009457157534258,-0.47058778650620403,3.162032854473442,3.287903997914751,8.57199993133545,8.611999893188477,8.609499883651733
8.380000114440918,8.380000114440918,8.529999732971191,8.270000457763672,8.510000228881836,26997400,2024-03-26,1,26,3,3.1026166068837306,-1.5276158747882809,3.476673553636264,3.0789782365129907,8.547999954223632,8.563999938964844,8.593499898910522
8.640000343322754,8.640000343322754,8.65999984741211,8.430000305175781,8.430000305175781,27785000,2024-03-27,2,27,3,2.662031633066757,2.491103565180639,3.1166305586568788,3.0965935381858425,8.52800006866455,8.542999935150146,8.589999914169312
8.729999542236328,8.729999542236328,8.770000457763672,8.630000114440918,8.65999984741211,17557500,2024-03-28,3,28,3,1.6036695379584247,0.808310578032365,2.657547626394865,2.741133355016049,8.529999923706054,8.56299991607666,8.586999893188477
8.789999961853027,8.789999961853027,8.800000190734863,8.600000381469727,8.800000190734863,23076000,2024-04-01,0,1,4,2.2753106954846287,-0.1136389621032593,2.33061712618556,2.7930208423627545,8.6,8.58799991607666,8.59299988746643
8.479999542236328,8.479999542236328,8.680000305175781,8.369999885559082,8.579999923706055,24729700,2024-04-02,1,2,4,3.655665523007169,-1.1655056218990303,2.659858799280142,2.9109458268767923,8.603999900817872,8.58799991607666,8.611499881744384
8.729999542236328,8.729999542236328,8.779999732971191,8.40999984741211,8.520000457763672,31416500,2024-04-03,2,3,4,4.238257788777624,2.4647778543403596,2.8869870356589207,3.1818302946475923,8.673999786376953,8.610999870300294,8.640999841690064
8.4399995803833,8.4399995803833,8.850000381469727,8.430000305175781,8.729999542236328,28770200,2024-04-04,3,4,4,4.97630446890225,-3.32187831683138,3.3498416028260194,3.233236080741449,8.633999633789063,8.580999851226807,8.642499828338623
8.319999694824219,8.319999694824219,8.479999542236328,8.15999984741211,8.399999618530273,35236500,2024-04-05,4,5,4,3.8461503192516595,-0.9523800873701953,3.7983377590846663,3.2279426927397656,8.55199966430664,8.540999794006348,8.621499824523926
8.520000457763672,8.520000457763672,8.569999694824219,8.270000457763672,8.3100004196167,29683600,2024-04-08,0,8,4,3.521117616691896,2.527076143717679,4.047499143326119,3.1890581347558395,8.49799976348877,8.548999881744384,8.610999870300294
8.6899995803833,8.6899995803833,8.84000015258789,8.510000228881836,8.520000457763672,26272500,2024-04-09,1,9,4,3.7974676598488277,1.995294759224112,4.075859570694452,3.3678591849872968,8.539999771118165,8.571999835968018,8.591999864578247
8.319999694824219,8.319999694824219,8.520000457763672,8.220000267028809,8.479999542236328,36508900,2024-04-10,2,10,4,3.6057716555144843,-1.8867907552966041,3.949362344041824,3.418174689850372,8.457999801635742,8.565999794006348,8.564999866485596
8.539999961853027,8.539999961853027,8.579999923706055,8.210000038146973,8.369999885559082,36373400,2024-04-11,3,11,4,4.332551372503738,2.031064260672806,3.820611724762121,3.58522666379407,8.477999877929687,8.555999755859375,8.54949984550476
8.34000015258789,8.34000015258789,8.5,8.319999694824219,8.430000305175781,23431200,2024-04-12,4,12,4,2.1582770009893513,-1.0676174297720142,3.483037061109659,3.6406874100971627,8.481999969482422,8.516999816894531,8.539999866485596
8.359999656677246,8.359999656677246,8.520000457763672,8.350000381469727,8.380000114440918,27258900,2024-04-15,0,15,4,2.03349381908364,-0.23866894380115683,3.185512301588008,3.616505722457064,8.449999809265137,8.473999786376954,8.530999851226806
8.140000343322754,8.140000343322754,8.34000015258789,8.0600004196167,8.329999923706055,33900600,2024-04-16,1,16,4,3.439800014269966,-2.2809073484213083,3.113978772472236,3.5949191715833435,8.339999961853028,8.439999866485596,8.513999891281127
8.229999542236328,8.229999542236328,8.350000381469727,8.170000076293945,8.229999542236328,19760800,2024-04-17,2,17,4,2.187124121356512,0.0,2.8302492656406413,3.3898058048412323,8.32199993133545,8.389999866485596,8.500499868392945
8.3100004196167,8.3100004196167,8.390000343322754,8.1899995803833,8.25,22111500,2024-04-18,3,18,4,2.4067479282832362,0.727277813535748,2.445088576796541,3.132850150779331,8.276000022888184,8.376999950408935,8.478999900817872
8.399999618530273,8.399999618530273,8.5,8.289999961853027,8.329999923706055,26352800,2024-04-19,4,19,4,2.5000005676633092,0.840332478575529,2.5134332901313328,2.998235175620496,8.28799991607666,8.38499994277954,8.462999868392945
8.470000267028809,8.470000267028809,8.489999771118164,8.3100004196167,8.4399995803833,16314400,2024-04-22,0,22,4,2.125139856277795,0.35545839024965137,2.531762497570164,2.8586373995790857,8.310000038146972,8.379999923706055,8.464499902725219
8.4399995803833,8.4399995803833,8.630000114440918,8.270000457763672,8.319999694824219,25151100,2024-04-23,1,23,4,4.265398987862234,1.442306369719372,2.6968822922886173,2.9054305323804264,8.369999885559082,8.354999923706055,8.463499879837036
8.380000114440918,8.380000114440918,8.399999618530273,8.260000228881836,8.350000381469727,20324200,2024-04-24,2,24,4,1.670637085161636,0.35927822276232035,2.593584885049642,2.711917075345142,8.4,8.360999965667725,8.463499879837036
8.289999961853027,8.289999961853027,8.34000015258789,8.119999885559082,8.279999732971191,24682100,2024-04-25,3,25,4,2.653802992052522,0.1207757150282837,2.642995897803499,2.5440422373000198,8.395999908447266,8.335999965667725,8.44599986076355
8.109999656677246,8.109999656677246,8.199999809265137,8.0600004196167,8.1899995803833,19754400,2024-04-26,4,26,4,1.726256418928096,-0.9768000952975703,2.488247068056457,2.5008401790938946,8.33799991607666,8.31299991607666,8.414999866485596
8.149999618530273,8.149999618530273,8.300000190734863,8.109999656677246,8.180000305175781,17655400,2024-04-29,0,29,4,2.3312950055313113,-0.3667565467757415,2.52947809790716,2.530620297738662,8.273999786376953,8.291999912261963,8.382999849319457
7.360000133514404,7.360000133514404,8.119999885559082,7.349999904632568,8.069999694824219,83395800,2024-04-30,1,30,4,10.461956072802927,-8.798012244847794,3.7687895148952983,3.2328359035919574,8.057999897003175,8.213999891281128,8.326999878883361
7.619999885559082,7.619999885559082,7.809999942779541,7.340000152587891,7.349999904632568,43588100,2024-05-01,2,1,5,6.167976341867968,3.6734691759157396,4.668257366236564,3.6309211256431033,7.905999851226807,8.152999925613404,8.2714998960495
7.949999809265137,7.949999809265137,8.010000228881836,7.650000095367432,7.670000076293945,36795700,2024-05-02,3,2,5,4.5283036748611085,3.6505831836508142,5.043157502798282,3.843076700300891,7.8379998207092285,8.116999864578247,8.246999907493592
7.96999979019165,7.96999979019165,8.279999732971191,7.909999847412109,7.989999771118164,35712300,2024-05-03,4,3,5,4.64240772019123,-0.25031265956738274,5.626387763050909,4.057317415553683,7.80999984741211,8.073999881744385,8.229499912261963
7.960000038146973,7.960000038146973,8.079999923706055,7.909999847412109,8.069999694824219,29714200,2024-05-06,0,6,5,2.1356793401915612,-1.3630689075217135,5.587264629982959,4.058371363945059,7.771999931335449,8.0229998588562,8.201499891281127
7.769999980926514,7.769999980926514,8.039999961853027,7.760000228881836,7.949999809265137,25168900,2024-05-07,1,7,5,3.6036001757853744,-2.2641488384546444,4.215593450579449,3.9921914827373732,7.853999900817871,7.955999898910522,8.155499911308288
7.800000190734863,7.800000190734863,7.929999828338623,7.610000133514404,7.71999979019165,30591500,2024-05-08,2,8,5,4.102560089733415,1.0362746465984924,3.8025102001525375,4.2353837831945516,7.889999961853027,7.897999906539917,8.129499936103821
8.039999961853027,8.039999961853027,8.069999694824219,7.510000228881836,7.570000171661377,52041400,2024-05-09,3,9,5,6.965167519892828,6.2087157137871,4.289882969158882,4.666520235978583,7.9079999923706055,7.872999906539917,8.10449993610382
8.149999618530273,8.149999618530273,8.399999618530273,8.09000015258789,8.149999618530273,35600500,2024-05-10,4,10,5,3.803674606776073,0.0,4.12213634647585,4.8742620547633795,7.94399995803833,7.8769999027252195,8.09499990940094
8.380000114440918,8.380000114440918,8.59000015258789,8.25,8.300000190734863,28369400,2024-05-13,0,13,5,4.057281001726743,0.9638544803331104,4.506456678782887,5.0468606543829235,8.027999973297119,7.899999952316284,8.095999932289123
8.5600004196167,8.5600004196167,8.680000305175781,8.4399995803833,8.489999771118164,30873700,2024-05-14,1,14,5,2.803746647517422,0.8245070716805898,4.346485973129296,4.281039711854373,8.186000061035156,8.019999980926514,8.11699993610382
8.199999809265137,8.199999809265137,8.699999809265137,8.149999618530273,8.6899995803833,33133100,2024-05-15,2,15,5,6.707319555220245,-5.638662770758742,4.867437866226662,4.3349740331896,8.26599998474121,8.07799997329712,8.11549994945526
8.229999542236328,8.229999542236328,8.289999961853027,8.0,8.239999771118164,25945200,2024-05-16,3,16,5,3.5236935356405374,-0.12136200436421749,4.179143069376204,4.234513019267544,8.303999900817871,8.105999946594238,8.111499905586243
8.050000190734863,8.050000190734863,8.220000267028809,8.020000457763672,8.220000267028809,21230700,2024-05-17,4,17,5,2.484469621445801,-2.068127381647803,3.915302072310149,4.018719209393,8.284000015258789,8.11399998664856,8.093999934196471
8.09000015258789,8.09000015258789,8.119999885559082,7.989999771118164,8.050000190734863,18270900,2024-05-20,0,20,5,1.6069235103701764,0.49689392428916024,3.4252305740388365,3.9658436264108614,8.226000022888183,8.126999998092652,8.074999928474426
7.889999866485596,7.889999866485596,8.109999656677246,7.880000114440918,8.09000015258789,37074600,2024-05-21,1,21,5,2.9150766302709163,-2.472191376143761,3.447496570589535,3.8969912718594157,8.091999912261963,8.13899998664856,8.047499942779542
8.0600004196167,8.0600004196167,8.079999923706055,7.75,7.869999885559082,36801000,2024-05-22,2,22,5,4.094291644239742,2.414238079040577,2.9248909883934346,3.8961644273100484,8.064000034332276,8.165000009536744,8.03149995803833
7.699999809265137,7.699999809265137,8.069999694824219,7.679999828338623,8.0600004196167,37917200,2024-05-23,3,23,5,5.06493345644402,-4.466508580761124,3.2331389725541313,3.7061410209651675,7.9580000877380375,8.130999994277953,8.001999950408935
7.730000019073486,7.730000019073486,7.78000020980835,7.630000114440918,7.739999771118164,23370900,2024-05-24,4,24,5,1.940492820146339,-0.12919576667161986,3.124343612294239,3.5198228423021947,7.894000053405762,8.089000034332276,7.982999968528747
7.869999885559082,7.869999885559082,7.909999847412109,7.639999866485596,7.730000019073486,29957500,2024-05-28,1,28,5,3.4307494898690583,1.8111237534301587,3.4891088081940156,3.4571696911164254,7.85,8.038000011444092,7.968999981880188
7.659999847412109,7.659999847412109,7.869999885559082,7.619999885559082,7.75,21184500,2024-05-29,2,29,5,3.2637076368149174,-1.1612922914566532,3.5588350095028147,3.5031657900461752,7.803999996185302,7.947999954223633,7.983999967575073
8.079999923706055,8.079999923706055,8.130000114440918,7.610000133514404,7.690000057220459,40549700,2024-05-30,3,30,5,6.4356433890658415,5.071519682492183,4.027105358468035,3.4759981734307344,7.807999897003174,7.935999965667724,8.006999969482422
8.239999771118164,8.239999771118164,8.569999694824219,8.109999656677246,8.15999984741211,60338300,2024-05-31,4,31,5,5.582524889858715,0.9803912402207475,4.130623645150974,3.681881308852553,7.915999889373779,7.936999988555908,8.021499967575073
8.329999923706055,8.329999923706055,8.550000190734863,8.220000267028809,8.460000038146973,23507800,2024-06-03,0,3,6,3.961583754243736,-1.5366443718053742,4.5348418319704535,3.829592722132346,8.035999870300293,7.964999961853027,8.039499974250793
8.239999771118164,8.239999771118164,8.380000114440918,8.180000305175781,8.289999961853027,21686000,2024-06-04,1,4,6,2.427182218695582,-0.6031386123635996,4.334128377735758,3.9116185929648872,8.109999847412109,7.979999923706055,8.053499960899353
8.300000190734863,8.300000190734863,8.369999885559082,8.079999923706055,8.270000457763672,23190400,2024-06-05,2,5,6,3.4939753637204607,0.3627537038771068,4.380181923116867,3.969508466309841,8.23799991607666,8.020999956130982,8.079999971389771
8.34000015258789,8.34000015258789,8.579999923706055,8.170000076293945,8.239999771118164,29863400,2024-06-06,3,6,6,4.916065226748071,1.2135968962066677,4.076266290653313,4.051685824560673,8.289999961853027,8.048999929428101,8.106999969482422
8.270000457763672,8.270000457763672,8.329999923706055,8.15999984741211,8.220000267028809,14029000,2024-06-07,4,7,6,2.0556235415241537,0.6082748066982276,3.3708860209864007,3.7507548330686875,8.296000099182129,8.105999994277955,8.118499994277954
8.119999885559082,8.119999885559082,8.260000228881836,8.050000190734863,8.199999809265137,15611600,2024-06-10,0,10,6,2.586207402791283,-0.9756088483765962,3.09581075069591,3.8153262913331814,8.254000091552735,8.144999980926514,8.117000007629395
8.039999961853027,8.039999961853027,8.1899995803833,7.96999979019165,8.0600004196167,20703100,2024-06-11,1,11,6,2.736315811386468,-0.248144624347588,3.157637469234087,3.7458829234849227,8.214000129699707,8.161999988555909,8.1
7.809999942779541,7.809999942779541,8.270000457763672,7.75,8.180000305175781,28803000,2024-06-12,2,12,6,6.6581365118244324,-4.523231645384263,3.7904696988548823,4.085325810985874,8.116000080108643,8.17699999809265,8.062499976158142
7.289999961853027,7.289999961853027,7.789999961853027,7.269999980926514,7.769999980926514,48602100,2024-06-13,3,13,6,7.1330587605975255,-6.177606438246734,4.233868405624773,4.155067348139043,7.90600004196167,8.098000001907348,8.016999983787537
7.239999771118164,7.239999771118164,7.389999866485596,7.210000038146973,7.289999961853027,22879100,2024-06-14,4,14,6,2.4861855528874335,-0.6858736762208961,4.319980807897428,3.8454334144419144,7.699999904632568,7.998000001907348,7.967499995231629
7.159999847412109,7.159999847412109,7.239999771118164,7.110000133514404,7.21999979019165,24107400,2024-06-17,0,17,6,1.8156374353938916,-0.8310241623697936,4.16586681441795,3.6308387825569297,7.507999897003174,7.880999994277954,7.922999978065491
6.989999771118164,6.989999771118164,7.269999980926514,6.960000038146973,7.139999866485596,24310300,2024-06-18,1,18,6,4.434906336627125,-2.10084171109745,4.505584919466082,3.831611194350084,7.297999858856201,7.755999994277954,7.867999958992004
7.039999961853027,7.039999961853027,7.159999847412109,6.940000057220459,6.989999771118164,32441800,2024-06-20,3,20,6,3.124997036700883,0.7153103343645022,3.7989570244413713,3.794713361648127,7.143999862670898,7.62999997138977,7.825499963760376
7.179999828338623,7.179999828338623,7.260000228881836,7.039999961853027,7.079999923706055,56167700,2024-06-21,4,21,6,3.064070644688502,1.4124280467537491,2.9851594012595672,3.6095139034421697,7.121999835968017,7.513999938964844,7.781499934196472
7.309999942779541,7.309999942779541,7.369999885559082,7.079999923706055,7.199999809265137,21739600,2024-06-24,0,24,6,3.9671677718612712,1.527779672616844,3.2813558450543345,3.8006683264758814,7.135999870300293,7.417999887466431,7.761999940872192
7.239999771118164,7.239999771118164,7.260000228881836,7.099999904632568,7.230000019073486,16272600,2024-06-25,1,25,6,2.209949299826521,0.13830915654629816,3.36021821794086,3.763042516179406,7.151999855041504,7.329999876022339,7.737499928474426
7.25,7.25,7.269999980926514,7.130000114440918,7.170000076293945,18858900,2024-06-26,2,26,6,1.9310326411806304,1.1157590356317728,2.8594434788515612,3.6825141991588217,7.2039999008178714,7.250999879837036,7.706499934196472
7.349999904632568,7.349999904632568,7.369999885559082,7.199999809265137,7.25,16337700,2024-06-27,3,27,6,2.312926238091478,1.379309029414736,2.6970293191296806,3.247993171785526,7.265999889373779,7.204999876022339,7.690999937057495
7.440000057220459,7.440000057220459,7.5,7.340000152587891,7.400000095367432,36956400,2024-06-28,4,28,6,2.150535566956493,0.5405400180747055,2.5143223035832785,2.749740852421423,7.317999935150146,7.219999885559082,7.658999943733216
7.099999904632568,7.099999904632568,7.460000038146973,7.079999923706055,7.440000057220459,35145500,2024-07-01,0,1,7,5.352114359790027,-4.569894488884086,2.79131162116903,3.0363337331116824,7.275999927520752,7.205999898910522,7.601999950408936
7.199999809265137,7.199999809265137,7.28000020980835,7.099999904632568,7.110000133514404,22237600,2024-07-02,1,2,7,2.5000043047800147,1.2658182005721912,2.8493226221597285,3.1047704200502944,7.267999935150146,7.209999895095825,7.54549994468689
7.230000019073486,7.230000019073486,7.449999809265137,7.199999809265137,7.289999961853027,15706100,2024-07-03,2,3,7,3.457814652012091,-0.8230444868793905,3.1546790243260205,3.007061251588791,7.263999938964844,7.233999919891358,7.494999957084656
7.210000038146973,7.210000038146973,7.21999979019165,7.070000171661377,7.199999809265137,29115500,2024-07-05,4,5,7,2.080438526167117,0.13889207148266028,3.1081814819411484,2.9026054005354145,7.235999965667725,7.250999927520752,7.440499949455261
7.110000133514404,7.110000133514404,7.289999961853027,7.079999923706055,7.269999980926514,18507400,2024-07-08,0,8,7,2.953586978952301,-2.2008232163945407,3.2687917643403104,2.891557033961795,7.169999980926514,7.24399995803833,7.378999948501587
7.340000152587891,7.340000152587891,7.360000133514404,6.980000019073486,7.099999904632568,29191400,2024-07-09,1,9,7,5.177113168137196,3.380285227873429,3.233791526009744,3.012551573589387,7.218000030517578,7.246999979019165,7.332499933242798
7.320000171661377,7.320000171661377,7.340000152587891,7.170000076293945,7.320000171661377,20930700,2024-07-10,2,10,7,2.322405359388966,0.0,3.198271736931534,3.0237971795456313,7.242000102996826,7.255000019073487,7.292499947547912
7.380000114440918,7.380000114440918,7.440000057220459,7.269999980926514,7.420000076293945,19712200,2024-07-11,3,11,7,2.303524033303134,-0.5390830382983777,2.9674136131897426,3.0610463187578816,7.272000122070312,7.2680000305175785,7.259499955177307
7.400000095367432,7.400000095367432,7.510000228881836,7.369999885559082,7.429999828338623,18025100,2024-07-12,4,12,7,1.8918965070067677,-0.403764921457602,2.929705209357673,3.0189433456494106,7.3100001335144045,7.273000049591064,7.238999962806702
7.420000076293945,7.420000076293945,7.449999809265137,7.210000038146973,7.340000152587891,19098300,2024-07-15,0,15,7,3.2344982297902662,1.089917194045954,2.985887459525266,3.127339611932788,7.372000122070313,7.271000051498413,7.245499968528748
7.980000019073486,7.980000019073486,7.980000019073486,7.380000114440918,7.380000114440918,38634700,2024-07-16,1,16,7,7.518795779429473,8.130079882499055,3.4542239817837213,3.344007753896733,7.500000095367431,7.3590000629425045,7.282499980926514
8.319999694824219,8.319999694824219,8.359999656677246,7.920000076293945,7.929999828338623,46205600,2024-07-17,2,17,7,5.288456688971031,4.918031209684185,4.047434247700134,3.622852992315834,7.7,7.471000051498413,7.340499973297119
8.520000457763672,8.520000457763672,8.899999618530273,8.510000228881836,8.760000228881836,59338500,2024-07-18,3,18,7,4.577457379043434,-2.7397233430072485,4.502220916848194,3.734817265018969,7.92800006866455,7.600000095367432,7.417000007629395
8.670000076293945,8.670000076293945,8.770000457763672,8.380000114440918,8.5,38058900,2024-07-19,4,19,7,4.498273816503383,2.0000008975758274,5.023496378747518,3.976600794052595,8.182000064849854,7.746000099182129,7.498500013351441
8.550000190734863,8.550000190734863,8.670000076293945,8.220000267028809,8.649999618530273,26742500,2024-07-22,0,22,7,5.2631555465083535,-1.1560628000628874,5.429227842091135,4.207557650808201,8.408000087738037,7.890000104904175,7.567000031471252
8.619999885559082,8.619999885559082,8.680000305175781,8.449999809265137,8.489999771118164,19656000,2024-07-23,1,23,7,2.66821924552412,1.5312145812201414,4.459112535310064,3.9566682585468933,8.536000061035157,8.018000078201293,7.632500028610229
8.470000267028809,8.470000267028809,8.75,8.460000038146973,8.609999656677246,23826900,2024-07-24,2,24,7,3.423848320075159,-1.6260092361312102,4.0861908615308895,4.066812554615512,8.566000175476074,8.133000087738036,7.6940000534057615
7.989999771118164,7.989999771118164,8.149999618530273,7.710000038146973,7.989999771118164,31997900,2024-07-25,3,25,7,5.50687851048242,0.0,4.272075087818687,4.387148002333441,8.460000038146973,8.194000053405762,7.73100004196167
8.3100004196167,8.3100004196167,8.369999885559082,8.029999732971191,8.100000381469727,22906800,2024-07-26,4,26,7,4.091457706611924,2.5925929414446354,4.190711865840396,4.607104122293956,8.388000106811523,8.285000085830688,7.779000067710877
8.420000076293945,8.420000076293945,8.479999542236328,8.199999809265137,8.260000228881836,19592900,2024-07-29,0,29,7,3.3254124754644065,1.9370441038567467,3.803163251631606,4.61619554686137,8.36200008392334,8.385000085830688,7.828000068664551
8.779999732971191,8.779999732971191,8.9399995803833,8.369999885559082,8.40999984741211,39421600,2024-07-30,1,30,7,6.492024056489673,4.3995230947945485,4.567924213824716,4.513518374567391,8.394000053405762,8.46500005722046,7.912000060081482
8.649999618530273,8.649999618530273,8.850000381469727,8.550000190734863,8.800000190734863,27937700,2024-07-31,2,31,7,3.468210450462846,-1.704551919925171,4.576796639902254,4.3314937507165725,8.429999923706054,8.498000049591065,7.984500050544739
8.380000114440918,8.380000114440918,8.640000343322754,8.25,8.600000381469727,28857300,2024-08-01,3,1,8,4.653941980868019,-2.55814252639848,4.406209333979374,4.3391422108990305,8.507999992370605,8.48400001525879,8.04200005531311
8.270000457763672,8.270000457763672,8.489999771118164,8.100000381469727,8.319999694824219,40691700,2024-08-02,4,2,8,4.715832745599376,-0.6009523905589907,4.5310843417768645,4.36089810380863,8.5,8.444000053405762,8.095000076293946
7.880000114440918,7.880000114440918,8.09000015258789,7.590000152587891,7.860000133514404,38970800,2024-08-05,0,5,8,6.345177572823865,0.2544526792211539,5.135037361248756,4.469100306440181,8.392000007629395,8.377000045776366,8.13350007534027
7.570000171661377,7.570000171661377,7.880000114440918,7.389999866485596,7.869999885559082,45303900,2024-08-06,1,6,8,6.472922547474429,-3.811940511564483,5.131217059445707,4.849570636635212,8.150000095367432,8.272000074386597,8.145000076293945
7.710000038146973,7.710000038146973,7.869999885559082,7.659999847412109,7.710000038146973,46913000,2024-08-07,2,7,8,2.723735889856678,0.0,4.982322147324473,4.779559393613363,7.962000179290771,8.196000051498412,8.164500069618224
7.019999980926514,7.019999980926514,7.210000038146973,6.730000019073486,6.760000228881836,71263400,2024-08-08,3,8,8,6.837607127886843,3.8461500479517587,5.419055176728238,4.912632255353806,7.69000015258789,8.099000072479248,8.146500062942504
7.03000020980835,7.03000020980835,7.119999885559082,6.909999847412109,7.039999961853027,40966300,2024-08-09,4,9,8,2.98719817751894,-0.1420419332224777,5.073328263112151,4.802206302444508,7.442000102996826,7.971000051498413,8.128000068664551
6.710000038146973,6.710000038146973,6.980000019073486,6.659999847412109,6.940000057220459,48832600,2024-08-12,0,12,8,4.769004021492494,-3.314121284973068,4.758093552845876,4.946565457047316,7.2080000877380375,7.8000000476837155,8.092500066757202
7.059999942779541,7.059999942779541,7.130000114440918,6.639999866485596,6.670000076293945,37431900,2024-08-13,1,13,8,6.940513483381245,5.847074393172893,4.85161174002724,4.991414399736473,7.10600004196167,7.628000068664551,8.046500062942505
6.960000038146973,6.960000038146973,7.019999980926514,6.849999904632568,7.010000228881836,26052100,2024-08-14,2,14,8,2.4425298184223294,-0.7132694593768766,4.79537052574037,4.8888463365324215,6.95600004196167,7.459000110626221,7.978500080108643
7.239999771118164,7.239999771118164,7.28000020980835,6.989999771118164,7.019999980926514,41894400,2024-08-15,3,15,8,4.005531047764068,3.1339001536950772,4.228955309715816,4.824005243222027,7.0,7.345000076293945,7.914500045776367
7.409999847412109,7.409999847412109,7.449999809265137,7.269999980926514,7.28000020980835,34364400,2024-08-16,4,16,8,2.4291475309744675,1.785709256280119,4.117345180406921,4.595336721759536,7.075999927520752,7.259000015258789,7.851500034332275
7.630000114440918,7.630000114440918,7.639999866485596,7.360000133514404,7.440000057220459,24776000,2024-08-19,0,19,8,3.6697212158784893,2.553764190311605,3.8974886192841196,4.327791086064999,7.259999942779541,7.234000015258789,7.805500030517578
7.769999980926514,7.769999980926514,7.820000171661377,7.539999961853027,7.599999904632568,41412900,2024-08-20,1,20,8,3.6036063126857525,2.2368431371995414,3.230107185145021,4.0408594625861305,7.4019999504089355,7.253999996185303,7.76300003528595
7.679999828338623,7.679999828338623,7.820000171661377,7.570000171661377,7.800000190734863,26271700,2024-08-21,2,21,8,3.255208406092911,-1.538466146946781,3.3926429026791376,4.094006714209754,7.545999908447266,7.250999975204468,7.72350001335144
7.5,7.5,7.71999979019165,7.489999771118164,7.699999809265137,27670300,2024-08-22,3,22,8,3.0666669209798174,-2.5974001846660313,3.204870077322288,3.7169126935190513,7.597999954223633,7.298999977111817,7.699000024795533
8.050000190734863,8.050000190734863,8.069999694824219,7.550000190734863,7.599999904632568,30980100,2024-08-23,4,23,8,6.459621015759083,5.921056470382294,4.010964774279211,4.064154977343066,7.726000022888184,7.400999975204468,7.686000013351441
8.229999542236328,8.229999542236328,8.4399995803833,8.09000015258789,8.100000381469727,36074500,2024-08-26,0,26,8,4.252727184238764,1.6049278351146632,4.1275659679512655,4.012527293617692,7.845999908447266,7.5529999256134035,7.67649998664856
8.109999656677246,8.109999656677246,8.229999542236328,7.880000114440918,8.199999809265137,38342500,2024-08-27,1,27,8,4.315652806560151,-1.097562861967386,4.269975266726145,3.750041225935584,7.913999843597412,7.657999897003174,7.642999982833862
7.96999979019165,7.96999979019165,8.130000114440918,7.940000057220459,8.119999885559082,18690300,2024-08-28,2,28,8,2.383940554857783,-1.8472918409050416,4.095721696479119,3.744182299579129,7.971999835968018,7.758999872207641,7.6089999914169315
7.730000019073486,7.730000019073486,8.069999694824219,7.710000038146973,8.050000190734863,25703800,2024-08-29,3,29,8,4.657175365963265,-3.975157317756101,4.413823385475809,3.809346731399048,8.017999839782714,7.807999897003174,7.576499986648559
7.840000152587891,7.840000152587891,7.860000133514404,7.679999828338623,7.769999980926514,25025100,2024-08-30,4,30,8,2.295922215210229,0.9009031123965326,3.5810836253660385,3.7960241998226243,7.97599983215332,7.850999927520752,7.554999971389771
7.360000133514404,7.360000133514404,7.880000114440918,7.340000152587891,7.800000190734863,33731300,2024-09-03,1,3,9,7.336955870341501,-5.6410262366801955,4.197929362586586,4.162747665268926,7.801999950408936,7.8239999294281,7.528999972343445
7.320000171661377,7.320000171661377,7.570000171661377,7.309999942779541,7.400000095367432,22090500,2024-09-04,2,4,9,3.5519156118110478,-1.081080036149411,4.045181923636766,4.157578595181455,7.644000053405762,7.778999948501587,7.5164999723434445
7.420000076293945,7.420000076293945,7.570000171661377,7.21999979019165,7.369999885559082,26926400,2024-09-05,3,5,9,4.716986224675899,0.6784286500849831,4.511791057600388,4.303756377039754,7.534000110626221,7.752999973297119,7.5019999742507935
7.21999979019165,7.21999979019165,7.610000133514404,7.079999923706055,7.420000076293945,36949400,2024-09-06,4,6,9,7.340723340855957,-2.6954216178686177,5.048500652578927,4.7311620190273675,7.432000064849854,7.724999952316284,7.51199996471405
7.300000190734863,7.300000190734863,7.420000076293945,7.019999980926514,7.260000228881836,44331500,2024-09-09,0,9,9,5.4794532180301925,0.5509636445175157,5.68520685314292,4.633145239254479,7.324000072479248,7.649999952316284,7.525499963760376
7.019999980926514,7.019999980926514,7.300000190734863,6.909999847412109,7.300000190734863,26361100,2024-09-10,1,10,9,5.55556046128765,-3.835619212225843,5.328927771332149,4.763428566959368,7.25600004196167,7.528999996185303,7.540999960899353
6.940000057220459,6.940000057220459,7.0,6.78000020980835,7.0,29339100,2024-09-11,2,11,9,3.1700257691318026,-0.8571420397077287,5.2525498027963,4.648865863216533,7.1800000190734865,7.412000036239624,7.534999966621399
7.659999847412109,7.659999847412109,7.71999979019165,7.079999923706055,7.139999866485596,60774500,2024-09-12,3,12,9,8.355089807238263,7.282913034317249,5.980170519308773,5.24598078845458,7.227999973297119,7.38100004196167,7.569999957084656
8.489999771118164,8.489999771118164,8.5,7.75,7.760000228881836,57716600,2024-09-13,4,13,9,8.833922499637739,9.407210318362532,6.27881035106513,5.663655501822028,7.4819999694824215,7.457000017166138,7.632499957084656
8.5600004196167,8.5600004196167,8.680000305175781,8.399999618530273,8.5,48518700,2024-09-16,0,16,9,3.2710358985945676,0.7058872896082261,5.8371268871780035,5.761166870160461,7.734000015258789,7.5290000438690186,7.689999985694885
8.449999809265137,8.449999809265137,8.850000381469727,8.359999656677246,8.670000076293945,30153000,2024-09-17,1,17,9,5.79882527636523,-2.537488640056037,5.88577985019352,5.607353810762835,8.019999980926514,7.638000011444092,7.7309999704360965
8.420000076293945,8.420000076293945,8.789999961853027,8.399999618530273,8.489999771118164,30047800,2024-09-18,2,18,9,4.631833014120496,-0.8244958387672552,6.1781412991912585,5.71534555099378,8.315999984741211,7.748000001907348,7.763499975204468
8.399999618530273,8.399999618530273,8.739999771118164,8.3100004196167,8.619999885559082,24456600,2024-09-19,3,19,9,5.119040131298252,-2.5522073079997454,5.530931364003257,5.755550941656015,8.463999938964843,7.8459999561309814,7.79949996471405
8.239999771118164,8.239999771118164,8.40999984741211,8.1899995803833,8.300000190734863,47442200,2024-09-20,4,20,9,2.6699062274240166,-0.7228966052757032,4.298128109560513,5.2884692303128205,8.413999938964844,7.947999954223633,7.836499953269959
8.15999984741211,8.15999984741211,8.220000267028809,8.010000228881836,8.1899995803833,21695000,2024-09-23,0,23,9,2.573529927375829,-0.3662971246426778,4.1586269153167645,4.997876901247385,8.333999824523925,8.033999919891357,7.841999936103821
8.319999694824219,8.319999694824219,8.350000381469727,8.109999656677246,8.170000076293945,31808500,2024-09-24,1,24,9,2.884624201870852,1.8359806258204574,3.575786700417889,4.730783275305705,8.307999801635741,8.163999891281128,7.846499943733216
8.1899995803833,8.1899995803833,8.34000015258789,8.130000114440918,8.260000228881836,29708200,2024-09-25,2,25,9,2.564103161250033,-0.847465454707514,3.162240729843797,4.670191014517528,8.261999702453613,8.288999843597413,7.850499939918518
8.300000190734863,8.300000190734863,8.489999771118164,8.149999618530273,8.239999771118164,19552000,2024-09-26,3,26,9,4.09638728644159,0.7281604524675513,2.9577101608724643,4.2443207624378605,8.24199981689453,8.352999877929687,7.866999959945678
8.380000114440918,8.380000114440918,8.489999771118164,8.289999961853027,8.380000114440918,22614600,2024-09-27,4,27,9,2.386632536203491,0.0,2.9010554226283594,3.5995917660944357,8.269999885559082,8.341999912261963,7.8994999647140505
8.25,8.25,8.390000343322754,8.09000015258789,8.359999656677246,23954100,2024-09-30,0,30,9,3.636365948301373,-1.315785420988479,3.1136226268134677,3.6361247710651163,8.28799991607666,8.310999870300293,7.919999957084656
8.15999984741211,8.15999984741211,8.34000015258789,8.119999885559082,8.239999771118164,25439300,2024-10-01,1,1,10,2.69608175419979,-0.9708728874782327,3.075914137279255,3.3258504188485722,8.255999946594239,8.281999874114991,7.959999942779541
7.96999979019165,7.96999979019165,8.239999771118164,7.909999847412109,8.130000114440918,24302200,2024-10-02,2,2,10,4.140526127894908,-1.9680236408000402,3.39119873060823,3.276719730226014,8.211999988555908,8.23699984550476,7.992499923706054
7.739999771118164,7.739999771118164,7.909999847412109,7.619999885559082,7.849999904632568,30586800,2024-10-03,3,3,10,3.746769643781686,-1.4012756031944567,3.3212752020762495,3.139492681474357,8.099999904632568,8.17099986076355,8.008499908447266
7.78000020980835,7.78000020980835,7.989999771118164,7.679999828338623,7.869999885559082,21050900,2024-10-04,4,4,10,3.9845749925394602,-1.143579124008321,3.6408636933434435,3.2709595579859014,7.979999923706055,8.124999904632569,8.0364999294281
7.71999979019165,7.71999979019165,7.909999847412109,7.630000114440918,7.699999809265137,20677600,2024-10-07,0,7,10,3.626939644829192,0.2597400184666031,3.638978432649007,3.3763005297312376,7.873999881744385,8.080999898910523,8.05749990940094
7.71999979019165,7.71999979019165,7.769999980926514,7.570000171661377,7.639999866485596,21516500,2024-10-08,1,8,10,2.5906711748779943,1.0471194385354707,3.6178963167846483,3.3469052270319515,7.785999870300293,8.020999908447266,8.092499899864197
7.730000019073486,7.730000019073486,7.880000114440918,7.639999866485596,7.679999828338623,15583700,2024-10-09,2,9,10,3.1047897459654674,0.6510441647455034,3.41074904039876,3.4009738855034954,7.73799991607666,7.974999952316284,8.131999897956849
7.539999961853027,7.539999961853027,7.699999809265137,7.489999771118164,7.650000095367432,21086700,2024-10-10,3,10,10,2.78514640861302,-1.437910224092892,3.2184243933650265,3.2698497977206378,7.697999954223633,7.898999929428101,8.125999903678894
7.519999980926514,7.519999980926514,7.710000038146973,7.510000228881836,7.579999923706055,19385700,2024-10-11,4,11,10,2.6595719384628964,-0.7915559813120093,2.953423782549714,3.297143737946579,7.645999908447266,7.81299991607666,8.077499914169312
7.539999961853027,7.539999961853027,7.570000171661377,7.349999904632568,7.489999771118164,19693500,2024-10-14,0,14,10,2.9177754395471034,0.6675593092494697,2.8115909414932965,3.2252846870711513,7.609999942779541,7.741999912261963,8.026499891281128
7.599999904632568,7.599999904632568,7.829999923706055,7.519999980926514,7.53000020980835,25360700,2024-10-15,1,15,10,4.0789466667043115,0.9296107951370209,3.1092460398585597,3.363571178321604,7.585999965667725,7.685999917984009,7.983999896049499
8.0,8.0,8.029999732971191,7.630000114440918,7.650000095367432,24058000,2024-10-16,2,16,10,4.999995231628418,4.575162095024233,3.4882871369911497,3.449518088694955,7.639999961853027,7.688999938964844,7.962999892234802
7.78000020980835,7.78000020980835,8.010000228881836,7.650000095367432,7.949999809265137,27109000,2024-10-17,3,17,10,4.627250948663823,-2.1383597928979214,3.856708045001311,3.5375662191831685,7.688000011444092,7.692999982833863,7.931999921798706
7.820000171661377,7.820000171661377,7.920000076293945,7.739999771118164,7.78000020980835,16790700,2024-10-18,4,18,10,2.3017941333054956,0.5141383132946302,3.78515248396983,3.369288133259772,7.748000049591065,7.696999979019165,7.9109999418258665
7.550000190734863,7.550000190734863,7.869999885559082,7.519999980926514,7.699999809265137,28057100,2024-10-21,0,21,10,4.635760209146456,-1.9480470421542637,4.1287494378897005,3.4701701896914985,7.750000095367431,7.6800000190734865,7.880499958992004
7.53000020980835,7.53000020980835,7.630000114440918,7.519999980926514,7.550000190734863,18291200,2024-10-22,1,22,10,1.4608251055706674,-0.2649004029305464,3.6051251256629717,3.357185582760766,7.7360001564025875,7.661000061035156,7.840999984741211
7.329999923706055,7.329999923706055,7.550000190734863,7.25,7.510000228881836,23369300,2024-10-23,2,23,10,4.092772085366993,-2.3968082515302602,3.423680496410687,3.455983816700919,7.602000141143799,7.621000051498413,7.798000001907349
7.519999980926514,7.519999980926514,7.599999904632568,7.349999904632568,7.349999904632568,18620700,2024-10-24,3,24,10,3.3244680935384565,2.312926238091478,3.1631239253856136,3.5099159851934623,7.550000095367432,7.619000053405761,7.758999991416931
7.599999904632568,7.599999904632568,7.789999961853027,7.550000190734863,7.590000152587891,19081800,2024-10-25,4,25,10,3.1578917648653198,0.13174903614815098,3.3343434516975785,3.5597479678337045,7.50600004196167,7.627000045776367,7.719999980926514
7.610000133514404,7.610000133514404,7.769999980926514,7.579999923706055,7.679999828338623,17452800,2024-10-28,0,28,10,2.4967155569905923,-0.9114543800629413,2.9065345212664058,3.517641979578053,7.5180000305175785,7.634000062942505,7.687999987602234
7.550000190734863,7.550000190734863,7.710000038146973,7.489999771118164,7.53000020980835,16873900,2024-10-29,1,29,10,2.9139107479598003,0.2656039889675209,3.1971516497442325,3.4011383877036017,7.522000026702881,7.629000091552735,7.657500004768371
7.769999980926514,7.769999980926514,7.840000152587891,7.5,7.519999980926514,25756200,2024-10-30,2,30,10,4.375806350354047,3.3244680935384565,3.2537585027416434,3.3387194995761647,7.610000038146973,7.606000089645386,7.647500014305114
8.130000114440918,8.130000114440918,8.350000381469727,7.849999904632568,7.949999809265137,47646400,2024-10-31,3,31,10,6.150067279200059,2.264154836406464,3.818878339873964,3.4910011326297883,7.732000064849854,7.641000080108642,7.667000031471252
8.229999542236328,8.229999542236328,8.239999771118164,7.980000019073486,8.029999732971191,26745000,2024-11-01,4,1,11,3.159170917450967,2.4906577324521844,3.819134170391093,3.5767388110443354,7.857999992370606,7.682000017166137,7.689499998092652
8.170000076293945,8.170000076293945,8.40999984741211,8.020000457763672,8.239999771118164,28957400,2024-11-04,0,4,11,4.773554296285246,-0.8495108831140152,4.2745019182500235,3.590518219758215,7.969999980926514,7.744000005722046,7.712000012397766
8.210000038146973,8.210000038146973,8.25,8.029999732971191,8.149999618530273,22988100,2024-11-05,1,5,11,2.679662192528607,0.7362015021482832,4.227652207163785,3.712401928454009,8.101999950408935,7.811999988555908,7.736500024795532
8.380000114440918,8.380000114440918,8.59000015258789,8.329999923706055,8.529999732971191,44114600,2024-11-06,2,6,11,3.102627987245346,-1.7584949967873587,3.9730165345420447,3.6133875186418445,8.223999977111816,7.917000007629395,7.7690000295639035
9.369999885559082,9.369999885559082,9.800000190734863,8.829999923706055,9.020000457763672,72314800,2024-11-07,3,7,11,10.352190809775355,3.880259534733832,4.813441240657104,4.316159790265534,8.47199993133545,8.101999998092651,7.860500025749206
9.180000305175781,9.180000305175781,9.329999923706055,8.859999656677246,9.319999694824219,52663400,2024-11-08,4,8,11,5.119828446670285,-1.502139423096601,5.205572746500968,4.5123534584460305,8.66200008392334,8.260000038146973,7.94350004196167
9.329999923706055,9.329999923706055,9.550000190734863,9.149999618530273,9.220000267028809,39896800,2024-11-11,0,11,11,4.28725161281354,1.1930548101024518,5.108312209806626,4.691407064028325,8.894000053405762,8.432000017166137,8.033000040054322
9.220000267028809,9.220000267028809,9.260000228881836,9.079999923706055,9.260000228881836,35222400,2024-11-12,1,12,11,1.9522809106575791,-0.43196502013323845,4.96283595343242,4.595244080298103,9.09600009918213,8.599000024795533,8.114000058174133
9.720000267028809,9.720000267028809,9.890000343322754,9.3100004196167,9.390000343322754,46976900,2024-11-13,2,13,11,5.967077240455138,3.5143760558083286,5.53572580407438,4.754371169308213,9.364000129699708,8.794000053405762,8.200000071525574
9.859999656677246,9.859999656677246,9.949999809265137,9.710000038146973,9.739999771118164,33526900,2024-11-14,3,14,11,2.4340748425445926,1.232031708203068,3.952102610628227,4.382771925642666,9.46200008392334,8.967000007629395,8.304000043869019
9.220000267028809,9.220000267028809,9.880000114440918,9.100000381469727,9.869999885559082,37874600,2024-11-15,4,15,11,8.459866706951303,-6.585609180009169,4.62011026268443,4.9128415045926985,9.470000076293946,9.066000080108642,8.37400004863739
9.470000267028809,9.470000267028809,9.760000228881836,9.359999656677246,9.449999809265137,32336100,2024-11-18,0,18,11,4.223870759510434,0.2116450599719872,4.6074340920238095,4.857873150915219,9.498000144958496,9.196000099182129,8.470000052452088
9.5,9.5,9.59000015258789,9.050000190734863,9.289999961853027,32289300,2024-11-19,1,19,11,5.684210124768709,2.2604955759879792,5.353819934846035,5.158327944139228,9.554000091552734,9.325000095367432,8.56850004196167
9.949999809265137,9.949999809265137,10.039999961853027,9.460000038146973,9.510000228881836,43428400,2024-11-20,2,20,11,5.829145073610719,4.626704203928657,5.326233501477151,5.430979652775766,9.6,9.482000064849853,8.699500036239623
10.229999542236328,10.229999542236328,10.300000190734863,9.920000076293945,9.979999542236328,38932200,2024-11-21,3,21,11,3.7145662897835092,2.505010134940144,5.582331790924935,4.767217200776581,9.673999977111816,9.568000030517577,8.835000014305114
10.109999656677246,10.109999656677246,10.399999618530273,10.09000015258789,10.229999542236328,27340500,2024-11-22,4,22,11,3.066265840450753,-1.1730194616690028,4.503611617624825,4.561860940154628,9.851999855041504,9.660999965667724,8.960500001907349
10.399999618530273,10.399999618530273,10.460000038146973,10.100000381469727,10.210000038146973,40833600,2024-11-25,0,25,11,3.4615352873264933,1.8609165492009545,4.351144523188037,4.479289307605923,10.037999725341797,9.767999935150147,9.099999976158141
10.109999656677246,10.109999656677246,10.4399995803833,10.069999694824219,10.350000381469727,27346600,2024-11-26,1,26,11,3.6597418212048307,-2.318847497070331,3.9462508624752615,4.650035398660648,10.159999656677247,9.85699987411499,9.227999949455262
10.380000114440918,10.380000114440918,10.470000267028809,10.180000305175781,10.180000305175781,26060100,2024-11-27,2,27,11,2.793833898417516,1.9646346097205079,3.339188627436621,4.332711064456886,10.245999717712403,9.922999858856201,9.35849995613098
10.479999542236328,10.479999542236328,10.510000228881836,10.3100004196167,10.399999618530273,11576800,2024-11-29,4,29,11,1.908395209933938,0.7692300638503318,2.9779544114667065,4.28014310119582,10.295999717712402,9.984999847412109,9.475999927520752
10.5600004196167,10.5600004196167,10.609999656677246,10.279999732971191,10.479999542236328,25625800,2024-12-02,0,2,12,3.124999153343148,0.7633671839197399,2.9897010740451853,3.7466563458350044,10.385999870300292,10.118999862670899,9.59249997138977
10.550000190734863,10.550000190734863,10.600000381469727,10.369999885559082,10.5,21156700,2024-12-03,1,3,12,2.1800994478903775,0.47619229271298363,2.733413906157962,3.542279214672999,10.41599998474121,10.226999855041504,9.711499977111817
10.649999618530273,10.649999618530273,10.699999809265137,10.4399995803833,10.510000228881836,24335300,2024-12-04,2,4,12,2.441316790560755,1.3320588639352684,2.4897289000291467,3.217989881252204,10.523999977111817,10.341999816894532,9.833499956130982
10.680000305175781,10.680000305175781,10.829999923706055,10.609999656677246,10.630000114440918,24541900,2024-12-05,3,5,12,2.05992753504128,0.47036867541457245,2.3429476273538996,2.84106812739526,10.58400001525879,10.414999866485596,9.948499965667725
10.65999984741211,10.65999984741211,10.819999694824219,10.579999923706055,10.739999771118164,20607000,2024-12-06,4,6,12,2.2514050145735034,-0.744878262671748,2.4115495882818125,2.6947519998742595,10.620000076293945,10.457999897003173,10.012999963760375
10.5600004196167,10.5600004196167,11.289999961853027,10.520000457763672,10.800000190734863,46974900,2024-12-09,0,9,12,7.291661680798536,-2.222220063700145,3.2448820937728904,3.117291583909038,10.620000076293945,10.502999973297118,10.081999969482421
10.890000343322754,10.890000343322754,11.050000190734863,10.539999961853027,10.649999618530273,29115000,2024-12-10,1,10,12,4.68319754640361,2.253528013042325,3.7455017134755364,3.23945780981675,10.688000106811524,10.552000045776367,10.159999990463257
10.819999694824219,10.819999694824219,10.989999771118164,10.720000267028809,10.90999984741211,24134500,2024-12-11,2,11,12,2.4953744150151005,-0.8249326658720255,3.756313238366406,3.1230210691977764,10.722000122070312,10.623000049591065,10.239999961853027
12.489999771118164,12.489999771118164,12.699999809265137,11.399999618530273,11.399999618530273,84908800,2024-12-12,3,12,12,10.408328379164422,9.561405167208392,5.425993407191035,3.8844705172724674,11.08400001525879,10.83400001525879,10.378499937057494
12.069999694824219,12.069999694824219,12.670000076293945,11.989999771118164,12.319999694824219,36587800,2024-12-13,4,13,12,5.6338054877281785,-2.0292208294861243,6.10247350182197,4.257011545051891,11.365999984741212,10.993000030517578,10.488999938964843
11.600000381469727,11.600000381469727,12.170000076293945,11.550000190734863,12.020000457763672,30406300,2024-12-16,0,16,12,5.344826423880924,-3.4941768743666635,5.713106450438447,4.478994272105669,11.573999977111816,11.097000026702881,10.60799994468689
11.350000381469727,11.350000381469727,11.729999542236328,11.220000267028809,11.4399995803833,33243600,2024-12-17,1,17,12,4.493385533626555,-0.7867063130657804,5.675144047883036,4.710322880679287,11.66599998474121,11.177000045776367,10.701999950408936
10.630000114440918,10.630000114440918,11.350000381469727,10.59000015258789,11.25,36163200,2024-12-18,2,18,12,7.149578745999928,-5.511110093858507,6.605984914080001,5.181149076223204,11.628000068664551,11.175000095367432,10.758499956130981
10.489999771118164,10.489999771118164,10.84000015258789,10.420000076293945,10.699999809265137,30392000,2024-12-19,3,19,12,4.003813970047171,-1.9626172139286722,5.325082032256551,5.375537719723793,11.228000068664551,11.15600004196167,10.785499954223633
10.6899995803833,10.6899995803833,10.789999961853027,10.380000114440918,10.430000305175781,52771200,2024-12-20,4,20,12,3.835358872833636,2.492802182167699,4.965392709277642,5.533933105549806,10.952000045776368,11.159000015258789,10.808499956130982
10.4399995803833,10.4399995803833,10.699999809265137,10.390000343322754,10.640000343322754,17355400,2024-12-23,0,23,12,2.9693436628567498,-1.8797063579510669,4.490296157072808,5.101701303755627,10.719999885559082,11.146999931335449,10.824999952316285
10.550000190734863,10.550000190734863,10.600000381469727,10.350000381469727,10.40999984741211,8487100,2024-12-24,1,24,12,2.3696682036039487,1.3448640285768834,4.065552691068286,4.8703483694756615,10.55999984741211,11.11299991607666,10.832499980926514
10.619999885559082,10.619999885559082,10.699999809265137,10.359999656677246,10.470000267028809,13568400,2024-12-26,3,26,12,3.201508062633953,1.4326610764532535,3.275938554395091,4.940961734237546,10.557999801635741,11.092999935150146,10.857999992370605
10.609999656677246,10.609999656677246,10.649999618530273,10.430000305175781,10.520000457763672,16494400,2024-12-27,4,27,12,2.0735091467796503,0.8555056558686323,2.8898775897415874,4.1074798109990684,10.581999778747559,10.904999923706054,10.869499969482423
10.510000228881836,10.510000228881836,10.619999885559082,10.319999694824219,10.520000457763672,17814800,2024-12-30,0,30,12,2.8544261103863025,-0.09505920576700977,2.693691037252121,3.829541873264882,10.545999908447266,10.748999977111817,10.871000003814697
10.569999694824219,10.569999694824219,10.770000457763672,10.510000228881836,10.5600004196167,20427400,2024-12-31,1,31,12,2.4597941001753245,0.09469010236916714,2.591781124715836,3.541038640894322,10.57199993133545,10.645999908447266,10.871499967575073
10.65999984741211,10.65999984741211,10.770000457763672,10.489999771118164,10.65999984741211,27071700,2025-01-02,3,2,1,2.626648129957362,0.0,2.6431771099865187,3.3543649005274028,10.593999862670898,10.576999855041503,10.876999950408935
10.569999694824219,10.569999694824219,10.760000228881836,10.420000076293945,10.699999809265137,17648100,2025-01-03,4,3,1,3.2166524352349555,-1.2149543622267243,2.646205984506719,2.9610722694509053,10.583999824523925,10.570999813079833,10.872999954223634
10.829999923706055,10.829999923706055,10.949999809265137,10.520000457763672,10.699999809265137,35200600,2025-01-06,0,6,1,3.970446486894507,1.2149543622267243,3.0255934525296904,2.9577355211356386,10.627999877929687,10.604999828338624,10.880499935150146
10.510000228881836,10.510000228881836,10.869999885559082,10.430000305175781,10.789999961853027,27127300,2025-01-07,1,7,1,4.186484974321571,-2.594992900473611,3.292005225316744,2.9928481312844326,10.627999877929687,10.586999893188477,10.872999954223634
10.0600004196167,10.0600004196167,10.520000457763672,9.880000114440918,10.510000228881836,32849900,2025-01-08,2,8,1,6.361832173235027,-4.281634628594222,4.072412839928685,3.33209698232226,10.526000022888184,10.548999977111816,10.847999954223633
9.699999809265137,9.699999809265137,9.859999656677246,9.470000267028809,9.850000381469727,33329600,2025-01-10,4,10,1,4.020612343475742,-1.5228483898008554,4.35120568263236,3.4971913963094394,10.33400001525879,10.463999938964843,10.788499927520752
9.84000015258789,9.84000015258789,9.920000076293945,9.59000015258789,9.649999618530273,27065000,2025-01-13,0,13,1,3.35365770923556,1.9689175292066479,4.378606737432482,3.5124063609696003,10.188000106811524,10.385999965667725,10.739499950408936
9.729999542236328,9.729999542236328,10.029999732971191,9.720000267028809,9.949999809265137,29281300,2025-01-14,1,14,1,3.1860172716013615,-2.211058002473036,4.221720894373853,3.623657173451771,9.968000030517578,10.297999954223632,10.601499938964844
9.789999961853027,9.789999961853027,10.050000190734863,9.729999542236328,10.020000457763672,25539700,2025-01-15,2,15,1,3.2686481077162965,-2.2954140259787725,4.038153521052797,3.6650793731847706,9.823999977111816,10.225999927520752,10.487499952316284
9.470000267028809,9.470000267028809,9.729999542236328,9.449999809265137,9.699999809265137,20727400,2025-01-16,3,16,1,2.9567024823225343,-2.3711293480298807,3.357127582870299,3.714770211399491,9.705999946594238,10.115999984741212,10.380999946594239
9.520000457763672,9.520000457763672,9.6899995803833,9.5,9.630000114440918,19899600,2025-01-17,4,17,1,1.995793815622707,-1.1422601803741752,2.952163877299692,3.6516847799660264,9.670000076293945,10.002000045776366,10.289499950408935
9.770000457763672,9.770000457763672,9.930000305175781,9.720000267028809,9.75,25865700,2025-01-21,1,21,1,2.149437341940935,0.20513290014022434,2.711319803840767,3.544963270636624,9.656000137329102,9.922000122070312,10.246499967575073
10.050000190734863,10.050000190734863,10.069999694824219,9.729999542236328,9.770000457763672,32349900,2025-01-22,2,22,1,3.3830860311956825,2.8659132021707463,2.750733555759631,3.4862272250667417,9.720000267028809,9.844000148773194,10.224499988555909
10.279999732971191,10.279999732971191,10.289999961853027,10.039999961853027,10.050000190734863,27570600,2025-01-23,3,23,1,2.4319066779561425,2.288552615634432,2.5833852698076,3.3107693954301984,9.818000221252442,9.821000099182129,10.203999996185303
10.25,10.25,10.399999618530273,10.15999984741211,10.34000015258789,20389500,2025-01-24,4,24,1,2.341461181640625,-0.8704076524154154,2.4603370096712185,2.9087322962707587,9.974000167846679,9.84000005722046,10.194500017166138
10.489999771118164,10.489999771118164,10.5600004196167,10.09000015258789,10.100000381469727,27477600,2025-01-27,0,27,1,4.4804602219615655,3.861379949687544,2.95727029093899,2.9547170841193413,10.168000030517579,9.919000053405762,10.191499996185303
10.25,10.25,10.470000267028809,10.149999618530273,10.470000267028809,23483400,2025-01-28,1,28,1,3.121957546327172,-2.1012441396168233,3.1517743318162377,2.931547067828502,10.263999938964844,9.960000038146973,10.173000001907349
10.430000305175781,10.430000305175781,10.600000381469727,10.319999694824219,10.359999656677246,22595200,2025-01-29,2,29,1,2.6845702632104462,0.6756819577056473,3.0120711782191902,2.8814023669894104,10.339999961853028,10.030000114440918,10.164000034332275
10.619999885559082,10.619999885559082,10.6899995803833,10.399999618530273,10.630000114440918,24757400,2025-01-30,3,30,1,2.7306964687199757,-0.09407552939016968,3.0718291363719574,2.8276072030897788,10.407999992370605,10.113000106811523,10.169500017166138
10.4399995803833,10.4399995803833,10.84000015258789,10.359999656677246,10.510000228881836,33324800,2025-01-31,4,31,1,4.59770608432363,-0.666038505938097,3.5230781169085583,2.9917075632898884,10.445999908447266,10.210000038146973,10.163000011444092
10.15999984741211,10.15999984741211,10.260000228881836,9.930000305175781,10.239999771118164,27127400,2025-02-03,0,3,2,3.2480307939188617,-0.7812492724042223,3.2765922313000173,3.1169312611195035,10.379999923706055,10.273999977111817,10.138000011444092
10.0600004196167,10.0600004196167,10.279999732971191,9.970000267028809,10.140000343322754,22142900,2025-02-04,1,4,2,3.0815054971358964,-0.7889538559901044,3.2685018214617623,3.2101380766389993,10.342000007629395,10.30299997329712,10.112500047683715
10.1899995803833,10.1899995803833,10.199999809265137,9.9399995803833,10.069999694824219,22023900,2025-02-05,2,5,2,2.551523450328306,1.1916572909208687,3.241892458885334,3.126981818552262,10.293999862670898,10.316999912261963,10.080500030517578
10.199999809265137,10.199999809265137,10.350000381469727,9.960000038146973,10.3100004196167,24431500,2025-02-06,3,6,2,3.8235328491721967,-1.0669311917996223,3.460459734975778,3.266144435673868,10.20999984741211,10.308999919891358,10.065000009536742
10.15999984741211,10.15999984741211,10.420000076293945,10.130000114440918,10.289999961853027,22038700,2025-02-07,4,7,2,2.8543303760668293,-1.2633636046924483,3.111784593324418,3.317431355116488,10.15399990081787,10.299999904632568,10.069999980926514
9.979999542236328,9.979999542236328,10.329999923706055,9.960000038146973,10.239999771118164,25189000,2025-02-10,0,10,2,3.707413853008776,-2.5390647919267,3.2036612051424007,3.2401267182212097,10.117999839782716,10.248999881744385,10.083999967575073
9.850000381469727,9.850000381469727,9.960000038146973,9.779999732971191,9.829999923706055,27458100,2025-02-11,1,11,2,1.8274141949720744,0.20346345797458976,2.9528429447096363,3.1106723830856993,10.07599983215332,10.208999919891358,10.084499979019165
9.819999694824219,9.819999694824219,9.960000038146973,9.710000038146973,9.739999771118164,17511900,2025-02-12,2,12,2,2.5458249263670174,0.8213544721353787,2.9517032399173786,3.0967978494013564,10.001999855041504,10.1479998588562,10.08899998664856
10.210000038146973,10.210000038146973,10.220000267028809,9.819999694824219,9.869999885559082,28205500,2025-02-13,3,13,2,3.9177333076404817,3.444783754104689,2.9705433316110357,3.215501533293407,10.00399990081787,10.10699987411499,10.109999990463256
10.34000015258789,10.34000015258789,10.399999618530273,10.130000114440918,10.319999694824219,22466000,2025-02-14,4,14,2,2.6112137340905175,0.1938028910379008,2.9219200032157735,3.016852298270096,10.039999961853027,10.09699993133545,10.153499984741211
10.619999885559082,10.619999885559082,10.729999542236328,10.180000305175781,10.34000015258789,32611500,2025-02-18,1,18,2,5.1789005931010195,2.70792774506017,3.216217351234222,3.209939278188311,10.168000030517579,10.142999935150147,10.208499956130982
10.890000343322754,10.890000343322754,10.979999542236328,10.520000457763672,10.649999618530273,36269900,2025-02-19,2,19,2,4.224050229297802,2.253528013042325,3.6955445580993675,3.324193751404502,10.376000022888183,10.225999927520752,10.264499950408936
11.039999961853027,11.039999961853027,11.109999656677246,10.800000190734863,10.960000038146973,29539100,2025-02-20,3,20,2,2.8079661867168197,0.7299263086460758,3.7479728101693275,3.3498380250433533,10.620000076293945,10.310999965667724,10.313999938964844
10.779999732971191,10.779999732971191,11.210000038146973,10.699999809265137,11.170000076293945,35887600,2025-02-21,4,21,2,4.730985542810114,-3.491498125863494,3.9106232572032544,3.440583294407145,10.73400001525879,10.36899995803833,10.338999938964843
11.09000015258789,11.09000015258789,11.220000267028809,10.670000076293945,10.899999618530273,48784300,2025-02-24,0,24,2,4.9594245551612435,1.7431242266707194,4.3802654214174,3.6510927123165864,10.884000015258788,10.461999988555908,10.380999946594239
10.6899995803833,10.6899995803833,11.180000305175781,10.680000305175781,11.15999984741211,43318700,2025-02-25,1,25,2,4.677268658808235,-4.211471984363842,4.279939034558843,3.748078192896533,10.897999954223632,10.532999992370605,10.390999937057495
10.5,10.5,10.899999618530273,10.430000305175781,10.649999618530273,56183900,2025-02-26,2,26,2,4.476183936709449,-1.4084471727988077,4.330365776041172,4.0129551670702694,10.819999885559081,10.597999954223633,10.403499937057495
11.0,11.0,11.899999618530273,10.989999771118164,11.279999732971191,98432100,2025-02-27,3,27,2,8.27272588556463,-2.4822671950315596,5.423317715810734,4.585645262990032,10.811999893188476,10.715999984741211,10.431999921798706
11.460000038146973,11.460000038146973,11.640000343322754,10.770000457763672,11.069999694824219,74121800,2025-02-28,4,28,2,7.591622012767087,3.523038428854688,5.995445009802129,4.953034133502692,10.947999954223633,10.840999984741211,10.4739999294281
11.020000457763672,11.020000457763672,11.670000076293945,10.930000305175781,11.40999984741211,50490500,2025-03-03,0,3,3,6.7150611649641885,-3.418049034741161,6.346572331762718,5.363418876590059,10.934000015258789,10.909000015258789,10.502999973297118
11.319999694824219,11.319999694824219,11.449999809265137,10.869999885559082,11.180000305175781,45824800,2025-03-04,1,4,3,5.123674375815089,1.252230642459149,6.435853475164089,5.357896254861466,11.060000038146972,10.978999996185303,10.560999965667724
11.430000305175781,11.430000305175781,11.520000457763672,10.989999771118164,11.329999923706055,40448100,2025-03-05,2,5,3,4.636926268545335,0.882615905940945,6.468001941531267,5.399183858786219,11.24600009918213,11.032999992370605,10.62949995994568
10.699999809265137,10.699999809265137,11.319999694824219,10.699999809265137,11.279999732971191,46739300,2025-03-06,3,6,3,5.794391557112213,-5.1418434169881015,5.972335075840783,5.697826395825759,11.186000061035156,10.998999977111817,10.65499997138977
11.069999694824219,11.069999694824219,11.25,10.600000381469727,10.739999771118164,49421400,2025-03-07,4,7,3,5.871722099813435,3.0726250534332897,5.628355093250052,5.811900051526091,11.107999992370605,11.027999973297119,10.698499965667725
10.59000015258789,10.59000015258789,11.09000015258789,10.479999542236328,11.0,39093500,2025-03-10,0,10,3,5.760156766404729,-3.7272713401100854,5.437374213538161,5.891973272650439,11.021999931335449,10.97799997329712,10.719999980926513
10.369999885559082,10.369999885559082,10.699999809265137,10.1899995803833,10.609999656677246,50764900,2025-03-11,1,11,3,4.918035048313215,-2.2620148810949656,5.396246348037786,5.916049911600937,10.831999969482421,10.946000003814698,10.73949999809265
10.420000076293945,10.420000076293945,10.600000381469727,10.130000114440918,10.380000114440918,36779600,2025-03-12,2,12,3,4.510559151511757,0.3853560829674596,5.3709729246310705,5.9194874330811675,10.629999923706055,10.938000011444093,10.767999982833862
9.890000343322754,9.890000343322754,10.460000038146973,9.890000343322754,10.350000381469727,43328200,2025-03-13,3,13,3,5.763394085310167,-4.444444649205428,5.364773430270661,5.668554253055722,10.468000030517578,10.827000045776368,10.77150001525879
10.1899995803833,10.1899995803833,10.380000114440918,10.010000228881836,10.050000190734863,27637200,2025-03-14,4,14,3,3.631009821348435,1.3930287262830454,4.91663097457766,5.2724930339138565,10.292000007629394,10.7,10.770499992370606
10.479999542236328,10.479999542236328,10.550000190734863,10.130000114440918,10.199999809265137,23965600,2025-03-17,0,17,3,4.007634490834352,2.745095472618093,4.566126519463586,5.001750366500874,10.269999885559082,10.645999908447266,10.777499961853028
10.390000343322754,10.390000343322754,10.479999542236328,10.279999732971191,10.479999542236328,33426900,2025-03-18,1,18,3,1.9249259158462757,-0.8587710195106485,3.967504692970197,4.681875520503992,10.273999977111817,10.55299997329712,10.76599998474121
10.920000076293945,10.920000076293945,11.010000228881836,10.399999618530273,10.430000305175781,36585900,2025-03-19,2,19,3,5.58608613635272,4.69798424526418,4.1826100899383905,4.77679150728473,10.373999977111817,10.501999950408935,10.767499971389771
10.649999618530273,10.649999618530273,10.880000114440918,10.609999656677246,10.800000190734863,26374300,2025-03-20,3,20,3,2.535215656664339,-1.388894162550782,3.536974404209224,4.450873917239943,10.525999832153321,10.496999931335449,10.747999954223634
10.739999771118164,10.739999771118164,10.789999961853027,10.449999809265137,10.5600004196167,55499100,2025-03-21,4,21,3,3.1657370561795877,1.7045392457285373,3.4439198511754547,4.180275412876558,10.635999870300292,10.463999938964843,10.745999956130982
10.970000267028809,10.970000267028809,11.039999961853027,10.529999732971191,10.9399995803833,43662400,2025-03-24,0,24,3,4.649044817388759,0.2742293217204739,3.572201916486337,4.0691642179749605,10.73400001525879,10.501999950408935,10.739999961853027
10.979999542236328,10.979999542236328,11.039999961853027,10.84000015258789,11.0,37144400,2025-03-25,1,25,3,1.8214919635998652,-0.18182234330610794,3.5515151260370543,3.759509909503626,10.851999855041504,10.56299991607666,10.75449995994568
11.029999732971191,11.029999732971191,11.199999809265137,10.899999618530273,10.949999809265137,32252100,2025-03-26,2,26,3,2.7198567361528947,0.7305929232835626,2.9782692459970894,3.5804396679677395,10.873999786376952,10.623999881744385,10.780999946594239
11.010000228881836,11.010000228881836,11.1899995803833,10.90999984741211,11.010000228881836,54215900,2025-03-27,3,27,3,2.5431401194405594,0.0,2.979854138552333,3.2584142713807784,10.945999908447266,10.735999870300294,10.78149995803833
10.369999885559082,10.369999885559082,11.079999923706055,10.289999961853027,11.029999732971191,52599000,2025-03-28,4,28,3,7.618128935113636,-5.98367963182464,3.8703325143391423,3.657126182757299,10.871999931335449,10.75399990081787,10.726999950408935
10.729999542236328,10.729999542236328,10.8100004196167,10.039999961853027,10.3100004196167,75700100,2025-03-31,0,31,3,7.176146231253144,4.0737061641675805,4.375752797112019,3.9739773567991774,10.823999786376953,10.77899990081787,10.712499904632569
10.210000038146973,10.210000038146973,11.149999618530273,10.140000343322754,10.789999961853027,42216800,2025-04-01,1,1,4,9.892255351948322,-5.375346855946124,5.989905474781711,4.770710300409382,10.669999885559083,10.760999870300292,10.656999921798706
10.5600004196167,10.5600004196167,10.609999656677246,10.020000457763672,10.050000190734863,37025700,2025-04-02,2,2,4,5.587113404063573,5.074629046793524,6.563356808363847,4.770813027180468,10.576000022888184,10.724999904632568,10.613499927520753
9.15999984741211,9.15999984741211,10.140000343322754,9.119999885559082,10.029999732971191,52884500,2025-04-03,3,3,4,11.135376361953142,-8.673977155743767,8.281804056866363,5.630829097709348,10.205999946594238,10.575999927520751,10.5364999294281
8.069999694824219,8.069999694824219,8.859999656677246,8.029999732971191,8.850000381469727,57367600,2025-04-04,4,4,4,10.285005639323433,-8.813566700840893,8.815179397708324,6.3427559560237325,9.745999908447265,10.308999919891358,10.386499929428101
8.09000015258789,8.09000015258789,8.789999961853027,7.650000095367432,7.800000190734863,58591500,2025-04-07,0,7,4,14.091469035645494,3.7179481379692825,10.198243958586792,7.286998377849406,9.218000030517578,10.020999908447266,10.261499929428101
7.690000057220459,7.690000057220459,8.470000267028809,7.610000133514404,8.319999694824219,48084200,2025-04-08,1,8,4,11.18335665949592,-7.5721113066347305,10.456464220096311,8.223184847439011,8.714000034332276,9.69199995994568,10.12749993801117
9.260000228881836,9.260000228881836,9.5,7.519999980926514,7.570000171661377,74775300,2025-04-09,2,9,4,21.38228909431221,22.324967224532536,13.615499358146042,10.089428083254944,8.453999996185303,9.515000009536744,10.069499945640564
8.100000381469727,8.100000381469727,8.960000038146973,7.789999961853027,8.899999618530273,61845100,2025-04-10,3,10,4,14.444444706083475,-8.988755857864374,14.277313026972106,11.279558541919235,8.242000102996826,9.224000024795533,9.979999947547913
7.96999979019165,7.96999979019165,8.140000343322754,7.610000133514404,8.119999885559082,36414800,2025-04-11,4,11,4,6.649940072277028,-1.8472918409050416,13.550299913562828,11.182739655635574,8.222000122070312,8.98400001525879,9.86899995803833
8.020000457763672,8.020000457763672,8.329999923706055,7.989999771118164,8.100000381469727,38009100,2025-04-14,0,14,4,4.2394031568758495,-0.9876533325735336,11.579886737808897,10.889065348197844,8.208000183105469,8.713000106811524,9.746000003814697
8.25,8.25,8.319999694824219,7.980000019073486,8.020000457763672,38578300,2025-04-15,1,15,4,4.121208190917969,2.8678245524746777,10.167457044093307,10.31196063209481,8.320000171661377,8.517000102996827,9.63899998664856
7.920000076293945,7.920000076293945,8.34000015258789,7.769999980926514,8.279999732971191,49152300,2025-04-16,2,16,4,7.196971795082365,-4.347822080763087,7.330393584247338,10.472946471196689,8.052000141143798,8.253000068664551,9.48899998664856
8.109999656677246,8.109999656677246,8.1899995803833,7.949999809265137,8.010000228881836,31300700,2025-04-17,3,17,4,2.959306797510945,1.2484322713854614,5.033366002532832,9.655339514752468,8.053999996185302,8.148000049591065,9.361999988555908
7.940000057220459,7.940000057220459,8.109999656677246,7.75,8.0600004196167,27148800,2025-04-21,0,21,4,4.53400068114446,-1.4888381656181968,4.610178124306318,9.080239018934572,8.048000049591064,8.135000085830688,9.222000002861023
7.949999809265137,7.949999809265137,8.130000114440918,7.920000076293945,8.0600004196167,42184500,2025-04-22,1,22,4,2.6415099771729946,-1.3647717695378692,4.290599488365747,7.9352431130873216,8.033999919891357,8.121000051498413,9.07099997997284
8.329999923706055,8.329999923706055,8.779999732971191,8.289999961853027,8.319999694824219,57586500,2025-04-23,2,23,4,5.882350247371442,0.12019506308464135,4.642827899656441,7.405142471874873,8.049999904632568,8.185000038146972,8.938499999046325
8.5,8.5,8.640000343322754,8.260000228881836,8.319999694824219,30082700,2025-04-24,3,24,4,4.470589581657858,2.1634652857951124,4.09755145697154,5.713972520609438,8.16599988937378,8.10900001525879,8.812000012397766
8.59000015258789,8.59000015258789,8.649999618530273,8.430000305175781,8.5,24513700,2025-04-25,4,25,4,2.5611095395407353,1.0588253245634192,4.017912005377498,4.525639003955165,8.261999988555909,8.157999992370605,8.69100000858307
8.699999809265137,8.699999809265137,8.880000114440918,8.529999732971191,8.59000015258789,37596400,2025-04-28,0,28,4,4.022992978654905,1.2805547697703676,3.915710464879587,4.262944294592952,8.413999938964844,8.230999994277955,8.607500004768372
8.770000457763672,8.770000457763672,8.84000015258789,8.600000381469727,8.649999618530273,25473800,2025-04-29,1,29,4,2.736599299783428,1.387293000294812,3.934728329401674,4.11266390888371,8.57800006866455,8.305999994277954,8.50950005054474
8.670000076293945,8.670000076293945,8.699999809265137,8.279999732971191,8.640000343322754,40878700,2025-04-30,2,30,4,4.8442914947871305,0.3472191178137635,3.7271165788848117,4.184972239270627,8.646000099182128,8.348000001907348,8.432500052452088
8.430000305175781,8.430000305175781,8.699999809265137,8.3100004196167,8.6899995803833,45438500,2025-05-01,3,1,5,4.626327111862486,-2.9919365680343497,3.758264084925737,3.9279077709486385,8.632000160217284,8.399000024795532,8.32600004673004
8.539999961853027,8.539999961853027,8.670000076293945,8.430000305175781,8.520000457763672,31725500,2025-05-02,4,2,5,2.8103017820867575,0.23473595087816385,3.808102533434942,3.91300726940622,8.622000122070313,8.44200005531311,8.295000052452087
8.369999885559082,8.369999885559082,8.529999732971191,8.069999694824219,8.180000305175781,42739700,2025-05-05,0,5,5,5.495818929945499,2.322733169864079,4.10266772369306,4.009189094286324,8.556000137329102,8.485000038146973,8.31000006198883
8.430000305175781,8.430000305175781,8.460000038146973,8.130000114440918,8.180000305175781,38438700,2025-05-06,1,6,5,3.9145897005892647,3.056234604805772,4.338265803854227,4.136497066627951,8.488000106811523,8.533000087738037,8.327000069618226
8.5600004196167,8.5600004196167,8.649999618530273,8.430000305175781,8.5,52273100,2025-05-07,2,7,5,2.570085310397021,0.7058872896082261,3.883424566976206,3.805270572930509,8.466000175476074,8.556000137329102,8.370500087738037
9.010000228881836,9.010000228881836,9.300000190734863,8.0600004196167,8.15999984741211,69402600,2025-05-08,3,8,5,13.762483236607546,10.416671536327279,5.710655791925218,4.734459938425477,8.582000160217286,8.607000160217286,8.358000087738038
9.069999694824219,9.069999694824219,9.289999961853027,8.90999984741211,9.010000228881836,30000500,2025-05-09,4,9,5,4.189637565895007,0.6659208037537298,5.986522948686867,4.8973127410609045,8.688000106811524,8.655000114440918,8.406500053405761
9.229999542236328,9.229999542236328,9.789999961853027,9.199999809265137,9.550000190734863,47028800,2025-05-12,0,12,5,6.39220132014156,-3.3507920639519004,6.16579942672608,5.13423357520957,8.860000038146973,8.708000087738037,8.469500041007995
9.180000305175781,9.180000305175781,9.350000381469727,9.140000343322754,9.279999732971191,35665600,2025-05-13,1,13,5,2.2875820388434236,-1.0775800719058124,5.8403978943769115,5.0893318491155695,9.010000038146973,8.749000072479248,8.527500033378601
9.210000038146973,9.210000038146973,9.210000038146973,9.020000457763672,9.119999885559082,32979600,2025-05-14,2,14,5,2.062970462500977,0.9868437907592512,5.738974924797702,4.811199745886954,9.139999961853027,8.80300006866455,8.57550003528595
9.140000343322754,9.140000343322754,9.25,9.050000190734863,9.109999656677246,24005500,2025-05-15,3,15,5,2.188181638431195,0.32931600193331045,3.4241146051624325,4.567385198543826,9.16599998474121,8.874000072479248,8.63650004863739
9.15999984741211,9.15999984741211,9.1899995803833,8.819999694824219,9.140000343322754,33118800,2025-05-16,4,16,5,4.0393001279756,0.21881294680657368,3.394047117578551,4.690285033132709,9.184000015258789,8.936000061035156,8.689000058174134
9.050000190734863,9.050000190734863,9.069999694824219,8.84000015258789,9.029999732971191,33356300,2025-05-19,0,19,5,2.541431352363895,0.22148901832902945,2.6238931240230183,4.394846275374549,9.148000144958496,9.004000091552735,8.744500064849854
9.229999542236328,9.229999542236328,9.34000015258789,8.979999542236328,9.050000190734863,38319700,2025-05-20,1,20,5,3.900331833216302,1.9889430685951048,2.9464430828975936,4.393420488637252,9.157999992370605,9.08400001525879,8.808500051498413
8.949999809265137,8.949999809265137,9.180000305175781,8.880000114440918,9.100000381469727,46832000,2025-05-21,2,21,5,3.3519575098124568,-1.648357867215424,3.2042404923598893,4.471607708578796,9.105999946594238,9.122999954223634,8.839500045776367
9.020000457763672,9.020000457763672,9.0600004196167,8.829999923706055,8.949999809265137,28787800,2025-05-22,3,22,5,2.549894503748934,0.7821301674897214,3.276583065423437,3.350348835292935,9.081999969482421,9.123999977111817,8.86550006866455
9.0,9.0,9.050000190734863,8.84000015258789,8.850000381469727,21961600,2025-05-23,4,23,5,2.333333757188585,1.6949108707875884,2.9353897912660343,3.1647184544222933,9.05,9.117000007629395,8.886000061035157
9.550000190734863,9.550000190734863,9.640000343322754,9.149999618530273,9.220000267028809,31726400,2025-05-27,1,27,5,5.130897539330577,3.579174773846279,3.4532830286593708,3.0385880763411945,9.15,9.149000072479248,8.928500080108643
10.020000457763672,10.020000457763672,10.130000114440918,9.479999542236328,9.539999961853027,59164100,2025-05-28,2,28,5,6.487031362368432,5.031451759224225,3.9706229344897963,3.4585330086936956,9.308000183105468,9.233000087738038,8.991000080108643
10.039999961853027,10.039999961853027,10.1899995803833,9.75,10.180000305175781,44032500,2025-05-29,3,29,5,4.382465956723893,-1.3752489108627437,4.176724623872084,3.690482558115987,9.526000213623046,9.316000080108642,9.059500074386596
9.970000267028809,9.970000267028809,10.020000457763672,9.65999984741211,10.020000457763672,52970700,2025-05-30,4,30,5,3.6108385226638258,-0.499003876752543,4.388913427655063,3.83274824653925,9.716000175476074,9.399000072479248,9.136500072479247
10.0,10.0,10.020000457763672,9.75,9.930000305175781,46464700,2025-06-02,0,2,6,2.7000045776367188,0.7049314468573887,4.462247591744689,3.6988186915053616,9.916000175476075,9.483000087738038,9.209500074386597
9.9399995803833,9.9399995803833,10.100000381469727,9.739999771118164,9.970000267028809,31616200,2025-06-03,1,3,6,3.621736675543002,-0.30090958718146965,4.160415418987174,3.806849223823272,9.994000053405761,9.57200002670288,9.288000059127807
9.789999961853027,9.789999961853027,10.010000228881836,9.6899995803833,9.949999809265137,34162200,2025-06-04,2,4,6,3.2686481077162965,-1.608038698283415,3.5167387680567472,3.7436808512732727,9.947999954223633,9.628000068664551,9.35600004196167
9.649999618530273,9.649999618530273,10.0600004196167,9.619999885559082,9.789999961853027,44345100,2025-06-05,3,5,6,4.559591206746915,-1.4300341559578003,3.5521638180613513,3.8644442209667176,9.869999885559082,9.698000049591064,9.410500001907348
9.819999694824219,9.819999694824219,10.029999732971191,9.770000457763672,9.8100004196167,30034500,2025-06-06,4,6,6,2.647650542642645,0.1019294065219849,3.359526222057115,3.874219824856089,9.839999771118164,9.777999973297119,9.450999975204468
9.529999732971191,9.529999732971191,11.100000381469727,9.380000114440918,10.619999885559082,155057800,2025-06-09,0,9,6,18.048271933083885,-10.263655031390883,6.429179693146549,5.445713642445619,9.745999717712403,9.830999946594238,9.473999977111816
10.010000228881836,10.010000228881836,10.119999885559082,9.109999656677246,9.550000190734863,71415700,2025-06-10,1,10,6,10.089912145732866,4.816754229944953,7.722814787184521,5.941615103085848,9.759999847412109,9.876999950408935,9.513000011444092
10.510000228881836,10.510000228881836,10.550000190734863,10.119999885559082,10.15999984741211,52112100,2025-06-11,2,11,6,4.091344394019383,3.444885696124065,7.887354044445139,5.702046406250942,9.90399990081787,9.925999927520753,9.579500007629395
10.15999984741211,10.15999984741211,10.890000343322754,10.130000114440918,10.510000228881836,58726200,2025-06-12,3,12,6,7.480317325746992,-3.330165307779097,8.471499268245154,6.011831543153253,10.005999946594239,9.93799991607666,9.626999998092652
10.029999732971191,10.029999732971191,10.279999732971191,9.979999542236328,10.09000015258789,39383800,2025-06-13,4,13,6,2.9910289005161728,-0.594652316247094,8.54017493981986,5.949850580938487,10.047999954223632,9.943999862670898,9.671499967575073
10.760000228881836,10.760000228881836,10.800000190734863,10.039999961853027,10.140000343322754,46714400,2025-06-16,0,16,6,7.063199002931751,6.114397086459227,6.343160353789433,6.386170023467991,10.294000053405762,10.019999885559082,9.75149998664856
10.579999923706055,10.579999923706055,10.819999694824219,10.329999923706055,10.75,46816600,2025-06-17,1,17,6,4.631377832245982,-1.5813960585483284,5.251453491092056,6.487134139138289,10.407999992370605,10.083999919891358,9.82799997329712
10.569999694824219,10.569999694824219,10.75,10.420000076293945,10.579999923706055,45179700,2025-06-18,2,18,6,3.12204288773674,-0.09452012243808193,5.0575931898355275,6.4724736171403325,10.419999885559083,10.161999893188476,9.894999980926514
10.520000457763672,10.520000457763672,11.0600004196167,10.390000343322754,10.729999542236328,106521700,2025-06-20,4,20,6,6.368821740872558,-1.957121094423538,4.8352940728606395,6.653396670552897,10.492000007629395,10.248999977111817,9.97350001335144
10.680000305175781,10.680000305175781,10.710000038146973,10.270000457763672,10.449999809265137,41873500,2025-06-23,0,23,6,4.119846140548016,2.2009617235277115,5.061057520867009,6.800616230343434,10.622000122070313,10.335000038146973,10.056500005722047
10.899999618530273,10.899999618530273,11.100000381469727,10.75,10.789999961853027,67034400,2025-06-24,1,24,6,3.2110127864107176,1.0194592869892394,4.2906202775628035,5.316890315676117,10.65,10.472000026702881,10.15149998664856
10.869999885559082,10.869999885559082,11.050000190734863,10.829999923706055,10.899999618530273,42934900,2025-06-25,2,25,6,2.023921521113183,-0.2752269176247594,3.7691290153362424,4.51029125321415,10.707999992370606,10.557999992370606,10.21749997138977
11.149999618530273,11.149999618530273,11.210000038146973,10.75,10.890000343322754,72764500,2025-06-26,3,26,6,4.125561021387793,2.3875047475727498,3.9698326420664527,4.513712915950991,10.823999977111816,10.621999931335449,10.2739999294281
11.300000190734863,11.300000190734863,11.720000267028809,11.170000076293945,11.170000076293945,86182500,2025-06-27,4,27,6,4.867258242931902,1.1638327086211646,3.6695199424783227,4.252407007669481,10.979999923706055,10.735999965667725,10.336999940872193
11.460000038146973,11.460000038146973,11.630000114440918,11.289999961853027,11.40999984741211,43999000,2025-06-30,0,30,6,2.966842508343194,0.43821377216059976,3.4389192160373576,4.2499883684521835,11.135999870300292,10.878999996185303,10.4114999294281
10.9399995803833,10.9399995803833,11.020000457763672,10.779999732971191,10.949999809265137,88003000,2025-07-01,1,1,7,2.193790987184587,-0.09132629274910518,3.235474856192132,3.763047566877467,11.1439998626709,10.896999931335449,10.458499908447266
11.119999885559082,11.119999885559082,11.15999984741211,10.960000038146973,11.0,48630000,2025-07-02,2,2,7,1.798559454347344,1.0909080505371094,3.1904024428389635,3.479765729087603,11.193999862670898,10.950999927520751,10.517499923706055
11.220000267028809,11.220000267028809,11.3100004196167,11.119999885559082,11.140000343322754,24154300,2025-07-03,3,3,7,1.6934093541508588,0.7181321475811815,2.703972109391577,3.3369023757290153,11.207999992370606,11.01599998474121,10.588999938964843
11.020000457763672,11.020000457763672,11.289999961853027,10.989999771118164,11.140000343322754,38309300,2025-07-07,0,7,7,2.722324666724591,-1.0771982213717723,2.2749853941501152,2.9722526683142187,11.152000045776367,11.065999984741211,10.657499980926513
11.40999984741211,11.40999984741211,11.420000076293945,11.039999961853027,11.079999923706055,73452800,2025-07-08,1,8,7,3.3304129668950475,2.978338682115043,2.3476994858604856,2.893309350948922,11.142000007629395,11.138999938964844,10.736999988555908
11.489999771118164,11.489999771118164,11.779999732971191,11.430000305175781,11.449999809265137,54777300,2025-07-09,2,9,7,3.046122147671283,0.3493446508240121,2.518165717957825,2.8768202870749784,11.252000045776366,11.197999954223633,10.834999990463256
11.649999618530273,11.649999618530273,11.739999771118164,11.449999809265137,11.489999771118164,42463700,2025-07-10,3,10,7,2.489270140333385,1.3925139303683274,2.6563078551550334,2.9233551489969987,11.357999992370605,11.275999927520752,10.916999959945679
11.729999542236328,11.729999542236328,11.760000228881836,11.460000038146973,11.569999694824219,70361100,2025-07-11,4,11,7,2.557546482884757,1.3828854937972428,2.829135280901813,2.766553695146695,11.45999984741211,11.333999919891358,10.977999925613403
12.010000228881836,12.010000228881836,12.079999923706055,11.710000038146973,11.729999542236328,61484200,2025-07-14,0,14,7,3.0807650167174896,2.3870477201410494,2.9008233509003922,2.5879043725252537,11.657999801635743,11.404999923706054,11.07049994468689
12.029999732971191,12.029999732971191,12.300000190734863,12.0,12.010000228881836,94535800,2025-07-15,1,15,7,2.4937672268822957,0.16652376110085618,2.733494202897842,2.5405968443791638,11.781999778747558,11.461999893188477,11.17049994468689
12.579999923706055,12.579999923706055,12.649999618530273,12.039999961853027,12.100000381469727,105446400,2025-07-16,2,16,7,4.848963913964324,3.9669382405261127,3.0940625561564503,2.8061141370571376,11.999999809265137,11.625999927520752,11.261499929428101
12.84000015258789,12.84000015258789,13.039999961853027,12.520000457763672,12.59000015258789,125223100,2025-07-17,3,17,7,4.04984032640023,1.985702914774089,3.406176593369819,3.031242224262426,12.23799991607666,11.797999954223632,11.374499940872193
12.75,12.75,12.989999771118164,12.569999694824219,12.970000267028809,117779100,2025-07-18,4,18,7,3.2941182454427085,-1.696224074783359,3.5534909458814097,3.1913131133916113,12.442000007629394,11.950999927520751,11.48349995613098
12.800000190734863,12.800000190734863,12.890000343322754,12.65999984741211,12.829999923706055,62754200,2025-07-21,0,21,7,1.796878847526329,-0.2338248881495373,3.2967137120431773,3.098768531471785,12.6,12.12899990081787,11.59749994277954
12.850000381469727,12.850000381469727,13.020000457763672,12.770000457763672,12.800000190734863,89947600,2025-07-22,1,22,7,1.9455252340732314,0.3906264842953312,3.187065313481365,2.9602797581896034,12.764000129699706,12.272999954223632,11.705999946594238
13.3100004196167,13.3100004196167,13.390000343322754,12.850000381469727,12.899999618530273,102963000,2025-07-23,2,23,7,4.05709951035883,3.1783008776021817,3.028692432760266,3.061377494458358,12.910000228881836,12.455000019073486,11.82649998664856
13.5,13.5,13.680000305175781,13.229999542236328,13.25,127485000,2025-07-24,3,24,7,3.33333898473669,1.8867924528301887,2.8853921644275577,3.1457843788986883,13.042000198364258,12.640000057220458,11.957999992370606
13.489999771118164,13.489999771118164,13.579999923706055,13.210000038146973,13.520000457763672,74365500,2025-07-25,4,25,7,2.7427716222148857,-0.22189856235012428,2.7751228397819934,3.1643068928317013,13.19000015258789,12.816000080108642,12.075
13.699999809265137,13.699999809265137,13.869999885559082,13.489999771118164,13.539999961853027,97026500,2025-07-28,0,28,7,2.7737235016888735,1.181682775944502,2.970491770614502,3.13360274132884,13.370000076293945,12.985000038146973,12.194999980926514
13.119999885559082,13.119999885559082,13.760000228881836,13.050000190734863,13.760000228881836,67560100,2025-07-29,1,29,7,5.411585703811288,-4.651165208409023,3.6637038645621134,3.425384589021739,13.423999977111816,13.094000053405761,12.277999973297119
13.260000228881836,13.260000228881836,13.470000267028809,13.069999694824219,13.100000381469727,52330000,2025-07-30,2,30,7,3.0165955150840924,1.2213728454423032,3.455603065507166,3.2421477491337156,13.413999938964844,13.16200008392334,12.394000005722045
13.170000076293945,13.170000076293945,13.289999961853027,13.020000457763672,13.199999809265137,55442000,2025-07-31,3,31,7,2.0501101178834134,-0.22727070761118093,3.1989572921365106,3.042174728282034,13.347999954223633,13.195000076293946,12.496500015258789
12.869999885559082,12.869999885559082,13.0600004196167,12.569999694824219,13.039999961853027,59364100,2025-08-01,4,1,8,3.8073094728018675,-1.3036815704851257,3.411864862253907,3.09349385101795,13.223999977111816,13.207000064849854,12.578999996185303
12.800000190734863,12.800000190734863,13.010000228881836,12.619999885559082,12.899999618530273,65206800,2025-08-04,0,4,8,3.0468776368070003,-0.7751893856784727,3.466495689277532,3.2184937299460175,13.044000053405762,13.207000064849854,12.667999982833862
12.720000267028809,12.720000267028809,12.90999984741211,12.470000267028809,12.890000343322754,48416600,2025-08-05,1,5,8,3.4591161253652842,-1.3188523798760667,3.076001773588332,3.3698528190752226,12.964000129699707,13.194000053405762,12.733500003814697
12.789999961853027,12.789999961853027,12.960000038146973,12.760000228881836,12.800000190734863,48742800,2025-08-06,2,6,8,1.5637201709276671,-0.07812678697516343,2.7854267047570467,3.120514885132106,12.870000076293945,13.142000007629395,12.79850001335144
11.859999656677246,11.859999656677246,13.229999542236328,11.760000228881836,13.149999618530273,57823200,2025-08-07,3,7,8,12.394598279156563,-9.809885926043895,4.854324337011676,4.026640814574094,12.607999992370605,12.97799997329712,12.809000015258789
10.90999984741211,10.90999984741211,11.979999542236328,10.899999618530273,11.859999656677246,62188500,2025-08-08,4,8,8,9.899174507891809,-8.0101166675016,6.072697344029665,4.742281103141786,12.215999984741211,12.719999980926513,12.768000030517578
10.779999732971191,10.779999732971191,10.989999771118164,10.760000228881836,10.9399995803833,39455900,2025-08-11,0,11,8,2.13357651144334,-1.4625215132458307,5.890037118956932,4.678266404117233,11.811999893188476,12.42799997329712,12.706500005722045
11.220000267028809,11.220000267028809,11.300000190734863,10.789999961853027,10.8100004196167,48491000,2025-08-12,1,12,8,4.5454564772206565,3.7927829000643754,6.107305189328007,4.591653481458169,11.511999893188477,12.238000011444091,12.666000032424927
12.050000190734863,12.050000190734863,12.229999542236328,11.279999732971191,11.319999694824219,60173800,2025-08-13,2,13,8,7.883815719734039,6.448767805571749,7.371324299089281,5.078375501923164,11.363999938964843,12.117000007629395,12.639500045776368
11.779999732971191,11.779999732971191,12.170000076293945,11.729999542236328,11.869999885559082,53621200,2025-08-14,3,14,8,3.735148930658242,-0.758215277637735,5.639434429389618,5.246879383200647,11.347999954223633,11.97799997329712,12.586500024795532
11.850000381469727,11.850000381469727,11.989999771118164,11.75,11.850000381469727,40664400,2025-08-15,4,15,8,2.0253144590059287,0.0,4.064662419612441,5.068679881821053,11.536000061035157,11.876000022888183,12.541500043869018
11.819999694824219,11.819999694824219,11.869999885559082,11.630000114440918,11.8100004196167,34918000,2025-08-18,0,18,8,2.0304549688208198,0.08466786496392067,4.0440381110879375,4.967037615022435,11.744000053405761,11.777999973297119,12.492500019073486
11.5600004196167,11.5600004196167,11.8100004196167,11.489999771118164,11.770000457763672,30434100,2025-08-19,1,19,8,2.768171599332395,-1.7841973660115997,3.6885811355102844,4.897943162419146,11.81200008392334,11.661999988555909,12.428000020980836
11.539999961853027,11.539999961853027,11.619999885559082,11.279999732971191,11.529999732971191,36145700,2025-08-20,2,20,8,2.9462751621473604,0.08673225597082435,2.7010730239929495,5.036198661541116,11.710000038146973,11.536999988555909,12.339499998092652
11.59000015258789,11.59000015258789,11.609999656677246,11.359999656677246,11.420000076293945,38567000,2025-08-21,3,21,8,2.15703189567412,1.4886171204747862,2.385449616996125,4.012442023192871,11.672000122070312,11.510000038146973,12.244000005722047
12.050000190734863,12.050000190734863,12.079999923706055,11.600000381469727,11.670000076293945,49576200,2025-08-22,4,22,8,3.983398627706209,3.256213470065332,2.7770664507361813,3.420864435174311,11.71200008392334,11.624000072479248,12.17200002670288
12.039999961853027,12.039999961853027,12.09000015258789,11.880000114440918,12.0,32012400,2025-08-25,0,25,8,1.7441863688731474,0.33333301544189453,2.719812730746646,3.381925420917292,11.756000137329101,11.750000095367431,12.089000034332276
11.800000190734863,11.800000190734863,12.09000015258789,11.729999542236328,12.010000228881836,57919100,2025-08-26,1,26,8,3.050852580784093,-1.748543165236261,2.776348927036986,3.232465031273635,11.804000091552734,11.808000087738037,12.023000049591065
12.149999618530273,12.149999618530273,12.170000076293945,11.8100004196167,11.84000015258789,45262800,2025-08-27,2,27,8,2.962960230288415,2.6182386988789492,2.779685940665197,2.740379482329073,11.926000022888184,11.818000030517577,11.967500019073487
12.0600004196167,12.0600004196167,12.260000228881836,12.020000457763672,12.1899995803833,30641400,2025-08-28,3,28,8,1.9900477841425475,-1.066441060226139,2.7462891183588822,2.5658693676775033,12.020000076293945,11.84600009918213,11.912000036239624
11.640000343322754,11.640000343322754,12.039999961853027,11.470000267028809,12.0,60192600,2025-08-29,4,29,8,4.896904450275185,-2.999997138977051,2.9289902828726775,2.853028366804429,11.938000106811524,11.825000095367432,11.850500059127807
11.619999885559082,11.619999885559082,11.649999618530273,11.25,11.300000190734863,51592000,2025-09-02,1,2,9,3.4423375427686413,2.8318556586095815,3.268620517651777,2.9942166241992116,11.854000091552734,11.805000114440919,11.791500043869018
11.920000076293945,11.920000076293945,12.029999732971191,11.449999809265137,11.569999694824219,74541900,2025-09-03,2,3,9,4.865771140887298,3.0250681996672606,3.631604229672418,3.203976578354702,11.878000068664551,11.841000080108643,11.751500034332276
11.770000457763672,11.770000457763672,11.979999542236328,11.539999961853027,11.979999542236328,66231300,2025-09-04,3,4,9,3.73831404647967,-1.7529139607417328,3.786674992910668,3.2831804667879325,11.80200023651123,11.864000129699708,11.700500059127808
12.109999656677246,12.109999656677246,12.180000305175781,11.770000457763672,11.770000457763672,63866900,2025-09-05,4,5,9,3.385630545299335,2.888693166441685,4.065791545142026,3.4060403317504546,11.81200008392334,11.916000080108642,11.713000059127808
12.350000381469727,12.350000381469727,12.380000114440918,11.920000076293945,12.140000343322754,60182600,2025-09-08,0,8,9,3.724696550108364,1.7298190461953071,3.8313499651086618,3.38017012399067,11.954000091552734,11.946000099182129,11.785000085830688
12.260000228881836,12.260000228881836,12.479999542236328,12.180000305175781,12.34000015258789,43324200,2025-09-09,1,9,9,2.446975786785186,-0.6482975908981448,3.6322776139119712,3.4504490657818736,12.082000160217286,11.968000125885009,11.859000110626221
12.539999961853027,12.539999961853027,12.569999694824219,12.0,12.25,59956200,2025-09-10,2,10,9,4.545452125663246,2.367346627371652,3.56821381086716,3.5999090202697888,12.206000137329102,12.042000102996827,11.925000095367432
16.170000076293945,16.170000076293945,17.239999771118164,12.569999694824219,12.59000015258789,298443300,2025-09-11,3,11,9,28.880643501915664,28.435265133576515,8.59667970195436,6.191677347432514,13.086000061035156,12.444000148773194,12.131000089645386
18.8700008392334,18.8700008392334,19.329999923706055,17.219999313354492,17.530000686645508,286212700,2025-09-12,4,12,9,11.181772742503398,7.644039361668213,10.155908141395171,7.110849843268599,14.438000297546386,13.125000190734863,12.485500144958497
19.459999084472656,19.459999084472656,19.600000381469727,18.40999984741211,18.770000457763672,106766000,2025-09-15,0,15,9,6.115110945750925,3.676071443160707,10.633991020523684,7.232670492816173,15.860000038146973,13.907000064849854,12.866000080108643
18.25,18.25,18.93000030517578,17.610000610351562,18.770000457763672,85406900,2025-09-16,1,16,9,7.232875040132705,-2.770380634426616,11.591170871193189,7.611724242552579,17.057999992370604,14.570000076293946,13.187500095367431
17.989999771118164,17.989999771118164,18.360000610351562,17.56999969482422,18.079999923706055,50370700,2025-09-17,2,17,9,4.391333660802162,-0.4977884566796077,11.56034717822097,7.5642804945440645,18.147999954223632,15.177000045776367,13.509000062942505
18.700000762939453,18.700000762939453,18.770000457763672,17.579999923706055,17.860000610351562,51455100,2025-09-18,3,18,9,6.363638959929972,4.70324817402879,7.0569462698238326,7.826812985889096,18.654000091552735,15.870000076293945,13.867000102996826
19.329999923706055,19.329999923706055,19.489999771118164,17.979999542236328,18.700000762939453,168257000,2025-09-19,4,19,9,7.8116928858855905,3.3689793318894603,6.382930298500272,8.269419219947721,18.745999908447267,16.592000102996828,14.254000091552735
19.610000610351562,19.610000610351562,19.700000762939453,18.829999923706055,19.270000457763672,55393600,2025-09-22,0,22,9,4.436516125216996,1.7644013726575096,6.047211334393485,8.340601177458584,18.776000213623046,17.31800012588501,14.63200011253357
19.559999465942383,19.559999465942383,20.1200008392334,19.43000030517578,19.639999389648438,48635900,2025-09-23,1,23,9,3.5276101886354194,-0.40733159975666733,5.306158364094029,8.448664617643608,19.038000106811523,18.048000049591064,15.008000087738036
19.81999969482422,19.81999969482422,19.850000381469727,19.18000030517578,19.520000457763672,43356700,2025-09-24,2,24,9,3.380424251312722,1.5368813013589273,5.10397648219614,8.332161830208555,19.404000091552735,18.776000022888184,15.409000062942505
19.780000686645508,19.780000686645508,20.239999771118164,19.5,19.6200008392334,41453600,2025-09-25,3,25,9,3.7411513924657034,0.8154935808777517,4.579478968703286,5.8182126192635595,19.620000076293945,19.13700008392334,15.790500116348266
19.510000228881836,19.510000228881836,19.950000762939453,19.34000015258789,19.34000015258789,42079400,2025-09-26,4,26,9,3.1266048344199486,0.8790076264358124,3.642461358410158,5.012695828455214,19.6560001373291,19.201000022888184,16.163000106811523
18.860000610351562,18.860000610351562,19.739999771118164,18.829999923706055,19.489999771118164,41545400,2025-09-29,0,29,9,4.82502554593049,-3.2324226175732678,3.7201632425528564,4.883687288473171,19.506000137329103,19.141000175476073,16.524000120162963
19.530000686645508,19.530000686645508,19.6200008392334,18.770000457763672,18.940000534057617,56747900,2025-09-30,1,30,9,4.352280346057292,3.115101034590582,3.885097274037231,4.59562781906563,19.500000381469725,19.269000244140624,16.919500160217286
19.350000381469727,19.350000381469727,19.719999313354492,19.200000762939453,19.530000686645508,24467300,2025-10-01,2,1,10,2.687330956918269,-0.9216605163709202,3.746478615158341,4.42522754867724,19.406000518798827,19.405000305175783,17.291000175476075
19.239999771118164,19.239999771118164,19.350000381469727,19.040000915527344,19.329999923706055,21959300,2025-10-02,3,2,10,1.6112238546267235,-0.4655983080347333,3.320493107590545,3.9499860381469154,19.29800033569336,19.459000205993654,17.664500141143797
18.989999771118164,18.989999771118164,19.610000610351562,18.829999923706055,19.3799991607666,22570400,2025-10-03,4,3,10,4.107428625838156,-2.01238083868426,3.516657865874186,3.579559612142172,19.194000244140625,19.425000190734863,18.008500146865845
19.079999923706055,19.079999923706055,19.18000030517578,18.8799991607666,19.030000686645508,17522600,2025-10-06,0,6,10,1.5723330482640179,0.26273901868870836,2.8661193663408917,3.2931413044468743,19.238000106811523,19.37200012207031,18.345000123977663
18.600000381469727,18.600000381469727,19.09000015258789,18.479999542236328,19.020000457763672,18875000,2025-10-07,1,7,10,3.2795731066719567,-2.2082022407234367,2.6515779184638246,3.268337596250528,19.052000045776367,19.276000213623046,18.662000131607055
17.889999389648438,17.889999389648438,19.469999313354492,17.68000030517578,18.729999542236328,45894700,2025-10-08,2,8,10,10.005584512285926,-4.484784693633773,4.115228629537356,3.9308536223478483,18.75999984741211,19.08300018310547,18.929500102996826
17.670000076293945,17.670000076293945,18.25,17.25,17.84000015258789,35429700,2025-10-09,3,9,10,5.659309539797903,-0.9529152177125118,4.9248457665715915,4.122669437081068,18.445999908447266,18.87200012207031,19.004500102996825
17.100000381469727,17.100000381469727,18.510000228881836,17.079999923706055,17.719999313354492,44142700,2025-10-10,4,10,10,8.362574697515148,-3.4988654396702485,5.77587498090699,4.646266423390588,18.068000030517577,18.631000137329103,18.916000080108642
17.780000686645508,17.780000686645508,18.100000381469727,17.65999984741211,18.0,25900600,2025-10-13,0,13,10,2.4746935717955285,-1.2222184075249565,5.9563470856132925,4.411233225977092,17.80800018310547,18.523000144958495,18.832000160217284
17.979999542236328,17.979999542236328,18.170000076293945,17.329999923706055,17.329999923706055,19789200,2025-10-14,1,14,10,4.671858587174428,3.7507191078583095,6.234804181713787,4.443191050088806,17.68400001525879,18.368000030517578,18.818500137329103
18.450000762939453,18.450000762939453,18.760000228881836,18.209999084472656,18.43000030517578,20987800,2025-10-15,2,15,10,2.9810358897868876,0.10852120147852115,4.829894457213979,4.472561543375667,17.796000289916993,18.27800006866455,18.841500186920165
18.290000915527344,18.290000915527344,18.649999618530273,18.059999465942383,18.6299991607666,15391000,2025-10-16,3,16,10,3.2258071244108497,-1.8250040824224454,4.343193974136568,4.63401987035408,17.92000045776367,18.18300018310547,18.821000194549562
18.190000534057617,18.190000534057617,18.600000381469727,18.170000076293945,18.209999084472656,21258800,2025-10-17,4,17,10,2.3639378370037996,-0.10982180900871914,3.143466602034298,4.459670791470645,18.13800048828125,18.103000259399415,18.76400022506714
18.31999969482422,18.31999969482422,18.5,18.0,18.459999084472656,23995300,2025-10-20,0,20,10,2.729257687385554,-0.7583932643105915,3.194379425152303,4.575363255382798,18.246000289916992,18.02700023651123,18.699500179290773
20.329999923706055,20.329999923706055,20.579999923706055,19.549999237060547,19.68000030517578,71364500,2025-10-21,1,21,10,5.06640772509036,3.3028435388759902,3.273289252735489,4.754046717224639,18.716000366210938,18.200000190734862,18.738000202178956
20.530000686645508,20.530000686645508,21.219999313354492,20.200000762939453,20.68000030517578,52225300,2025-10-22,2,22,10,4.96833178909017,-0.7253366359609367,3.670748432596146,4.2503214449050635,19.132000350952147,18.46400032043457,18.77350025177002
21.25,21.25,21.559999465942383,20.829999923706055,21.0,31796900,2025-10-23,3,23,10,3.435291963465074,1.1904761904761905,3.7126454004069913,4.02791968727178,19.72400016784668,18.822000312805176,18.847000217437746
21.149999618530273,21.149999618530273,21.56999969482422,21.010000228881836,21.3700008392334,24584200,2025-10-24,4,24,10,2.6477516597766138,-1.0294862520511583,3.769408164961554,3.4564373834979265,20.31599998474121,19.22700023651123,18.929000186920167
21.040000915527344,21.040000915527344,21.440000534057617,20.860000610351562,21.049999237060547,24011700,2025-10-27,0,27,10,2.7566535098295533,-0.047497966249804506,3.7748873294503538,3.4846333773013294,20.860000228881837,19.553000259399415,19.038000202178956
20.989999771118164,20.989999771118164,21.3700008392334,20.81999969482422,21.3700008392334,25825200,2025-10-28,1,28,10,2.6203008594881965,-1.7781986578942317,3.285665956329921,3.279477604532706,20.99200019836426,19.854000282287597,19.11100015640259
21.34000015258789,21.34000015258789,21.739999771118164,20.81999969482422,20.920000076293945,32713000,2025-10-29,2,29,10,4.311153091451021,2.0076485409284466,3.1542302168020915,3.412489324699119,21.154000091552735,20.143000221252443,19.210500144958495
21.6200008392334,21.6200008392334,21.84000015258789,21.360000610351562,21.469999313354492,35748900,2025-10-30,3,30,10,2.2201643089915253,0.6986564074345556,2.9112046859073812,3.311925043157187,21.228000259399415,20.476000213623045,19.329500198364258
22.450000762939453,22.450000762939453,22.559999465942383,21.969999313354492,22.139999389648438,43732900,2025-10-31,4,31,10,2.628062951168648,1.4001869098332353,2.9072669441857886,3.338337554573672,21.48800048828125,20.90200023651123,19.50250024795532
22.290000915527344,22.290000915527344,22.549999237060547,21.969999313354492,22.5,42063100,2025-11-03,0,3,11,2.602063256543087,-0.9333292643229166,2.8763488935284953,3.3256181114894248,21.73800048828125,21.299000358581544,19.663000297546386
22.600000381469727,22.600000381469727,22.6200008392334,22.010000228881836,22.139999389648438,42236800,2025-11-04,1,4,11,2.6991176993594936,2.0776919805894964,2.892112261502755,3.088889108916338,22.060000610351562,21.52600040435791,19.863000297546385
22.760000228881836,22.760000228881836,23.059999465942383,22.350000381469727,22.549999237060547,45354400,2025-11-05,2,5,11,3.119503854712999,0.9312682879215177,2.6537824141551503,2.904006315478621,22.344000625610352,21.749000358581544,20.106500339508056
22.420000076293945,22.420000076293945,23.020000457763672,22.309999465942383,22.56999969482422,48559200,2025-11-06,3,6,11,3.1668197564906215,-0.6645973440782613,2.84311350365497,2.877159094781176,22.50400047302246,21.866000366210937,20.344000339508057
22.670000076293945,22.670000076293945,22.979999542236328,22.260000228881836,22.43000030517578,30905500,2025-11-07,4,7,11,3.176000489331258,1.0699945066999552,2.952701011287491,2.92998397773664,22.54800033569336,22.018000411987305,20.622500324249266
22.979999542236328,22.979999542236328,23.020000457763672,22.440000534057617,22.709999084472656,30461700,2025-11-10,0,10,11,2.5239335738020263,1.1889056303321357,2.9370750747392793,2.9067119841338878,22.686000061035156,22.2120002746582,20.88250026702881
23.049999237060547,23.049999237060547,23.190000534057617,22.760000228881836,22.950000762939453,18926700,2025-11-11,1,11,11,1.8655111471084678,0.4357231842997371,2.770353764289074,2.8312330128959147,22.77599983215332,22.41800022125244,21.13600025177002
22.190000534057617,22.190000534057617,23.049999237060547,22.110000610351562,23.0,25310100,2025-11-12,2,12,11,4.236136115752937,-3.5217368084451426,2.9936802164970615,2.823731315326106,22.661999893188476,22.503000259399414,21.32300024032593
22.139999389648438,22.139999389648438,22.5,21.8700008392334,22.1299991607666,31904200,2025-11-13,3,13,11,2.8455247431540482,0.04518856421632833,2.9294212138297473,2.8862673587423586,22.605999755859376,22.55500011444092,21.515500164031984
23.030000686645508,23.030000686645508,23.190000534057617,22.530000686645508,22.75,54192800,2025-11-14,4,14,11,2.8658264339298345,1.2307722489912432,2.867386402749463,2.9100437070184775,22.677999877929686,22.613000106811523,21.757500171661377
22.739999771118164,22.739999771118164,23.149999618530273,22.34000015258789,23.030000686645508,36814300,2025-11-17,0,17,11,3.562002964358666,-1.2592310329174574,3.0750002808607904,3.006037677800035,22.629999923706055,22.657999992370605,21.978500175476075
23.690000534057617,23.690000534057617,24.190000534057617,22.579999923706055,22.739999771118164,60510100,2025-11-18,1,18,11,6.7961189280556,4.177663907217973,4.061121837050218,3.415737800669646,22.75800018310547,22.767000007629395,22.146500205993654
23.09000015258789,23.09000015258789,24.010000228881836,22.790000915527344,23.649999618530273,47882200,2025-11-19,2,19,11,5.28366957683955,-2.36786247346749,4.2706285292675386,3.632154372882301,22.938000106811522,22.8,22.274500179290772
22.8799991607666,22.8799991607666,24.010000228881836,22.739999771118164,23.3799991607666,46807500,2025-11-20,3,20,11,5.550701505013167,-2.1385800596564506,4.8116638816393635,3.870542547734556,23.086000061035158,22.845999908447265,22.3560001373291
23.170000076293945,23.170000076293945,23.579999923706055,22.8799991607666,23.0,38256200,2025-11-21,4,21,11,3.0211513190958033,0.7391307664954144,4.842728858672557,3.85505763071101,23.113999938964845,22.895999908447266,22.457000160217284
22.860000610351562,22.860000610351562,23.31999969482422,22.6200008392334,22.950000762939453,50601200,2025-11-24,0,24,11,3.062112147424195,-0.3921575145793736,4.742750695285663,3.908875488073227,23.138000106811525,22.88400001525879,22.548000144958497
22.959999084472656,22.959999084472656,23.579999923706055,22.59000015258789,22.850000381469727,31113400,2025-11-25,1,25,11,4.311845864957718,0.4813947534641332,4.2458960826660865,4.1535089598581525,22.99199981689453,22.875,22.64650011062622
23.8799991607666,23.8799991607666,23.90999984741211,23.170000076293945,23.170000076293945,40581600,2025-11-26,2,26,11,3.09882662112459,3.064303332476385,3.8089274915230944,4.039778010395317,23.149999618530273,23.043999862670898,22.773500061035158
24.0,24.0,24.200000762939453,23.649999618530273,23.799999237060547,19985500,2025-11-28,4,28,11,2.291671435038249,0.8403393670198895,3.1571214775281105,3.9843926795837374,23.373999786376952,23.229999923706053,22.892500019073488
23.8700008392334,23.8700008392334,24.1200008392334,23.639999389648438,23.81999969482422,36016900,2025-12-01,0,1,12,2.010898335604652,0.2099124477320808,2.9550708808298802,3.8988998697512196,23.513999938964844,23.313999938964844,22.963500022888184
24.530000686645508,24.530000686645508,24.760000228881836,24.030000686645508,24.25,46583800,2025-12-02,1,2,12,2.975945869556174,1.1546420067855991,2.937837625256276,3.8402941602709695,23.84799995422363,23.493000030517578,23.075500011444092
24.56999969482422,24.56999969482422,24.739999771118164,24.100000381469727,24.239999771118164,22786500,2025-12-03,2,3,12,2.604800153022616,1.3613858367245033,2.596428482869256,3.4211622827676713,24.170000076293945,23.58099994659424,23.173999977111816
24.540000915527344,24.540000915527344,24.56999969482422,24.049999237060547,24.170000076293945,38315600,2025-12-04,3,4,12,2.118991191376235,1.5308268020913127,2.400461396919585,3.10469444422134,24.302000427246092,23.726000022888183,23.263000011444092
26.079999923706055,26.079999923706055,26.100000381469727,24.979999542236328,25.450000762939453,198872300,2025-12-05,4,5,12,4.294481758089831,2.4754386714361623,2.8010234615299012,2.9790724695290063,24.718000411987305,24.04600009918213,23.446000003814696
27.229999542236328,27.229999542236328,28.170000076293945,26.84000015258789,27.639999389648438,167058200,2025-12-08,0,8,12,4.884318567993723,-1.4833569336678785,3.3757075080077152,3.165389194418798,25.39000015258789,24.452000045776366,23.673999977111816
28.260000228881836,28.260000228881836,28.34000015258789,27.3700008392334,27.459999084472656,106789400,2025-12-09,1,9,12,3.4324108474816954,2.913332742467362,3.46700050359282,3.202419064424548,26.136000061035155,24.992000007629393,23.938000011444093
29.530000686645508,29.530000686645508,29.809999465942383,28.860000610351562,28.979999542236328,103651300,2025-12-10,2,10,12,3.2170634388791015,1.8978645724531202,3.589453160764117,3.0929408218166867,27.128000259399414,25.64900016784668,24.26200008392334
29.489999771118164,29.489999771118164,29.719999313354492,29.350000381469727,29.440000534057617,43468400,2025-12-11,3,11,12,1.254658985271116,0.16983436193455684,3.416586719543093,2.908524058231339,28.118000030517578,26.210000228881835,24.627000045776366
29.979999542236328,29.979999542236328,30.0,29.75,29.8799991607666,45678400,2025-12-12,4,12,12,0.8338892722389665,0.3346733074913545,2.72446822237292,2.762745841951411,28.897999954223632,26.80800018310547,25.01900005340576
29.709999084472656,29.709999084472656,29.920000076293945,29.5,29.84000015258789,53940500,2025-12-15,0,15,12,1.4136657328725737,-0.4356604137080071,2.03033765534869,2.703022581678203,29.3939998626709,27.392000007629395,25.35299997329712
28.899999618530273,28.899999618530273,29.510000228881836,28.709999084472656,29.459999084472656,85661500,2025-12-16,1,16,12,2.7681700863976144,-1.9008807988644478,1.8974895031318741,2.6822450033623473,29.521999740600585,27.82899990081787,25.660999965667724
28.209999084472656,28.209999084472656,28.850000381469727,28.190000534057617,28.549999237060547,70350800,2025-12-17,2,17,12,2.3395954230122125,-1.190893736160031,1.7219958999584961,2.655724530361307,29.257999420166016,28.192999839782715,25.886999893188477
27.610000610351562,27.610000610351562,28.3799991607666,27.40999984741211,28.350000381469727,67719600,2025-12-18,3,18,12,3.513217283272422,-2.610228434430098,2.1737075595587574,2.7951471395509255,28.881999588012697,28.499999809265137,26.11299991607666
27.770000457763672,27.770000457763672,28.5,27.579999923706055,27.799999237060547,136466100,2025-12-19,4,19,12,3.3129278398579953,-0.10790928100776072,2.6695152730825633,2.696991747727742,28.439999771118163,28.668999862670898,26.357499980926512
28.75,28.75,28.979999542236328,28.469999313354492,28.850000381469727,45999500,2025-12-22,0,22,12,1.7739138395889946,-0.3466217682754574,2.7415648944258475,2.3859512748872693,28.247999954223634,28.820999908447266,26.636499977111818
29.149999618530273,29.149999618530273,29.270000457763672,28.729999542236328,28.760000228881836,49960500,2025-12-23,1,23,12,1.8524903004941113,1.3560479365253482,2.558428937245147,2.227959220188511,28.297999954223634,28.90999984741211,26.95099992752075
29.229999542236328,29.229999542236328,29.329999923706055,29.0,29.0,17273100,2025-12-24,2,24,12,1.128976835012318,0.7931018697804418,2.316305219645168,2.0191505598018322,28.502000045776366,28.879999732971193,27.264499950408936
28.799999237060547,28.799999237060547,28.93000030517578,28.6200008392334,28.6299991607666,26961300,2025-12-26,4,26,12,1.0763870630366819,0.5937830292601146,1.8289391755980198,2.001323367578389,28.739999771118164,28.81099967956543,27.510499954223633
28.790000915527344,28.790000915527344,29.100000381469727,28.700000762939453,28.799999237060547,21392000,2025-12-29,0,29,12,1.3893699402925035,-0.03471639513218125,1.4442275956849215,2.0568714343837424,28.9439998626709,28.69199981689453,27.75
28.940000534057617,28.940000534057617,29.030000686645508,28.709999084472656,28.719999313354492,17728400,2025-12-30,1,30,12,1.105741521311523,0.7660209817652286,1.3105931320294273,2.026079013227638,28.981999969482423,28.614999961853027,28.00349998474121
28.81999969482422,28.81999969482422,28.959999084472656,28.719999313354492,28.770000457763672,11944500,2025-12-31,2,31,12,0.8327542458692864,0.17378948997219926,1.1066459211044621,1.8325374291748049,28.915999984741212,28.606999969482423,28.217999935150146
28.510000228881836,28.510000228881836,28.850000381469727,28.40999984741211,28.790000915527344,27761700,2026-01-02,4,2,1,1.5433199948272116,-0.9725622707239815,1.189514553067441,1.7529098863563046,28.772000122070313,28.63700008392334,28.414999961853027
28.530000686645508,28.530000686645508,28.920000076293945,28.440000534057617,28.559999465942383,26514000,2026-01-05,0,5,1,1.6824378923376935,-0.10503774460026986,1.3107247189276432,1.569831947262832,28.718000411987305,28.729000091552734,28.614499950408934
28.469999313354492,28.469999313354492,28.579999923706055,28.350000381469727,28.5,18278600,2026-01-06,1,6,1,0.8078663427590659,-0.10526556717722041,1.1944239994209558,1.3193257975529389,28.654000091552735,28.798999977111816,28.733999919891357
28.59000015258789,28.59000015258789,28.770000457763672,28.219999313354492,28.290000915527344,24586600,2026-01-07,2,7,1,1.9237535553472007,1.0604426558922035,1.3580264062280913,1.3343097691287595,28.584000015258788,28.782999992370605,28.801999950408934
28.31999969482422,28.31999969482422,28.510000228881836,28.049999237060547,28.459999084472656,22673300,2026-01-08,3,8,1,1.6242973050079486,-0.49191635331014133,1.5163350180558237,1.3114904695801433,28.48400001525879,28.7,28.804999923706056
28.889999389648438,28.889999389648438,29.040000915527344,28.290000915527344,28.31999969482422,37766600,2026-01-09,4,9,1,2.59605405276932,2.0127108084976157,1.7268818296442454,1.4581981913558435,28.559999847412108,28.665999984741212,28.772999858856203
28.399999618530273,28.399999618530273,28.68000030517578,28.25,28.479999542236328,21925100,2026-01-12,0,12,1,1.5140856019421107,-0.28089861303337954,1.6932113715651291,1.5019680452463864,28.533999633789062,28.626000022888185,28.718499851226806
28.860000610351562,28.860000610351562,29.5,28.260000228881836,28.299999237060547,31100500,2026-01-13,1,13,1,4.296603412660353,1.978803492537414,2.3909587855453864,1.7926913924831713,28.611999893188475,28.632999992370607,28.66249990463257
28.6299991607666,28.6299991607666,29.200000762939453,28.579999923706055,29.010000228881836,29096000,2026-01-14,2,14,1,2.1655635955554713,-1.3098968118480472,2.4393207935870405,1.8986735999075663,28.61999969482422,28.601999855041505,28.608499908447264
28.489999771118164,28.489999771118164,28.850000381469727,28.399999618530273,28.709999084472656,23194400,2026-01-15,3,15,1,1.579504270111097,-0.7662811576802706,2.4303621866076703,1.9733486023317475,28.653999710083006,28.5689998626709,28.58799991607666
28.579999923706055,28.579999923706055,28.780000686645508,28.5,28.639999389648438,27279500,2026-01-16,4,16,1,0.9797084933273831,-0.209495346442182,2.107093074719283,1.9169874521817643,28.591999816894532,28.57599983215332,28.60649995803833
28.239999771118164,28.239999771118164,28.84000015258789,28.06999969482422,28.479999542236328,31171900,2026-01-20,1,20,1,2.7266305382593266,-0.8426958391001386,2.3496020619827256,2.0214067167739276,28.559999847412108,28.546999740600587,28.63799991607666
28.530000686645508,28.530000686645508,28.719999313354492,28.200000762939453,28.31999969482422,22104000,2026-01-21,2,21,1,1.822637707325549,0.7415289339133326,1.8548089209157652,2.122883853230576,28.493999862670897,28.552999877929686,28.675999927520753
28.360000610351562,28.360000610351562,28.700000762939453,28.329999923706055,28.5,11295200,2026-01-22,3,22,1,1.3046573740141107,-0.4912259285910088,1.682627676607493,2.060974235097267,28.440000152587892,28.529999923706054,28.65649995803833
28.579999923706055,28.579999923706055,28.610000610351562,28.25,28.260000228881836,19188000,2026-01-23,4,23,1,1.259624252318333,1.1323414445594298,1.6186516730489402,2.024506929828305,28.45800018310547,28.555999946594238,28.62799997329712
28.239999771118164,28.239999771118164,28.520000457763672,28.200000762939453,28.459999084472656,18891800,2026-01-26,0,26,1,1.1331434044538888,-0.773012369752747,1.6493386552742415,1.8782158649967624,28.39000015258789,28.49099998474121,28.57849998474121
28.06999969482422,28.06999969482422,28.309999465942383,28.059999465942383,28.25,21571900,2026-01-27,1,27,1,0.8906305761239359,-0.6371692218611726,1.2821386628471632,1.815870362414945,28.3560001373291,28.457999992370606,28.542000007629394
27.979999542236328,27.979999542236328,28.280000686645508,27.920000076293945,28.09000015258789,17167000,2026-01-28,2,28,1,1.2866355119417887,-0.39160060432192023,1.1749382237704111,1.5148735723430886,28.245999908447267,28.369999885559082,28.501499938964844
27.600000381469727,27.600000381469727,28.25,27.559999465942383,28.190000534057617,29227200,2026-01-29,3,29,1,2.500001900437923,-2.0929412607675713,1.4140071290551735,1.5483174028313336,28.0939998626709,28.267000007629395,28.43449993133545
27.540000915527344,27.540000915527344,27.790000915527344,27.360000610351562,27.549999237060547,24238600,2026-01-30,4,30,1,1.5613663430684293,-0.0362915492199117,1.4743555472051928,1.5465036101270666,27.886000061035155,28.172000122070312,28.370499992370604
27.520000457763672,27.520000457763672,27.8700008392334,27.489999771118164,27.520000457763672,20979200,2026-02-02,0,2,2,1.3808178117527328,0.0,1.5238904286649615,1.5866145419696016,27.74200019836426,28.066000175476074,28.321000003814696
27.190000534057617,27.190000534057617,27.6200008392334,27.020000457763672,27.510000228881836,17516100,2026-02-03,1,3,2,2.206694997001485,-1.1632122579492445,1.7871033128404712,1.5346209878438177,27.566000366210936,27.96100025177002,28.253999996185303
27.030000686645508,27.030000686645508,27.260000228881836,26.860000610351562,27.200000762939453,27564700,2026-02-04,2,4,2,1.4798357690308828,-0.6250002629616608,1.8257433642582899,1.500340794014351,27.376000595092773,27.811000251770018,28.182000064849852
26.760000228881836,26.760000228881836,27.1200008392334,26.610000610351562,27.059999465942383,29457400,2026-02-05,3,5,2,1.9058304354250235,-1.108644652554871,1.7069090712557102,1.5604581001554423,27.208000564575194,27.651000213623046,28.09050006866455
27.360000610351562,27.360000610351562,27.479999542236328,26.850000381469727,26.899999618530273,33623700,2026-02-06,4,6,2,2.302628460206406,1.7100408860393208,1.8551614946833055,1.6647585209442497,27.17200050354004,27.529000282287598,28.04250011444092
27.209999084472656,27.209999084472656,27.420000076293945,27.049999237060547,27.34000015258789,16493500,2026-02-09,0,9,2,1.3597973233469856,-0.4754976861363661,1.8509573970021562,1.6874239128335593,27.110000228881837,27.42600021362305,27.958500099182128
27.799999237060547,27.799999237060547,27.969999313354492,27.450000762939453,27.68000030517578,35199000,2026-02-10,1,10,2,1.870498434121617,0.4335221479832407,1.7837180844261826,1.7854106986333274,27.231999969482423,27.39900016784668,27.92850008010864
27.989999771118164,27.989999771118164,28.280000686645508,27.829999923706055,28.010000228881836,22491600,2026-02-11,2,11,2,1.6077197807046504,-0.07140470403512844,1.8092948867609362,1.8175191255096135,27.423999786376953,27.400000190734865,27.885000038146973
