Adj Close,Close,High,Low,Open,Volume,date,day_of_week,day,month,hl_pct,oc_pct,volatility_5d,volatility_10d,ma_5,ma_10,ma_20
WMT,WMT,WMT,WMT,WMT,WMT,,,,,,,,,,,
59.37321090698242,60.65999984741211,60.709999084472656,59.869998931884766,60.099998474121094,14154000,2024-03-11,0,11,3,1.3847678119038553,0.9317826747236122,1.1431669916524743,1.1755165669312544,60.35,59.7629997253418,58.66516666412353
60.1072998046875,61.40999984741211,61.56999969482422,60.650001525878906,60.95000076293945,16613100,2024-03-12,1,12,3,1.4981243628582785,0.7547154695892275,1.189627870238695,1.2279975692730876,60.623999786376956,59.94499969482422,58.89733333587647
59.980064392089844,61.279998779296875,61.459999084472656,60.880001068115234,61.2599983215332,15935200,2024-03-13,2,13,3,0.9464719776616105,0.0326484791244952,1.1874089689971414,1.2471672500476259,60.76599960327148,60.11099967956543,59.14233322143555
59.928985595703125,61.02000045776367,61.439998626708984,60.599998474121094,61.279998779296875,16584700,2024-03-14,3,14,3,1.3765980765098733,-0.42427925377348763,1.2241595937681098,1.2312693855425834,60.8979995727539,60.35199966430664,59.38333320617676
59.59506607055664,60.68000030517578,61.150001525878906,60.459999084472656,60.68000030517578,50946300,2024-03-15,4,15,3,1.1371167401714652,0.0,1.2686157938210165,1.2343619768931735,61.00999984741211,60.5439998626709,59.595833206176756
59.7718505859375,60.86000061035156,60.900001525878906,60.38999938964844,60.689998626708984,16801700,2024-03-18,0,18,3,0.8379923284846689,0.2801153196397704,1.1592606971371793,1.1512138443948268,61.05,60.7,59.799499893188475
59.78166580200195,60.869998931884766,61.06999969482422,60.599998474121094,60.970001220703125,12353600,2024-03-19,1,19,3,0.7721393608517548,-0.16401884011181936,1.0140636967358747,1.1018457834872848,60.94199981689453,60.78299980163574,59.91199989318848
60.154876708984375,61.25,61.279998779296875,60.7400016784668,60.84000015258789,12007600,2024-03-20,2,20,3,0.8816279197225765,0.6738984983297532,1.0010948851480677,1.0942519270726048,60.93600006103516,60.85099983215332,60.07949981689453
60.35129928588867,61.45000076293945,61.65999984741211,61.04999923706055,61.279998779296875,14265900,2024-03-21,3,21,3,0.9926779540732802,0.2774183861439834,0.9243108606607491,1.0742352272144293,61.02200012207031,60.95999984741211,60.228499794006346
59.78166580200195,60.869998931884766,61.529998779296875,60.849998474121094,61.31999969482422,14029400,2024-03-22,4,22,3,1.1171353985675614,-0.7338564337557163,0.9203145923399683,1.0944651930804925,61.05999984741211,61.03499984741211,60.3459997177124
59.487030029296875,60.56999969482422,60.9900016784668,60.36000061035156,60.869998931884766,14186600,2024-03-25,0,25,3,1.0401206394080085,-0.4928523777308661,0.9607402545246362,1.060000475830908,61.00199966430664,61.02599983215332,60.39449977874756
59.4281005859375,60.5099983215332,60.83000183105469,60.22999954223633,60.459999084472656,13738300,2024-03-26,1,26,3,0.9915754511016759,0.08269804468685096,1.0046274725746205,1.0093455846552475,60.92999954223633,60.93599967956543,60.44049968719482
59.63434982299805,60.720001220703125,61.04999923706055,60.380001068115234,60.869998931884766,14363400,2024-03-27,2,27,3,1.1034225221933454,-0.24642305538643472,1.0489863930687742,1.025040639108421,60.82399978637695,60.87999992370605,60.495499801635745
59.094181060791016,60.16999816894531,60.77000045776367,60.15999984741211,60.65999984741211,17535100,2024-03-28,3,28,3,1.0137952948557567,-0.8077838438829166,1.0532098612252696,0.9887603609430092,60.567999267578124,60.79499969482422,60.57349967956543
58.927223205566406,60.0,60.7599983215332,59.93000030517578,60.310001373291016,13837600,2024-04-01,0,1,4,1.3833300272623699,-0.5140132088080226,1.1064487869642314,1.0133816896521,60.39399948120117,60.72699966430664,60.63549976348877
58.102237701416016,59.15999984741211,60.099998474121094,58.880001068115234,59.900001525878906,19510100,2024-04-02,1,2,4,2.0621998126310452,-1.2353950911789044,1.3108646216088384,1.1358024380667375,60.11199951171875,60.556999588012694,60.628499794006345
58.36741638183594,59.43000030517578,59.5,58.939998626708984,59.380001068115234,14615100,2024-04-03,2,3,4,0.9422873471569625,0.08420214914309682,1.301007000819896,1.1528172366972584,59.895999908447266,60.4129997253418,60.59799976348877
58.43616485595703,59.5,59.810001373291016,59.290000915527344,59.540000915527344,14436100,2024-04-04,3,4,4,0.8739503491826417,-0.06718326320500942,1.2551125662177551,1.1520494796432648,59.65199966430664,60.237999725341794,60.54449977874756
58.779903411865234,59.849998474121094,60.040000915527344,59.4900016784668,59.54999923706055,10335900,2024-04-05,4,5,4,0.9189628255351826,0.5037770628111853,1.2361460723536404,1.1446779667894549,59.587999725341795,60.07799949645996,60.51899967193604
58.711151123046875,59.779998779296875,60.040000915527344,59.41999816894531,59.599998474121094,11070100,2024-04-08,0,8,4,1.0371407816032807,0.30201394259085285,1.1669082232218224,1.1366785050930268,59.54399948120117,59.96899948120117,60.50199966430664
58.72097396850586,59.790000915527344,59.970001220703125,59.29999923706055,59.869998931884766,10013500,2024-04-09,1,9,4,1.1205920277358281,-0.133619538641444,0.9785866662427791,1.1447256439258087,59.66999969482422,59.89099960327148,60.4584997177124
59.5361328125,60.619998931884766,60.7599983215332,59.38999938964844,59.619998931884766,15097600,2024-04-10,2,10,4,2.2599784823885516,1.677289530217016,1.242124893289097,1.2715659470544964,59.907999420166014,59.90199966430664,60.418999671936035
59.01560974121094,60.09000015258789,60.88999938964844,60.06999969482422,60.75,10987600,2024-04-11,3,11,4,1.3646192257313614,-1.0864195019129372,1.340258668598841,1.297685617408298,60.02599945068359,59.838999557495114,60.35949974060058
59.064720153808594,60.13999938964844,60.720001220703125,59.95000076293945,60.0,12280600,2024-04-12,4,12,4,1.2803466338182368,0.23333231608072916,1.4125354302554516,1.3243407513045462,60.08399963378906,59.83599967956543,60.31549968719482
58.85847091674805,59.93000030517578,60.70000076293945,59.90999984741211,60.5099983215332,10557200,2024-04-15,0,15,4,1.318206092949271,-0.9585160013977767,1.4687484925246497,1.3178283578732362,60.113999938964845,59.82899971008301,60.27799968719482
58.770084381103516,59.84000015258789,60.290000915527344,59.779998779296875,60.029998779296875,14726300,2024-04-16,1,16,4,0.8522762950033396,-0.31650613122203003,1.4150853459781518,1.1968360061104657,60.123999786376956,59.896999740600585,60.22699966430664
58.58348083496094,59.650001525878906,60.43000030517578,59.56999969482422,60.150001525878906,15329700,2024-04-17,2,17,4,1.4417444901128038,-0.8312551742577766,1.2514385475230025,1.2467817204060496,59.93000030517578,59.9189998626709,60.165999794006346
58.20045852661133,59.2599983215332,59.939998626708984,59.220001220703125,59.83000183105469,12061500,2024-04-18,3,18,4,1.2149804697922766,-0.952705151390493,1.2215107963351854,1.2808847324670132,59.763999938964844,59.89499969482422,60.06649971008301
58.46562957763672,59.529998779296875,59.66999816894531,58.970001220703125,59.45000076293945,14165800,2024-04-19,4,19,4,1.1758726064103833,0.13456352452612894,1.2006159908536147,1.3065757105545335,59.64199981689453,59.862999725341794,59.97049961090088
59.064720153808594,60.13999938964844,60.400001525878906,59.040000915527344,59.560001373291016,14910000,2024-04-22,0,22,4,2.261391127625538,0.973804571833867,1.3892529977888681,1.429000745156759,59.683999633789064,59.898999786376955,59.933999633789064
58.03349304199219,59.09000015258789,60.349998474121094,58.560001373291016,60.25,17963900,2024-04-23,1,23,4,3.0292724593125318,-1.9253109500615924,1.8246522306507067,1.6198687883144296,59.533999633789065,59.82899971008301,59.859999656677246
58.79954528808594,59.869998931884766,60.040000915527344,58.810001373291016,58.97999954223633,18529100,2024-04-24,2,24,4,2.0544505832307127,1.5089850738488013,1.9471934492742886,1.5993159983986456,59.577999114990234,59.75399971008301,59.827999687194826
59.13346862792969,60.209999084472656,60.529998779296875,59.83000183105469,60.04999923706055,19263000,2024-04-25,3,25,4,1.1625925243083208,0.26644437875923177,1.9367158601774974,1.5791133282563412,59.767999267578126,59.76599960327148,59.8024995803833
59.0843620300293,60.15999984741211,60.38999938964844,60.0,60.11000061035156,11045200,2024-04-26,4,26,4,0.6482702636928515,0.08317956505216952,1.831195391633991,1.515905691243803,59.89399948120117,59.76799964904785,59.80199966430664
59.162933349609375,60.2400016784668,60.38999938964844,59.939998626708984,60.18000030517578,9785100,2024-04-29,0,29,4,0.7470131978769665,0.09970317877491804,1.5283198056842768,1.4587864017365724,59.91399993896484,59.79899978637695,59.81399974822998
58.28884506225586,59.349998474121094,60.29999923706055,59.15999984741211,60.20000076293945,14209200,2024-04-30,1,30,4,1.920807782573948,-1.4119639170198166,1.30662687033656,1.5656395504936333,59.965999603271484,59.749999618530275,59.82349967956543
57.79777908325195,58.849998474121094,59.40999984741211,58.720001220703125,59.310001373291016,15464300,2024-05-01,2,1,5,1.1724700842811522,-0.77559077477458,1.130230770546648,1.5387121099104681,59.76199951171875,59.669999313354495,59.7944995880127
58.64241027832031,59.709999084472656,59.88999938964844,58.58000183105469,58.939998626708984,17574100,2024-05-02,3,2,5,2.193933308792178,1.3064141087623675,1.3364989274434191,1.6366073938104582,59.66199951171875,59.71499938964844,59.80499954223633
58.75043869018555,59.81999969482422,59.97999954223633,59.13999938964844,59.619998931884766,14207400,2024-05-03,4,3,5,1.4042129001558146,0.33545918571376016,1.487687454736012,1.6594414231850014,59.59399948120117,59.74399948120117,59.80349960327148
58.79954528808594,59.869998931884766,60.0,59.38999938964844,60.0,11119400,2024-05-06,0,6,5,1.0188752651316593,-0.21666844685872397,1.5420598681869504,1.5351898369356136,59.519998931884764,59.7169994354248,59.80799961090088
59.5361328125,60.619998931884766,60.79999923706055,60.04999923706055,60.16999816894531,14520200,2024-05-07,1,7,5,1.237215462248246,0.7478822945547398,1.40534140412181,1.355984137229185,59.7739990234375,59.86999931335449,59.84949951171875
59.221858978271484,60.29999923706055,60.849998474121094,60.220001220703125,60.630001068115234,11015700,2024-05-08,2,8,5,1.0447715777594415,-0.5442880178806931,1.3798017028174678,1.2550162366820579,60.06399917602539,59.91299934387207,59.83349952697754
59.5648193359375,60.439998626708984,60.58000183105469,59.95000076293945,60.20000076293945,14550500,2024-05-09,3,9,5,1.0423578465086716,0.3986675427374407,1.1494866103607664,1.242992768902093,60.209999084472656,59.9359992980957,59.850999450683595
59.60424041748047,60.47999954223633,60.58000183105469,60.15999984741211,60.40999984741211,12356600,2024-05-10,4,10,5,0.6944477295329159,0.1158743502748369,1.0075335762361868,1.2476105154860992,60.34199905395508,59.96799926757812,59.86799945831299
59.53525161743164,60.40999984741211,61.349998474121094,60.290000915527344,60.619998931884766,19260500,2024-05-13,0,13,5,1.7546723411209528,-0.34641881915672784,1.1546929914340456,1.3483764298104979,60.449999237060545,59.984999084472655,59.89199943542481
58.993221282958984,59.86000061035156,60.54999923706055,59.439998626708984,60.52000045776367,18780100,2024-05-14,1,14,5,1.854327763170137,-1.0905483186053788,1.2781154516184237,1.341728427870117,60.29799957275391,60.0359992980957,59.892999458312985
58.96365737915039,59.83000183105469,59.939998626708984,59.470001220703125,59.83000183105469,22240600,2024-05-15,2,15,5,0.7855547244224014,0.0,1.2262720809510157,1.3030368918842419,60.204000091552736,60.13399963378906,59.90199947357178
63.083133697509766,64.01000213623047,64.41999816894531,62.939998626708984,64.22000122070312,60545600,2024-05-16,3,16,5,2.3121379360158305,-0.32699950246179244,1.4802280988524477,1.314857354606607,60.91800079345703,60.56399993896484,60.13949966430664
63.713863372802734,64.6500015258789,64.87999725341797,63.630001068115234,64.23999786376953,29330400,2024-05-17,4,17,5,1.9334820662028451,0.6382373532745887,1.7280349661864336,1.3677842712113102,61.752001190185545,61.047000122070315,60.395499801635744
63.25066375732422,64.18000030517578,64.76000213623047,63.869998931884766,64.41999816894531,15001400,2024-05-20,0,20,5,1.3867298225517912,-0.3725518016006807,1.6544464624726012,1.4045697269533233,62.50600128173828,61.478000259399415,60.59749984741211
64.20661926269531,65.1500015258789,65.19000244140625,64.44999694824219,64.52999877929688,17131700,2024-05-21,1,21,5,1.1358487733421117,0.960797703874971,1.5107506645069961,1.3944330580627098,63.56400146484375,61.931000518798825,60.90049991607666
64.30517578125,65.25,65.69000244140625,64.7300033569336,64.9800033569336,14879400,2024-05-22,2,22,5,1.4712629647090518,0.41550727780563684,1.647892312564326,1.4370821967576708,64.64800109863282,62.42600059509277,61.16949996948242
63.90109634399414,64.83999633789062,65.5199966430664,64.55999755859375,65.16999816894531,16222900,2024-05-23,3,23,5,1.4805662225364138,-0.5063707846042865,1.4815779698684428,1.480903034360445,64.81399993896484,62.86600036621094,61.40099983215332
64.43328094482422,65.37999725341797,65.69000244140625,65.01000213623047,65.12999725341797,11795000,2024-05-24,4,24,5,1.0400739274124575,0.38384770542406277,1.3028963421103652,1.515465654148399,64.95999908447266,63.356000137329104,61.66199970245361
64.09822082519531,65.04000091552734,65.47000122070312,64.73999786376953,65.22000122070312,13349600,2024-05-28,1,28,5,1.122391369400052,-0.2759894231934525,1.2500286514800174,1.4522375569763093,65.13199920654297,63.819000244140625,61.90199966430664
63.979942321777344,64.91999816894531,65.20999908447266,64.6500015258789,64.75,11538600,2024-05-29,2,29,5,0.8625963869198422,0.2625454346645753,1.1953781741955636,1.3530644193512795,65.08599853515625,64.325,62.18049964904785
63.95039367675781,64.88999938964844,65.16999816894531,64.7699966430664,64.93000030517578,13051900,2024-05-30,3,30,5,0.616430158177373,-0.061606214907340986,1.0244116128892276,1.336151962726777,65.01399841308594,64.83099975585938,62.48249969482422
64.80778503417969,65.76000213623047,65.9000015258789,64.16000366210938,64.66999816894531,27632200,2024-05-31,4,31,5,2.645982066978796,1.6854863122735926,1.257494781777704,1.3695363758230734,65.1979995727539,65.00599975585938,62.78499984741211
64.8669204711914,65.81999969482422,65.83999633789062,65.16000366210938,65.51000213623047,11578700,2024-06-03,0,3,6,1.0331095091675024,0.47320645471679057,1.256101898128713,1.2794991201195391,65.28600006103515,65.12299957275391,63.08499984741211
65.63562774658203,66.5999984741211,66.63999938964844,65.83000183105469,65.98999786376953,14780800,2024-06-04,1,4,6,1.2162125783058275,0.9243834370336765,1.2748661399098682,1.262447395694943,65.5979995727539,65.36499938964843,63.42149982452393
66.11851501464844,67.08999633789062,67.1500015258789,66.27999877929688,66.56999969482422,14982700,2024-06-05,2,5,6,1.2967697034895753,0.7811276031999677,1.361700803223815,1.2785394887096893,66.03199920654296,65.5589988708496,63.744999694824216
66.17765808105469,67.1500015258789,67.44000244140625,66.7699966430664,67.05999755859375,13256000,2024-06-06,3,6,6,0.9977748073194466,0.13421409269589546,1.4379697330522296,1.2311906729707287,66.48399963378907,65.7489990234375,64.08749980926514
64.92605590820312,65.87999725341797,67.56999969482422,65.63999938964844,67.4000015258789,20213200,2024-06-07,4,7,6,2.929569498541,-2.2551991662452955,1.4946872193646703,1.3760910005711873,66.50799865722657,65.85299911499024,64.35949974060058
65.99040985107422,66.95999908447266,67.33000183105469,66.2699966430664,67.19000244140625,21659500,2024-06-10,0,10,6,1.583042417087018,-0.34231782791520304,1.6046738009485737,1.4303878495386433,66.73599853515626,66.0109992980957,64.68349971771241
65.76374816894531,66.7300033569336,66.95999908447266,66.3499984741211,66.94999694824219,13367500,2024-06-11,1,11,6,0.9141324436756233,-0.32859387802312634,1.5442577740225325,1.4095619569662003,66.76199951171876,66.17999954223633,64.99949989318847
65.34982299804688,66.30999755859375,66.94000244140625,65.9000015258789,66.8499984741211,11704700,2024-06-12,2,12,6,1.5683923296911058,-0.8077799967884642,1.5985822992628385,1.4801415512433267,66.60599975585937,66.31899948120117,65.32199974060059
65.73416900634766,66.69999694824219,66.76000213623047,65.94999694824219,66.30000305175781,11196600,2024-06-13,3,13,6,1.214400637254644,0.6033090167011236,1.6419074652498782,1.539938599151054,66.51599884033203,66.49999923706055,65.66549949645996
66.0495376586914,67.0199966430664,67.11000061035156,66.30000305175781,66.54000091552734,12590100,2024-06-14,4,14,6,1.2085908671521082,0.7213641733314943,1.2977117389720998,1.396199479168385,66.74399871826172,66.62599868774414,65.81599922180176
66.4437484741211,67.41999816894531,67.44000244140625,66.41000366210938,66.91999816894531,12103000,2024-06-17,0,17,6,1.5277348075801465,0.7471608094454917,1.2866502170707255,1.4456620090096495,66.83599853515625,66.78599853515625,65.95449905395508
66.62113952636719,67.5999984741211,67.87000274658203,67.30000305175781,67.62999725341797,12093500,2024-06-18,1,18,6,0.8431948338614657,-0.044357209101259995,1.272462695107894,1.4083602345652133,67.00999755859375,66.88599853515625,66.12549896240235
67.02520751953125,68.01000213623047,68.12999725341797,67.30000305175781,67.3499984741211,13860800,2024-06-20,3,20,6,1.220400199367145,0.9799609162025121,1.2028642690431017,1.4007232841529702,67.3499984741211,66.97799911499024,66.26849899291992
66.92665100097656,67.91000366210938,68.55000305175781,67.83000183105469,68.26000213623047,25883000,2024-06-21,4,21,6,1.0602285110828997,-0.5127431338525031,1.172029843808753,1.4069686545293156,67.59199981689453,67.05399932861329,66.4014991760254
67.90231323242188,68.9000015258789,69.04000091552734,67.9000015258789,68.05000305175781,12470400,2024-06-24,0,24,6,1.6545709207571682,1.2490792593713738,1.261225854529765,1.2794687967509324,67.96800079345704,67.35599975585937,66.6044994354248
66.4437484741211,67.41999816894531,67.58999633789062,66.55000305175781,67.16999816894531,20869200,2024-06-25,1,25,6,1.5425590542538006,0.3721899759044246,1.264190703864496,1.2754204604676107,67.96800079345704,67.40199966430664,66.70649948120118
67.30115509033203,68.29000091552734,68.5999984741211,67.20999908447266,67.4000015258789,14177500,2024-06-26,2,26,6,2.0354361854055685,1.3204738419875455,1.5026389741733164,1.3875508346406051,68.10600128173829,67.55799942016601,66.86899948120117
66.89708709716797,67.87999725341797,68.58000183105469,67.66999816894531,68.29000091552734,12899200,2024-06-27,3,27,6,1.3406065099148976,-0.6003860837789958,1.5266802362828666,1.3647722526629844,68.08000030517579,67.71499938964844,67.01699943542481
66.72954559326172,67.70999908447266,68.0999984741211,67.31999969482422,67.87000274658203,18816700,2024-06-28,4,28,6,1.1519698565108167,-0.2357501924772397,1.5450285053684503,1.3585291745886017,68.03999938964844,67.81599960327148,67.15799942016602
66.50289154052734,67.4800033569336,68.23999786376953,67.25,67.88999938964844,8666000,2024-07-01,0,1,7,1.46709812465919,-0.6039122645468135,1.5075339461488546,1.3843799003393098,67.75599975585938,67.8620002746582,67.24399948120117
67.08433532714844,68.06999969482422,68.08000183105469,67.26000213623047,67.44000244140625,9436500,2024-07-02,1,2,7,1.2046418370802026,0.9341595946194218,1.439950502714135,1.3520706032893153,67.88600006103516,67.9270004272461,67.35649948120117
67.25186920166016,68.23999786376953,68.25,67.62000274658203,67.80999755859375,6287500,2024-07-03,2,3,7,0.9232081962775843,0.6341252332360335,1.2175049048885382,1.3600719395309273,67.8759994506836,67.99100036621094,67.4384994506836
69.02581024169922,70.04000091552734,70.1500015258789,68.0999984741211,68.16000366210938,21586100,2024-07-05,4,5,7,2.9269032338109837,2.758211784637964,1.5347642496677554,1.5307222429753111,68.30800018310546,68.19400024414062,67.58599967956543
68.67102813720703,69.68000030517578,70.13999938964844,69.3499984741211,69.9000015258789,12077700,2024-07-08,0,8,7,1.1337556143332321,-0.3147370756804268,1.5311214012322385,1.5380749533003444,68.70200042724609,68.37099990844726,67.71249961853027
68.8878402709961,69.9000015258789,70.25,69.66999816894531,69.9000015258789,9758400,2024-07-09,1,9,7,0.829759396843439,0.0,1.4036536556690884,1.4555938009089715,69.18600006103516,68.47099990844727,67.91349983215332
69.39046478271484,70.41000366210938,70.44000244140625,69.72000122070312,70.0999984741211,10803400,2024-07-10,2,10,7,1.0225837001207094,0.44223280276208027,1.3672420282771898,1.4035962654956624,69.65400085449218,68.77000045776367,68.08600006103515
68.78929138183594,69.80000305175781,70.44999694824219,69.26000213623047,70.18000030517578,15624800,2024-07-11,3,11,7,1.704863552984831,-0.5414608888081522,1.523573099618639,1.3705390022535888,69.96600189208985,68.92100067138672,68.23950004577637
68.23738861083984,69.23999786376953,70.02999877929688,69.16999816894531,69.9000015258789,12145300,2024-07-12,4,12,7,1.2420575344956297,-0.9442112270412804,1.1866039597555682,1.360684104711662,69.80600128173828,69.05700073242187,68.38600006103516
68.60203552246094,69.61000061035156,69.97000122070312,69.30000305175781,69.30000305175781,10171100,2024-07-15,0,15,7,0.9625027482698778,0.44732690467881137,1.1523533865428974,1.341737393887568,69.79200134277343,69.24700088500977,68.53150024414063
68.97653198242188,69.98999786376953,70.23999786376953,69.58000183105469,69.81999969482422,9836800,2024-07-16,1,16,7,0.942986216401204,0.24348062115204294,1.1749987504544506,1.2893262030617696,69.81000061035157,69.49800033569336,68.68000030517578
70.0014877319336,71.02999877929688,71.0999984741211,69.94999694824219,70.18000030517578,13533800,2024-07-17,2,17,7,1.6190363869386653,1.2111690943643474,1.2942892878180416,1.3307656580476155,69.93399963378906,69.79400024414062,68.86050033569336
69.79451751708984,70.81999969482422,71.19000244140625,70.43000030517578,70.68000030517578,10682700,2024-07-18,3,18,7,1.073146200939637,0.19807497035082153,1.1679458174090027,1.3457594585138208,70.13799896240235,70.0520004272461,69.02150039672851
69.72553253173828,70.75,71.33000183105469,70.6500015258789,71.19999694824219,11665500,2024-07-19,4,19,7,0.9611311733933304,-0.6320182128228268,1.111760545188543,1.1491822524720556,70.43999938964843,70.12300033569336,69.15850028991699
69.36087799072266,70.37999725341797,71.26000213623047,70.2300033569336,70.86000061035156,12666100,2024-07-22,0,22,7,1.4634822669687637,-0.6773967722256449,1.21195644892832,1.1821549177356088,70.59399871826172,70.19300003051758,69.28199996948243
69.62698364257812,70.6500015258789,70.69999694824219,70.11000061035156,70.47000122070312,9263600,2024-07-23,1,23,7,0.8350974170531489,0.2554282702678592,1.1903786890587091,1.1826887197565799,70.72599945068359,70.26800003051758,69.36949996948242
69.57769775390625,70.5999984741211,70.83999633789062,70.33999633789062,70.5199966430664,22490800,2024-07-24,2,24,7,0.7082153127570936,0.11344559679946234,1.0082144742223949,1.1512518810202181,70.63999938964844,70.28699951171875,69.52849998474122
69.006103515625,70.0199966430664,70.7699966430664,69.94999694824219,70.5999984741211,18821200,2024-07-25,3,25,7,1.171093593454803,-0.821532356360165,1.027803952725428,1.0978748850672153,70.47999877929688,70.3089988708496,69.61499977111816
68.76957702636719,69.77999877929688,70.23999786376953,68.83000183105469,70.2300033569336,16789300,2024-07-26,4,26,7,2.02063063539803,-0.6407583029003104,1.2397038451263678,1.1757321951574553,70.28599853515625,70.36299896240234,69.7099998474121
68.61188507080078,69.62000274658203,69.9000015258789,69.12999725341797,69.8499984741211,10315300,2024-07-29,0,29,7,1.1060101150293915,-0.32927091276068415,1.1682094147384934,1.1900829318334067,70.13399963378906,70.36399917602539,69.80550003051758
68.18812561035156,69.19000244140625,69.8499984741211,68.9800033569336,69.55000305175781,12522500,2024-07-30,1,30,7,1.2574000382848054,-0.5176140827537516,1.2526699389848246,1.2215243140217669,69.84199981689453,70.28399963378907,69.89099998474121
67.64608764648438,68.63999938964844,69.25,68.29000091552734,69.18000030517578,22908800,2024-07-31,2,31,7,1.3986000772276133,-0.7805737397300112,1.3907468918789285,1.1994806830506617,69.45,70.04499969482421,69.91949996948242
68.7794418334961,69.79000091552734,69.80000305175781,68.5199966430664,68.91000366210938,17275500,2024-08-01,3,1,8,1.8340828082818121,1.2770239539282466,1.5233447348443305,1.2755743437848792,69.40400085449218,69.94199981689454,69.99700012207032
67.46868133544922,68.45999908447266,70.23999786376953,67.73999786376953,69.5999984741211,23578700,2024-08-02,4,2,8,3.6517675042841513,-1.637930193450099,1.8495721086215546,1.5446379768739613,69.14000091552734,69.7129997253418,69.91800003051758
66.61128997802734,67.58999633789062,68.58000183105469,66.91000366210938,68.0999984741211,20770500,2024-08-05,0,5,8,2.470777125947438,-0.7489018320966282,2.122525510805164,1.6453674627718287,68.73399963378907,69.43399963378906,69.81349983215333
66.75911712646484,67.73999786376953,68.62999725341797,67.68000030517578,67.83999633789062,14815100,2024-08-06,1,6,8,1.4024165606746934,-0.14740341910254745,2.1515288152831418,1.7020993771339832,68.44399871826172,69.14299926757812,69.70549964904785
65.9411392211914,66.91000366210938,68.01000213623047,66.80999755859375,67.87000274658203,18499200,2024-08-07,2,7,8,1.793460636613703,-1.4144674312997612,2.2305009271603593,1.810623909519644,68.0979995727539,68.77399978637695,69.53049964904785
66.6802749633789,67.66000366210938,67.91999816894531,66.66999816894531,66.83999633789062,12489800,2024-08-08,3,8,8,1.847472557409894,1.226821318291874,2.2331788769859755,1.878261805915153,67.67200012207032,68.53800048828126,69.42349967956542
66.96607208251953,67.94999694824219,68.22000122070312,67.33000183105469,67.8499984741211,13805600,2024-08-09,4,9,8,1.3097857683884135,0.14738168956515824,1.7647825298068285,1.8071773192141918,67.56999969482422,68.35500030517578,69.35899963378907
67.70520782470703,68.69999694824219,69.22000122070312,68.06999969482422,68.33999633789062,17385300,2024-08-12,0,12,8,1.6739469824799333,0.5267787966678054,1.6054165011133275,1.863971005959246,67.79199981689453,68.2629997253418,69.3134994506836
67.14346313476562,68.12999725341797,68.61000061035156,67.13999938964844,68.43000030517578,26557900,2024-08-13,1,13,8,2.157641684961873,-0.4384086664034713,1.7564615259707637,1.9539951706269527,67.86999969482422,68.15699920654296,69.22049942016602
67.6657943725586,68.66000366210938,68.79000091552734,67.8499984741211,67.91999816894531,22928600,2024-08-14,2,14,8,1.3690684405322842,1.0895251959862553,1.6715830867544796,1.9510420069574195,68.21999969482422,68.15899963378907,69.10199966430665
72.12034606933594,73.18000030517578,74.44000244140625,72.77999877929688,74.12000274658203,49567500,2024-08-15,3,15,8,2.2683843334064164,-1.268216954362697,1.755765441953784,1.9944721594698798,69.3239990234375,68.49799957275391,69.21999969482422
72.59275817871094,73.44999694824219,73.61000061035156,72.5199966430664,72.69999694824219,19872100,2024-08-16,4,16,8,1.484008185940765,1.0316369071293807,1.7906099254642545,1.7776962276355412,70.4239990234375,68.99699935913085,69.35499954223633
72.85961151123047,73.72000122070312,73.9800033569336,73.33999633789062,73.38999938964844,13709300,2024-08-19,0,19,8,0.868159262676779,0.44965503992255623,1.6294523815036235,1.6174344413084758,71.4279998779297,69.60999984741211,69.52199974060059
73.6700439453125,74.54000091552734,74.75,73.72000122070312,73.75,14434000,2024-08-20,1,20,8,1.3818067703864452,1.0711876820709745,1.4742853985885378,1.6153734622796505,72.71000061035156,70.2900001525879,69.71649971008301
74.36186981201172,75.23999786376953,75.58000183105469,74.58999633789062,75.30000305175781,14832000,2024-08-21,2,21,8,1.315796811898611,-0.07968816142947086,1.4636310728618034,1.5676070798081416,74.0259994506836,71.12299957275391,69.94849967956543
74.69790649414062,75.58000183105469,76.22000122070312,75.1500015258789,75.37000274658203,16511100,2024-08-22,3,22,8,1.4157180059561363,0.2786242229269118,1.2930978073717472,1.5244316246627658,74.50599975585938,71.91499938964844,70.22649993896485
74.8165054321289,75.69999694824219,75.80999755859375,75.01000213623047,75.5999984741211,12299100,2024-08-23,4,23,8,1.056797165936818,0.13227311658653615,1.207655603370958,1.4991327644176062,74.95599975585938,72.68999938964843,70.5224998474121
75.14265441894531,76.02999877929688,76.20999908447266,75.56999969482422,75.9000015258789,9508200,2024-08-26,0,26,8,0.84177219508612,0.17127437523653385,1.202378189852826,1.4159152856782249,75.41799926757812,73.42299957275391,70.84299964904785
75.24149322509766,76.12999725341797,76.44999694824219,75.7699966430664,76.44999694824219,11557800,2024-08-27,1,27,8,0.8932094177177337,-0.4185738490491549,1.1046587193190838,1.289472058953811,75.73599853515626,74.2229995727539,71.18999938964843
75.19207000732422,76.08000183105469,76.43000030517578,75.80999755859375,76.27999877929688,9814300,2024-08-28,2,28,8,0.8149352414039449,-0.26218792795322987,1.0044864052201505,1.2340587390409767,75.90399932861328,74.96499938964844,71.56199951171875
75.5280990600586,76.41999816894531,76.47000122070312,75.66999816894531,75.98999786376953,11856800,2024-08-29,3,29,8,1.0468503937793976,0.5658643469719014,0.9307128827848029,1.111905345078275,76.0719985961914,75.28899917602538,71.89349937438965
76.32864379882812,77.2300033569336,77.47000122070312,76.22000122070312,76.44000244140625,23230000,2024-08-30,4,30,8,1.618541946998086,1.0334914839032157,1.0430618389970565,1.125358721184007,76.37799987792968,75.66699981689453,72.33199958801269
76.26934814453125,77.16999816894531,77.80999755859375,76.80000305175781,77.33000183105469,22666100,2024-09-03,1,3,9,1.3087916687840206,-0.20691020085443693,1.1364657337366366,1.1694219617947312,76.60599975585937,76.01199951171876,72.81099967956543
76.33853149414062,77.23999786376953,77.4800033569336,76.7300033569336,77.33000183105469,18442800,2024-09-04,2,4,9,0.9709995089885906,-0.11638945448597142,1.1520237519908079,1.1283412356549458,76.82799987792968,76.28199920654296,73.28599967956544
76.0617904663086,76.95999908447266,77.44999694824219,76.38999938964844,77.25,13082900,2024-09-05,3,5,9,1.3773357214184447,-0.3754057158930016,1.264503847993708,1.1344951266069292,77.00399932861328,76.45399932861328,73.78849945068359
75.74552917480469,76.63999938964844,77.31999969482422,76.30000305175781,76.9000015258789,14548600,2024-09-06,4,6,9,1.3308933340155722,-0.33810420165332644,1.321312436040943,1.126012659412873,77.04799957275391,76.55999908447265,74.23749923706055
76.43736267089844,77.33999633789062,77.47000122070312,76.48999786376953,76.8499984741211,22260200,2024-09-09,0,9,9,1.2671365442688387,0.637602958358595,1.2510313554950934,1.1470465972460748,77.06999816894532,76.7239990234375,74.70699920654297
77.89021301269531,78.80999755859375,78.9000015258789,77.27999877929688,77.3499984741211,17686300,2024-09-10,1,10,9,2.0555802522105013,1.8875230940839987,1.4003890721803895,1.268427402958513,77.397998046875,77.00199890136719,75.21249923706054
77.91985321044922,78.83999633789062,78.91999816894531,77.56999969482422,78.37999725341797,19518800,2024-09-11,2,11,9,1.712326911248577,0.5868832617911285,1.5486545526323867,1.3503391523115973,77.71799774169922,77.27299880981445,75.74799919128418
78.73028564453125,79.66000366210938,79.91000366210938,78.62000274658203,78.98999786376953,14877700,2024-09-12,3,12,9,1.6193834499419417,0.8482159975436033,1.597064098337086,1.430783973165397,78.25799865722657,77.63099899291993,76.29799919128418
79.65931701660156,80.5999984741211,80.69000244140625,79.69000244140625,79.81999969482422,12994100,2024-09-13,4,13,9,1.2406948125700998,0.9771971714846456,1.5790243940479918,1.4501684150444674,79.0499984741211,78.0489990234375,76.66899909973145
79.61978149414062,80.55999755859375,81.0199966430664,80.13999938964844,80.83999633789062,15346400,2024-09-16,0,16,9,1.0923501490648877,-0.3463616922080888,1.5440671150072016,1.3975492352511474,79.69399871826172,78.38199844360352,77.02449913024903
77.68265533447266,78.5999984741211,80.26000213623047,78.26000213623047,79.76000213623047,21065900,2024-09-17,1,17,9,2.5445293114840153,-1.4543676417260911,1.6418569268619045,1.5211229995211468,79.6519989013672,78.52499847412109,77.26849899291992
78.10763549804688,79.02999877929688,79.41000366210938,78.27999877929688,78.63999938964844,15684900,2024-09-18,2,18,9,1.42984297136105,0.4959300517234923,1.585360138884399,1.5670073457583928,79.68999938964843,78.70399856567383,77.4929988861084
77.12919616699219,78.04000091552734,79.08999633789062,77.48999786376953,79.05000305175781,21525700,2024-09-19,3,19,9,2.050228671643631,-1.2776750123199516,1.6715291832247368,1.6342966407809114,79.36599884033203,78.8119987487793,77.63299903869628
78.13729095458984,79.05999755859375,79.61000061035156,78.11000061035156,78.2300033569336,39534300,2024-09-20,4,20,9,1.8972932536309588,1.060966593435015,1.8028488714369086,1.69093663274245,79.05799865722656,79.05399856567382,77.80699882507324
79.39247131347656,80.33000183105469,80.44000244140625,79.06999969482422,79.06999969482422,12147300,2024-09-23,0,23,9,1.7054683373010995,1.5935274327728954,1.9254725090841511,1.7347698120456763,79.01199951171876,79.35299911499024,78.03849906921387
79.72850036621094,80.66999816894531,80.91000366210938,80.23999786376953,80.4800033569336,14651100,2024-09-24,1,24,9,0.8305513989682585,0.23607704285135336,1.5826769265809997,1.612266926721452,79.42599945068359,79.53899917602538,78.27049903869629
80.44998168945312,81.4000015258789,81.5999984741211,80.68000030517578,80.88999938964844,14163800,2024-09-25,2,25,9,1.1302188595817462,0.6304884906399618,1.5227521042251388,1.5540561215547688,79.9,79.79499969482421,78.53399925231933
78.98724365234375,79.91999816894531,81.19999694824219,79.26000213623047,81.04000091552734,17061100,2024-09-26,3,26,9,2.427420991565471,-1.382036937227425,1.5981905682095068,1.6348598757171218,80.2759994506836,79.82099914550781,78.72599906921387
78.84888458251953,79.77999877929688,80.29000091552734,79.5999984741211,79.9000015258789,11899100,2024-09-27,4,27,9,0.8648814890497436,-0.1501911693245255,1.3917082152932636,1.5972785433650862,80.41999969482421,79.73899917602539,78.89399909973145
79.80757141113281,80.75,80.94000244140625,79.86000061035156,79.88999938964844,18997000,2024-09-30,0,30,9,1.337463567869582,1.0764809324344482,1.3181072614069602,1.6217898852455555,80.50399932861328,79.75799942016602,79.06999893188477
80.32150268554688,81.2699966430664,81.52999877929688,80.44000244140625,80.68000030517578,16054200,2024-10-01,1,1,10,1.341203867249844,0.7312795434543096,1.4202377550632774,1.5014573408221383,80.6239990234375,80.02499923706054,79.27499885559082
79.49130249023438,80.43000030517578,80.98999786376953,80.12000274658203,80.98999786376953,16618300,2024-10-02,2,2,10,1.081679863093964,-0.6914403918564148,1.410529955765721,1.4666410299954298,80.42999877929688,80.16499938964844,79.43449897766114
79.49130249023438,80.43000030517578,80.58000183105469,79.8499984741211,80.30000305175781,11640400,2024-10-03,3,3,10,0.9076257045427576,0.1618894750653724,1.1065708983611784,1.3523807332853424,80.53199920654296,80.40399932861328,79.60799903869629
79.995361328125,80.94000244140625,81.11000061035156,79.8499984741211,80.05000305175781,11583400,2024-10-04,4,4,10,1.5567112654124322,1.111804316950484,1.2449368536337162,1.31832253446349,80.76399993896484,80.59199981689453,79.82299919128418
78.17681884765625,79.0999984741211,80.94000244140625,78.9800033569336,80.69000244140625,16791600,2024-10-07,0,7,10,2.477874996563879,-1.9705092566328173,1.4730191393725753,1.3955632003897676,80.43399963378906,80.46899948120117,79.9109992980957
78.77970886230469,79.70999908447266,79.81999969482422,79.06999969482422,79.62000274658203,15270000,2024-10-08,1,8,10,0.9409108124630482,0.1130323220121823,1.3929605284152162,1.4065991417392467,80.12200012207032,80.37299957275391,79.95599937438965
79.46165466308594,80.4000015258789,80.5,79.75,79.81999969482422,12413000,2024-10-09,2,9,10,0.9328358031916111,0.7266372253472918,1.3631917164347456,1.3868608361002333,80.11600036621094,80.2729995727539,80.03399963378907
78.68087005615234,79.61000061035156,80.31999969482422,79.45999908447266,80.30999755859375,10812700,2024-10-10,3,10,10,1.0802670565985877,-0.8716186894806882,1.3977199868459116,1.252145442603545,79.95200042724609,80.24199981689453,80.03149948120117
79.16514587402344,80.0999984741211,80.12999725341797,79.37000274658203,79.69999694824219,9570700,2024-10-11,4,11,10,0.94880714271359,0.50188399146197,1.2761391623061433,1.2605380079699295,79.78399963378907,80.27399978637695,80.00649948120117
79.35294342041016,80.29000091552734,80.51000213623047,79.76000213623047,80.05000305175781,9914500,2024-10-14,0,14,10,0.934113826688171,0.29980993706440734,0.9673869283310015,1.2202030338517884,80.02200012207031,80.22799987792969,79.99299964904785
80.69706726074219,81.6500015258789,81.81999969482422,80.51000213623047,80.66999816894531,13276200,2024-10-15,1,15,10,1.604406043003621,1.2148300225335265,1.1000859744391163,1.2465232514271662,80.41000061035156,80.26600036621093,80.14549980163574
80.27207946777344,81.22000122070312,81.66000366210938,80.62000274658203,81.52999877929688,11123300,2024-10-16,2,16,10,1.2804738979273071,-0.38022514808680274,1.1696135933862555,1.2664026549105005,80.57400054931641,80.34500045776367,80.25499992370605
79.9459228515625,80.88999938964844,81.5,80.6500015258789,81.2699966430664,9424700,2024-10-17,3,17,10,1.0508078631904016,-0.4675738515000768,1.1637217547046181,1.2807208707752649,80.83000030517579,80.39100036621093,80.3974998474121
80.36102294921875,81.30999755859375,81.69000244140625,80.66000366210938,80.87000274658203,12324100,2024-10-18,4,18,10,1.2667553932154967,0.5440766626291664,1.2273114048049996,1.2517252835555714,81.0720001220703,80.4279998779297,80.5099998474121
79.86686706542969,80.80999755859375,81.55000305175781,80.72000122070312,81.2300033569336,9750400,2024-10-21,0,21,10,1.0271029032674694,-0.5170574676628928,1.245909220120859,1.1066480742259306,81.17599945068359,80.59899978637695,80.53399963378907
81.062744140625,82.0199966430664,82.2300033569336,80.83000183105469,81.11000061035156,12240100,2024-10-22,1,22,10,1.7069026861478858,1.121928277483833,1.266408548749712,1.1832472615944143,81.2499984741211,80.82999954223632,80.60149955749512
82.29815673828125,83.2699966430664,83.33999633789062,81.80000305175781,81.88999938964844,13058200,2024-10-23,2,23,10,1.8493975600046362,1.685184105145337,1.380193281165178,1.2749034372757166,81.65999755859374,81.11699905395508,80.69499931335449
82.07083892822266,83.04000091552734,83.31999969482422,82.58000183105469,82.95999908447266,11645900,2024-10-24,3,24,10,0.8911342191846746,0.09643422364702167,1.3482585523640325,1.2559901535343252,82.08999786376953,81.45999908447266,80.85099945068359
81.54702758789062,82.51000213623047,83.30000305175781,82.44000244140625,83.19999694824219,8959400,2024-10-25,4,25,10,1.0422986160291625,-0.8293207179333876,1.3033671969267657,1.2653393008658829,82.32999877929687,81.7009994506836,80.98749961853028
81.78423309326172,82.75,83.08000183105469,82.47000122070312,82.75,7990200,2024-10-28,0,28,10,0.7371608584308912,0.0,1.2453787879594502,1.2456440040401546,82.71799926757812,81.94699935913086,81.08749961853027
80.74647521972656,81.69999694824219,82.86000061035156,81.66999816894531,82.66999816894531,9682400,2024-10-29,1,29,10,1.456551390277443,-1.1733412872718587,1.1953085287853615,1.2308585387675368,82.65399932861328,81.95199890136719,81.10899963378907
80.44009399414062,81.38999938964844,81.83000183105469,81.30000305175781,81.5999984741211,9268800,2024-10-30,2,30,10,0.651184154406423,-0.2573518240190361,0.9556658476657187,1.1679295644154484,82.27799987792969,81.96899871826172,81.1569995880127
80.99356079101562,81.94999694824219,82.44000244140625,81.22000122070312,81.29000091552734,15539000,2024-10-31,3,31,10,1.4887141746614718,0.8119030942079578,1.0751818387610783,1.2117201955625554,82.05999908447265,82.07499847412109,81.23299942016601
81.23076629638672,82.19000244140625,82.52999877929688,81.54000091552734,82.52999877929688,12181800,2024-11-01,4,1,11,1.2045234631490693,-0.41196697312434105,1.1076268081850595,1.2054970025559126,81.99599914550781,82.16299896240234,81.29549942016601
81.48771667480469,82.44999694824219,82.91000366210938,82.0,82.19999694824219,11731000,2024-11-04,0,4,11,1.1037036941076273,0.3041362643327277,1.1809353753204068,1.2131570816399284,81.93599853515624,82.32699890136719,81.46299934387207
82.70337677001953,83.68000030517578,83.7699966430664,82.51000213623047,82.68000030517578,10612500,2024-11-05,1,5,11,1.5057295676873992,1.2094823370935568,1.1907710108023981,1.1930397697938797,82.33199920654297,82.49299926757813,81.66149940490723
82.46617889404297,83.44000244140625,85.54000091552734,82.05999755859375,85.13999938964844,19974000,2024-11-06,2,6,11,4.170665454351279,-1.9967077289512853,1.8946672707913692,1.425166559228544,82.74199981689453,82.5099998474121,81.8134994506836
82.87138366699219,83.8499984741211,84.38999938964844,83.41999816894531,83.72000122070312,12665800,2024-11-07,3,7,11,1.15682914532491,0.15527622016544085,1.8282902649240569,1.4517360518425677,83.12200012207032,82.59099960327148,82.02549934387207
83.83995056152344,84.83000183105469,85.41999816894531,84.2300033569336,84.27999877929688,14396500,2024-11-08,4,8,11,1.4027994651959135,0.6525902464689155,1.8679454653334258,1.4877861367592429,83.65,82.8229995727539,82.26199951171876
83.22718048095703,84.20999908447266,85.41000366210938,84.12000274658203,84.94999694824219,10433200,2024-11-11,0,11,11,1.5318856781286974,-0.871098164041598,1.9535818621376397,1.5672586187290234,84.00200042724609,82.96899948120117,82.45799942016602
83.99807739257812,84.98999786376953,85.52999877929688,84.5,84.5,12860200,2024-11-12,1,12,11,1.211905877380842,0.5798791287213387,1.8948171240763287,1.5427940674393632,84.26399993896484,83.29799957275391,82.62499923706055
84.50212097167969,85.5,85.79000091552734,84.7699966430664,84.98999786376953,12802600,2024-11-13,2,13,11,1.1929874531706872,0.6000731251316787,1.29928152384021,1.5969743973157897,84.67599945068359,83.70899963378906,82.8389991760254
83.48416137695312,84.47000122070312,85.76000213623047,84.33999633789062,85.02999877929688,15740700,2024-11-14,3,14,11,1.6810770425226516,-0.6585882237247525,1.404131103279758,1.6162106841019077,84.8,83.96100006103515,83.01799926757812
83.26671600341797,84.25,84.77999877929688,83.94000244140625,84.52999877929688,17370600,2024-11-15,4,15,11,0.9970282942321959,-0.3312419062348933,1.322976869087015,1.5954611672102204,84.68399963378906,84.16699981689453,83.16499938964844
83.09870910644531,84.08000183105469,84.8499984741211,83.66000366210938,84.81999969482422,25093800,2024-11-18,0,18,11,1.4153125429312228,-0.8724332308794932,1.29966224204752,1.6266220520925798,84.65800018310547,84.33000030517579,83.32849960327148
85.58929443359375,86.5999984741211,88.29000091552734,85.91000366210938,86.2300033569336,36340900,2024-11-19,1,19,11,2.7482647752345972,0.4290793259696068,1.606934021618271,1.7508755728472998,84.98000030517578,84.62200012207032,83.55749969482422
86.16252899169922,87.18000030517578,87.19999694824219,85.91000366210938,86.5999984741211,18183200,2024-11-20,2,20,11,1.4796894719169058,0.6697480846122774,1.6642744253675148,1.4817779746038622,85.31600036621094,84.99599990844726,83.75299987792968
87.3583984375,88.38999938964844,88.63999938964844,86.93000030517578,87.44999694824219,18729200,2024-11-21,3,21,11,1.934606964906166,1.0749027721094102,1.7149804098442174,1.559555756561988,86.1,85.45,84.02049980163574
89.38446807861328,90.44000244140625,90.91000366210938,88.93000030517578,89.41000366210938,23990600,2024-11-22,4,22,11,2.189300424020208,1.1519950085108577,1.9534348358018199,1.6382058524444172,87.33800048828125,86.01100006103516,84.41699981689453
88.4554443359375,89.5,90.94999694824219,89.05999755859375,90.5,25078600,2024-11-25,0,25,11,2.111731161618366,-1.1049723756906076,2.092718559539249,1.6961904007933843,88.42200012207032,86.5400001525879,84.75449981689454
90.24432373046875,91.30999755859375,91.87999725341797,89.83999633789062,89.88999938964844,16657000,2024-11-26,1,26,11,2.2341484723162677,1.5797065063823292,1.9898952989555827,1.7984146602869266,89.36399993896484,87.17200012207032,85.23499984741211
90.80766296386719,91.87999725341797,92.25,91.30999755859375,92.0,14358900,2024-11-27,2,27,11,1.0230762619785359,-0.130437768023947,1.8985726569679087,1.7814235411677117,90.30399932861329,87.80999984741212,85.75949974060059
91.4204330444336,92.5,92.63999938964844,91.81999969482422,92.26000213623047,11041200,2024-11-29,4,29,11,0.886486156566723,0.26013208130556087,1.68894849530002,1.7019644525721187,91.1259994506836,88.6129997253418,86.28699989318848
91.55878448486328,92.63999938964844,92.98999786376953,91.94999694824219,92.81999969482422,17173000,2024-12-02,0,2,12,1.122626211549342,-0.1939240527554304,1.475613652805847,1.7145242443038335,91.56599884033203,89.45199966430664,86.80949974060059
92.41864776611328,93.51000213623047,93.58999633789062,92.26000213623047,92.77999877929688,17775200,2024-12-03,1,3,12,1.4223015413073654,0.7868111301338885,1.3377277287436469,1.7152231441414478,92.36799926757813,90.39499969482422,87.3625
93.34767150878906,94.44999694824219,94.5199966430664,93.05000305175781,93.44999694824219,17312600,2024-12-04,2,4,12,1.5563723015408226,1.070090992676924,1.2021724945885577,1.5960338967720702,92.99599914550781,91.17999954223633,87.90099983215332
94.18775939941406,95.30000305175781,95.5999984741211,94.33999633789062,94.88999938964844,21932300,2024-12-05,3,5,12,1.3221428078508628,0.4320831117574044,1.261985803763023,1.5802792303654658,93.68000030517578,91.99199981689453,88.4939998626709
94.58308410644531,95.69999694824219,96.18000030517578,95.33000183105469,95.54000091552734,18803500,2024-12-06,4,6,12,0.8881907013861262,0.1674649687896757,1.2623267127269038,1.4756376040134618,94.31999969482422,92.7229995727539,89.08649978637695
92.73491668701172,93.83000183105469,95.94000244140625,93.5999984741211,95.66000366210938,20931100,2024-12-09,0,9,12,2.4938760754779086,-1.913027138822435,1.536576685512617,1.5060951691592321,94.55800018310546,93.06199951171875,89.53649978637695
93.44651794433594,94.55000305175781,95.23999786376953,93.7699966430664,94.05000305175781,13164500,2024-12-10,1,10,12,1.5547341864160793,0.5316320933289485,1.56306321453436,1.4503954716390033,94.76600036621093,93.56699981689454,90.05349998474121
93.85172271728516,94.95999908447266,95.69000244140625,94.5,94.54000091552734,19682100,2024-12-11,2,11,12,1.253161808002621,0.44425445830129195,1.5024211158267193,1.3522968052076387,94.86800079345703,93.93199996948242,90.55200004577637
92.99187469482422,94.08999633789062,95.72000122070312,94.08999633789062,95.68000030517578,14298600,2024-12-12,3,12,12,1.7323891447066482,-1.6617934387685673,1.5844703831978766,1.4232280934804498,94.6259994506836,94.15299987792969,90.9814998626709
93.35638427734375,94.25,94.68000030517578,93.04000091552734,93.80000305175781,11495900,2024-12-13,4,13,12,1.7400524028100133,0.47974086737916644,1.754842723482654,1.508584718104779,94.33600006103515,94.32799987792968,91.47049980163574
93.97051239013672,94.87000274658203,95.70999908447266,94.0999984741211,94.41999816894531,16742000,2024-12-16,0,16,12,1.6970597277752977,0.47659879936825184,1.5954794539421318,1.5660280697273745,94.54400024414062,94.55100021362304,92.00149993896484
94.51528930664062,95.41999816894531,95.48999786376953,94.31999969482422,95.13999938964844,23560800,2024-12-17,1,17,12,1.226156142734125,0.2943018510543945,1.529763845205741,1.5464135298700505,94.71799926757812,94.74199981689453,92.56849975585938
92.66303253173828,93.55000305175781,95.9000015258789,93.12999725341797,95.33999633789062,24665600,2024-12-18,2,18,12,2.9609879017624348,-1.877484114630097,1.8713290639577038,1.6868750898922116,94.43600006103516,94.6520004272461,92.9159999847412
92.51445007324219,93.4000015258789,94.56999969482422,93.36000061035156,94.4800033569336,16606500,2024-12-19,3,19,12,1.2955022106047767,-1.1431009660050244,1.7839516771373298,1.684211030167603,94.29800109863281,94.46200027465821,93.22700004577636
91.36544799804688,92.23999786376953,93.75,91.62999725341797,93.01000213623047,49350600,2024-12-20,4,20,12,2.2983551557677737,-0.8278725457216127,1.8956122277288816,1.825227475605768,93.89600067138672,94.11600036621094,93.41949996948242
89.49337005615234,90.3499984741211,91.5,88.91000366210938,91.5,26205400,2024-12-23,0,23,12,2.866625768269909,-1.256832268720116,2.1295254358278037,1.8625024448849679,92.99199981689453,93.76800003051758,93.41499977111816
91.80127716064453,92.68000030517578,92.68000030517578,90.3499984741211,90.37000274658203,8992400,2024-12-24,1,24,12,2.5140287261356074,2.556155237785603,2.3870999525081005,1.9584318988569205,92.44400024414062,93.58099975585938,93.57399978637696
91.91023254394531,92.79000091552734,92.87999725341797,92.16999816894531,92.54000091552734,10994000,2024-12-26,3,26,12,0.7651676662003848,0.2701534444852727,1.9479359053956906,1.9096324846766972,92.29199981689453,93.36399993896484,93.64799995422364
90.79094696044922,91.66000366210938,92.3499984741211,91.02999877929688,92.12999725341797,11384400,2024-12-27,4,27,12,1.4401043444097998,-0.510141761988555,1.9768563321566952,1.880404004647012,91.94400024414062,93.12100067138672,93.6370002746582
89.71127319335938,90.56999969482422,91.06999969482422,90.12999725341797,90.7300033569336,9790200,2024-12-30,0,30,12,1.0378739588976371,-0.17635143413355503,1.7247600927826674,1.8101861602557743,91.61000061035156,92.75300064086915,93.54050025939941
89.49337005615234,90.3499984741211,90.94000244140625,90.05999755859375,90.56999969482422,11267700,2024-12-31,1,31,12,0.973995459517976,-0.24290738814664847,1.3462340310322811,1.7378797334300422,91.61000061035156,92.30100021362304,93.42600021362304
89.14668273925781,90.0,90.5999984741211,89.5199966430664,89.9800033569336,14820400,2025-01-02,3,2,1,1.2000020345052083,0.02222343000709098,1.0834286927062011,1.7352643226071507,91.07400054931641,91.75900039672851,93.25050010681153
89.9192886352539,90.77999877929688,91.30000305175781,90.13999938964844,90.1500015258789,10834600,2025-01-03,4,3,1,1.27781854781642,0.6988322160339826,1.1859588690294083,1.5669473872125492,90.67200012207032,91.48199996948242,93.06700019836425
90.56312561035156,91.43000030517578,92.47000122070312,90.66999816894531,90.83000183105469,14519900,2025-01-06,0,6,1,1.9687225699986308,0.6605730067440722,1.2916825141471744,1.6342694231519346,90.6259994506836,91.28499984741211,92.87350006103516
89.94900512695312,90.80999755859375,91.94000244140625,90.44999694824219,91.69999694824219,11238000,2025-01-07,1,7,1,1.6407945526071173,-0.9705555280997183,1.4122666328890703,1.568513362835869,90.6739990234375,91.14199981689453,92.62900009155274
90.92961883544922,91.80000305175781,91.8499984741211,90.81999969482422,91.11000061035156,13453600,2025-01-08,2,8,1,1.1220029902571471,0.757328983408935,1.4418681390369046,1.3940510850345929,90.96399993896485,91.2870002746582,92.52750015258789
92.11824035644531,93.0,93.58000183105469,92.19999694824219,92.48999786376953,18140900,2025-01-10,4,10,1,1.483876218077957,0.5514132857713562,1.4986429757514546,1.2910358342288277,91.56399993896484,91.31900024414062,92.45
90.66217803955078,91.52999877929688,92.43000030517578,91.0999984741211,92.12000274658203,18617100,2025-01-13,0,13,1,1.453077514249372,-0.6404732410920899,1.533694769038045,1.3598268190337266,91.71399993896485,91.19300003051758,92.27849998474122
89.92919921875,90.79000091552734,91.9800033569336,90.56999969482422,91.86000061035156,13549200,2025-01-14,1,14,1,1.55303849310594,-1.1648156844271154,1.4505579536595066,1.3711202339033406,91.58600006103515,91.10599975585937,92.11350021362304
90.4739761352539,91.33999633789062,91.7300033569336,90.80999755859375,91.06999969482422,17348200,2025-01-15,2,15,1,1.0072321384122906,0.296471553718201,1.3238454708205414,1.3680560518548057,91.69199981689454,91.18299942016601,91.96800003051757
90.43436431884766,91.30000305175781,91.72000122070312,90.12000274658203,91.5,13267700,2025-01-16,3,16,1,1.7524626732093946,-0.21857589971823768,1.449937407410991,1.4459027732239478,91.59199981689453,91.27799987792969,91.78950004577636
91.06829071044922,91.94000244140625,92.26000213623047,91.05000305175781,92.06999969482422,15868200,2025-01-17,4,17,1,1.316074670809144,-0.1411939327129993,1.4163770979572283,1.4575100368543414,91.38000030517578,91.47200012207031,91.61550025939941
92.1974868774414,93.08000183105469,94.23999786376953,92.30999755859375,92.4800033569336,23247500,2025-01-21,1,21,1,2.0734854611185307,0.6487872538297323,1.5404586873310602,1.5370767281845523,91.69000091552735,91.70200042724609,91.59200019836426
92.34606170654297,93.2300033569336,94.0,92.5199966430664,93.7699966430664,15567100,2025-01-22,2,22,1,1.5874753873679066,-0.5758700068938747,1.5473460661834533,1.4989520099214801,92.1780014038086,91.88200073242187,91.583500289917
92.9205551147461,93.80999755859375,93.80999755859375,92.31999969482422,92.95999908447266,14198400,2025-01-23,3,23,1,1.5883145747220366,0.9143701403747875,1.6635625534454026,1.4937040121329719,92.67200164794922,92.18200073242187,91.6620002746582
93.86155700683594,94.76000213623047,95.01000213623047,93.45999908447266,93.54000091552734,14973800,2025-01-24,4,24,1,1.635714454216106,1.3042561564702837,1.6402129096467448,1.5450751585288678,93.36400146484375,92.47800064086914,91.88250045776367
96.47652435302734,97.4000015258789,97.45999908447266,94.81999969482422,95.9000015258789,18880600,2025-01-27,0,27,1,2.710471610153925,1.5641292764684893,1.9190922975157008,1.6677346977364647,94.45600128173828,92.91800079345703,92.11850051879883
96.36756896972656,97.29000091552734,97.83999633789062,96.7300033569336,97.2300033569336,14641600,2025-01-28,1,28,1,1.1409116769572134,0.06170683587605934,1.7325775406834374,1.6365181140072487,95.29800109863281,93.49400100708007,92.34350051879883
96.5755844116211,97.5,98.16999816894531,97.22000122070312,97.43000030517578,11261400,2025-01-29,2,29,1,0.9743558443509616,0.07184614041359101,1.6099536320800485,1.5786498491317509,96.1520004272461,94.16500091552734,92.63550033569337
97.71467590332031,98.6500015258789,98.93000030517578,97.41999816894531,97.69000244140625,11012200,2025-01-30,3,30,1,1.5306661052958515,0.9826994170139945,1.5984239381948115,1.630993245820107,97.12000122070313,94.89600143432617,93.0395004272461
97.22932434082031,98.16000366210938,99.0,97.69999694824219,99.0,16391200,2025-01-31,4,31,1,1.3243714377117788,-0.8484811493844696,1.5361553348939458,1.5881841222703454,97.80000152587891,95.58200149536133,93.43000068664551
98.59622955322266,99.54000091552734,99.79000091552734,96.47000122070312,96.7699966430664,20484200,2025-02-03,0,3,2,3.335342238585743,2.8624618875187373,1.6611294605803095,1.7901108790480051,98.22800140380859,96.34200134277344,93.90700073242188
99.81456756591797,100.7699966430664,100.94999694824219,99.69000244140625,99.97000122070312,15201200,2025-02-04,1,4,2,1.2503667250272086,0.8002354832397536,1.6830204701943088,1.7077990054388732,98.9240005493164,97.1110008239746,94.40650062561035
101.48854064941406,102.45999908447266,102.58000183105469,100.54000091552734,100.6500015258789,15926700,2025-02-05,2,5,2,1.9910217975362996,1.7983085257364524,1.8863536608313762,1.7481536464557124,99.91600036621094,98.03400039672852,94.9580005645752
101.87484741210938,102.8499984741211,103.0199966430664,101.94000244140625,102.52999877929688,13088500,2025-02-06,3,6,2,1.0500672996430838,0.3121034805755151,1.7902338997008225,1.6943289189478172,100.75599975585938,98.93800048828125,95.56000061035157
100.19096374511719,101.1500015258789,103.11000061035156,101.11000061035156,103.0,12451100,2025-02-07,4,7,2,1.9772614630048289,-1.7961150234185375,1.9208119047594328,1.7284836198266895,101.35399932861328,99.57700042724609,96.02750053405762
101.94418334960938,102.91999816894531,102.93000030517578,101.25,101.94999694824219,15274600,2025-02-10,0,10,2,1.6323361203505133,0.9514480134762276,1.5802106811123868,1.6206700708463484,102.02999877929688,100.12900009155274,96.52350044250488
101.49845123291016,102.47000122070312,102.8499984741211,101.8499984741211,102.62000274658203,11953600,2025-02-11,1,11,2,0.9758953723892014,-0.1461718201755772,1.5253164105847854,1.604168440389547,102.36999969482422,100.64700012207031,97.0705005645752
102.62763977050781,103.61000061035156,103.9000015258789,102.04000091552734,102.12000274658203,15162100,2025-02-12,2,12,2,1.7951940926499057,1.4590656322905373,1.4861508696075065,1.6862522652194414,102.6,101.25800018310547,97.71150054931641
104.05399322509766,105.05000305175781,105.23999786376953,103.52999877929688,104.0,12604400,2025-02-13,3,13,2,1.6277953686780429,1.0096183189978967,1.6016964834144987,1.6959651915576608,103.04000091552734,101.89800033569335,98.39700088500976
103.05357360839844,104.04000091552734,105.30000305175781,103.5999984741211,105.30000305175781,14109500,2025-02-14,4,14,2,1.633991313607345,-1.1965831906112514,1.5330424535350016,1.7269271791472172,103.61800079345703,102.48600006103516,99.03400077819825
102.79603576660156,103.77999877929688,103.98999786376953,102.51000213623047,103.72000122070312,18247300,2025-02-18,1,18,2,1.4260895595947025,0.05784569792482236,1.4917931413838394,1.5360019112481134,103.79000091552734,102.90999984741211,99.62600059509278
103.0139389038086,104.0,104.19999694824219,102.55000305175781,103.8499984741211,18508000,2025-02-19,2,19,2,1.5865325927734375,0.14444056628107307,1.6139205854606868,1.5696184980227361,104.09600067138672,103.23300018310547,100.17200050354003
96.28832244873047,97.20999908447266,100.12000274658203,96.68000030517578,98.77999877929688,55450900,2025-02-20,3,20,2,3.538733128077687,-1.5893902755881306,1.962628392546243,1.7243896310768747,102.81600036621094,102.70800018310547,100.37100028991699
93.88136291503906,94.77999877929688,96.8499984741211,94.12000274658203,96.52999877929688,35014800,2025-02-21,4,21,2,2.880350034500512,-1.8129079272042097,2.2131393257107366,1.9074179045626178,100.76199951171876,101.90100021362305,100.41950035095215
92.7818832397461,93.66999816894531,94.63999938964844,92.12000274658203,94.18000030517578,29755900,2025-02-24,0,24,2,2.690292187815872,-0.5415185119748199,2.4243995005524424,1.978720977043722,98.68799896240235,101.15299987792969,100.3650001525879
96.76377868652344,97.69000244140625,97.91000366210938,94.23999786376953,94.3499984741211,29331200,2025-02-25,1,25,2,3.756787497821066,3.5400148609448823,2.890539088197715,2.1911661147907773,97.46999969482422,100.63000030517578,100.37950019836425
95.28789520263672,96.19999694824219,98.7300033569336,96.06999969482422,97.69999694824219,19069700,2025-02-26,2,26,2,2.7650766595559437,-1.5353122281003182,3.1262479015542164,2.3700842435074514,95.90999908447266,100.00299987792968,100.325
95.872314453125,96.79000091552734,98.04000091552734,95.80999755859375,95.9000015258789,16431500,2025-02-27,3,27,2,2.303960466825298,0.9280494009254718,2.8792933693037384,2.4209608809249907,95.8259994506836,99.32099990844726,100.28950004577636
97.67505645751953,98.61000061035156,98.86000061035156,97.16999816894531,97.79000091552734,25451300,2025-02-28,4,28,2,1.713824592785615,0.8385312272699008,2.645988280960759,2.4295638033357476,96.59199981689453,98.67699966430663,100.2875
96.66472625732422,97.58999633789062,99.48999786376953,96.83000183105469,97.9800033569336,18372200,2025-03-03,0,3,3,2.725685144515232,-0.3980475665245726,2.6530668723006308,2.538733186426536,97.3759994506836,98.03199920654296,100.25899963378906
94.06956481933594,94.97000122070312,97.05000305175781,94.45999908447266,95.76000213623047,25227700,2025-03-04,1,4,3,2.727181145619007,-0.82498005211348,2.4471456018602193,2.6688423450289673,96.83199920654297,97.1509994506836,100.03049964904785
95.06999969482422,95.9800033569336,96.38999938964844,94.75,94.97000122070312,17639000,2025-03-05,2,5,3,1.7086886145956401,1.063495970567906,2.235867992868158,2.6810579472111877,96.78800048828126,96.34899978637695,99.7909999847412
93.74268341064453,94.63999938964844,96.19000244140625,94.18000030517578,94.80000305175781,19957800,2025-03-06,3,6,3,2.1238399716751473,-0.16878022885929447,2.199843893838128,2.5395686315709334,96.35800018310547,96.09199981689453,99.4
90.85037994384766,91.72000122070312,93.94999694824219,90.76000213623047,93.94000244140625,35913200,2025-03-07,4,7,3,3.4779707474444193,-2.3632117979641523,2.552673124769889,2.5993307028653243,94.98000030517578,95.78600006103515,98.8435001373291
86.98735809326172,87.81999969482422,90.2300033569336,86.61000061035156,89.76000213623047,35148800,2025-03-10,0,10,3,4.122071007927117,-2.161321741572456,2.831950297452266,2.7425085848764486,93.0260009765625,95.20100021362305,98.17700004577637
86.6109619140625,87.44000244140625,89.3499984741211,87.13999938964844,87.29000091552734,28687600,2025-03-11,1,11,3,2.5274462748941273,0.17184273605869976,2.79200332330729,2.619574462583755,91.52000122070312,94.17600021362304,97.40300025939942
84.39219665527344,85.19999694824219,89.0999984741211,84.87999725341797,87.87999725341797,33301600,2025-03-12,2,12,3,4.953053253354829,-3.0496135513608547,3.440876251059128,2.8383721219636433,89.36399993896484,93.07600021362305,96.53950004577636
83.6988296508789,84.5,85.44999694824219,83.87000274658203,84.94000244140625,31507800,2025-03-13,3,13,3,1.8698156232664571,-0.5180155742399168,3.3900713813773904,2.794957637607759,87.33600006103515,91.84700012207031,95.5840000152588
84.54076385498047,85.3499984741211,85.37000274658203,84.05999755859375,84.95999908447266,35500600,2025-03-14,4,14,3,1.5348625792717348,0.4590388345704609,3.001449747742853,2.777061436256371,86.06199951171875,90.52099990844727,94.59899978637695
86.63076782226562,87.45999908447266,87.98999786376953,84.9800033569336,85.12999725341797,26297800,2025-03-17,0,17,3,3.4415670459003254,2.736992724337411,2.8653489553374945,2.8486496263948804,85.98999938964843,89.50800018310547,93.76999969482422
84.77849578857422,85.58999633789062,87.68000030517578,85.5,87.44000244140625,17850900,2025-03-18,1,18,3,2.547026987324098,-2.1157434261913686,2.869265097823489,2.8306342105653894,85.61999816894532,88.56999969482422,92.86049957275391
85.51148223876953,86.33000183105469,86.79000091552734,85.62000274658203,85.94999694824219,24555900,2025-03-19,2,19,3,1.3552625322943523,0.44212320687030776,2.1497069536113935,2.7952916023352605,85.84599914550782,87.60499954223633,91.97699966430665
84.99640655517578,85.80999755859375,87.08000183105469,85.5199966430664,85.80999755859375,18185500,2025-03-20,3,20,3,1.817976031199699,0.0,2.139339035198042,2.764705208287716,86.10799865722656,86.72199935913086,91.4069995880127
85.39867401123047,85.9800033569336,86.2300033569336,84.77999877929688,85.27999877929688,26797200,2025-03-21,4,21,3,1.686443964903367,0.8208308954697785,2.1696553123243683,2.5855525300336106,86.23399963378907,86.1479995727539,90.96699981689453
86.8984603881836,87.48999786376953,87.6500015258789,86.3499984741211,86.47000122070312,17900700,2025-03-24,0,24,3,1.4858876254426754,1.1795959623765946,1.7785194282328383,2.3219341917851666,86.23999938964843,86.11499938964843,90.65799980163574
84.18692016601562,84.76000213623047,87.30999755859375,84.62000274658203,86.76000213623047,27908600,2025-03-25,1,25,3,3.1736606231890203,-2.3052097173298844,1.903846155405823,2.3865556266146557,86.07400054931641,85.84699935913086,90.01149978637696
84.63388061523438,85.20999908447266,85.55999755859375,84.56999969482422,85.19000244140625,27228800,2025-03-26,2,26,3,1.1618329707856236,0.02347299271432696,1.8651602431040772,2.007433598357735,85.85,85.8479995727539,89.46199989318848
85.05104064941406,85.62999725341797,86.11000061035156,84.77999877929688,84.77999877929688,16782800,2025-03-27,3,27,3,1.5531961622264325,1.002593166265369,1.812204269309424,1.975771652253733,85.81399993896484,85.9609992980957,88.90399971008301
84.57428741455078,85.1500015258789,85.83000183105469,84.69999694824219,85.43000030517578,14790600,2025-03-28,4,28,3,1.3270755872729694,-0.32775228642942106,1.7403305937833444,1.9549929530538563,85.6479995727539,85.94099960327148,88.23099975585937
87.1964340209961,87.79000091552734,88.19999694824219,84.37000274658203,84.76000213623047,30269300,2025-03-31,0,31,3,4.362677026675766,3.5747979034107513,2.3156884740299626,2.0471039511314,85.70800018310547,85.97399978637695,87.74099998474121
88.22940063476562,88.83000183105469,89.11000061035156,87.37000274658203,87.54000091552734,22080300,2025-04-01,1,1,4,1.958795258249374,1.4736130934841365,2.072715401042033,1.988280778223928,86.52200012207031,86.29800033569336,87.43400001525879
89.15311431884766,89.76000213623047,90.1500015258789,88.12000274658203,88.19999694824219,19384100,2025-04-02,2,2,4,2.2615850389752743,1.7687134262643214,2.292665814679963,2.0789130288920203,87.43200073242187,86.64100036621093,87.12299995422363
86.6700210571289,87.26000213623047,89.87999725341797,86.27999877929688,86.27999877929688,33012900,2025-04-03,3,3,4,4.125599800583055,1.1358407171984666,2.807146542351288,2.3096754058303555,87.75800170898438,86.7860008239746,86.75400009155274
82.6275405883789,83.19000244140625,87.38999938964844,82.6500015258789,85.63999938964844,36209000,2025-04-04,4,4,4,5.69779748126355,-2.8608091612601365,3.6812909211494045,2.710810757466374,87.36600189208984,86.50700073242187,86.32750015258789
83.26321411132812,83.83000183105469,86.26000213623047,79.80999755859375,80.23999786376953,36884900,2025-04-07,0,7,4,7.694148200826264,4.4740828300870845,4.347585155979504,3.331636815004733,86.57400207519531,86.1410011291504,86.12800025939941
81.23699188232422,81.79000091552734,86.97000122070312,81.02999877929688,85.8499984741211,34351700,2025-04-08,1,8,4,7.262504431979504,-4.729176040483693,5.408326990725529,3.740521195883781,85.16600189208984,85.84400100708008,85.84550018310547
88.99419403076172,89.5999984741211,90.80000305175781,83.0199966430664,83.33000183105469,46632800,2025-04-09,2,9,4,8.683043014714428,7.52429677822203,6.69261858587336,4.492642200276661,85.13400115966797,86.28300094604492,86.06550025939941
89.99737548828125,90.61000061035156,91.87000274658203,88.16000366210938,88.7300033569336,34735300,2025-04-10,3,10,4,4.094469770976708,2.1187841567584713,6.68639257995209,4.746769561151689,85.80400085449219,86.78100128173828,86.37100028991699
92.17256927490234,92.80000305175781,93.3499984741211,90.01000213623047,90.68000030517578,25508100,2025-04-11,4,11,4,3.599133866437259,2.3378945075511064,6.266659856986832,4.973975389068118,87.7260009765625,87.54600143432617,86.74350051879883
94.08951568603516,94.7300033569336,95.44000244140625,92.9000015258789,93.2699966430664,27742900,2025-04-14,0,14,4,2.6813056323421245,1.5653551693096612,5.264091343290005,4.805838249634754,89.90600128173828,88.2400016784668,87.10700073242188
93.33465576171875,93.97000122070312,96.02999877929688,93.87000274658203,94.81999969482422,21871200,2025-04-15,1,15,4,2.2986016863421743,-0.8964337448394774,4.271310794162539,4.839818892444034,92.34200134277344,88.75400161743164,87.5260009765625
90.57344818115234,91.19000244140625,94.30000305175781,90.61000061035156,94.0,22229100,2025-04-16,2,16,4,4.046498895289805,-2.989359104886968,3.3440019702776143,5.018310278075488,92.66000213623047,88.89700164794922,87.76900100708008
92.5897216796875,93.22000122070312,93.87000274658203,91.62000274658203,91.83000183105469,21393900,2025-04-17,3,17,4,2.413645108921432,1.513665862934104,3.007837037866559,4.847114808909326,93.18200225830078,89.49300155639648,88.13950119018554
91.78520202636719,92.41000366210938,94.08000183105469,91.33999633789062,93.0199966430664,18361200,2025-04-21,0,21,4,2.9650528996651686,-0.6557654299834889,2.8810208445121406,4.573840350749487,93.1040023803711,90.4150016784668,88.46100120544433
94.20869445800781,94.8499984741211,95.29000091552734,92.87999725341797,92.87999725341797,15407800,2025-04-22,1,22,4,2.5408578817920815,2.121017742203507,2.852931294402132,4.058511318846068,93.1280014038086,91.51700134277344,88.82900123596191
94.31795501708984,94.95999908447266,96.5999984741211,94.16000366210938,95.0199966430664,18046900,2025-04-23,2,23,4,2.569497510042303,-0.06314203400693133,2.907110459142158,3.5892106266523482,93.3260009765625,92.83400115966796,89.33900108337403
95.19200134277344,95.83999633789062,96.22000122070312,93.66000366210938,94.70999908447266,13444500,2025-04-24,3,24,4,2.67111608557277,1.193112938803974,2.632033897198751,2.9880179337381825,94.25599975585938,93.45800094604492,89.87050094604493
94.44706726074219,95.08999633789062,96.47000122070312,94.36000061035156,95.80000305175781,15317200,2025-04-25,4,25,4,2.218951195301275,-0.74113433324589,2.5930951144747194,2.8004660761706393,94.62999877929687,93.90600051879883,90.34350090026855
94.5761947631836,95.22000122070312,96.0,94.33999633789062,95.0999984741211,12950000,2025-04-28,0,28,4,1.7433350565305916,0.12618585542321198,2.348751545847804,2.614886195179973,95.19199829101562,94.14800033569335,90.84700088500976
95.39066314697266,96.04000091552734,96.18000030517578,94.41999816894531,94.83999633789062,12679000,2025-04-29,1,29,4,1.8325719694427023,1.2652937831855346,2.2070943633779283,2.53001282889003,95.42999877929688,94.27900009155273,91.25950088500977
96.59247589111328,97.25,97.77999877929688,94.93000030517578,95.94000244140625,21639900,2025-04-30,2,30,4,2.93058969061295,1.3654341518219255,2.2793127994920575,2.593211629317108,95.88799896240235,94.60699996948242,91.68050079345703
96.75139617919922,97.41000366210938,97.9000015258789,96.58999633789062,97.0199966430664,13171800,2025-05-01,3,1,5,1.344836401538755,0.40198622195153505,2.014056862685255,2.3230453799420028,96.20200042724609,95.22900009155273,92.06300086975098
98.08233642578125,98.75,99.22000122070312,97.8499984741211,97.94999694824219,16031400,2025-05-02,4,2,5,1.3873445535007911,0.8167463774200449,1.847735534325158,2.220415324399939,96.93400115966797,95.78199996948243,92.63750076293945
98.65841674804688,99.33000183105469,99.73999786376953,98.52999877929688,98.94000244140625,12439100,2025-05-05,0,5,5,1.2181607391195681,0.3941776632554674,1.7427006708429533,2.0457261083453786,97.75600128173828,96.47399978637695,93.44450073242187
97.8836898803711,98.55000305175781,99.47000122070312,98.41000366210938,98.73999786376953,10626000,2025-05-06,1,6,5,1.075593633454325,-0.19241929929333446,1.5913050036452776,1.899199683511603,98.25800170898438,96.84400024414063,94.18050079345703
98.16178894042969,98.83000183105469,99.2300033569336,98.30999755859375,98.55000305175781,11301300,2025-05-07,2,7,5,0.9308972794643383,0.28411848871259954,1.1913665214155555,1.7353396604538065,98.57400207519531,97.23100051879882,95.03250083923339
96.77125549316406,97.43000030517578,99.33000183105469,97.36000061035156,98.75,14461100,2025-05-08,3,8,5,2.021965733893642,-1.3367085517207278,1.3267923878865329,1.6704246252858936,98.5780014038086,97.39000091552734,95.42400093078614
96.29833221435547,96.72000122070312,97.19999694824219,96.29000091552734,96.75,13697800,2025-05-09,4,9,5,0.9408561013542017,-0.03100649022932817,1.2374946974572152,1.5426151158911865,98.17200164794922,97.5530014038086,95.72950096130371
96.32820129394531,96.75,97.97000122070312,95.62000274658203,97.66999816894531,26783900,2025-05-12,0,12,5,2.4289389913396318,-0.9419455167327225,1.4796503479012277,1.6111755093720905,97.65600128173828,97.70600128173828,95.92700080871582
95.46198272705078,95.87999725341797,97.31999969482422,95.2300033569336,96.5,19746700,2025-05-13,1,13,5,2.1798043364212965,-0.6424898928311205,1.700492488494622,1.6458987460699501,97.12200012207032,97.69000091552735,95.98450050354003
96.40784454345703,96.83000183105469,97.33000183105469,95.83000183105469,96.02999877929688,25620100,2025-05-14,2,14,5,1.5491066525198904,0.8330761865325415,1.8241343631057325,1.507750442260644,96.72200012207031,97.64800109863282,96.12750053405762
95.929931640625,96.3499984741211,96.72000122070312,91.88999938964844,94.30000305175781,44026100,2025-05-15,3,15,5,5.012975513800336,2.1739081187920153,2.422336319087071,1.874564353486802,96.50599975585938,97.54200057983398,96.38550033569337
97.81169128417969,98.23999786376953,99.19000244140625,96.0,96.13999938964844,33746200,2025-05-16,4,16,5,3.2471523928877333,2.1843129680186,2.8835955773937774,2.0605451374254966,96.80999908447265,97.49100036621094,96.63650016784668
97.69222259521484,98.12000274658203,98.27999877929688,95.80999755859375,96.6500015258789,20041600,2025-05-19,0,19,5,2.517326897230612,1.5209531272583776,2.9012731585719735,2.1904617532366006,97.08399963378906,97.37000045776367,96.92200012207032
97.37362670898438,97.80000305175781,98.81999969482422,96.5199966430664,98.55999755859375,15609600,2025-05-20,1,20,5,2.3517412883316604,-0.7710983417832595,2.935660548954046,2.318076518724334,97.46800079345704,97.29500045776368,97.06950035095215
96.00959014892578,96.43000030517578,97.76000213623047,95.9800033569336,97.12999725341797,15742300,2025-05-21,2,21,5,1.845897307542926,-0.7206804983385859,2.9950186799586533,2.409576521532193,97.38800048828125,97.05500030517578,97.1430004119873
95.51176452636719,95.93000030517578,96.95999908447266,95.81999969482422,96.54000091552734,13712200,2025-05-22,3,22,5,1.1883658772248855,-0.6318630666735895,2.2300967526435636,2.3262165358653175,97.30400085449219,96.90500030517578,97.14750061035156
95.91998291015625,96.33999633789062,96.54000091552734,95.0,95.33999633789062,13668600,2025-05-23,4,23,5,1.5985063048229116,1.0488777411485735,1.9003675350305993,2.391981556212188,96.9240005493164,96.86699981689453,97.21000061035156
97.15457916259766,97.58000183105469,97.80000305175781,96.58000183105469,97.30000305175781,17180900,2025-05-27,1,27,5,1.25025742755711,0.2877685205702741,1.6469536410958987,2.274113399833936,96.81600036621094,96.95,97.32800064086913
96.81605529785156,97.23999786376953,98.23999786376953,97.05999755859375,97.5199966430664,11220100,2025-05-28,2,28,5,1.213492730459464,-0.28711934878515266,1.4193039295214593,2.177482239237753,96.70399932861328,97.08600006103515,97.38800048828125
96.67666625976562,97.0999984741211,97.7699966430664,96.8499984741211,97.62999725341797,14338000,2025-05-29,3,29,5,0.9474749571602812,-0.5428646872960144,1.2396194594449306,2.117319069701792,96.83799896240234,97.1129997253418,97.3805004119873
98.28960418701172,98.72000122070312,98.93000030517578,96.5999984741211,96.95999908447266,29980100,2025-05-30,4,30,5,2.3602125225319077,1.8151837384993523,1.4739887885063347,1.8520427705749491,97.39599914550782,97.35,97.446000289917
99.33502197265625,99.7699966430664,99.91000366210938,98.05000305175781,98.83999633789062,16999200,2025-06-02,0,2,6,1.8642885365685984,0.9409149530889477,1.5271452348554724,1.7137563849430357,98.08199920654297,97.50299987792968,97.49700012207032
99.54411315917969,99.9800033569336,100.88999938964844,98.56999969482422,99.56999969482422,15598600,2025-06-03,1,3,6,2.3204637096697267,0.41177429282515854,1.7411864912779955,1.694070066186947,98.56199951171875,97.68899993896484,97.52950019836426
98.91685485839844,99.3499984741211,100.12999725341797,99.31999969482422,99.79000091552734,11115600,2025-06-04,2,4,6,0.8152970015442326,-0.44092838698209247,1.6615473454949494,1.5404256375082044,98.98399963378907,97.84399948120117,97.56949996948242
97.53292083740234,97.95999908447266,99.58999633789062,97.61000061035156,99.30000305175781,15817100,2025-06-05,3,5,6,2.0212288138464323,-1.349450076639686,1.8762981168321793,1.557958788138555,99.15599975585937,97.99699935913085,97.52599983215332
97.04505920410156,97.47000122070312,98.55999755859375,96.97000122070312,98.37000274658203,15599300,2025-06-06,4,6,6,1.6312673827615605,-0.9149146088746833,1.7305090888781103,1.6022489386922225,98.90599975585937,98.1509994506836,97.52799987792969
97.02513885498047,97.44999694824219,97.8499984741211,96.7699966430664,97.4000015258789,13655700,2025-06-09,0,9,6,1.1082625601602634,0.05133000162222544,1.579303893596443,1.5532245642259574,98.44199981689454,98.26199951171876,97.56449966430664
96.89571380615234,97.31999969482422,98.08999633789062,96.4800033569336,97.29000091552734,17162500,2025-06-10,1,10,6,1.65432900329392,0.030834391010975144,1.4460769523212818,1.5936317217996385,97.90999908447266,98.2359992980957,97.59299964904785
95.38233947753906,95.80000305175781,97.29000091552734,95.3499984741211,97.29000091552734,16389600,2025-06-11,2,11,6,2.0250546759984194,-1.531501541523503,1.6880284872121192,1.6747879163535342,97.2,98.09199981689453,97.58899993896485
94.41656494140625,94.83000183105469,95.26000213623047,93.43000030517578,94.88999938964844,17845700,2025-06-12,3,12,6,1.929770954043579,-0.0632285372322335,1.6697369152515484,1.773017516041864,96.57400054931641,97.8650001525879,97.48899993896484
94.02826690673828,94.44000244140625,95.31999969482422,94.01000213623047,94.5199966430664,18694700,2025-06-13,4,13,6,1.3871214789585762,-0.0846320403101964,1.6209077344909517,1.6757084116845309,95.96800079345704,97.4370002746582,97.3935001373291
93.87891387939453,94.29000091552734,95.77999877929688,94.0999984741211,94.75,14881700,2025-06-16,0,16,6,1.7817375001203597,-0.4854871603933048,1.755602722482971,1.667453308039707,95.33600158691407,96.8890007019043,97.196000289917
93.83909606933594,94.25,94.81999969482422,93.62000274658203,93.94999694824219,14935600,2025-06-17,1,17,6,1.2732063111322944,0.319322045239753,1.6793781840506454,1.5627275681859636,94.72200164794921,96.31600036621094,97.00250015258788
94.67543029785156,95.08999633789062,95.48999786376953,94.08999633789062,94.56999969482422,11333700,2025-06-18,2,18,6,1.472291071401636,0.5498537006920023,1.568825463131289,1.628426975171704,94.58000030517579,95.89000015258789,96.86699981689453
95.7009506225586,96.12000274658203,96.30999755859375,95.19999694824219,95.23999786376953,20604900,2025-06-20,4,20,6,1.1548070938762363,0.9239866679451751,1.4138326910978205,1.5417848031746844,94.83800048828125,95.70600051879883,96.85149993896485
97.44331359863281,97.87000274658203,97.93000030517578,95.66999816894531,95.91999816894531,20432400,2025-06-23,0,23,6,2.309187772357957,2.032948931256386,1.5982459497776966,1.6095768421343242,95.52400054931641,95.74600067138672,96.94850006103516
97.57274627685547,98.0,99.11000061035156,97.25,97.7300033569336,22403700,2025-06-24,1,24,6,1.897959806481186,0.2762679154735248,1.6214904110498618,1.6885465667664163,96.26600036621093,95.8010009765625,97.03150024414063
96.83597564697266,97.26000213623047,98.55999755859375,97.1500015258789,98.30999755859375,11154700,2025-06-25,2,25,6,1.4497182826912607,-1.068045415968476,1.6567928053616552,1.6680854947061505,96.86800079345703,95.79500122070313,97.01550025939942
95.60137176513672,96.0199966430664,97.33999633789062,95.91999816894531,96.9000015258789,19361400,2025-06-26,3,26,6,1.4788567158816397,-0.9081577594995999,1.6581059342576558,1.6134656986944726,97.05400085449219,95.81700057983399,96.95450019836426
96.8459243774414,97.2699966430664,97.76000213623047,96.16000366210938,96.31999969482422,31431900,2025-06-27,4,27,6,1.6449044200055958,0.9862925158348353,1.7561253994835275,1.5849790452906742,97.28399963378907,96.06100006103516,96.96300010681152
97.35370635986328,97.77999877929688,98.13999938964844,96.30999755859375,97.2300033569336,17803000,2025-06-30,0,30,6,1.871550269892371,0.5656643046120602,1.6685978989904107,1.6334219243840535,97.26599884033203,96.39499969482422,96.9159999847412
97.81169128417969,98.23999786376953,99.19000244140625,97.41999816894531,97.5999984741211,15635800,2025-07-01,1,1,7,1.8017144859015792,0.6557370898096224,1.6493488348744894,1.6354196229621756,97.31399841308594,96.78999938964844,96.83950004577636
97.18444061279297,97.61000061035156,98.37999725341797,97.05999755859375,98.12999725341797,12502000,2025-07-02,2,2,7,1.3523201378652923,-0.5299058979116543,1.6298692059092956,1.6433310056354753,97.38399810791016,97.1259994506836,96.72099990844727
97.9311752319336,98.36000061035156,98.4800033569336,97.41999816894531,97.69999694824219,7686200,2025-07-03,3,3,7,1.0776791189616206,0.6755411286850094,1.5496336865252918,1.603869810391474,97.85199890136718,97.45299987792968,96.67150001525879
98.91685485839844,99.3499984741211,99.3499984741211,97.62000274658203,98.2300033569336,12930900,2025-07-07,0,7,7,1.7413142970401714,1.1401761976102436,1.5689156619322069,1.6625205307078672,98.26799926757812,97.7759994506836,96.74099998474121
96.66670989990234,97.08999633789062,99.16999816894531,96.51000213623047,98.81999969482422,16875000,2025-07-08,1,8,7,2.7397220445426527,-1.7506611640115237,1.7425500168622634,1.7055739579263367,98.12999877929687,97.69799880981445,96.72199974060058
96.38793182373047,96.80999755859375,97.29000091552734,96.37999725341797,97.1500015258789,13702600,2025-07-09,2,9,7,0.9399893451692322,-0.3499783447708806,1.5702049887157938,1.6097769117951415,97.84399871826172,97.57899856567383,96.68999977111817
94.4464340209961,94.86000061035156,96.77999877929688,94.73999786376953,96.66000366210938,18894800,2025-07-10,3,10,7,2.150538585706829,-1.862200479579965,1.729848678284101,1.6798589420966983,97.29399871826172,97.33899841308593,96.56699981689454
93.98844146728516,94.4000015258789,95.52999877929688,94.2300033569336,95.01000213623047,14595000,2025-07-11,4,11,7,1.3771137726167295,-0.6420383082161294,1.789735609015123,1.6696846477702074,96.50199890136719,97.17699890136718,96.49699974060059
95.36241912841797,95.77999877929688,95.83999633789062,94.37999725341797,94.51000213623047,13779100,2025-07-14,0,14,7,1.5243256453123273,1.3437695633905316,1.7463378786695543,1.6576267703008807,95.78799896240234,97.02799911499024,96.5444995880127
94.97412109375,95.38999938964844,95.77999877929688,94.94000244140625,95.5999984741211,10450800,2025-07-15,1,15,7,0.8805916167998005,-0.21966431780802068,1.3745117931209836,1.5585309049916236,95.4479995727539,96.78899917602538,96.59199943542481
94.73516845703125,95.1500015258789,95.83000183105469,94.61000061035156,95.41999816894531,11181600,2025-07-16,2,16,7,1.2821872844335256,-0.2829560346337099,1.4429513809738423,1.506578184844818,95.11600036621094,96.47999954223633,96.63499946594239
94.67543029785156,95.08999633789062,95.62999725341797,94.88999938964844,95.08000183105469,11165100,2025-07-17,3,17,7,0.7782079001665325,0.010511681366704738,1.1684852438657831,1.449166961074942,95.16199951171875,96.22799911499024,96.67699928283692
94.63561248779297,95.05000305175781,95.4800033569336,94.43000030517578,95.08999633789062,14636300,2025-07-18,4,18,7,1.1046849216680736,-0.04205835279528382,1.113999473676052,1.4518675413455875,95.29199981689453,95.89699935913086,96.67499961853028
95.25289916992188,95.66999816894531,96.63999938964844,95.0999984741211,95.26000213623047,13450400,2025-07-21,0,21,7,1.6097009982249917,0.43039683342491647,1.1310745442585848,1.4387062114640694,95.26999969482422,95.52899932861328,96.65249938964844
95.43211364746094,95.8499984741211,96.66999816894531,95.73999786376953,95.83999633789062,9049100,2025-07-22,1,22,7,0.9702663745236006,0.01043628611504274,1.149009495803345,1.261760644462164,95.36199951171875,95.40499954223633,96.55149917602539
95.26286315917969,95.68000030517578,96.29000091552734,95.29000091552734,96.01000213623047,9729700,2025-07-23,2,23,7,1.045150498338685,-0.34371609594013075,1.1016021385843766,1.2722767597791094,95.46799926757812,95.29199981689453,96.43549919128418
96.17884826660156,96.5999984741211,96.95999908447266,95.3499984741211,95.56999969482422,14991500,2025-07-24,3,24,7,1.6666673248270056,1.0777427880986554,1.2792940235164711,1.2238896336911274,95.76999969482422,95.46599960327148,96.40249900817871
97.04505920410156,97.47000122070312,97.6500015258789,96.52999877929688,96.83999633789062,12868500,2025-07-25,4,25,7,1.149074312665687,0.6505626875638344,1.288171901715994,1.201085687696023,96.25399932861328,95.7729995727539,96.47499923706054
97.18444061279297,97.61000061035156,98.12999725341797,97.08000183105469,97.27999877929688,12293100,2025-07-28,0,28,7,1.0757047595509686,0.339228860192912,1.1813726539811893,1.1562235991198873,96.64199981689453,95.95599975585938,96.4919994354248
97.90130615234375,98.33000183105469,98.72000122070312,97.33999633789062,97.77999877929688,14034300,2025-07-29,1,29,7,1.4034423442639106,0.5624903442668744,1.2680078479292514,1.208508671866298,97.13800048828125,96.25,96.51949958801269
97.16453552246094,97.58999633789062,98.87999725341797,97.29000091552734,98.61000061035156,13864100,2025-07-30,2,30,7,1.6292616021682211,-1.034382178427715,1.3848300686951585,1.2432161036397678,97.51999969482422,96.49399948120117,96.48699951171875
97.55284118652344,97.9800033569336,98.62999725341797,97.30999755859375,97.44000244140625,15651300,2025-07-31,3,31,7,1.3472133594602582,0.554188117813383,1.3209392756218092,1.3001166495691403,97.79600067138672,96.78300018310547,96.50549964904785
98.06060791015625,98.48999786376953,98.83000183105469,97.66999816894531,98.0,16750400,2025-08-01,4,1,8,1.1777882904555257,0.4999978201729911,1.326682071179777,1.3074269864478854,98.0,97.12699966430664,96.51199951171876
99.15580749511719,99.58999633789062,99.91000366210938,98.19999694824219,98.19999694824219,19050200,2025-08-04,0,4,8,1.7170466680864689,1.415478037520773,1.454950452886877,1.3181615534340332,98.39599914550782,97.51899948120118,96.52399940490723
98.87702941894531,99.30999755859375,100.47000122070312,98.91000366210938,99.66999816894531,17977000,2025-08-05,1,5,8,1.5708363678826374,-0.3611925523880763,1.4884292576106222,1.3782185527699369,98.59199829101563,97.86499938964843,96.63499946594239
102.90937805175781,103.36000061035156,103.69000244140625,99.45999908447266,99.45999908447266,23738400,2025-08-06,2,6,8,4.092495483702577,3.921175911701532,1.9810760339174933,1.6829530513063262,99.74599914550781,98.63299942016602,96.96249961853027
102.67042541503906,103.12000274658203,103.9000015258789,102.11000061035156,103.45999908447266,12509500,2025-08-07,3,7,8,1.7358425793745185,-0.3286258852689782,2.0588018779003456,1.689870576761077,100.7739990234375,99.28499984741211,97.3754997253418
103.27776336669922,103.7300033569336,104.72000122070312,103.1500015258789,103.37000274658203,12394700,2025-08-08,4,8,8,1.5135444365328614,0.34826410059611423,2.1259531071158126,1.7263175891477949,101.8220001220703,99.91100006103515,97.84199981689453
103.47689056396484,103.93000030517578,104.33000183105469,103.11000061035156,103.9000015258789,12856700,2025-08-11,0,11,8,1.1738681969794704,0.028872741921378172,2.017317412894413,1.7361339328906449,102.69000091552735,100.54300003051758,98.24949989318847
103.16825103759766,103.62000274658203,104.30999755859375,103.37000274658203,104.25,17915300,2025-08-12,1,12,8,0.9071557489827659,-0.6043139121515287,1.8845812891144387,1.6865052733625305,103.552001953125,101.0720001220703,98.66100006103515
100.5497055053711,100.98999786376953,102.80999755859375,100.8499984741211,102.1500015258789,19398500,2025-08-13,2,13,8,1.940785350957822,-1.135588492199383,1.4542392625654876,1.7176576482414905,103.0780014038086,101.4120002746582,98.95299987792968
100.41031646728516,100.8499984741211,101.44000244140625,100.72000122070312,101.22000122070312,10858400,2025-08-14,3,14,8,0.713932802773302,-0.36554311610337387,1.2498573072452444,1.654329592572795,102.6240005493164,101.69899978637696,99.24099998474121
99.79656982421875,100.0,100.7699966430664,99.54000091552734,100.62999725341797,13604900,2025-08-15,4,15,8,1.2299957275390625,-0.6260531358571317,1.1931475654464845,1.6595503362811486,101.87799987792968,101.85,99.48849983215332
100.4951400756836,100.69999694824219,100.87999725341797,99.91999816894531,100.0,11656100,2025-08-18,0,18,8,0.9533258327366949,0.6999969482421875,1.1490390925979292,1.5831782527461713,101.23199920654297,101.96100006103515,99.73999977111816
101.08394622802734,101.29000091552734,102.43000030517578,100.80000305175781,100.95999908447266,16999000,2025-08-19,1,19,8,1.6092380676127498,0.3268639402210938,1.2894555563239263,1.5870184227191824,100.76599884033203,102.15900039672852,100.01199989318847
102.36134338378906,102.56999969482422,102.6500015258789,100.93000030517578,101.1500015258789,18655000,2025-08-20,2,20,8,1.6769047731506603,1.4038538284964934,1.2366794407624941,1.3454593516639908,101.08199920654297,102.08000030517579,100.3564998626709
97.7607192993164,97.95999908447266,99.44999694824219,96.94999694824219,99.41000366210938,51825100,2025-08-21,3,21,8,2.5520620900008435,-1.458610325139134,1.604305298208002,1.4270813027266231,100.50399932861328,101.56399993896484,100.42449989318848
96.63301849365234,96.83000183105469,99.05000305175781,96.76000213623047,98.06999969482422,32695200,2025-08-22,4,22,8,2.3649704350133653,-1.2644008031285574,1.8313002397028626,1.5122239025746738,99.86999969482422,100.87399978637696,100.39249992370605
95.87456512451172,96.06999969482422,97.58000183105469,96.06999969482422,97.0,18956100,2025-08-25,0,25,8,1.571772812560777,-0.9587632012121455,1.954989635667679,1.5520143641328044,98.94400024414062,100.0879997253418,100.31549987792968
95.85460662841797,96.05000305175781,96.47000122070312,95.41999816894531,96.27999877929688,22270400,2025-08-26,1,26,8,1.0931837776121718,-0.23888214629736634,1.8517787776675636,1.570617166995745,97.89600067138672,99.33099975585938,100.20149993896484
95.8845443725586,96.08000183105469,96.31999969482422,95.5999984741211,95.9000015258789,12925700,2025-08-27,2,27,8,0.7493767766253396,0.18769583139913468,1.6662731783624996,1.4514763095624967,96.5980010986328,98.84000015258789,100.12600021362304
95.91448211669922,96.11000061035156,96.56999969482422,95.69999694824219,96.0,19241600,2025-08-28,3,28,8,0.9052156290261508,0.11458396911621094,1.336903886167561,1.4706045921877817,96.22800140380859,98.36600036621094,100.03250007629394
96.78271484375,96.9800033569336,97.02999877929688,95.80000305175781,96.0999984741211,15600300,2025-08-29,4,29,8,1.2682982934245526,0.9157178946776756,1.117569457849798,1.4744348487763306,96.25800170898438,98.06400070190429,99.95700035095214
97.65093994140625,97.8499984741211,97.8499984741211,96.51000213623047,97.2300033569336,15351300,2025-09-02,1,2,9,1.3694393038187127,0.6376582287172032,1.0771027561013855,1.5160461958845324,96.61400146484375,97.77900085449218,99.87000045776367
99.23770904541016,99.44000244140625,99.44000244140625,97.5,97.8499984741211,18995900,2025-09-03,2,3,9,1.9509275882704968,1.624940206519955,1.2486515182330507,1.550215147950307,97.29200134277343,97.59400100708008,99.87650070190429
100.72467803955078,100.93000030517578,101.3499984741211,99.6500015258789,99.91000366210938,15640900,2025-09-04,3,4,9,1.6843326494620157,1.0209154295659761,1.4356426928003858,1.5509579355814425,98.26200103759766,97.43000106811523,99.7550006866455
100.30553436279297,100.51000213623047,101.4800033569336,99.55000305175781,101.08000183105469,13748500,2025-09-05,4,5,9,1.9202072073979999,-0.5639094623058252,1.6386410084747556,1.4877724473211582,99.14200134277344,97.68500137329102,99.62450065612794
102.07192993164062,102.27999877929688,102.36000061035156,100.41999816894531,100.8499984741211,13685700,2025-09-08,0,8,9,1.8967564182244965,1.417947770760483,1.7643326334347442,1.4409510456422712,100.20200042724609,98.23000106811523,99.5520004272461
102.0819091796875,102.29000091552734,102.48999786376953,101.55000305175781,102.0,11819700,2025-09-09,1,9,9,0.9189508296006184,0.2843146230660233,1.6742349385911255,1.3756688473462555,101.09000091552734,98.85200119018555,99.47000045776367
100.20574188232422,100.41000366210938,102.44999694824219,100.38999938964844,101.94999694824219,17934900,2025-09-10,2,10,9,2.051585980940571,-1.5105378442675519,1.6943666171251401,1.4715090676790954,101.28400115966797,99.2880012512207,99.30950050354004
102.44117736816406,102.6500015258789,102.77999877929688,100.27999877929688,100.98999786376953,15900800,2025-09-11,3,11,9,2.435460265794277,1.6437307626727917,1.8445921403915926,1.640117416595989,101.6280014038086,99.94500122070312,99.3925006866455
103.27946472167969,103.48999786376953,103.9800033569336,102.36000061035156,102.54000091552734,11641900,2025-09-12,4,12,9,1.5653713209217996,0.9264647354789833,1.7736249630963528,1.706132985785554,102.2240005493164,100.68300094604493,99.52450065612793
103.47906494140625,103.69000244140625,103.9800033569336,103.41000366210938,103.6500015258789,10756900,2025-09-15,0,15,9,0.5497151908606787,0.03859229612973666,1.504216717623589,1.6342746755291668,102.50600128173828,101.35400085449218,99.70900077819825
103.20960998535156,103.41999816894531,104.20999908447266,103.12999725341797,103.8499984741211,14481900,2025-09-16,1,16,9,1.0442872270123358,-0.4140590385111418,1.5292839971059327,1.6017594678485292,102.73200073242188,101.9110008239746,99.84500083923339
104.05787658691406,104.2699966430664,106.11000061035156,103.7300033569336,103.7300033569336,25382000,2025-09-17,2,17,9,2.282533163940818,0.5205757916296432,1.575473433705982,1.6349200254155611,103.50399932861328,102.39400024414063,99.99400062561035
103.38924407958984,103.5999984741211,104.63999938964844,102.12000274658203,103.77999877929688,14869400,2025-09-18,3,18,9,2.4324292279752227,-0.1734441195731538,1.574867226142171,1.7097296832668818,103.69399871826172,102.66100006103515,100.04550056457519
102.12183380126953,102.33000183105469,103.94000244140625,102.08999633789062,103.80999755859375,34791600,2025-09-19,4,19,9,1.807882410253405,-1.4256774514455648,1.623369444008492,1.6984972035524222,103.46199951171874,102.84300003051757,100.2640007019043
102.61083221435547,102.81999969482422,103.19999694824219,101.91999816894531,102.44999694824219,12861900,2025-09-22,0,22,9,1.2448928059676974,0.3611544730147302,1.7624049670298958,1.6333108423267426,103.28799896240234,102.89700012207031,100.56350059509278
102.31143951416016,102.5199966430664,102.68000030517578,101.33000183105469,102.41000366210938,13158700,2025-09-23,1,23,9,1.3168147857254113,0.10740452790133773,1.816910478772511,1.6730972379392217,103.10799865722656,102.91999969482421,100.88600044250488
102.5210189819336,102.7300033569336,103.47000122070312,102.4800033569336,103.04000091552734,11391800,2025-09-24,2,24,9,0.9636891184845006,-0.3008516652167806,1.5531416696812474,1.5643075516936147,102.8,103.15199966430664,101.22000045776367
102.84037017822266,103.05000305175781,103.51000213623047,102.58000183105469,103.22000122070312,13366700,2025-09-25,3,25,9,0.9024747963458866,-0.1646949883112533,1.24715078335538,1.4110090047487758,102.69000091552735,103.19199981689454,101.56850051879883
102.95014190673828,103.16000366210938,103.48999786376953,102.47000122070312,102.87999725341797,11859300,2025-09-26,4,26,9,0.9887520423199156,0.2721679783891165,1.0833247097686824,1.3533470768885871,102.85600128173829,103.15900039672852,101.92100067138672
102.87030792236328,103.08000183105469,103.30999755859375,102.08000183105469,103.05000305175781,15477200,2025-09-29,0,29,9,1.1932437967502096,0.029110896078098938,1.0729949079251848,1.4176999374775403,102.90800170898437,103.09800033569336,102.22600059509277
102.850341796875,103.05999755859375,103.94000244140625,102.72000122070312,103.0,13873400,2025-09-30,1,30,9,1.1837776534096125,0.05825005688713592,1.0463874814620249,1.4316489801172678,103.01600189208985,103.0620002746582,102.4865005493164
101.75257873535156,101.95999908447266,102.86000061035156,100.55000305175781,102.55999755859375,16142800,2025-10-01,2,1,10,2.2655919765946098,-0.5850219270708421,1.3067680530840469,1.429954861382647,102.86200103759765,102.83100051879883,102.61250038146973
101.49311065673828,101.69999694824219,102.13999938964844,99.87000274658203,101.44999694824219,15605400,2025-10-02,3,2,10,2.2320518300719985,0.24642681864992577,1.5726834598292694,1.4099171215923245,102.59199981689453,102.64100036621093,102.65100021362305
101.86235809326172,102.06999969482422,102.81999969482422,101.19999694824219,101.45999908447266,11867500,2025-10-03,4,3,10,1.5871487718483637,0.6012227635086943,1.692362805734959,1.3878437577518206,102.3739990234375,102.6150001525879,102.72900009155273
102.49107360839844,102.69999694824219,103.06999969482422,101.58000183105469,101.87999725341797,13303600,2025-10-06,0,6,10,1.4508256164023519,0.8048681948670828,1.7438791696653873,1.4084370387952858,102.297998046875,102.60299987792969,102.75
103.02997589111328,103.23999786376953,103.25,100.94999694824219,102.37999725341797,15538900,2025-10-07,1,7,10,2.2278216770139654,0.8400084327242461,1.952687974386258,1.4995377279241413,102.33399810791016,102.675,102.79749984741211
102.690673828125,102.9000015258789,103.26000213623047,102.1500015258789,103.0199966430664,13584100,2025-10-08,2,8,10,1.0787177783203454,-0.1164775005800547,1.7153131347314052,1.5110405939077258,102.52199859619141,102.69199981689454,102.92199974060058
101.5629653930664,101.7699966430664,103.44999694824219,100.37000274658203,103.12999725341797,19508000,2025-10-09,3,9,10,3.026426553262539,-1.3187245676053665,1.8741880793695131,1.7234357695993912,102.53599853515625,102.56399917602539,102.87799949645996
101.63282012939453,101.83999633789062,103.62999725341797,101.5199966430664,102.05000305175781,18519400,2025-10-10,4,10,10,2.071878128658686,-0.20578805251056786,1.9711339507315777,1.831748378233268,102.48999786376953,102.43199844360352,102.79549942016601
101.91226196289062,102.12000274658203,102.44999694824219,101.06999969482422,101.37000274658203,10871200,2025-10-13,0,13,10,1.3513486254426852,0.7398638450024984,1.9512385525396443,1.8475588611025155,102.3739990234375,102.33599853515625,102.71699943542481
106.99189758300781,107.20999908447266,107.91999816894531,102.88999938964844,104.05000305175781,30859500,2025-10-14,1,14,10,4.69172541950462,3.03699753967615,2.4440193010377755,2.1983536377120165,103.16799926757812,102.75099868774414,102.90649948120117
108.80819702148438,109.02999877929688,109.55999755859375,107.30000305175781,107.31999969482422,21416300,2025-10-15,2,15,10,2.072818978390263,1.5933647869318113,2.642839541051759,2.179076337891582,104.39399871826171,103.45799865722657,103.14449958801269
106.25341033935547,106.47000122070312,109.58000183105469,105.66000366210938,109.19999694824219,16366200,2025-10-16,3,16,10,3.681786535175758,-2.4999961573561267,2.7739115374344023,2.324049808401958,105.33399963378906,103.93499908447265,103.28799972534179
107.51084899902344,107.7300033569336,108.19999694824219,106.22000122070312,107.16999816894531,13735600,2025-10-17,4,17,10,1.8379241305496796,0.5225391411367535,2.7271207378126014,2.3491273442720892,106.51200103759766,104.5009994506836,103.55799980163575
106.83222961425781,107.05000305175781,108.25,106.61000061035156,107.8499984741211,10581200,2025-10-20,0,20,10,1.5319937813131224,-0.7417667442575276,2.7632497689866886,2.3572441607631665,107.49800109863281,104.93600006103516,103.76949996948242
106.00391387939453,106.22000122070312,107.4800033569336,106.18000030517578,107.33000183105469,10899700,2025-10-21,1,21,10,1.2238778354527373,-1.0341941595219435,2.069680252176312,2.2568497766070434,107.30000152587891,105.23400039672852,103.95450019836426
106.92204284667969,107.13999938964844,107.7699966430664,105.66000366210938,106.55000305175781,12296500,2025-10-22,2,22,10,1.9693793102269634,0.5537271900443099,2.048992318543652,2.3459159297977057,106.92200164794922,105.65800018310547,104.175
106.64261627197266,106.86000061035156,107.56999969482422,105.77999877929688,107.3499984741211,11408200,2025-10-23,3,23,10,1.6750897485526925,-0.4564488781875998,1.647652961219039,2.2107822493267206,107.0000015258789,106.16700057983398,104.3654998779297
105.95401763916016,106.16999816894531,107.16999816894531,105.51000213623047,107.06999969482422,10318000,2025-10-24,4,24,10,1.5635264776715347,-0.8405730161988713,1.59277343064341,2.1599470842280057,106.68800048828125,106.60000076293946,104.51599960327148
104.25747680664062,104.47000122070312,106.36000061035156,104.1500015258789,106.33999633789062,16375900,2025-10-27,0,27,10,2.115438938115657,-1.7585059070772142,1.709462462003917,2.236356115495303,106.17200012207032,106.83500061035156,104.5854995727539
102.96012115478516,103.16999816894531,104.13999938964844,103.05000305175781,104.05999755859375,13323000,2025-10-28,1,28,10,1.0565051441657574,-0.8552752359496257,1.675987923746521,1.8728340879614165,105.56199951171875,106.43100051879883,104.59099960327148
102.2515640258789,102.45999908447266,103.66999816894531,102.11000061035156,102.91000366210938,11986400,2025-10-29,2,29,10,1.5225430143793164,-0.4372797217209766,1.5866206645769914,1.8178064915603218,104.6259994506836,105.77400054931641,104.61599960327149
102.02203369140625,102.2300033569336,103.37000274658203,101.95999908447266,102.19999694824219,14065100,2025-10-30,3,30,10,1.3792464206289627,0.02936047904835319,1.5274519989922455,1.5875524801056424,103.7,105.35000076293946,104.64249992370605
100.97416687011719,101.18000030517578,102.0999984741211,100.18000030517578,101.69999694824219,20237000,2025-10-31,4,31,10,1.8976064075452432,-0.5113044824682209,1.5942679849669872,1.5935207078051987,102.70200042724609,104.69500045776367,104.59799995422364
101.38333129882812,101.58999633789062,101.80000305175781,100.4000015258789,100.81999969482422,14811700,2025-11-03,0,3,11,1.3780899462014642,0.7637340263808148,1.4467981865841488,1.5781303242940328,102.1259994506836,104.14899978637695,104.54249992370606
102.06195068359375,102.2699966430664,102.62000274658203,101.45999908447266,102.12999725341797,12636400,2025-11-04,1,4,11,1.1342560870104612,0.1370795979765408,1.4623483751530897,1.5691681494498053,101.94599914550781,103.75399932861328,104.4939998626709
101.26358032226562,101.47000122070312,102.68000030517578,100.8499984741211,101.73999786376953,13356800,2025-11-05,2,5,11,1.8034904987084088,-0.26537905320966626,1.518537872018908,1.5525792682979498,101.74799957275391,103.18699951171875,104.42249984741211
101.47315216064453,101.68000030517578,101.93000030517578,100.02999877929688,101.33999633789062,14866000,2025-11-06,3,6,11,1.8686088908107439,0.3355081700925917,1.6164103660552644,1.571931182523755,101.63799896240235,102.66899948120117,104.41800003051758
102.38129425048828,102.58999633789062,102.97000122070312,101.7300033569336,102.12999725341797,17248700,2025-11-07,4,7,11,1.2086927654090869,0.4504054605340367,1.478627637628033,1.5364478112975102,101.91999816894531,102.31099929809571,104.45550003051758
102.2116470336914,102.41999816894531,102.66999816894531,101.5999984741211,102.1500015258789,14507600,2025-11-10,0,10,11,1.0447175492614416,0.26431389038991326,1.4119531582400284,1.4293756724120885,102.08599853515625,102.10599899291992,104.47049980163574
103.22957611083984,103.44000244140625,103.73999786376953,102.31999969482422,102.5,13182100,2025-11-11,1,11,11,1.3727746862241934,0.9170755525914633,1.4596568780827748,1.4610026266179321,102.31999969482422,102.13299942016602,104.28199996948243
103.22957611083984,103.44000244140625,103.5999984741211,102.66000366210938,103.3499984741211,12084400,2025-11-12,2,12,11,0.9087343289112741,0.08708656856699742,1.280705644123348,1.3996217580711279,102.71399993896485,102.23099975585937,104.00250015258788
102.33140563964844,102.54000091552734,103.93000030517578,102.0199966430664,103.58999633789062,18088500,2025-11-13,3,13,11,1.8626912863818286,-1.0136069692853336,1.2795221232375649,1.4479662446464145,102.88600006103516,102.26199951171876,103.80600013732911
102.27153015136719,102.4800033569336,102.48999786376953,98.87999725341797,100.19999694824219,23424200,2025-11-14,4,14,11,3.5226390438123625,2.2754555669988017,1.7423113789182199,1.6104695082731264,102.86400146484375,102.39199981689453,103.5435001373291
102.74056243896484,102.94999694824219,103.31999969482422,102.0999984741211,102.58000183105469,15289400,2025-11-17,0,17,11,1.185042503028414,0.36068932597297837,1.7703763696716144,1.5911647639558215,102.97000122070312,102.52799987792969,103.33849983215332
101.1837387084961,101.38999938964844,103.33999633789062,101.37999725341797,102.9800033569336,17604500,2025-11-18,1,18,11,1.9331286086118324,-1.5439929262520287,1.8824471541491423,1.6710520161159585,102.56000061035157,102.44000015258788,103.09699974060058
100.40532684326172,100.61000061035156,101.70999908447266,99.68000030517578,101.58000183105469,22157000,2025-11-19,2,19,11,2.01769085277991,-0.9549135688306117,2.1042384589228695,1.6924720515231086,101.99400024414062,102.35400009155273,102.77049980163574
106.89210510253906,107.11000061035156,107.91000366210938,102.68000030517578,103.94000244140625,50375900,2025-11-20,3,20,11,4.882833841033649,3.049834610820146,2.7082669698532333,1.993894546545399,102.90800018310547,102.89700012207031,102.78299980163574
105.10574340820312,105.31999969482422,108.1500015258789,104.72000122070312,107.9800033569336,41420800,2025-11-21,4,21,11,3.2567416588630533,-2.4634224665807727,2.655087492863372,2.198699435890796,103.47599945068359,103.17000045776368,102.7404998779297
103.84830474853516,104.05999755859375,106.2699966430664,103.76000213623047,105.36000061035156,42519200,2025-11-24,0,24,11,2.4120647373863506,-1.2338677337005328,2.900491939734959,2.335434154703287,103.6979995727539,103.33400039672851,102.71999969482422
106.7823257446289,107.0,107.41999816894531,104.2300033569336,104.61000061035156,20212900,2025-11-25,1,25,11,2.9813035626277746,2.2846758203841726,3.1101269305381476,2.4962870423436447,104.81999969482422,103.69000015258788,102.91149978637695
108.87805938720703,109.0999984741211,109.58999633789062,107.16999816894531,107.19999694824219,17783300,2025-11-26,2,26,11,2.2181468403222246,1.772389533552185,3.1502181280466104,2.62722829348474,106.51799926757812,104.25599975585938,103.24349975585938
110.28519439697266,110.51000213623047,110.69999694824219,109.0,109.30000305175781,9846500,2025-11-28,4,28,11,1.5383195325130188,1.107043962203436,2.4813152663424844,2.5947911180978585,107.1979995727539,105.0529998779297,103.65749969482422
111.30311584472656,111.52999877929688,111.76000213623047,110.36000061035156,110.51000213623047,17236800,2025-12-01,0,1,12,1.2552690228656096,0.9229903387469056,2.081020739142996,2.368054116003184,108.43999938964843,105.95799942016602,104.17499961853028
112.18132781982422,112.41000366210938,112.6500015258789,110.79000091552734,111.47000122070312,18711800,2025-12-02,1,2,12,1.6546575480439405,0.8432783987730548,1.9295393012745137,2.4150156205047364,110.11000061035156,106.90400009155273,104.71599998474122
114.17726135253906,114.41000366210938,114.88999938964844,112.22000122070312,112.5,24478300,2025-12-03,2,3,12,2.333710412972891,1.697781032986111,1.8000206713435367,2.455073800940842,111.59200134277344,108.20600051879883,105.32300033569337
114.60637664794922,114.83999633789062,114.88999938964844,113.16000366210938,113.62000274658203,25905100,2025-12-04,3,4,12,1.5064400755020426,1.0737489542485459,1.6576793183795004,2.4039487232130554,112.74000091552735,109.62900009155274,105.99150009155274
114.8758316040039,115.11000061035156,116.2699966430664,114.68000030517578,114.7300033569336,23956400,2025-12-05,4,5,12,1.381284275440826,0.3312100081055249,1.6262722669650618,2.053793766653773,113.66000061035156,110.42900009155274,106.66300010681152
113.3289794921875,113.55999755859375,114.98999786376953,112.30000305175781,114.56999969482422,22700700,2025-12-08,0,8,12,2.368787310534907,-0.8815589935591981,1.8489759244989217,1.9649983318209585,114.06600036621094,111.25299987792968,107.21150016784668
114.825927734375,115.05999755859375,115.72000122070312,113.0199966430664,113.94999694824219,24326700,2025-12-09,1,9,12,2.3466058012575175,0.9741120141106643,1.9873655751416366,1.958452438208075,114.59599914550782,112.35299987792969,107.8435001373291
112.94976043701172,113.18000030517578,116.2300033569336,112.98999786376953,115.3499984741211,22859600,2025-12-10,2,10,12,2.8627014352604623,-1.8812294734725585,2.093163779599151,1.9465922254713441,114.3499984741211,112.97099990844727,108.33050003051758
115.28499603271484,115.5199966430664,115.87000274658203,112.8499984741211,113.13999938964844,21586600,2025-12-11,3,11,12,2.6142697024067134,2.103586058208626,2.3147297049800852,1.986204511679793,114.48599853515626,113.6129997253418,108.93449974060059
116.69999694824219,116.69999694824219,116.94999694824219,115.0199966430664,115.26000213623047,19092400,2025-12-12,4,12,12,1.6538135009821455,1.249344772967929,2.3692355500883493,1.9977539085267058,114.80399780273437,114.23199920654297,109.64249954223632
116.79000091552734,116.79000091552734,117.44999694824219,115.63999938964844,116.93000030517578,18713700,2025-12-15,0,15,12,1.5497881191925815,-0.1197292305508021,2.205435711819884,2.027205818159403,115.44999847412109,114.75799942016602,110.35799942016601
115.41999816894531,115.41999816894531,116.87999725341797,114.94999694824219,116.58000183105469,19642300,2025-12-16,1,16,12,1.672154163744445,-0.9950280012779792,2.0705453843172696,2.0289554797294533,115.52199859619141,115.0589988708496,110.98149948120117
115.66000366210938,115.66000366210938,116.38999938964844,115.06999969482422,115.19999694824219,16177800,2025-12-17,2,17,12,1.1412758542533707,0.3993113941434064,1.7262602681158512,1.9097120238575012,116.01799926757812,115.1839988708496,111.69499969482422
114.83000183105469,114.83000183105469,116.4800033569336,114.61000061035156,115.01000213623047,21476700,2025-12-18,3,18,12,1.6284966618160468,-0.1565083921679865,1.5291056599977177,1.921917682488902,115.88000030517578,115.18299942016601,112.40599975585937
114.36000061035156,114.36000061035156,115.27999877929688,113.52999877929688,115.13999938964844,50043800,2025-12-19,4,19,12,1.530255325865742,-0.6774351080698374,1.5043940249744372,1.9368147875313935,115.41200103759766,115.10799942016601,112.76849975585938
112.5999984741211,112.5999984741211,114.31999969482422,112.22000122070312,114.01000213623047,21473900,2025-12-22,0,22,12,1.8650075511357465,-1.2367368087797794,1.5674379113630703,1.886436811591477,114.57400054931641,115.01199951171876,113.13249969482422
110.9000015258789,110.9000015258789,112.3499984741211,110.69999694824219,111.98999786376953,20319900,2025-12-23,1,23,12,1.4878282264891336,-0.9732979361393982,1.5305727239120082,1.800559054114639,113.67000122070313,114.59599990844727,113.47449989318848
111.61000061035156,111.61000061035156,111.70999908447266,110.55000305175781,110.9000015258789,9009600,2025-12-24,2,24,12,1.0393298327849456,0.6402155768293434,1.5101835196183229,1.6182218938670871,112.86000061035156,114.43899993896484,113.70499992370605
111.73999786376953,111.73999786376953,111.97000122070312,111.36000061035156,111.72000122070312,9003800,2025-12-26,4,26,12,0.5459107052205775,0.01789889263150189,1.2936663282992291,1.4113859941484734,112.24199981689453,114.06100006103516,113.83699989318848
112.52999877929688,112.52999877929688,112.77999877929688,111.56999969482422,111.58999633789062,12979600,2025-12-29,0,29,12,1.075268015283468,0.8423716034186034,1.2026688661827742,1.3535314455786058,111.8759994506836,113.64400024414063,113.9379997253418
111.91999816894531,111.91999816894531,112.69000244140625,111.83999633789062,111.88999938964844,11730600,2025-12-30,1,30,12,0.7594765166387198,0.026810956707941813,0.9815626592833689,1.2745002853232195,111.73999938964843,113.15699996948243,113.95749969482422
111.41000366210938,111.41000366210938,112.25,111.31999969482422,111.7300033569336,11487400,2025-12-31,2,31,12,0.8347547568496088,-0.2864044439361064,0.8509479653554639,1.190760344633736,111.84199981689453,112.75600051879883,113.90749969482422
112.76000213623047,112.76000213623047,112.79000091552734,111.12000274658203,111.43000030517578,14306600,2026-01-02,4,2,1,1.481019986969947,1.1935760813175826,0.9392859961924642,1.2247347579053938,112.0720001220703,112.46600036621093,113.82499961853027
112.70999908447266,112.70999908447266,113.7300033569336,112.1500015258789,112.81999969482422,19557600,2026-01-05,0,5,1,1.4018293353640479,-0.09750098444346028,1.1104697222211581,1.2020680252601936,112.26600036621093,112.25400009155274,113.71849975585937
114.33999633789062,114.33999633789062,114.79000091552734,111.98999786376953,112.4000015258789,20120800,2026-01-06,1,6,1,2.4488395499711344,1.7259740086080475,1.3851840291586917,1.2939264476707328,112.62799987792968,112.25199966430664,113.67999954223633
112.72000122070312,112.72000122070312,114.7300033569336,112.0999984741211,114.19000244140625,23306000,2026-01-07,2,7,1,2.3332193526710596,-1.287329178802163,1.6999325963651593,1.3407476278242643,112.78800048828126,112.26399993896484,113.6379997253418
113.06999969482422,113.06999969482422,113.47000122070312,109.80999755859375,111.29000091552734,24058300,2026-01-08,3,8,1,3.236936120976139,1.599423815844831,2.1803688691904655,1.5156584172729648,113.11999969482422,112.48099975585937,113.53849983215332
114.52999877929688,114.52999877929688,115.45999908447266,112.26000213623047,112.26000213623047,21902900,2026-01-09,4,9,1,2.7940251308381554,2.0220885443345225,2.4429698979641072,1.6911279470782858,113.4739990234375,112.7729995727539,113.60599975585937
117.97000122070312,117.97000122070312,118.83999633789062,116.41000366210938,117.5,49182100,2026-01-12,0,12,1,2.0598394936311983,0.4000010388962766,2.5745719296175373,1.842520825919348,114.5259994506836,113.39599990844727,113.7284999847412
120.36000061035156,120.36000061035156,120.51000213623047,117.7300033569336,117.88999938964844,31222100,2026-01-13,1,13,1,2.3097364283809925,2.09517451309785,2.5467513052995088,1.9659676672291002,115.73000030517578,114.17900009155274,113.91150016784668
120.04000091552734,120.04000091552734,121.23999786376953,119.02999877929688,120.19000244140625,32764000,2026-01-14,2,14,1,1.8410522056125624,-0.12480366322650954,2.4483178758878097,2.0741252361264846,117.19400024414062,114.99100036621094,114.07400016784668
119.19999694824219,119.19999694824219,120.87000274658203,118.7300033569336,119.9800033569336,34559400,2026-01-15,3,15,1,1.7953015473462188,-0.6501136746687131,2.1599909611618253,2.1701799151761456,118.41999969482421,115.76999969482422,114.26300010681152
119.69999694824219,119.69999694824219,120.5999984741211,116.9000015258789,118.66999816894531,415144600,2026-01-16,4,16,1,3.0910585150992542,0.8679521321223167,2.219397638014045,2.331183767989076,119.45399932861328,116.4639991760254,114.46499977111816
118.70999908447266,118.70999908447266,121.62000274658203,117.61000061035156,120.88999938964844,45334000,2026-01-20,1,20,1,3.377981776730533,-1.803292510697498,2.4830260946339124,2.5287990121257247,119.60199890136718,117.06399917602539,114.65899963378907
119.36000061035156,119.36000061035156,120.48999786376953,117.55000305175781,118.08000183105469,34811700,2026-01-21,2,21,1,2.463132370122279,1.0840097895054734,2.5137052829821696,2.5302282941408394,119.4019989013672,117.56599960327148,114.90899963378907
117.83000183105469,117.83000183105469,119.5199966430664,117.6500015258789,119.29000091552734,24547300,2026-01-22,3,22,1,1.5870279963745646,-1.2239073461878196,2.4629004411345696,2.45560915851119,118.95999908447266,118.07699966430664,115.17049980163574
117.7300033569336,117.7300033569336,118.61000061035156,117.13999938964844,118.16999816894531,20806900,2026-01-23,4,23,1,1.24862072435892,-0.37234054229455676,2.35356427653711,2.256777618849468,118.66600036621094,118.54300003051758,115.51199989318847
117.63999938964844,117.63999938964844,118.8499984741211,117.38999938964844,117.80999755859375,19552200,2026-01-26,0,26,1,1.2410736926619934,-0.1442985930466237,1.983567312049658,2.1014824750318515,118.25400085449219,118.85400009155273,115.81349983215333
116.94000244140625,116.94000244140625,117.62999725341797,115.4800033569336,117.5,22968600,2026-01-27,1,27,1,1.8385444258577361,-0.47659366688829785,1.6756798418750987,2.079352968254505,117.9000015258789,118.75100021362304,116.07350006103516
116.56999969482422,116.56999969482422,117.45999908447266,115.87000274658203,116.63999938964844,16342000,2026-01-28,2,28,1,1.363984165782941,-0.060013456096117815,1.455850201007231,1.9847777419947004,117.34200134277344,118.37200012207032,116.27550010681152
117.41000366210938,117.41000366210938,117.66000366210938,116.06999969482422,116.44999694824219,16381100,2026-01-29,3,29,1,1.354232107735027,0.8243939364754778,1.4092910232793234,1.9360957322069468,117.25800170898438,118.10900039672852,116.55000038146973
119.13999938964844,119.13999938964844,119.41000366210938,116.5999984741211,116.91000366210938,22215400,2026-01-30,4,30,1,2.3585741164880605,1.9074464611122117,1.6312817017051515,1.9924229891211307,117.54000091552734,118.10300064086914,116.93650016784667
124.05999755859375,124.05999755859375,124.19999694824219,119.05000305175781,119.5,31210100,2026-02-02,0,2,2,4.151212314873716,3.815897538572176,2.2133094261474957,2.0984383690985773,118.82400054931641,118.5390007019043,117.50149993896484
127.70999908447266,127.70999908447266,128.1699981689453,123.6500015258789,123.6500015258789,32018700,2026-02-03,1,3,2,3.5392660523603126,3.283459367967761,2.5534537514480116,2.1145667966615553,120.97799987792969,119.43900070190429,118.25149993896484
128.0,128.0,129.41000366210938,127.08999633789062,128.1300048828125,27531800,2026-02-04,2,4,2,1.8125057220458984,-0.10146326220107638,2.6431580627006026,2.049504131853917,123.26399993896484,120.30300064086914,118.93450012207032
126.94000244140625,126.94000244140625,129.60000610351562,126.55999755859375,128.5800018310547,30517800,2026-02-05,3,5,2,2.394838889596761,-1.2754700313375982,2.8512794190729496,2.1302852211761367,125.16999969482421,121.2140007019043,119.64550018310547
131.17999267578125,131.17999267578125,131.6999969482422,127.05000305175781,127.29000091552734,26593400,2026-02-06,4,6,2,3.544743220086235,3.05600733150705,3.0885132397925843,2.359897470748868,127.57799835205078,122.55899963378906,120.55099983215332
129.02000427246094,129.02000427246094,131.7899932861328,128.08999633789062,131.4199981689453,27197300,2026-02-09,0,9,2,2.86776997807924,-1.8262014380787717,2.831824772433689,2.522567099290593,128.56999969482422,123.6970001220703,121.27550010681152
126.69999694824219,126.69999694824219,129.33999633789062,126.38999938964844,128.94000244140625,24662000,2026-02-10,1,10,2,2.3283322962093527,-1.737246355476052,2.5896380212034975,2.5715458863257545,128.3679992675781,124.67299957275391,121.71199989318848
128.77000427246094,128.77000427246094,129.74000549316406,126.62999725341797,126.69999694824219,19227800,2026-02-11,2,11,2,2.415165128957915,1.6337864041657097,2.7101699025859007,2.6766639826432517,128.52200012207032,125.89300003051758,122.13250007629395
